recebidoEm,dispositivo,seq,ts,latenciaMs,perdidas,estado,pir,temperatura,umidade,lux,luz,hvac
1790175765118,sala01,0,1790175765118,0,0,OCUPADO,1,28,55,120,1,1
1790175767118,sala01,1,1790175767118,0,0,OCUPADO,1,28,55,120,1,1
1790175769118,sala01,2,1790175769118,0,0,OCUPADO,1,28,55,120,1,1
1790175771118,sala01,3,1790175771118,0,0,OCUPADO,0,28,55,120,1,1
1790175773118,sala01,4,1790175773118,0,0,OCUPADO,1,28,55,120,1,1
1790175775118,sala01,5,1790175775118,0,0,OCUPADO,1,28,55,120,1,1
1790175777118,sala01,6,1790175777118,0,0,OCUPADO,1,28,55,120,1,1
1790175779118,sala01,7,1790175779118,0,0,OCUPADO,0,28,55,120,1,1
1790175781118,sala01,8,1790175781118,0,0,OCUPADO,1,28,55,120,1,1
1790175783118,sala01,9,1790175783118,0,0,OCUPADO,1,28,55,120,1,1
1790175785118,sala01,10,1790175785118,0,0,OCUPADO,1,28,55,120,1,1
1790175787118,sala01,11,1790175787118,0,0,OCUPADO,0,28,55,120,1,1
1790175789118,sala01,12,1790175789118,0,0,OCUPADO,1,28,55,120,1,1
1790175791118,sala01,13,1790175791118,0,0,OCUPADO,1,28,55,120,1,1
1790175793118,sala01,14,1790175793118,0,0,OCUPADO,1,28,55,120,1,1
1790175795118,sala01,15,1790175795118,0,0,OCUPADO,0,28,55,120,1,1
1790175797118,sala01,16,1790175797118,0,0,OCUPADO,1,28,55,120,1,1
1790175799118,sala01,17,1790175799118,0,0,OCUPADO,1,28,55,120,1,1
1790175801118,sala01,18,1790175801118,0,0,OCUPADO,1,28,55,120,1,1
1790175803118,sala01,19,1790175803118,0,0,OCUPADO,0,28,55,120,1,1
1790175805118,sala01,20,1790175805118,0,0,OCUPADO,1,28,55,120,1,1
1790175807118,sala01,21,1790175807118,0,0,OCUPADO,1,28,55,120,1,1
1790175809118,sala01,22,1790175809118,0,0,OCUPADO,1,28,55,120,1,1
1790175811118,sala01,23,1790175811118,0,0,OCUPADO,0,28,55,120,1,1
1790175813118,sala01,24,1790175813118,0,0,OCUPADO,1,28,55,120,1,1
1790175815118,sala01,25,1790175815118,0,0,OCUPADO,1,28,55,120,1,1
1790175817118,sala01,26,1790175817118,0,0,OCUPADO,1,28,55,120,1,1
1790175819118,sala01,27,1790175819118,0,0,OCUPADO,0,28,55,120,1,1
1790175821118,sala01,28,1790175821118,0,0,OCUPADO,1,28,55,120,1,1
1790175823118,sala01,29,1790175823118,0,0,OCUPADO,1,28,55,120,1,1
1790175825118,sala01,30,1790175825118,0,0,OCUPADO,1,28,55,120,1,1
1790175827118,sala01,31,1790175827118,0,0,OCUPADO,0,28,55,120,1,1
1790175829118,sala01,32,1790175829118,0,0,OCUPADO,1,28,55,120,1,1
1790175831118,sala01,33,1790175831118,0,0,OCUPADO,1,28,55,120,1,1
1790175833118,sala01,34,1790175833118,0,0,OCUPADO,1,28,55,120,1,1
1790175835118,sala01,35,1790175835118,0,0,OCUPADO,0,28,55,120,1,1
1790175837118,sala01,36,1790175837118,0,0,OCUPADO,1,28,55,120,1,1
1790175839118,sala01,37,1790175839118,0,0,OCUPADO,1,28,55,120,1,1
1790175841118,sala01,38,1790175841118,0,0,OCUPADO,1,28,55,120,1,1
1790175843118,sala01,39,1790175843118,0,0,OCUPADO,0,28,55,120,1,1
1790175845118,sala01,40,1790175845118,0,0,OCUPADO,1,28,55,120,1,1
1790175847118,sala01,41,1790175847118,0,0,OCUPADO,1,28,55,120,1,1
1790175849118,sala01,42,1790175849118,0,0,OCUPADO,1,28,55,120,1,1
1790175851118,sala01,43,1790175851118,0,0,OCUPADO,0,28,55,120,1,1
1790175853118,sala01,44,1790175853118,0,0,OCUPADO,1,28,55,120,1,1
1790175855118,sala01,45,1790175855118,0,0,OCUPADO,1,28,55,120,1,1
1790175857118,sala01,46,1790175857118,0,0,OCUPADO,1,28,55,120,1,1
1790175859118,sala01,47,1790175859118,0,0,OCUPADO,0,28,55,120,1,1
1790175861118,sala01,48,1790175861118,0,0,OCUPADO,1,28,55,120,1,1
1790175863118,sala01,49,1790175863118,0,0,OCUPADO,1,28,55,120,1,1
1790175865118,sala01,50,1790175865118,0,0,OCUPADO,1,28,55,120,1,1
1790175867118,sala01,51,1790175867118,0,0,OCUPADO,0,28,55,120,1,1
1790175869118,sala01,52,1790175869118,0,0,OCUPADO,1,28,55,120,1,1
1790175871118,sala01,53,1790175871118,0,0,OCUPADO,1,28,55,120,1,1
1790175873118,sala01,54,1790175873118,0,0,OCUPADO,1,28,55,120,1,1
1790175875118,sala01,55,1790175875118,0,0,OCUPADO,0,28,55,120,1,1
1790175877118,sala01,56,1790175877118,0,0,OCUPADO,1,28,55,120,1,1
1790175879118,sala01,57,1790175879118,0,0,OCUPADO,1,28,55,120,1,1
1790175881118,sala01,58,1790175881118,0,0,OCUPADO,1,28,55,120,1,1
1790175883118,sala01,59,1790175883118,0,0,OCUPADO,0,28,55,120,1,1
1790175885118,sala01,60,1790175885118,0,0,OCUPADO,1,28,55,120,1,1
1790175887118,sala01,61,1790175887118,0,0,OCUPADO,1,28,55,120,1,1
1790175889118,sala01,62,1790175889118,0,0,OCUPADO,1,28,55,120,1,1
1790175891118,sala01,63,1790175891118,0,0,OCUPADO,0,28,55,120,1,1
1790175893118,sala01,64,1790175893118,0,0,OCUPADO,1,28,55,120,1,1
1790175895118,sala01,65,1790175895118,0,0,OCUPADO,1,28,55,120,1,1
1790175897118,sala01,66,1790175897118,0,0,OCUPADO,1,28,55,120,1,1
1790175899118,sala01,67,1790175899118,0,0,OCUPADO,0,28,55,120,1,1
1790175901118,sala01,68,1790175901118,0,0,OCUPADO,1,28,55,120,1,1
1790175903118,sala01,69,1790175903118,0,0,OCUPADO,1,28,55,120,1,1
1790175905118,sala01,70,1790175905118,0,0,OCUPADO,1,28,55,120,1,1
1790175907118,sala01,71,1790175907118,0,0,OCUPADO,0,28,55,120,1,1
1790175909118,sala01,72,1790175909118,0,0,OCUPADO,1,28,55,120,1,1
1790175911118,sala01,73,1790175911118,0,0,OCUPADO,1,28,55,120,1,1
1790175913118,sala01,74,1790175913118,0,0,OCUPADO,1,28,55,120,1,1
1790175915118,sala01,75,1790175915118,0,0,OCUPADO,0,28,55,120,1,1
1790175917118,sala01,76,1790175917118,0,0,OCUPADO,1,28,55,120,1,1
1790175919118,sala01,77,1790175919118,0,0,OCUPADO,1,28,55,120,1,1
1790175921118,sala01,78,1790175921118,0,0,OCUPADO,1,28,55,120,1,1
1790175923118,sala01,79,1790175923118,0,0,OCUPADO,0,28,55,120,1,1
1790175925118,sala01,80,1790175925118,0,0,OCUPADO,1,28,55,120,1,1
1790175927118,sala01,81,1790175927118,0,0,OCUPADO,1,28,55,120,1,1
1790175929118,sala01,82,1790175929118,0,0,OCUPADO,1,28,55,120,1,1
1790175931118,sala01,83,1790175931118,0,0,OCUPADO,0,28,55,120,1,1
1790175933118,sala01,84,1790175933118,0,0,OCUPADO,1,28,55,120,1,1
1790175935118,sala01,85,1790175935118,0,0,OCUPADO,1,28,55,120,1,1
1790175937118,sala01,86,1790175937118,0,0,OCUPADO,1,28,55,120,1,1
1790175939118,sala01,87,1790175939118,0,0,OCUPADO,0,28,55,120,1,1
1790175941118,sala01,88,1790175941118,0,0,OCUPADO,1,28,55,120,1,1
1790175943118,sala01,89,1790175943118,0,0,OCUPADO,1,28,55,120,1,1
1790175945118,sala01,90,1790175945118,0,0,OCUPADO,1,28,55,120,1,1
1790175947118,sala01,91,1790175947118,0,0,OCUPADO,0,28,55,120,1,1
1790175949118,sala01,92,1790175949118,0,0,OCUPADO,1,28,55,120,1,1
1790175951118,sala01,93,1790175951118,0,0,OCUPADO,1,28,55,120,1,1
1790175953118,sala01,94,1790175953118,0,0,OCUPADO,1,28,55,120,1,1
1790175955118,sala01,95,1790175955118,0,0,OCUPADO,0,28,55,120,1,1
1790175957118,sala01,96,1790175957118,0,0,OCUPADO,1,28,55,120,1,1
1790175959118,sala01,97,1790175959118,0,0,OCUPADO,1,28,55,120,1,1
1790175961118,sala01,98,1790175961118,0,0,OCUPADO,1,28,55,120,1,1
1790175963118,sala01,99,1790175963118,0,0,OCUPADO,0,28,55,120,1,1
1790175965118,sala01,100,1790175965118,0,0,OCUPADO,1,28,55,120,1,1
1790175967118,sala01,101,1790175967118,0,0,OCUPADO,1,28,55,120,1,1
1790175969118,sala01,102,1790175969118,0,0,OCUPADO,1,28,55,120,1,1
1790175971118,sala01,103,1790175971118,0,0,OCUPADO,0,28,55,120,1,1
1790175973118,sala01,104,1790175973118,0,0,OCUPADO,1,28,55,120,1,1
1790175975118,sala01,105,1790175975118,0,0,OCUPADO,1,28,55,120,1,1
1790175977118,sala01,106,1790175977118,0,0,OCUPADO,1,28,55,120,1,1
1790175979118,sala01,107,1790175979118,0,0,OCUPADO,0,28,55,120,1,1
1790175981118,sala01,108,1790175981118,0,0,OCUPADO,1,28,55,120,1,1
1790175983118,sala01,109,1790175983118,0,0,OCUPADO,1,28,55,120,1,1
1790175985118,sala01,110,1790175985118,0,0,OCUPADO,1,28,55,120,1,1
1790175987118,sala01,111,1790175987118,0,0,OCUPADO,0,28,55,120,1,1
1790175989118,sala01,112,1790175989118,0,0,OCUPADO,1,28,55,120,1,1
1790175991118,sala01,113,1790175991118,0,0,OCUPADO,1,28,55,120,1,1
1790175993118,sala01,114,1790175993118,0,0,OCUPADO,1,28,55,120,1,1
1790175995118,sala01,115,1790175995118,0,0,OCUPADO,0,28,55,120,1,1
1790175997118,sala01,116,1790175997118,0,0,OCUPADO,1,28,55,120,1,1
1790175999118,sala01,117,1790175999118,0,0,OCUPADO,1,28,55,120,1,1
1790176001118,sala01,118,1790176001118,0,0,OCUPADO,1,28,55,120,1,1
1790176003118,sala01,119,1790176003118,0,0,OCUPADO,0,28,55,120,1,1
1790176005118,sala01,120,1790176005118,0,0,OCUPADO,1,28,55,120,1,1
1790176007118,sala01,121,1790176007118,0,0,OCUPADO,1,28,55,120,1,1
1790176009118,sala01,122,1790176009118,0,0,OCUPADO,1,28,55,120,1,1
1790176011118,sala01,123,1790176011118,0,0,OCUPADO,0,28,55,120,1,1
1790176013118,sala01,124,1790176013118,0,0,OCUPADO,1,28,55,120,1,1
1790176015118,sala01,125,1790176015118,0,0,OCUPADO,1,28,55,120,1,1
1790176017118,sala01,126,1790176017118,0,0,OCUPADO,1,28,55,120,1,1
1790176019118,sala01,127,1790176019118,0,0,OCUPADO,0,28,55,120,1,1
1790176021118,sala01,128,1790176021118,0,0,OCUPADO,1,28,55,120,1,1
1790176023118,sala01,129,1790176023118,0,0,OCUPADO,1,28,55,120,1,1
1790176025118,sala01,130,1790176025118,0,0,OCUPADO,1,28,55,120,1,1
1790176027118,sala01,131,1790176027118,0,0,OCUPADO,0,28,55,120,1,1
1790176029118,sala01,132,1790176029118,0,0,OCUPADO,1,28,55,120,1,1
1790176031118,sala01,133,1790176031118,0,0,OCUPADO,1,28,55,120,1,1
1790176033118,sala01,134,1790176033118,0,0,OCUPADO,1,28,55,120,1,1
1790176035118,sala01,135,1790176035118,0,0,OCUPADO,0,28,55,120,1,1
1790176037118,sala01,136,1790176037118,0,0,OCUPADO,1,28,55,120,1,1
1790176039118,sala01,137,1790176039118,0,0,OCUPADO,1,28,55,120,1,1
1790176041118,sala01,138,1790176041118,0,0,OCUPADO,1,28,55,120,1,1
1790176043118,sala01,139,1790176043118,0,0,OCUPADO,0,28,55,120,1,1
1790176045118,sala01,140,1790176045118,0,0,OCUPADO,1,28,55,120,1,1
1790176047118,sala01,141,1790176047118,0,0,OCUPADO,1,28,55,120,1,1
1790176049118,sala01,142,1790176049118,0,0,OCUPADO,1,28,55,120,1,1
1790176051118,sala01,143,1790176051118,0,0,OCUPADO,0,28,55,120,1,1
1790176053118,sala01,144,1790176053118,0,0,OCUPADO,1,28,55,120,1,1
1790176055118,sala01,145,1790176055118,0,0,OCUPADO,1,28,55,120,1,1
1790176057118,sala01,146,1790176057118,0,0,OCUPADO,1,28,55,120,1,1
1790176059118,sala01,147,1790176059118,0,0,OCUPADO,0,28,55,120,1,1
1790176061118,sala01,148,1790176061118,0,0,OCUPADO,1,28,55,120,1,1
1790176063118,sala01,149,1790176063118,0,0,OCUPADO,1,28,55,120,1,1
1790176065118,sala01,150,1790176065118,0,0,OCUPADO,1,28,55,120,1,1
1790176067118,sala01,151,1790176067118,0,0,OCUPADO,0,28,55,120,1,1
1790176069118,sala01,152,1790176069118,0,0,OCUPADO,1,28,55,120,1,1
1790176071118,sala01,153,1790176071118,0,0,OCUPADO,1,28,55,120,1,1
1790176073118,sala01,154,1790176073118,0,0,OCUPADO,1,28,55,120,1,1
1790176075118,sala01,155,1790176075118,0,0,OCUPADO,0,28,55,120,1,1
1790176077118,sala01,156,1790176077118,0,0,OCUPADO,1,28,55,120,1,1
1790176079118,sala01,157,1790176079118,0,0,OCUPADO,1,28,55,120,1,1
1790176081118,sala01,158,1790176081118,0,0,OCUPADO,1,28,55,120,1,1
1790176083118,sala01,159,1790176083118,0,0,OCUPADO,0,28,55,120,1,1
1790176085118,sala01,160,1790176085118,0,0,OCUPADO,1,28,55,120,1,1
1790176087118,sala01,161,1790176087118,0,0,OCUPADO,1,28,55,120,1,1
1790176089118,sala01,162,1790176089118,0,0,OCUPADO,1,28,55,120,1,1
1790176091118,sala01,163,1790176091118,0,0,OCUPADO,0,28,55,120,1,1
1790176093118,sala01,164,1790176093118,0,0,OCUPADO,1,28,55,120,1,1
1790176095118,sala01,165,1790176095118,0,0,OCUPADO,1,28,55,120,1,1
1790176097118,sala01,166,1790176097118,0,0,OCUPADO,1,28,55,120,1,1
1790176099118,sala01,167,1790176099118,0,0,OCUPADO,0,28,55,120,1,1
1790176101118,sala01,168,1790176101118,0,0,OCUPADO,1,28,55,120,1,1
1790176103118,sala01,169,1790176103118,0,0,OCUPADO,1,28,55,120,1,1
1790176105118,sala01,170,1790176105118,0,0,OCUPADO,1,28,55,120,1,1
1790176107118,sala01,171,1790176107118,0,0,OCUPADO,0,28,55,120,1,1
1790176109118,sala01,172,1790176109118,0,0,OCUPADO,1,28,55,120,1,1
1790176111118,sala01,173,1790176111118,0,0,OCUPADO,1,28,55,120,1,1
1790176113118,sala01,174,1790176113118,0,0,OCUPADO,1,28,55,120,1,1
1790176115118,sala01,175,1790176115118,0,0,OCUPADO,0,28,55,120,1,1
1790176117118,sala01,176,1790176117118,0,0,OCUPADO,1,28,55,120,1,1
1790176119118,sala01,177,1790176119118,0,0,OCUPADO,1,28,55,120,1,1
1790176121118,sala01,178,1790176121118,0,0,OCUPADO,1,28,55,120,1,1
1790176123118,sala01,179,1790176123118,0,0,OCUPADO,0,28,55,120,1,1
1790176125118,sala01,180,1790176125118,0,0,OCUPADO,1,28,55,120,1,1
1790176127118,sala01,181,1790176127118,0,0,OCUPADO,1,28,55,120,1,1
1790176129118,sala01,182,1790176129118,0,0,OCUPADO,1,28,55,120,1,1
1790176131118,sala01,183,1790176131118,0,0,OCUPADO,0,28,55,120,1,1
1790176133118,sala01,184,1790176133118,0,0,OCUPADO,1,28,55,120,1,1
1790176135118,sala01,185,1790176135118,0,0,OCUPADO,1,28,55,120,1,1
1790176137118,sala01,186,1790176137118,0,0,OCUPADO,1,28,55,120,1,1
1790176139118,sala01,187,1790176139118,0,0,OCUPADO,0,28,55,120,1,1
1790176141118,sala01,188,1790176141118,0,0,OCUPADO,1,28,55,120,1,1
1790176143118,sala01,189,1790176143118,0,0,OCUPADO,1,28,55,120,1,1
1790176145118,sala01,190,1790176145118,0,0,OCUPADO,1,28,55,120,1,1
1790176147118,sala01,191,1790176147118,0,0,OCUPADO,0,28,55,120,1,1
1790176149118,sala01,192,1790176149118,0,0,OCUPADO,1,28,55,120,1,1
1790176151118,sala01,193,1790176151118,0,0,OCUPADO,1,28,55,120,1,1
1790176153118,sala01,194,1790176153118,0,0,OCUPADO,1,28,55,120,1,1
1790176155118,sala01,195,1790176155118,0,0,OCUPADO,0,28,55,120,1,1
1790176157118,sala01,196,1790176157118,0,0,OCUPADO,1,28,55,120,1,1
1790176159118,sala01,197,1790176159118,0,0,OCUPADO,1,28,55,120,1,1
1790176161118,sala01,198,1790176161118,0,0,OCUPADO,1,28,55,120,1,1
1790176163118,sala01,199,1790176163118,0,0,OCUPADO,0,28,55,120,1,1
1790176165118,sala01,200,1790176165118,0,0,OCUPADO,1,28,55,120,1,1
1790176167118,sala01,201,1790176167118,0,0,OCUPADO,1,28,55,120,1,1
1790176169118,sala01,202,1790176169118,0,0,OCUPADO,1,28,55,120,1,1
1790176171118,sala01,203,1790176171118,0,0,OCUPADO,0,28,55,120,1,1
1790176173118,sala01,204,1790176173118,0,0,OCUPADO,1,28,55,120,1,1
1790176175118,sala01,205,1790176175118,0,0,OCUPADO,1,28,55,120,1,1
1790176177118,sala01,206,1790176177118,0,0,OCUPADO,1,28,55,120,1,1
1790176179118,sala01,207,1790176179118,0,0,OCUPADO,0,28,55,120,1,1
1790176181118,sala01,208,1790176181118,0,0,OCUPADO,1,28,55,120,1,1
1790176183118,sala01,209,1790176183118,0,0,OCUPADO,1,28,55,120,1,1
1790176185118,sala01,210,1790176185118,0,0,OCUPADO,1,28,55,120,1,1
1790176187118,sala01,211,1790176187118,0,0,OCUPADO,0,28,55,120,1,1
1790176189118,sala01,212,1790176189118,0,0,OCUPADO,1,28,55,120,1,1
1790176191118,sala01,213,1790176191118,0,0,OCUPADO,1,28,55,120,1,1
1790176193118,sala01,214,1790176193118,0,0,OCUPADO,1,28,55,120,1,1
1790176195118,sala01,215,1790176195118,0,0,OCUPADO,0,28,55,120,1,1
1790176197118,sala01,216,1790176197118,0,0,OCUPADO,1,28,55,120,1,1
1790176199118,sala01,217,1790176199118,0,0,OCUPADO,1,28,55,120,1,1
1790176201118,sala01,218,1790176201118,0,0,OCUPADO,1,28,55,120,1,1
1790176203118,sala01,219,1790176203118,0,0,OCUPADO,0,28,55,120,1,1
1790176205118,sala01,220,1790176205118,0,0,OCUPADO,1,28,55,120,1,1
1790176207118,sala01,221,1790176207118,0,0,OCUPADO,1,28,55,120,1,1
1790176209118,sala01,222,1790176209118,0,0,OCUPADO,1,28,55,120,1,1
1790176211118,sala01,223,1790176211118,0,0,OCUPADO,0,28,55,120,1,1
1790176213118,sala01,224,1790176213118,0,0,OCUPADO,1,28,55,120,1,1
1790176215118,sala01,225,1790176215118,0,0,OCUPADO,1,28,55,120,1,1
1790176217118,sala01,226,1790176217118,0,0,OCUPADO,1,28,55,120,1,1
1790176219118,sala01,227,1790176219118,0,0,OCUPADO,0,28,55,120,1,1
1790176221118,sala01,228,1790176221118,0,0,OCUPADO,1,28,55,120,1,1
1790176223118,sala01,229,1790176223118,0,0,OCUPADO,1,28,55,120,1,1
1790176225118,sala01,230,1790176225118,0,0,OCUPADO,1,28,55,120,1,1
1790176227118,sala01,231,1790176227118,0,0,OCUPADO,0,28,55,120,1,1
1790176229118,sala01,232,1790176229118,0,0,OCUPADO,1,28,55,120,1,1
1790176231118,sala01,233,1790176231118,0,0,OCUPADO,1,28,55,120,1,1
1790176233118,sala01,234,1790176233118,0,0,OCUPADO,1,28,55,120,1,1
1790176235118,sala01,235,1790176235118,0,0,OCUPADO,0,28,55,120,1,1
1790176237118,sala01,236,1790176237118,0,0,OCUPADO,1,28,55,120,1,1
1790176239118,sala01,237,1790176239118,0,0,OCUPADO,1,28,55,120,1,1
1790176241118,sala01,238,1790176241118,0,0,OCUPADO,1,28,55,120,1,1
1790176243118,sala01,239,1790176243118,0,0,OCUPADO,0,28,55,120,1,1
1790176245118,sala01,240,1790176245118,0,0,OCUPADO,1,28,55,120,1,1
1790176247118,sala01,241,1790176247118,0,0,OCUPADO,1,28,55,120,1,1
1790176249118,sala01,242,1790176249118,0,0,OCUPADO,1,28,55,120,1,1
1790176251118,sala01,243,1790176251118,0,0,OCUPADO,0,28,55,120,1,1
1790176253118,sala01,244,1790176253118,0,0,OCUPADO,1,28,55,120,1,1
1790176255118,sala01,245,1790176255118,0,0,OCUPADO,1,28,55,120,1,1
1790176257118,sala01,246,1790176257118,0,0,OCUPADO,1,28,55,120,1,1
1790176259118,sala01,247,1790176259118,0,0,OCUPADO,0,28,55,120,1,1
1790176261118,sala01,248,1790176261118,0,0,OCUPADO,1,28,55,120,1,1
1790176263118,sala01,249,1790176263118,0,0,OCUPADO,1,28,55,120,1,1
1790176265118,sala01,250,1790176265118,0,0,OCUPADO,1,28,55,120,1,1
1790176267118,sala01,251,1790176267118,0,0,OCUPADO,0,28,55,120,1,1
1790176269118,sala01,252,1790176269118,0,0,OCUPADO,1,28,55,120,1,1
1790176271118,sala01,253,1790176271118,0,0,OCUPADO,1,28,55,120,1,1
1790176273118,sala01,254,1790176273118,0,0,OCUPADO,1,28,55,120,1,1
1790176275118,sala01,255,1790176275118,0,0,OCUPADO,0,28,55,120,1,1
1790176277118,sala01,256,1790176277118,0,0,OCUPADO,1,28,55,120,1,1
1790176279118,sala01,257,1790176279118,0,0,OCUPADO,1,28,55,120,1,1
1790176281118,sala01,258,1790176281118,0,0,OCUPADO,1,28,55,120,1,1
1790176283118,sala01,259,1790176283118,0,0,OCUPADO,0,28,55,120,1,1
1790176285118,sala01,260,1790176285118,0,0,OCUPADO,1,28,55,120,1,1
1790176287118,sala01,261,1790176287118,0,0,OCUPADO,1,28,55,120,1,1
1790176289118,sala01,262,1790176289118,0,0,OCUPADO,1,28,55,120,1,1
1790176291118,sala01,263,1790176291118,0,0,OCUPADO,0,28,55,120,1,1
1790176293118,sala01,264,1790176293118,0,0,OCUPADO,1,28,55,120,1,1
1790176295118,sala01,265,1790176295118,0,0,OCUPADO,1,28,55,120,1,1
1790176297118,sala01,266,1790176297118,0,0,OCUPADO,1,28,55,120,1,1
1790176299118,sala01,267,1790176299118,0,0,OCUPADO,0,28,55,120,1,1
1790176301118,sala01,268,1790176301118,0,0,OCUPADO,1,28,55,120,1,1
1790176303118,sala01,269,1790176303118,0,0,OCUPADO,1,28,55,120,1,1
1790176305118,sala01,270,1790176305118,0,0,OCUPADO,1,28,55,120,1,1
1790176307118,sala01,271,1790176307118,0,0,OCUPADO,0,28,55,120,1,1
1790176309118,sala01,272,1790176309118,0,0,OCUPADO,1,28,55,120,1,1
1790176311118,sala01,273,1790176311118,0,0,OCUPADO,1,28,55,120,1,1
1790176313118,sala01,274,1790176313118,0,0,OCUPADO,1,28,55,120,1,1
1790176315118,sala01,275,1790176315118,0,0,OCUPADO,0,28,55,120,1,1
1790176317118,sala01,276,1790176317118,0,0,OCUPADO,1,28,55,120,1,1
1790176319118,sala01,277,1790176319118,0,0,OCUPADO,1,28,55,120,1,1
1790176321118,sala01,278,1790176321118,0,0,OCUPADO,1,28,55,120,1,1
1790176323118,sala01,279,1790176323118,0,0,OCUPADO,0,28,55,120,1,1
1790176325118,sala01,280,1790176325118,0,0,OCUPADO,1,28,55,120,1,1
1790176327118,sala01,281,1790176327118,0,0,OCUPADO,1,28,55,120,1,1
1790176329118,sala01,282,1790176329118,0,0,OCUPADO,1,28,55,120,1,1
1790176331118,sala01,283,1790176331118,0,0,OCUPADO,0,28,55,120,1,1
1790176333118,sala01,284,1790176333118,0,0,OCUPADO,1,28,55,120,1,1
1790176335118,sala01,285,1790176335118,0,0,OCUPADO,1,28,55,120,1,1
1790176337118,sala01,286,1790176337118,0,0,OCUPADO,1,28,55,120,1,1
1790176339118,sala01,287,1790176339118,0,0,OCUPADO,0,28,55,120,1,1
1790176341118,sala01,288,1790176341118,0,0,OCUPADO,1,28,55,120,1,1
1790176343118,sala01,289,1790176343118,0,0,OCUPADO,1,28,55,120,1,1
1790176345118,sala01,290,1790176345118,0,0,OCUPADO,1,28,55,120,1,1
1790176347118,sala01,291,1790176347118,0,0,OCUPADO,0,28,55,120,1,1
1790176349118,sala01,292,1790176349118,0,0,OCUPADO,1,28,55,120,1,1
1790176351118,sala01,293,1790176351118,0,0,OCUPADO,1,28,55,120,1,1
1790176353118,sala01,294,1790176353118,0,0,OCUPADO,1,28,55,120,1,1
1790176355118,sala01,295,1790176355118,0,0,OCUPADO,0,28,55,120,1,1
1790176357118,sala01,296,1790176357118,0,0,OCUPADO,1,28,55,120,1,1
1790176359118,sala01,297,1790176359118,0,0,OCUPADO,1,28,55,120,1,1
1790176361118,sala01,298,1790176361118,0,0,OCUPADO,1,28,55,120,1,1
1790176363118,sala01,299,1790176363118,0,0,OCUPADO,0,28,55,120,1,1
1790176365118,sala01,300,1790176365118,0,0,OCUPADO,1,28,55,120,1,1
1790176367118,sala01,301,1790176367118,0,0,OCUPADO,1,28,55,120,1,1
1790176369118,sala01,302,1790176369118,0,0,OCUPADO,1,28,55,120,1,1
1790176371118,sala01,303,1790176371118,0,0,OCUPADO,0,28,55,120,1,1
1790176373118,sala01,304,1790176373118,0,0,OCUPADO,1,28,55,120,1,1
1790176375118,sala01,305,1790176375118,0,0,OCUPADO,1,28,55,120,1,1
1790176377118,sala01,306,1790176377118,0,0,OCUPADO,1,28,55,120,1,1
1790176379118,sala01,307,1790176379118,0,0,OCUPADO,0,28,55,120,1,1
1790176381118,sala01,308,1790176381118,0,0,OCUPADO,1,28,55,120,1,1
1790176383118,sala01,309,1790176383118,0,0,OCUPADO,1,28,55,120,1,1
1790176385118,sala01,310,1790176385118,0,0,OCUPADO,1,28,55,120,1,1
1790176387118,sala01,311,1790176387118,0,0,OCUPADO,0,28,55,120,1,1
1790176389118,sala01,312,1790176389118,0,0,OCUPADO,1,28,55,120,1,1
1790176391118,sala01,313,1790176391118,0,0,OCUPADO,1,28,55,120,1,1
1790176393118,sala01,314,1790176393118,0,0,OCUPADO,1,28,55,120,1,1
1790176395118,sala01,315,1790176395118,0,0,OCUPADO,0,28,55,120,1,1
1790176397118,sala01,316,1790176397118,0,0,OCUPADO,1,28,55,120,1,1
1790176399118,sala01,317,1790176399118,0,0,OCUPADO,1,28,55,120,1,1
1790176401118,sala01,318,1790176401118,0,0,OCUPADO,1,28,55,120,1,1
1790176403118,sala01,319,1790176403118,0,0,OCUPADO,0,28,55,120,1,1
1790176405118,sala01,320,1790176405118,0,0,OCUPADO,1,28,55,120,1,1
1790176407118,sala01,321,1790176407118,0,0,OCUPADO,1,28,55,120,1,1
1790176409118,sala01,322,1790176409118,0,0,OCUPADO,1,28,55,120,1,1
1790176411118,sala01,323,1790176411118,0,0,OCUPADO,0,28,55,120,1,1
1790176413118,sala01,324,1790176413118,0,0,OCUPADO,1,28,55,120,1,1
1790176415118,sala01,325,1790176415118,0,0,OCUPADO,1,28,55,120,1,1
1790176417118,sala01,326,1790176417118,0,0,OCUPADO,1,28,55,120,1,1
1790176419118,sala01,327,1790176419118,0,0,OCUPADO,0,28,55,120,1,1
1790176421118,sala01,328,1790176421118,0,0,OCUPADO,1,28,55,120,1,1
1790176423118,sala01,329,1790176423118,0,0,OCUPADO,1,28,55,120,1,1
1790176425118,sala01,330,1790176425118,0,0,OCUPADO,1,28,55,120,1,1
1790176427118,sala01,331,1790176427118,0,0,OCUPADO,0,28,55,120,1,1
1790176429118,sala01,332,1790176429118,0,0,OCUPADO,1,28,55,120,1,1
1790176431118,sala01,333,1790176431118,0,0,OCUPADO,1,28,55,120,1,1
1790176433118,sala01,334,1790176433118,0,0,OCUPADO,1,28,55,120,1,1
1790176435118,sala01,335,1790176435118,0,0,OCUPADO,0,28,55,120,1,1
1790176437118,sala01,336,1790176437118,0,0,OCUPADO,1,28,55,120,1,1
1790176439118,sala01,337,1790176439118,0,0,OCUPADO,1,28,55,120,1,1
1790176441118,sala01,338,1790176441118,0,0,OCUPADO,1,28,55,120,1,1
1790176443118,sala01,339,1790176443118,0,0,OCUPADO,0,28,55,120,1,1
1790176445118,sala01,340,1790176445118,0,0,OCUPADO,1,28,55,120,1,1
1790176447118,sala01,341,1790176447118,0,0,OCUPADO,1,28,55,120,1,1
1790176449118,sala01,342,1790176449118,0,0,OCUPADO,1,28,55,120,1,1
1790176451118,sala01,343,1790176451118,0,0,OCUPADO,0,28,55,120,1,1
1790176453118,sala01,344,1790176453118,0,0,OCUPADO,1,28,55,120,1,1
1790176455118,sala01,345,1790176455118,0,0,OCUPADO,1,28,55,120,1,1
1790176457118,sala01,346,1790176457118,0,0,OCUPADO,1,28,55,120,1,1
1790176459118,sala01,347,1790176459118,0,0,OCUPADO,0,28,55,120,1,1
1790176461118,sala01,348,1790176461118,0,0,OCUPADO,1,28,55,120,1,1
1790176463118,sala01,349,1790176463118,0,0,OCUPADO,1,28,55,120,1,1
1790176465118,sala01,350,1790176465118,0,0,OCUPADO,1,28,55,120,1,1
1790176467118,sala01,351,1790176467118,0,0,OCUPADO,0,28,55,120,1,1
1790176469118,sala01,352,1790176469118,0,0,OCUPADO,1,28,55,120,1,1
1790176471118,sala01,353,1790176471118,0,0,OCUPADO,1,28,55,120,1,1
1790176473118,sala01,354,1790176473118,0,0,OCUPADO,1,28,55,120,1,1
1790176475118,sala01,355,1790176475118,0,0,OCUPADO,0,28,55,120,1,1
1790176477118,sala01,356,1790176477118,0,0,OCUPADO,1,28,55,120,1,1
1790176479118,sala01,357,1790176479118,0,0,OCUPADO,1,28,55,120,1,1
1790176481118,sala01,358,1790176481118,0,0,OCUPADO,1,28,55,120,1,1
1790176483118,sala01,359,1790176483118,0,0,OCUPADO,0,28,55,120,1,1
1790176485118,sala01,360,1790176485118,0,0,OCUPADO,1,28,55,120,1,1
1790176487118,sala01,361,1790176487118,0,0,OCUPADO,1,28,55,120,1,1
1790176489118,sala01,362,1790176489118,0,0,OCUPADO,1,28,55,120,1,1
1790176491118,sala01,363,1790176491118,0,0,OCUPADO,0,28,55,120,1,1
1790176493118,sala01,364,1790176493118,0,0,OCUPADO,1,28,55,120,1,1
1790176495118,sala01,365,1790176495118,0,0,OCUPADO,1,28,55,120,1,1
1790176497118,sala01,366,1790176497118,0,0,OCUPADO,1,28,55,120,1,1
1790176499118,sala01,367,1790176499118,0,0,OCUPADO,0,28,55,120,1,1
1790176501118,sala01,368,1790176501118,0,0,OCUPADO,1,28,55,120,1,1
1790176503118,sala01,369,1790176503118,0,0,OCUPADO,1,28,55,120,1,1
1790176505118,sala01,370,1790176505118,0,0,OCUPADO,1,28,55,120,1,1
1790176507118,sala01,371,1790176507118,0,0,OCUPADO,0,28,55,120,1,1
1790176509118,sala01,372,1790176509118,0,0,OCUPADO,1,28,55,120,1,1
1790176511118,sala01,373,1790176511118,0,0,OCUPADO,1,28,55,120,1,1
1790176513118,sala01,374,1790176513118,0,0,OCUPADO,1,28,55,120,1,1
1790176515118,sala01,375,1790176515118,0,0,OCUPADO,0,28,55,120,1,1
1790176517118,sala01,376,1790176517118,0,0,OCUPADO,1,28,55,120,1,1
1790176519118,sala01,377,1790176519118,0,0,OCUPADO,1,28,55,120,1,1
1790176521118,sala01,378,1790176521118,0,0,OCUPADO,1,28,55,120,1,1
1790176523118,sala01,379,1790176523118,0,0,OCUPADO,0,28,55,120,1,1
1790176525118,sala01,380,1790176525118,0,0,OCUPADO,1,28,55,120,1,1
1790176527118,sala01,381,1790176527118,0,0,OCUPADO,1,28,55,120,1,1
1790176529118,sala01,382,1790176529118,0,0,OCUPADO,1,28,55,120,1,1
1790176531118,sala01,383,1790176531118,0,0,OCUPADO,0,28,55,120,1,1
1790176533118,sala01,384,1790176533118,0,0,OCUPADO,1,28,55,120,1,1
1790176535118,sala01,385,1790176535118,0,0,OCUPADO,1,28,55,120,1,1
1790176537118,sala01,386,1790176537118,0,0,OCUPADO,1,28,55,120,1,1
1790176539118,sala01,387,1790176539118,0,0,OCUPADO,0,28,55,120,1,1
1790176541118,sala01,388,1790176541118,0,0,OCUPADO,1,28,55,120,1,1
1790176543118,sala01,389,1790176543118,0,0,OCUPADO,1,28,55,120,1,1
1790176545118,sala01,390,1790176545118,0,0,OCUPADO,1,28,55,120,1,1
1790176547118,sala01,391,1790176547118,0,0,OCUPADO,0,28,55,120,1,1
1790176549118,sala01,392,1790176549118,0,0,OCUPADO,1,28,55,120,1,1
1790176551118,sala01,393,1790176551118,0,0,OCUPADO,1,28,55,120,1,1
1790176553118,sala01,394,1790176553118,0,0,OCUPADO,1,28,55,120,1,1
1790176555118,sala01,395,1790176555118,0,0,OCUPADO,0,28,55,120,1,1
1790176557118,sala01,396,1790176557118,0,0,OCUPADO,1,28,55,120,1,1
1790176559118,sala01,397,1790176559118,0,0,OCUPADO,1,28,55,120,1,1
1790176561118,sala01,398,1790176561118,0,0,OCUPADO,1,28,55,120,1,1
1790176563118,sala01,399,1790176563118,0,0,OCUPADO,0,28,55,120,1,1
1790176565118,sala01,400,1790176565118,0,0,OCUPADO,1,28,55,120,1,1
1790176567118,sala01,401,1790176567118,0,0,OCUPADO,1,28,55,120,1,1
1790176569118,sala01,402,1790176569118,0,0,OCUPADO,1,28,55,120,1,1
1790176571118,sala01,403,1790176571118,0,0,OCUPADO,0,28,55,120,1,1
1790176573118,sala01,404,1790176573118,0,0,OCUPADO,1,28,55,120,1,1
1790176575118,sala01,405,1790176575118,0,0,OCUPADO,1,28,55,120,1,1
1790176577118,sala01,406,1790176577118,0,0,OCUPADO,1,28,55,120,1,1
1790176579118,sala01,407,1790176579118,0,0,OCUPADO,0,28,55,120,1,1
1790176581118,sala01,408,1790176581118,0,0,OCUPADO,1,28,55,120,1,1
1790176583118,sala01,409,1790176583118,0,0,OCUPADO,1,28,55,120,1,1
1790176585118,sala01,410,1790176585118,0,0,OCUPADO,1,28,55,120,1,1
1790176587118,sala01,411,1790176587118,0,0,OCUPADO,0,28,55,120,1,1
1790176589118,sala01,412,1790176589118,0,0,OCUPADO,1,28,55,120,1,1
1790176591118,sala01,413,1790176591118,0,0,OCUPADO,1,28,55,120,1,1
1790176593118,sala01,414,1790176593118,0,0,OCUPADO,1,28,55,120,1,1
1790176595118,sala01,415,1790176595118,0,0,OCUPADO,0,28,55,120,1,1
1790176597118,sala01,416,1790176597118,0,0,OCUPADO,1,28,55,120,1,1
1790176599118,sala01,417,1790176599118,0,0,OCUPADO,1,28,55,120,1,1
1790176601118,sala01,418,1790176601118,0,0,OCUPADO,1,28,55,120,1,1
1790176603118,sala01,419,1790176603118,0,0,OCUPADO,0,28,55,120,1,1
1790176605118,sala01,420,1790176605118,0,0,OCUPADO,1,28,55,120,1,1
1790176607118,sala01,421,1790176607118,0,0,OCUPADO,1,28,55,120,1,1
1790176609118,sala01,422,1790176609118,0,0,OCUPADO,1,28,55,120,1,1
1790176611118,sala01,423,1790176611118,0,0,OCUPADO,0,28,55,120,1,1
1790176613118,sala01,424,1790176613118,0,0,OCUPADO,1,28,55,120,1,1
1790176615118,sala01,425,1790176615118,0,0,OCUPADO,1,28,55,120,1,1
1790176617118,sala01,426,1790176617118,0,0,OCUPADO,1,28,55,120,1,1
1790176619118,sala01,427,1790176619118,0,0,OCUPADO,0,28,55,120,1,1
1790176621118,sala01,428,1790176621118,0,0,OCUPADO,1,28,55,120,1,1
1790176623118,sala01,429,1790176623118,0,0,OCUPADO,1,28,55,120,1,1
1790176625118,sala01,430,1790176625118,0,0,OCUPADO,1,28,55,120,1,1
1790176627118,sala01,431,1790176627118,0,0,OCUPADO,0,28,55,120,1,1
1790176629118,sala01,432,1790176629118,0,0,OCUPADO,1,28,55,120,1,1
1790176631118,sala01,433,1790176631118,0,0,OCUPADO,1,28,55,120,1,1
1790176633118,sala01,434,1790176633118,0,0,OCUPADO,1,28,55,120,1,1
1790176635118,sala01,435,1790176635118,0,0,OCUPADO,0,28,55,120,1,1
1790176637118,sala01,436,1790176637118,0,0,OCUPADO,1,28,55,120,1,1
1790176639118,sala01,437,1790176639118,0,0,OCUPADO,1,28,55,120,1,1
1790176641118,sala01,438,1790176641118,0,0,OCUPADO,1,28,55,120,1,1
1790176643118,sala01,439,1790176643118,0,0,OCUPADO,0,28,55,120,1,1
1790176645118,sala01,440,1790176645118,0,0,OCUPADO,1,28,55,120,1,1
1790176647118,sala01,441,1790176647118,0,0,OCUPADO,1,28,55,120,1,1
1790176649118,sala01,442,1790176649118,0,0,OCUPADO,1,28,55,120,1,1
1790176651118,sala01,443,1790176651118,0,0,OCUPADO,0,28,55,120,1,1
1790176653118,sala01,444,1790176653118,0,0,OCUPADO,1,28,55,120,1,1
1790176655118,sala01,445,1790176655118,0,0,OCUPADO,1,28,55,120,1,1
1790176657118,sala01,446,1790176657118,0,0,OCUPADO,1,28,55,120,1,1
1790176659118,sala01,447,1790176659118,0,0,OCUPADO,0,28,55,120,1,1
1790176661118,sala01,448,1790176661118,0,0,OCUPADO,1,28,55,120,1,1
1790176663118,sala01,449,1790176663118,0,0,OCUPADO,1,28,55,120,1,1
1790176665118,sala01,450,1790176665118,0,0,OCUPADO,1,28,55,120,1,1
1790176667118,sala01,451,1790176667118,0,0,OCUPADO,0,28,55,120,1,1
1790176669118,sala01,452,1790176669118,0,0,OCUPADO,1,28,55,120,1,1
1790176671118,sala01,453,1790176671118,0,0,OCUPADO,1,28,55,120,1,1
1790176673118,sala01,454,1790176673118,0,0,OCUPADO,1,28,55,120,1,1
1790176675118,sala01,455,1790176675118,0,0,OCUPADO,0,28,55,120,1,1
1790176677118,sala01,456,1790176677118,0,0,OCUPADO,1,28,55,120,1,1
1790176679118,sala01,457,1790176679118,0,0,OCUPADO,1,28,55,120,1,1
1790176681118,sala01,458,1790176681118,0,0,OCUPADO,1,28,55,120,1,1
1790176683118,sala01,459,1790176683118,0,0,OCUPADO,0,28,55,120,1,1
1790176685118,sala01,460,1790176685118,0,0,OCUPADO,1,28,55,120,1,1
1790176687118,sala01,461,1790176687118,0,0,OCUPADO,1,28,55,120,1,1
1790176689118,sala01,462,1790176689118,0,0,OCUPADO,1,28,55,120,1,1
1790176691118,sala01,463,1790176691118,0,0,OCUPADO,0,28,55,120,1,1
1790176693118,sala01,464,1790176693118,0,0,OCUPADO,1,28,55,120,1,1
1790176695118,sala01,465,1790176695118,0,0,OCUPADO,1,28,55,120,1,1
1790176697118,sala01,466,1790176697118,0,0,OCUPADO,1,28,55,120,1,1
1790176699118,sala01,467,1790176699118,0,0,OCUPADO,0,28,55,120,1,1
1790176701118,sala01,468,1790176701118,0,0,OCUPADO,1,28,55,120,1,1
1790176703118,sala01,469,1790176703118,0,0,OCUPADO,1,28,55,120,1,1
1790176705118,sala01,470,1790176705118,0,0,OCUPADO,1,28,55,120,1,1
1790176707118,sala01,471,1790176707118,0,0,OCUPADO,0,28,55,120,1,1
1790176709118,sala01,472,1790176709118,0,0,OCUPADO,1,28,55,120,1,1
1790176711118,sala01,473,1790176711118,0,0,OCUPADO,1,28,55,120,1,1
1790176713118,sala01,474,1790176713118,0,0,OCUPADO,1,28,55,120,1,1
1790176715118,sala01,475,1790176715118,0,0,OCUPADO,0,28,55,120,1,1
1790176717118,sala01,476,1790176717118,0,0,OCUPADO,1,28,55,120,1,1
1790176719118,sala01,477,1790176719118,0,0,OCUPADO,1,28,55,120,1,1
1790176721118,sala01,478,1790176721118,0,0,OCUPADO,1,28,55,120,1,1
1790176723118,sala01,479,1790176723118,0,0,OCUPADO,0,28,55,120,1,1
1790176725118,sala01,480,1790176725118,0,0,OCUPADO,1,28,55,120,1,1
1790176727118,sala01,481,1790176727118,0,0,OCUPADO,1,28,55,120,1,1
1790176729118,sala01,482,1790176729118,0,0,OCUPADO,1,28,55,120,1,1
1790176731118,sala01,483,1790176731118,0,0,OCUPADO,0,28,55,120,1,1
1790176733118,sala01,484,1790176733118,0,0,OCUPADO,1,28,55,120,1,1
1790176735118,sala01,485,1790176735118,0,0,OCUPADO,1,28,55,120,1,1
1790176737118,sala01,486,1790176737118,0,0,OCUPADO,1,28,55,120,1,1
1790176739118,sala01,487,1790176739118,0,0,OCUPADO,0,28,55,120,1,1
1790176741118,sala01,488,1790176741118,0,0,OCUPADO,1,28,55,120,1,1
1790176743118,sala01,489,1790176743118,0,0,OCUPADO,1,28,55,120,1,1
1790176745118,sala01,490,1790176745118,0,0,OCUPADO,1,28,55,120,1,1
1790176747118,sala01,491,1790176747118,0,0,OCUPADO,0,28,55,120,1,1
1790176749118,sala01,492,1790176749118,0,0,OCUPADO,1,28,55,120,1,1
1790176751118,sala01,493,1790176751118,0,0,OCUPADO,1,28,55,120,1,1
1790176753118,sala01,494,1790176753118,0,0,OCUPADO,1,28,55,120,1,1
1790176755118,sala01,495,1790176755118,0,0,OCUPADO,0,28,55,120,1,1
1790176757118,sala01,496,1790176757118,0,0,OCUPADO,1,28,55,120,1,1
1790176759118,sala01,497,1790176759118,0,0,OCUPADO,1,28,55,120,1,1
1790176761118,sala01,498,1790176761118,0,0,OCUPADO,1,28,55,120,1,1
1790176763118,sala01,499,1790176763118,0,0,OCUPADO,0,28,55,120,1,1
1790176765118,sala01,500,1790176765118,0,0,OCUPADO,1,28,55,120,1,1
1790176767118,sala01,501,1790176767118,0,0,OCUPADO,1,28,55,120,1,1
1790176769118,sala01,502,1790176769118,0,0,OCUPADO,1,28,55,120,1,1
1790176771118,sala01,503,1790176771118,0,0,OCUPADO,0,28,55,120,1,1
1790176773118,sala01,504,1790176773118,0,0,OCUPADO,1,28,55,120,1,1
1790176775118,sala01,505,1790176775118,0,0,OCUPADO,1,28,55,120,1,1
1790176777118,sala01,506,1790176777118,0,0,OCUPADO,1,28,55,120,1,1
1790176779118,sala01,507,1790176779118,0,0,OCUPADO,0,28,55,120,1,1
1790176781118,sala01,508,1790176781118,0,0,OCUPADO,1,28,55,120,1,1
1790176783118,sala01,509,1790176783118,0,0,OCUPADO,1,28,55,120,1,1
1790176785118,sala01,510,1790176785118,0,0,OCUPADO,1,28,55,120,1,1
1790176787118,sala01,511,1790176787118,0,0,OCUPADO,0,28,55,120,1,1
1790176789118,sala01,512,1790176789118,0,0,OCUPADO,1,28,55,120,1,1
1790176791118,sala01,513,1790176791118,0,0,OCUPADO,1,28,55,120,1,1
1790176793118,sala01,514,1790176793118,0,0,OCUPADO,1,28,55,120,1,1
1790176795118,sala01,515,1790176795118,0,0,OCUPADO,0,28,55,120,1,1
1790176797118,sala01,516,1790176797118,0,0,OCUPADO,1,28,55,120,1,1
1790176799118,sala01,517,1790176799118,0,0,OCUPADO,1,28,55,120,1,1
1790176801118,sala01,518,1790176801118,0,0,OCUPADO,1,28,55,120,1,1
1790176803118,sala01,519,1790176803118,0,0,OCUPADO,0,28,55,120,1,1
1790176805118,sala01,520,1790176805118,0,0,OCUPADO,1,28,55,120,1,1
1790176807118,sala01,521,1790176807118,0,0,OCUPADO,1,28,55,120,1,1
1790176809118,sala01,522,1790176809118,0,0,OCUPADO,1,28,55,120,1,1
1790176811118,sala01,523,1790176811118,0,0,OCUPADO,0,28,55,120,1,1
1790176813118,sala01,524,1790176813118,0,0,OCUPADO,1,28,55,120,1,1
1790176815118,sala01,525,1790176815118,0,0,OCUPADO,1,28,55,120,1,1
1790176817118,sala01,526,1790176817118,0,0,OCUPADO,1,28,55,120,1,1
1790176819118,sala01,527,1790176819118,0,0,OCUPADO,0,28,55,120,1,1
1790176821118,sala01,528,1790176821118,0,0,OCUPADO,1,28,55,120,1,1
1790176823118,sala01,529,1790176823118,0,0,OCUPADO,1,28,55,120,1,1
1790176825118,sala01,530,1790176825118,0,0,OCUPADO,1,28,55,120,1,1
1790176827118,sala01,531,1790176827118,0,0,OCUPADO,0,28,55,120,1,1
1790176829118,sala01,532,1790176829118,0,0,OCUPADO,1,28,55,120,1,1
1790176831118,sala01,533,1790176831118,0,0,OCUPADO,1,28,55,120,1,1
1790176833118,sala01,534,1790176833118,0,0,OCUPADO,1,28,55,120,1,1
1790176835118,sala01,535,1790176835118,0,0,OCUPADO,0,28,55,120,1,1
1790176837118,sala01,536,1790176837118,0,0,OCUPADO,1,28,55,120,1,1
1790176839118,sala01,537,1790176839118,0,0,OCUPADO,1,28,55,120,1,1
1790176841118,sala01,538,1790176841118,0,0,OCUPADO,1,28,55,120,1,1
1790176843118,sala01,539,1790176843118,0,0,OCUPADO,0,28,55,120,1,1
1790176845118,sala01,540,1790176845118,0,0,OCUPADO,1,28,55,120,1,1
1790176847118,sala01,541,1790176847118,0,0,OCUPADO,1,28,55,120,1,1
1790176849118,sala01,542,1790176849118,0,0,OCUPADO,1,28,55,120,1,1
1790176851118,sala01,543,1790176851118,0,0,OCUPADO,0,28,55,120,1,1
1790176853118,sala01,544,1790176853118,0,0,OCUPADO,1,28,55,120,1,1
1790176855118,sala01,545,1790176855118,0,0,OCUPADO,1,28,55,120,1,1
1790176857118,sala01,546,1790176857118,0,0,OCUPADO,1,28,55,120,1,1
1790176859118,sala01,547,1790176859118,0,0,OCUPADO,0,28,55,120,1,1
1790176861118,sala01,548,1790176861118,0,0,OCUPADO,1,28,55,120,1,1
1790176863118,sala01,549,1790176863118,0,0,OCUPADO,1,28,55,120,1,1
1790176865118,sala01,550,1790176865118,0,0,OCUPADO,1,28,55,120,1,1
1790176867118,sala01,551,1790176867118,0,0,OCUPADO,0,28,55,120,1,1
1790176869118,sala01,552,1790176869118,0,0,OCUPADO,1,28,55,120,1,1
1790176871118,sala01,553,1790176871118,0,0,OCUPADO,1,28,55,120,1,1
1790176873118,sala01,554,1790176873118,0,0,OCUPADO,1,28,55,120,1,1
1790176875118,sala01,555,1790176875118,0,0,OCUPADO,0,28,55,120,1,1
1790176877118,sala01,556,1790176877118,0,0,OCUPADO,1,28,55,120,1,1
1790176879118,sala01,557,1790176879118,0,0,OCUPADO,1,28,55,120,1,1
1790176881118,sala01,558,1790176881118,0,0,OCUPADO,1,28,55,120,1,1
1790176883118,sala01,559,1790176883118,0,0,OCUPADO,0,28,55,120,1,1
1790176885118,sala01,560,1790176885118,0,0,OCUPADO,1,28,55,120,1,1
1790176887118,sala01,561,1790176887118,0,0,OCUPADO,1,28,55,120,1,1
1790176889118,sala01,562,1790176889118,0,0,OCUPADO,1,28,55,120,1,1
1790176891118,sala01,563,1790176891118,0,0,OCUPADO,0,28,55,120,1,1
1790176893118,sala01,564,1790176893118,0,0,OCUPADO,1,28,55,120,1,1
1790176895118,sala01,565,1790176895118,0,0,OCUPADO,1,28,55,120,1,1
1790176897118,sala01,566,1790176897118,0,0,OCUPADO,1,28,55,120,1,1
1790176899118,sala01,567,1790176899118,0,0,OCUPADO,0,28,55,120,1,1
1790176901118,sala01,568,1790176901118,0,0,OCUPADO,1,28,55,120,1,1
1790176903118,sala01,569,1790176903118,0,0,OCUPADO,1,28,55,120,1,1
1790176905118,sala01,570,1790176905118,0,0,OCUPADO,1,28,55,120,1,1
1790176907118,sala01,571,1790176907118,0,0,OCUPADO,0,28,55,120,1,1
1790176909118,sala01,572,1790176909118,0,0,OCUPADO,1,28,55,120,1,1
1790176911118,sala01,573,1790176911118,0,0,OCUPADO,1,28,55,120,1,1
1790176913118,sala01,574,1790176913118,0,0,OCUPADO,1,28,55,120,1,1
1790176915118,sala01,575,1790176915118,0,0,OCUPADO,0,28,55,120,1,1
1790176917118,sala01,576,1790176917118,0,0,OCUPADO,1,28,55,120,1,1
1790176919118,sala01,577,1790176919118,0,0,OCUPADO,1,28,55,120,1,1
1790176921118,sala01,578,1790176921118,0,0,OCUPADO,1,28,55,120,1,1
1790176923118,sala01,579,1790176923118,0,0,OCUPADO,0,28,55,120,1,1
1790176925118,sala01,580,1790176925118,0,0,OCUPADO,1,28,55,120,1,1
1790176927118,sala01,581,1790176927118,0,0,OCUPADO,1,28,55,120,1,1
1790176929118,sala01,582,1790176929118,0,0,OCUPADO,1,28,55,120,1,1
1790176931118,sala01,583,1790176931118,0,0,OCUPADO,0,28,55,120,1,1
1790176933118,sala01,584,1790176933118,0,0,OCUPADO,1,28,55,120,1,1
1790176935118,sala01,585,1790176935118,0,0,OCUPADO,1,28,55,120,1,1
1790176937118,sala01,586,1790176937118,0,0,OCUPADO,1,28,55,120,1,1
1790176939118,sala01,587,1790176939118,0,0,OCUPADO,0,28,55,120,1,1
1790176941118,sala01,588,1790176941118,0,0,OCUPADO,1,28,55,120,1,1
1790176943118,sala01,589,1790176943118,0,0,OCUPADO,1,28,55,120,1,1
1790176945118,sala01,590,1790176945118,0,0,OCUPADO,1,28,55,120,1,1
1790176947118,sala01,591,1790176947118,0,0,OCUPADO,0,28,55,120,1,1
1790176949118,sala01,592,1790176949118,0,0,OCUPADO,1,28,55,120,1,1
1790176951118,sala01,593,1790176951118,0,0,OCUPADO,1,28,55,120,1,1
1790176953118,sala01,594,1790176953118,0,0,OCUPADO,1,28,55,120,1,1
1790176955118,sala01,595,1790176955118,0,0,OCUPADO,0,28,55,120,1,1
1790176957118,sala01,596,1790176957118,0,0,OCUPADO,1,28,55,120,1,1
1790176959118,sala01,597,1790176959118,0,0,OCUPADO,1,28,55,120,1,1
1790176961118,sala01,598,1790176961118,0,0,OCUPADO,1,28,55,120,1,1
1790176963118,sala01,599,1790176963118,0,0,OCUPADO,0,28,55,120,1,1
1790176965118,sala01,600,1790176965118,0,0,OCUPADO,1,28,55,120,1,1
1790176967118,sala01,601,1790176967118,0,0,OCUPADO,1,28,55,120,1,1
1790176969118,sala01,602,1790176969118,0,0,OCUPADO,1,28,55,120,1,1
1790176971118,sala01,603,1790176971118,0,0,OCUPADO,0,28,55,120,1,1
1790176973118,sala01,604,1790176973118,0,0,OCUPADO,1,28,55,120,1,1
1790176975118,sala01,605,1790176975118,0,0,OCUPADO,1,28,55,120,1,1
1790176977118,sala01,606,1790176977118,0,0,OCUPADO,1,28,55,120,1,1
1790176979118,sala01,607,1790176979118,0,0,OCUPADO,0,28,55,120,1,1
1790176981118,sala01,608,1790176981118,0,0,OCUPADO,1,28,55,120,1,1
1790176983118,sala01,609,1790176983118,0,0,OCUPADO,1,28,55,120,1,1
1790176985118,sala01,610,1790176985118,0,0,OCUPADO,1,28,55,120,1,1
1790176987118,sala01,611,1790176987118,0,0,OCUPADO,0,28,55,120,1,1
1790176989118,sala01,612,1790176989118,0,0,OCUPADO,1,28,55,120,1,1
1790176991118,sala01,613,1790176991118,0,0,OCUPADO,1,28,55,120,1,1
1790176993118,sala01,614,1790176993118,0,0,OCUPADO,1,28,55,120,1,1
1790176995118,sala01,615,1790176995118,0,0,OCUPADO,0,28,55,120,1,1
1790176997118,sala01,616,1790176997118,0,0,OCUPADO,1,28,55,120,1,1
1790176999118,sala01,617,1790176999118,0,0,OCUPADO,1,28,55,120,1,1
1790177001118,sala01,618,1790177001118,0,0,OCUPADO,1,28,55,120,1,1
1790177003118,sala01,619,1790177003118,0,0,OCUPADO,0,28,55,120,1,1
1790177005118,sala01,620,1790177005118,0,0,OCUPADO,1,28,55,120,1,1
1790177007118,sala01,621,1790177007118,0,0,OCUPADO,1,28,55,120,1,1
1790177009118,sala01,622,1790177009118,0,0,OCUPADO,1,28,55,120,1,1
1790177011118,sala01,623,1790177011118,0,0,OCUPADO,0,28,55,120,1,1
1790177013118,sala01,624,1790177013118,0,0,OCUPADO,1,28,55,120,1,1
1790177015118,sala01,625,1790177015118,0,0,OCUPADO,1,28,55,120,1,1
1790177017118,sala01,626,1790177017118,0,0,OCUPADO,1,28,55,120,1,1
1790177019118,sala01,627,1790177019118,0,0,OCUPADO,0,28,55,120,1,1
1790177021118,sala01,628,1790177021118,0,0,OCUPADO,1,28,55,120,1,1
1790177023118,sala01,629,1790177023118,0,0,OCUPADO,1,28,55,120,1,1
1790177025118,sala01,630,1790177025118,0,0,OCUPADO,1,28,55,120,1,1
1790177027118,sala01,631,1790177027118,0,0,OCUPADO,0,28,55,120,1,1
1790177029118,sala01,632,1790177029118,0,0,OCUPADO,1,28,55,120,1,1
1790177031118,sala01,633,1790177031118,0,0,OCUPADO,1,28,55,120,1,1
1790177033118,sala01,634,1790177033118,0,0,OCUPADO,1,28,55,120,1,1
1790177035118,sala01,635,1790177035118,0,0,OCUPADO,0,28,55,120,1,1
1790177037118,sala01,636,1790177037118,0,0,OCUPADO,1,28,55,120,1,1
1790177039118,sala01,637,1790177039118,0,0,OCUPADO,1,28,55,120,1,1
1790177041118,sala01,638,1790177041118,0,0,OCUPADO,1,28,55,120,1,1
1790177043118,sala01,639,1790177043118,0,0,OCUPADO,0,28,55,120,1,1
1790177045118,sala01,640,1790177045118,0,0,OCUPADO,1,28,55,120,1,1
1790177047118,sala01,641,1790177047118,0,0,OCUPADO,1,28,55,120,1,1
1790177049118,sala01,642,1790177049118,0,0,OCUPADO,1,28,55,120,1,1
1790177051118,sala01,643,1790177051118,0,0,OCUPADO,0,28,55,120,1,1
1790177053118,sala01,644,1790177053118,0,0,OCUPADO,1,28,55,120,1,1
1790177055118,sala01,645,1790177055118,0,0,OCUPADO,1,28,55,120,1,1
1790177057118,sala01,646,1790177057118,0,0,OCUPADO,1,28,55,120,1,1
1790177059118,sala01,647,1790177059118,0,0,OCUPADO,0,28,55,120,1,1
1790177061118,sala01,648,1790177061118,0,0,OCUPADO,1,28,55,120,1,1
1790177063118,sala01,649,1790177063118,0,0,OCUPADO,1,28,55,120,1,1
1790177065118,sala01,650,1790177065118,0,0,OCUPADO,1,28,55,120,1,1
1790177067118,sala01,651,1790177067118,0,0,OCUPADO,0,28,55,120,1,1
1790177069118,sala01,652,1790177069118,0,0,OCUPADO,1,28,55,120,1,1
1790177071118,sala01,653,1790177071118,0,0,OCUPADO,1,28,55,120,1,1
1790177073118,sala01,654,1790177073118,0,0,OCUPADO,1,28,55,120,1,1
1790177075118,sala01,655,1790177075118,0,0,OCUPADO,0,28,55,120,1,1
1790177077118,sala01,656,1790177077118,0,0,OCUPADO,1,28,55,120,1,1
1790177079118,sala01,657,1790177079118,0,0,OCUPADO,1,28,55,120,1,1
1790177081118,sala01,658,1790177081118,0,0,OCUPADO,1,28,55,120,1,1
1790177083118,sala01,659,1790177083118,0,0,OCUPADO,0,28,55,120,1,1
1790177085118,sala01,660,1790177085118,0,0,OCUPADO,1,28,55,120,1,1
1790177087118,sala01,661,1790177087118,0,0,OCUPADO,1,28,55,120,1,1
1790177089118,sala01,662,1790177089118,0,0,OCUPADO,1,28,55,120,1,1
1790177091118,sala01,663,1790177091118,0,0,OCUPADO,0,28,55,120,1,1
1790177093118,sala01,664,1790177093118,0,0,OCUPADO,1,28,55,120,1,1
1790177095118,sala01,665,1790177095118,0,0,OCUPADO,1,28,55,120,1,1
1790177097118,sala01,666,1790177097118,0,0,OCUPADO,1,28,55,120,1,1
1790177099118,sala01,667,1790177099118,0,0,OCUPADO,0,28,55,120,1,1
1790177101118,sala01,668,1790177101118,0,0,OCUPADO,1,28,55,120,1,1
1790177103118,sala01,669,1790177103118,0,0,OCUPADO,1,28,55,120,1,1
1790177105118,sala01,670,1790177105118,0,0,OCUPADO,1,28,55,120,1,1
1790177107118,sala01,671,1790177107118,0,0,OCUPADO,0,28,55,120,1,1
1790177109118,sala01,672,1790177109118,0,0,OCUPADO,1,28,55,120,1,1
1790177111118,sala01,673,1790177111118,0,0,OCUPADO,1,28,55,120,1,1
1790177113118,sala01,674,1790177113118,0,0,OCUPADO,1,28,55,120,1,1
1790177115118,sala01,675,1790177115118,0,0,OCUPADO,0,28,55,120,1,1
1790177117118,sala01,676,1790177117118,0,0,OCUPADO,1,28,55,120,1,1
1790177119118,sala01,677,1790177119118,0,0,OCUPADO,1,28,55,120,1,1
1790177121118,sala01,678,1790177121118,0,0,OCUPADO,1,28,55,120,1,1
1790177123118,sala01,679,1790177123118,0,0,OCUPADO,0,28,55,120,1,1
1790177125118,sala01,680,1790177125118,0,0,OCUPADO,1,28,55,120,1,1
1790177127118,sala01,681,1790177127118,0,0,OCUPADO,1,28,55,120,1,1
1790177129118,sala01,682,1790177129118,0,0,OCUPADO,1,28,55,120,1,1
1790177131118,sala01,683,1790177131118,0,0,OCUPADO,0,28,55,120,1,1
1790177133118,sala01,684,1790177133118,0,0,OCUPADO,1,28,55,120,1,1
1790177135118,sala01,685,1790177135118,0,0,OCUPADO,1,28,55,120,1,1
1790177137118,sala01,686,1790177137118,0,0,OCUPADO,1,28,55,120,1,1
1790177139118,sala01,687,1790177139118,0,0,OCUPADO,0,28,55,120,1,1
1790177141118,sala01,688,1790177141118,0,0,OCUPADO,1,28,55,120,1,1
1790177143118,sala01,689,1790177143118,0,0,OCUPADO,1,28,55,120,1,1
1790177145118,sala01,690,1790177145118,0,0,OCUPADO,1,28,55,120,1,1
1790177147118,sala01,691,1790177147118,0,0,OCUPADO,0,28,55,120,1,1
1790177149118,sala01,692,1790177149118,0,0,OCUPADO,1,28,55,120,1,1
1790177151118,sala01,693,1790177151118,0,0,OCUPADO,1,28,55,120,1,1
1790177153118,sala01,694,1790177153118,0,0,OCUPADO,1,28,55,120,1,1
1790177155118,sala01,695,1790177155118,0,0,OCUPADO,0,28,55,120,1,1
1790177157118,sala01,696,1790177157118,0,0,OCUPADO,1,28,55,120,1,1
1790177159118,sala01,697,1790177159118,0,0,OCUPADO,1,28,55,120,1,1
1790177161118,sala01,698,1790177161118,0,0,OCUPADO,1,28,55,120,1,1
1790177163118,sala01,699,1790177163118,0,0,OCUPADO,0,28,55,120,1,1
1790177165118,sala01,700,1790177165118,0,0,OCUPADO,1,28,55,120,1,1
1790177167118,sala01,701,1790177167118,0,0,OCUPADO,1,28,55,120,1,1
1790177169118,sala01,702,1790177169118,0,0,OCUPADO,1,28,55,120,1,1
1790177171118,sala01,703,1790177171118,0,0,OCUPADO,0,28,55,120,1,1
1790177173118,sala01,704,1790177173118,0,0,OCUPADO,1,28,55,120,1,1
1790177175118,sala01,705,1790177175118,0,0,OCUPADO,1,28,55,120,1,1
1790177177118,sala01,706,1790177177118,0,0,OCUPADO,1,28,55,120,1,1
1790177179118,sala01,707,1790177179118,0,0,OCUPADO,0,28,55,120,1,1
1790177181118,sala01,708,1790177181118,0,0,OCUPADO,1,28,55,120,1,1
1790177183118,sala01,709,1790177183118,0,0,OCUPADO,1,28,55,120,1,1
1790177185118,sala01,710,1790177185118,0,0,OCUPADO,1,28,55,120,1,1
1790177187118,sala01,711,1790177187118,0,0,OCUPADO,0,28,55,120,1,1
1790177189118,sala01,712,1790177189118,0,0,OCUPADO,1,28,55,120,1,1
1790177191118,sala01,713,1790177191118,0,0,OCUPADO,1,28,55,120,1,1
1790177193118,sala01,714,1790177193118,0,0,OCUPADO,1,28,55,120,1,1
1790177195118,sala01,715,1790177195118,0,0,OCUPADO,0,28,55,120,1,1
1790177197118,sala01,716,1790177197118,0,0,OCUPADO,1,28,55,120,1,1
1790177199118,sala01,717,1790177199118,0,0,OCUPADO,1,28,55,120,1,1
1790177201118,sala01,718,1790177201118,0,0,OCUPADO,1,28,55,120,1,1
1790177203118,sala01,719,1790177203118,0,0,OCUPADO,0,28,55,120,1,1
1790177205118,sala01,720,1790177205118,0,0,OCUPADO,1,28,55,120,1,1
1790177207118,sala01,721,1790177207118,0,0,OCUPADO,1,28,55,120,1,1
1790177209118,sala01,722,1790177209118,0,0,OCUPADO,1,28,55,120,1,1
1790177211118,sala01,723,1790177211118,0,0,OCUPADO,0,28,55,120,1,1
1790177213118,sala01,724,1790177213118,0,0,OCUPADO,1,28,55,120,1,1
1790177215118,sala01,725,1790177215118,0,0,OCUPADO,1,28,55,120,1,1
1790177217118,sala01,726,1790177217118,0,0,OCUPADO,1,28,55,120,1,1
1790177219118,sala01,727,1790177219118,0,0,OCUPADO,0,28,55,120,1,1
1790177221118,sala01,728,1790177221118,0,0,OCUPADO,1,28,55,120,1,1
1790177223118,sala01,729,1790177223118,0,0,OCUPADO,1,28,55,120,1,1
1790177225118,sala01,730,1790177225118,0,0,OCUPADO,1,28,55,120,1,1
1790177227118,sala01,731,1790177227118,0,0,OCUPADO,0,28,55,120,1,1
1790177229118,sala01,732,1790177229118,0,0,OCUPADO,1,28,55,120,1,1
1790177231118,sala01,733,1790177231118,0,0,OCUPADO,1,28,55,120,1,1
1790177233118,sala01,734,1790177233118,0,0,OCUPADO,1,28,55,120,1,1
1790177235118,sala01,735,1790177235118,0,0,OCUPADO,0,28,55,120,1,1
1790177237118,sala01,736,1790177237118,0,0,OCUPADO,1,28,55,120,1,1
1790177239118,sala01,737,1790177239118,0,0,OCUPADO,1,28,55,120,1,1
1790177241118,sala01,738,1790177241118,0,0,OCUPADO,1,28,55,120,1,1
1790177243118,sala01,739,1790177243118,0,0,OCUPADO,0,28,55,120,1,1
1790177245118,sala01,740,1790177245118,0,0,OCUPADO,1,28,55,120,1,1
1790177247118,sala01,741,1790177247118,0,0,OCUPADO,1,28,55,120,1,1
1790177249118,sala01,742,1790177249118,0,0,OCUPADO,1,28,55,120,1,1
1790177251118,sala01,743,1790177251118,0,0,OCUPADO,0,28,55,120,1,1
1790177253118,sala01,744,1790177253118,0,0,OCUPADO,1,28,55,120,1,1
1790177255118,sala01,745,1790177255118,0,0,OCUPADO,1,28,55,120,1,1
1790177257118,sala01,746,1790177257118,0,0,OCUPADO,1,28,55,120,1,1
1790177259118,sala01,747,1790177259118,0,0,OCUPADO,0,28,55,120,1,1
1790177261118,sala01,748,1790177261118,0,0,OCUPADO,1,28,55,120,1,1
1790177263118,sala01,749,1790177263118,0,0,OCUPADO,1,28,55,120,1,1
1790177265118,sala01,750,1790177265118,0,0,OCUPADO,1,28,55,120,1,1
1790177267118,sala01,751,1790177267118,0,0,OCUPADO,0,28,55,120,1,1
1790177269118,sala01,752,1790177269118,0,0,OCUPADO,1,28,55,120,1,1
1790177271118,sala01,753,1790177271118,0,0,OCUPADO,1,28,55,120,1,1
1790177273118,sala01,754,1790177273118,0,0,OCUPADO,1,28,55,120,1,1
1790177275118,sala01,755,1790177275118,0,0,OCUPADO,0,28,55,120,1,1
1790177277118,sala01,756,1790177277118,0,0,OCUPADO,1,28,55,120,1,1
1790177279118,sala01,757,1790177279118,0,0,OCUPADO,1,28,55,120,1,1
1790177281118,sala01,758,1790177281118,0,0,OCUPADO,1,28,55,120,1,1
1790177283118,sala01,759,1790177283118,0,0,OCUPADO,0,28,55,120,1,1
1790177285118,sala01,760,1790177285118,0,0,OCUPADO,1,28,55,120,1,1
1790177287118,sala01,761,1790177287118,0,0,OCUPADO,1,28,55,120,1,1
1790177289118,sala01,762,1790177289118,0,0,OCUPADO,1,28,55,120,1,1
1790177291118,sala01,763,1790177291118,0,0,OCUPADO,0,28,55,120,1,1
1790177293118,sala01,764,1790177293118,0,0,OCUPADO,1,28,55,120,1,1
1790177295118,sala01,765,1790177295118,0,0,OCUPADO,1,28,55,120,1,1
1790177297118,sala01,766,1790177297118,0,0,OCUPADO,1,28,55,120,1,1
1790177299118,sala01,767,1790177299118,0,0,OCUPADO,0,28,55,120,1,1
1790177301118,sala01,768,1790177301118,0,0,OCUPADO,1,28,55,120,1,1
1790177303118,sala01,769,1790177303118,0,0,OCUPADO,1,28,55,120,1,1
1790177305118,sala01,770,1790177305118,0,0,OCUPADO,1,28,55,120,1,1
1790177307118,sala01,771,1790177307118,0,0,OCUPADO,0,28,55,120,1,1
1790177309118,sala01,772,1790177309118,0,0,OCUPADO,1,28,55,120,1,1
1790177311118,sala01,773,1790177311118,0,0,OCUPADO,1,28,55,120,1,1
1790177313118,sala01,774,1790177313118,0,0,OCUPADO,1,28,55,120,1,1
1790177315118,sala01,775,1790177315118,0,0,OCUPADO,0,28,55,120,1,1
1790177317118,sala01,776,1790177317118,0,0,OCUPADO,1,28,55,120,1,1
1790177319118,sala01,777,1790177319118,0,0,OCUPADO,1,28,55,120,1,1
1790177321118,sala01,778,1790177321118,0,0,OCUPADO,1,28,55,120,1,1
1790177323118,sala01,779,1790177323118,0,0,OCUPADO,0,28,55,120,1,1
1790177325118,sala01,780,1790177325118,0,0,OCUPADO,1,28,55,120,1,1
1790177327118,sala01,781,1790177327118,0,0,OCUPADO,1,28,55,120,1,1
1790177329118,sala01,782,1790177329118,0,0,OCUPADO,1,28,55,120,1,1
1790177331118,sala01,783,1790177331118,0,0,OCUPADO,0,28,55,120,1,1
1790177333118,sala01,784,1790177333118,0,0,OCUPADO,1,28,55,120,1,1
1790177335118,sala01,785,1790177335118,0,0,OCUPADO,1,28,55,120,1,1
1790177337118,sala01,786,1790177337118,0,0,OCUPADO,1,28,55,120,1,1
1790177339118,sala01,787,1790177339118,0,0,OCUPADO,0,28,55,120,1,1
1790177341118,sala01,788,1790177341118,0,0,OCUPADO,1,28,55,120,1,1
1790177343118,sala01,789,1790177343118,0,0,OCUPADO,1,28,55,120,1,1
1790177345118,sala01,790,1790177345118,0,0,OCUPADO,1,28,55,120,1,1
1790177347118,sala01,791,1790177347118,0,0,OCUPADO,0,28,55,120,1,1
1790177349118,sala01,792,1790177349118,0,0,OCUPADO,1,28,55,120,1,1
1790177351118,sala01,793,1790177351118,0,0,OCUPADO,1,28,55,120,1,1
1790177353118,sala01,794,1790177353118,0,0,OCUPADO,1,28,55,120,1,1
1790177355118,sala01,795,1790177355118,0,0,OCUPADO,0,28,55,120,1,1
1790177357118,sala01,796,1790177357118,0,0,OCUPADO,1,28,55,120,1,1
1790177359118,sala01,797,1790177359118,0,0,OCUPADO,1,28,55,120,1,1
1790177361118,sala01,798,1790177361118,0,0,OCUPADO,1,28,55,120,1,1
1790177363118,sala01,799,1790177363118,0,0,OCUPADO,0,28,55,120,1,1
1790177365118,sala01,800,1790177365118,0,0,OCUPADO,1,28,55,120,1,1
1790177367118,sala01,801,1790177367118,0,0,OCUPADO,1,28,55,120,1,1
1790177369118,sala01,802,1790177369118,0,0,OCUPADO,1,28,55,120,1,1
1790177371118,sala01,803,1790177371118,0,0,OCUPADO,0,28,55,120,1,1
1790177373118,sala01,804,1790177373118,0,0,OCUPADO,1,28,55,120,1,1
1790177375118,sala01,805,1790177375118,0,0,OCUPADO,1,28,55,120,1,1
1790177377118,sala01,806,1790177377118,0,0,OCUPADO,1,28,55,120,1,1
1790177379118,sala01,807,1790177379118,0,0,OCUPADO,0,28,55,120,1,1
1790177381118,sala01,808,1790177381118,0,0,OCUPADO,1,28,55,120,1,1
1790177383118,sala01,809,1790177383118,0,0,OCUPADO,1,28,55,120,1,1
1790177385118,sala01,810,1790177385118,0,0,OCUPADO,1,28,55,120,1,1
1790177387118,sala01,811,1790177387118,0,0,OCUPADO,0,28,55,120,1,1
1790177389118,sala01,812,1790177389118,0,0,OCUPADO,1,28,55,120,1,1
1790177391118,sala01,813,1790177391118,0,0,OCUPADO,1,28,55,120,1,1
1790177393118,sala01,814,1790177393118,0,0,OCUPADO,1,28,55,120,1,1
1790177395118,sala01,815,1790177395118,0,0,OCUPADO,0,28,55,120,1,1
1790177397118,sala01,816,1790177397118,0,0,OCUPADO,1,28,55,120,1,1
1790177399118,sala01,817,1790177399118,0,0,OCUPADO,1,28,55,120,1,1
1790177401118,sala01,818,1790177401118,0,0,OCUPADO,1,28,55,120,1,1
1790177403118,sala01,819,1790177403118,0,0,OCUPADO,0,28,55,120,1,1
1790177405118,sala01,820,1790177405118,0,0,OCUPADO,1,28,55,120,1,1
1790177407118,sala01,821,1790177407118,0,0,OCUPADO,1,28,55,120,1,1
1790177409118,sala01,822,1790177409118,0,0,OCUPADO,1,28,55,120,1,1
1790177411118,sala01,823,1790177411118,0,0,OCUPADO,0,28,55,120,1,1
1790177413118,sala01,824,1790177413118,0,0,OCUPADO,1,28,55,120,1,1
1790177415118,sala01,825,1790177415118,0,0,OCUPADO,1,28,55,120,1,1
1790177417118,sala01,826,1790177417118,0,0,OCUPADO,1,28,55,120,1,1
1790177419118,sala01,827,1790177419118,0,0,OCUPADO,0,28,55,120,1,1
1790177421118,sala01,828,1790177421118,0,0,OCUPADO,1,28,55,120,1,1
1790177423118,sala01,829,1790177423118,0,0,OCUPADO,1,28,55,120,1,1
1790177425118,sala01,830,1790177425118,0,0,OCUPADO,1,28,55,120,1,1
1790177427118,sala01,831,1790177427118,0,0,OCUPADO,0,28,55,120,1,1
1790177429118,sala01,832,1790177429118,0,0,OCUPADO,1,28,55,120,1,1
1790177431118,sala01,833,1790177431118,0,0,OCUPADO,1,28,55,120,1,1
1790177433118,sala01,834,1790177433118,0,0,OCUPADO,1,28,55,120,1,1
1790177435118,sala01,835,1790177435118,0,0,OCUPADO,0,28,55,120,1,1
1790177437118,sala01,836,1790177437118,0,0,OCUPADO,1,28,55,120,1,1
1790177439118,sala01,837,1790177439118,0,0,OCUPADO,1,28,55,120,1,1
1790177441118,sala01,838,1790177441118,0,0,OCUPADO,1,28,55,120,1,1
1790177443118,sala01,839,1790177443118,0,0,OCUPADO,0,28,55,120,1,1
1790177445118,sala01,840,1790177445118,0,0,OCUPADO,1,28,55,120,1,1
1790177447118,sala01,841,1790177447118,0,0,OCUPADO,1,28,55,120,1,1
1790177449118,sala01,842,1790177449118,0,0,OCUPADO,1,28,55,120,1,1
1790177451118,sala01,843,1790177451118,0,0,OCUPADO,0,28,55,120,1,1
1790177453118,sala01,844,1790177453118,0,0,OCUPADO,1,28,55,120,1,1
1790177455118,sala01,845,1790177455118,0,0,OCUPADO,1,28,55,120,1,1
1790177457118,sala01,846,1790177457118,0,0,OCUPADO,1,28,55,120,1,1
1790177459118,sala01,847,1790177459118,0,0,OCUPADO,0,28,55,120,1,1
1790177461118,sala01,848,1790177461118,0,0,OCUPADO,1,28,55,120,1,1
1790177463118,sala01,849,1790177463118,0,0,OCUPADO,1,28,55,120,1,1
1790177465118,sala01,850,1790177465118,0,0,OCUPADO,1,28,55,120,1,1
1790177467118,sala01,851,1790177467118,0,0,OCUPADO,0,28,55,120,1,1
1790177469118,sala01,852,1790177469118,0,0,OCUPADO,1,28,55,120,1,1
1790177471118,sala01,853,1790177471118,0,0,OCUPADO,1,28,55,120,1,1
1790177473118,sala01,854,1790177473118,0,0,OCUPADO,1,28,55,120,1,1
1790177475118,sala01,855,1790177475118,0,0,OCUPADO,0,28,55,120,1,1
1790177477118,sala01,856,1790177477118,0,0,OCUPADO,1,28,55,120,1,1
1790177479118,sala01,857,1790177479118,0,0,OCUPADO,1,28,55,120,1,1
1790177481118,sala01,858,1790177481118,0,0,OCUPADO,1,28,55,120,1,1
1790177483118,sala01,859,1790177483118,0,0,OCUPADO,0,28,55,120,1,1
1790177485118,sala01,860,1790177485118,0,0,OCUPADO,1,28,55,120,1,1
1790177487118,sala01,861,1790177487118,0,0,OCUPADO,1,28,55,120,1,1
1790177489118,sala01,862,1790177489118,0,0,OCUPADO,1,28,55,120,1,1
1790177491118,sala01,863,1790177491118,0,0,OCUPADO,0,28,55,120,1,1
1790177493118,sala01,864,1790177493118,0,0,OCUPADO,1,28,55,120,1,1
1790177495118,sala01,865,1790177495118,0,0,OCUPADO,1,28,55,120,1,1
1790177497118,sala01,866,1790177497118,0,0,OCUPADO,1,28,55,120,1,1
1790177499118,sala01,867,1790177499118,0,0,OCUPADO,0,28,55,120,1,1
1790177501118,sala01,868,1790177501118,0,0,OCUPADO,1,28,55,120,1,1
1790177503118,sala01,869,1790177503118,0,0,OCUPADO,1,28,55,120,1,1
1790177505118,sala01,870,1790177505118,0,0,OCUPADO,1,28,55,120,1,1
1790177507118,sala01,871,1790177507118,0,0,OCUPADO,0,28,55,120,1,1
1790177509118,sala01,872,1790177509118,0,0,OCUPADO,1,28,55,120,1,1
1790177511118,sala01,873,1790177511118,0,0,OCUPADO,1,28,55,120,1,1
1790177513118,sala01,874,1790177513118,0,0,OCUPADO,1,28,55,120,1,1
1790177515118,sala01,875,1790177515118,0,0,OCUPADO,0,28,55,120,1,1
1790177517118,sala01,876,1790177517118,0,0,OCUPADO,1,28,55,120,1,1
1790177519118,sala01,877,1790177519118,0,0,OCUPADO,1,28,55,120,1,1
1790177521118,sala01,878,1790177521118,0,0,OCUPADO,1,28,55,120,1,1
1790177523118,sala01,879,1790177523118,0,0,OCUPADO,0,28,55,120,1,1
1790177525118,sala01,880,1790177525118,0,0,OCUPADO,1,28,55,120,1,1
1790177527118,sala01,881,1790177527118,0,0,OCUPADO,1,28,55,120,1,1
1790177529118,sala01,882,1790177529118,0,0,OCUPADO,1,28,55,120,1,1
1790177531118,sala01,883,1790177531118,0,0,OCUPADO,0,28,55,120,1,1
1790177533118,sala01,884,1790177533118,0,0,OCUPADO,1,28,55,120,1,1
1790177535118,sala01,885,1790177535118,0,0,OCUPADO,1,28,55,120,1,1
1790177537118,sala01,886,1790177537118,0,0,OCUPADO,1,28,55,120,1,1
1790177539118,sala01,887,1790177539118,0,0,OCUPADO,0,28,55,120,1,1
1790177541118,sala01,888,1790177541118,0,0,OCUPADO,1,28,55,120,1,1
1790177543118,sala01,889,1790177543118,0,0,OCUPADO,1,28,55,120,1,1
1790177545118,sala01,890,1790177545118,0,0,OCUPADO,1,28,55,120,1,1
1790177547118,sala01,891,1790177547118,0,0,OCUPADO,0,28,55,120,1,1
1790177549118,sala01,892,1790177549118,0,0,OCUPADO,1,28,55,120,1,1
1790177551118,sala01,893,1790177551118,0,0,OCUPADO,1,28,55,120,1,1
1790177553118,sala01,894,1790177553118,0,0,OCUPADO,1,28,55,120,1,1
1790177555118,sala01,895,1790177555118,0,0,OCUPADO,0,28,55,120,1,1
1790177557118,sala01,896,1790177557118,0,0,OCUPADO,1,28,55,120,1,1
1790177559118,sala01,897,1790177559118,0,0,OCUPADO,1,28,55,120,1,1
1790177561118,sala01,898,1790177561118,0,0,OCUPADO,1,28,55,120,1,1
1790177563118,sala01,899,1790177563118,0,0,OCUPADO,0,28,55,120,1,1
1790177565118,sala01,900,1790177565118,0,0,OCUPADO,1,28,55,120,1,1
1790177567118,sala01,901,1790177567118,0,0,OCUPADO,1,28,55,120,1,1
1790177569118,sala01,902,1790177569118,0,0,OCUPADO,1,28,55,120,1,1
1790177571118,sala01,903,1790177571118,0,0,OCUPADO,0,28,55,120,1,1
1790177573118,sala01,904,1790177573118,0,0,OCUPADO,1,28,55,120,1,1
1790177575118,sala01,905,1790177575118,0,0,OCUPADO,1,28,55,120,1,1
1790177577118,sala01,906,1790177577118,0,0,OCUPADO,1,28,55,120,1,1
1790177579118,sala01,907,1790177579118,0,0,OCUPADO,0,28,55,120,1,1
1790177581118,sala01,908,1790177581118,0,0,OCUPADO,1,28,55,120,1,1
1790177583118,sala01,909,1790177583118,0,0,OCUPADO,1,28,55,120,1,1
1790177585118,sala01,910,1790177585118,0,0,OCUPADO,1,28,55,120,1,1
1790177587118,sala01,911,1790177587118,0,0,OCUPADO,0,28,55,120,1,1
1790177589118,sala01,912,1790177589118,0,0,OCUPADO,1,28,55,120,1,1
1790177591118,sala01,913,1790177591118,0,0,OCUPADO,1,28,55,120,1,1
1790177593118,sala01,914,1790177593118,0,0,OCUPADO,1,28,55,120,1,1
1790177595118,sala01,915,1790177595118,0,0,OCUPADO,0,28,55,120,1,1
1790177597118,sala01,916,1790177597118,0,0,OCUPADO,1,28,55,120,1,1
1790177599118,sala01,917,1790177599118,0,0,OCUPADO,1,28,55,120,1,1
1790177601118,sala01,918,1790177601118,0,0,OCUPADO,1,28,55,120,1,1
1790177603118,sala01,919,1790177603118,0,0,OCUPADO,0,28,55,120,1,1
1790177605118,sala01,920,1790177605118,0,0,OCUPADO,1,28,55,120,1,1
1790177607118,sala01,921,1790177607118,0,0,OCUPADO,1,28,55,120,1,1
1790177609118,sala01,922,1790177609118,0,0,OCUPADO,1,28,55,120,1,1
1790177611118,sala01,923,1790177611118,0,0,OCUPADO,0,28,55,120,1,1
1790177613118,sala01,924,1790177613118,0,0,OCUPADO,1,28,55,120,1,1
1790177615118,sala01,925,1790177615118,0,0,OCUPADO,1,28,55,120,1,1
1790177617118,sala01,926,1790177617118,0,0,OCUPADO,1,28,55,120,1,1
1790177619118,sala01,927,1790177619118,0,0,OCUPADO,0,28,55,120,1,1
1790177621118,sala01,928,1790177621118,0,0,OCUPADO,1,28,55,120,1,1
1790177623118,sala01,929,1790177623118,0,0,OCUPADO,1,28,55,120,1,1
1790177625118,sala01,930,1790177625118,0,0,OCUPADO,1,28,55,120,1,1
1790177627118,sala01,931,1790177627118,0,0,OCUPADO,0,28,55,120,1,1
1790177629118,sala01,932,1790177629118,0,0,OCUPADO,1,28,55,120,1,1
1790177631118,sala01,933,1790177631118,0,0,OCUPADO,1,28,55,120,1,1
1790177633118,sala01,934,1790177633118,0,0,OCUPADO,1,28,55,120,1,1
1790177635118,sala01,935,1790177635118,0,0,OCUPADO,0,28,55,120,1,1
1790177637118,sala01,936,1790177637118,0,0,OCUPADO,1,28,55,120,1,1
1790177639118,sala01,937,1790177639118,0,0,OCUPADO,1,28,55,120,1,1
1790177641118,sala01,938,1790177641118,0,0,OCUPADO,1,28,55,120,1,1
1790177643118,sala01,939,1790177643118,0,0,OCUPADO,0,28,55,120,1,1
1790177645118,sala01,940,1790177645118,0,0,OCUPADO,1,28,55,120,1,1
1790177647118,sala01,941,1790177647118,0,0,OCUPADO,1,28,55,120,1,1
1790177649118,sala01,942,1790177649118,0,0,OCUPADO,1,28,55,120,1,1
1790177651118,sala01,943,1790177651118,0,0,OCUPADO,0,28,55,120,1,1
1790177653118,sala01,944,1790177653118,0,0,OCUPADO,1,28,55,120,1,1
1790177655118,sala01,945,1790177655118,0,0,OCUPADO,1,28,55,120,1,1
1790177657118,sala01,946,1790177657118,0,0,OCUPADO,1,28,55,120,1,1
1790177659118,sala01,947,1790177659118,0,0,OCUPADO,0,28,55,120,1,1
1790177661118,sala01,948,1790177661118,0,0,OCUPADO,1,28,55,120,1,1
1790177663118,sala01,949,1790177663118,0,0,OCUPADO,1,28,55,120,1,1
1790177665118,sala01,950,1790177665118,0,0,OCUPADO,1,28,55,120,1,1
1790177667118,sala01,951,1790177667118,0,0,OCUPADO,0,28,55,120,1,1
1790177669118,sala01,952,1790177669118,0,0,OCUPADO,1,28,55,120,1,1
1790177671118,sala01,953,1790177671118,0,0,OCUPADO,1,28,55,120,1,1
1790177673118,sala01,954,1790177673118,0,0,OCUPADO,1,28,55,120,1,1
1790177675118,sala01,955,1790177675118,0,0,OCUPADO,0,28,55,120,1,1
1790177677118,sala01,956,1790177677118,0,0,OCUPADO,1,28,55,120,1,1
1790177679118,sala01,957,1790177679118,0,0,OCUPADO,1,28,55,120,1,1
1790177681118,sala01,958,1790177681118,0,0,OCUPADO,1,28,55,120,1,1
1790177683118,sala01,959,1790177683118,0,0,OCUPADO,0,28,55,120,1,1
1790177685118,sala01,960,1790177685118,0,0,OCUPADO,1,28,55,120,1,1
1790177687118,sala01,961,1790177687118,0,0,OCUPADO,1,28,55,120,1,1
1790177689118,sala01,962,1790177689118,0,0,OCUPADO,1,28,55,120,1,1
1790177691118,sala01,963,1790177691118,0,0,OCUPADO,0,28,55,120,1,1
1790177693118,sala01,964,1790177693118,0,0,OCUPADO,1,28,55,120,1,1
1790177695118,sala01,965,1790177695118,0,0,OCUPADO,1,28,55,120,1,1
1790177697118,sala01,966,1790177697118,0,0,OCUPADO,1,28,55,120,1,1
1790177699118,sala01,967,1790177699118,0,0,OCUPADO,0,28,55,120,1,1
1790177701118,sala01,968,1790177701118,0,0,OCUPADO,1,28,55,120,1,1
1790177703118,sala01,969,1790177703118,0,0,OCUPADO,1,28,55,120,1,1
1790177705118,sala01,970,1790177705118,0,0,OCUPADO,1,28,55,120,1,1
1790177707118,sala01,971,1790177707118,0,0,OCUPADO,0,28,55,120,1,1
1790177709118,sala01,972,1790177709118,0,0,OCUPADO,1,28,55,120,1,1
1790177711118,sala01,973,1790177711118,0,0,OCUPADO,1,28,55,120,1,1
1790177713118,sala01,974,1790177713118,0,0,OCUPADO,1,28,55,120,1,1
1790177715118,sala01,975,1790177715118,0,0,OCUPADO,0,28,55,120,1,1
1790177717118,sala01,976,1790177717118,0,0,OCUPADO,1,28,55,120,1,1
1790177719118,sala01,977,1790177719118,0,0,OCUPADO,1,28,55,120,1,1
1790177721118,sala01,978,1790177721118,0,0,OCUPADO,1,28,55,120,1,1
1790177723118,sala01,979,1790177723118,0,0,OCUPADO,0,28,55,120,1,1
1790177725118,sala01,980,1790177725118,0,0,OCUPADO,1,28,55,120,1,1
1790177727118,sala01,981,1790177727118,0,0,OCUPADO,1,28,55,120,1,1
1790177729118,sala01,982,1790177729118,0,0,OCUPADO,1,28,55,120,1,1
1790177731118,sala01,983,1790177731118,0,0,OCUPADO,0,28,55,120,1,1
1790177733118,sala01,984,1790177733118,0,0,OCUPADO,1,28,55,120,1,1
1790177735118,sala01,985,1790177735118,0,0,OCUPADO,1,28,55,120,1,1
1790177737118,sala01,986,1790177737118,0,0,OCUPADO,1,28,55,120,1,1
1790177739118,sala01,987,1790177739118,0,0,OCUPADO,0,28,55,120,1,1
1790177741118,sala01,988,1790177741118,0,0,OCUPADO,1,28,55,120,1,1
1790177743118,sala01,989,1790177743118,0,0,OCUPADO,1,28,55,120,1,1
1790177745118,sala01,990,1790177745118,0,0,OCUPADO,1,28,55,120,1,1
1790177747118,sala01,991,1790177747118,0,0,OCUPADO,0,28,55,120,1,1
1790177749118,sala01,992,1790177749118,0,0,OCUPADO,1,28,55,120,1,1
1790177751118,sala01,993,1790177751118,0,0,OCUPADO,1,28,55,120,1,1
1790177753118,sala01,994,1790177753118,0,0,OCUPADO,1,28,55,120,1,1
1790177755118,sala01,995,1790177755118,0,0,OCUPADO,0,28,55,120,1,1
1790177757118,sala01,996,1790177757118,0,0,OCUPADO,1,28,55,120,1,1
1790177759118,sala01,997,1790177759118,0,0,OCUPADO,1,28,55,120,1,1
1790177761118,sala01,998,1790177761118,0,0,OCUPADO,1,28,55,120,1,1
1790177763118,sala01,999,1790177763118,0,0,OCUPADO,0,28,55,120,1,1
1790177765118,sala01,1000,1790177765118,0,0,OCUPADO,1,28,55,120,1,1
1790177767118,sala01,1001,1790177767118,0,0,OCUPADO,1,28,55,120,1,1
1790177769118,sala01,1002,1790177769118,0,0,OCUPADO,1,28,55,120,1,1
1790177771118,sala01,1003,1790177771118,0,0,OCUPADO,0,28,55,120,1,1
1790177773118,sala01,1004,1790177773118,0,0,OCUPADO,1,28,55,120,1,1
1790177775118,sala01,1005,1790177775118,0,0,OCUPADO,1,28,55,120,1,1
1790177777118,sala01,1006,1790177777118,0,0,OCUPADO,1,28,55,120,1,1
1790177779118,sala01,1007,1790177779118,0,0,OCUPADO,0,28,55,120,1,1
1790177781118,sala01,1008,1790177781118,0,0,OCUPADO,1,28,55,120,1,1
1790177783118,sala01,1009,1790177783118,0,0,OCUPADO,1,28,55,120,1,1
1790177785118,sala01,1010,1790177785118,0,0,OCUPADO,1,28,55,120,1,1
1790177787118,sala01,1011,1790177787118,0,0,OCUPADO,0,28,55,120,1,1
1790177789118,sala01,1012,1790177789118,0,0,OCUPADO,1,28,55,120,1,1
1790177791118,sala01,1013,1790177791118,0,0,OCUPADO,1,28,55,120,1,1
1790177793118,sala01,1014,1790177793118,0,0,OCUPADO,1,28,55,120,1,1
1790177795118,sala01,1015,1790177795118,0,0,OCUPADO,0,28,55,120,1,1
1790177797118,sala01,1016,1790177797118,0,0,OCUPADO,1,28,55,120,1,1
1790177799118,sala01,1017,1790177799118,0,0,OCUPADO,1,28,55,120,1,1
1790177801118,sala01,1018,1790177801118,0,0,OCUPADO,1,28,55,120,1,1
1790177803118,sala01,1019,1790177803118,0,0,OCUPADO,0,28,55,120,1,1
1790177805118,sala01,1020,1790177805118,0,0,OCUPADO,1,28,55,120,1,1
1790177807118,sala01,1021,1790177807118,0,0,OCUPADO,1,28,55,120,1,1
1790177809118,sala01,1022,1790177809118,0,0,OCUPADO,1,28,55,120,1,1
1790177811118,sala01,1023,1790177811118,0,0,OCUPADO,0,28,55,120,1,1
1790177813118,sala01,1024,1790177813118,0,0,OCUPADO,1,28,55,120,1,1
1790177815118,sala01,1025,1790177815118,0,0,OCUPADO,1,28,55,120,1,1
1790177817118,sala01,1026,1790177817118,0,0,OCUPADO,1,28,55,120,1,1
1790177819118,sala01,1027,1790177819118,0,0,OCUPADO,0,28,55,120,1,1
1790177821118,sala01,1028,1790177821118,0,0,OCUPADO,1,28,55,120,1,1
1790177823118,sala01,1029,1790177823118,0,0,OCUPADO,1,28,55,120,1,1
1790177825118,sala01,1030,1790177825118,0,0,OCUPADO,1,28,55,120,1,1
1790177827118,sala01,1031,1790177827118,0,0,OCUPADO,0,28,55,120,1,1
1790177829118,sala01,1032,1790177829118,0,0,OCUPADO,1,28,55,120,1,1
1790177831118,sala01,1033,1790177831118,0,0,OCUPADO,1,28,55,120,1,1
1790177833118,sala01,1034,1790177833118,0,0,OCUPADO,1,28,55,120,1,1
1790177835118,sala01,1035,1790177835118,0,0,OCUPADO,0,28,55,120,1,1
1790177837118,sala01,1036,1790177837118,0,0,OCUPADO,1,28,55,120,1,1
1790177839118,sala01,1037,1790177839118,0,0,OCUPADO,1,28,55,120,1,1
1790177841118,sala01,1038,1790177841118,0,0,OCUPADO,1,28,55,120,1,1
1790177843118,sala01,1039,1790177843118,0,0,OCUPADO,0,28,55,120,1,1
1790177845118,sala01,1040,1790177845118,0,0,OCUPADO,1,28,55,120,1,1
1790177847118,sala01,1041,1790177847118,0,0,OCUPADO,1,28,55,120,1,1
1790177849118,sala01,1042,1790177849118,0,0,OCUPADO,1,28,55,120,1,1
1790177851118,sala01,1043,1790177851118,0,0,OCUPADO,0,28,55,120,1,1
1790177853118,sala01,1044,1790177853118,0,0,OCUPADO,1,28,55,120,1,1
1790177855118,sala01,1045,1790177855118,0,0,OCUPADO,1,28,55,120,1,1
1790177857118,sala01,1046,1790177857118,0,0,OCUPADO,1,28,55,120,1,1
1790177859118,sala01,1047,1790177859118,0,0,OCUPADO,0,28,55,120,1,1
1790177861118,sala01,1048,1790177861118,0,0,OCUPADO,1,28,55,120,1,1
1790177863118,sala01,1049,1790177863118,0,0,OCUPADO,1,28,55,120,1,1
1790177865118,sala01,1050,1790177865118,0,0,OCUPADO,1,28,55,120,1,1
1790177867118,sala01,1051,1790177867118,0,0,OCUPADO,0,28,55,120,1,1
1790177869118,sala01,1052,1790177869118,0,0,OCUPADO,1,28,55,120,1,1
1790177871118,sala01,1053,1790177871118,0,0,OCUPADO,1,28,55,120,1,1
1790177873118,sala01,1054,1790177873118,0,0,OCUPADO,1,28,55,120,1,1
1790177875118,sala01,1055,1790177875118,0,0,OCUPADO,0,28,55,120,1,1
1790177877118,sala01,1056,1790177877118,0,0,OCUPADO,1,28,55,120,1,1
1790177879118,sala01,1057,1790177879118,0,0,OCUPADO,1,28,55,120,1,1
1790177881118,sala01,1058,1790177881118,0,0,OCUPADO,1,28,55,120,1,1
1790177883118,sala01,1059,1790177883118,0,0,OCUPADO,0,28,55,120,1,1
1790177885118,sala01,1060,1790177885118,0,0,OCUPADO,1,28,55,120,1,1
1790177887118,sala01,1061,1790177887118,0,0,OCUPADO,1,28,55,120,1,1
1790177889118,sala01,1062,1790177889118,0,0,OCUPADO,1,28,55,120,1,1
1790177891118,sala01,1063,1790177891118,0,0,OCUPADO,0,28,55,120,1,1
1790177893118,sala01,1064,1790177893118,0,0,OCUPADO,1,28,55,120,1,1
1790177895118,sala01,1065,1790177895118,0,0,OCUPADO,1,28,55,120,1,1
1790177897118,sala01,1066,1790177897118,0,0,OCUPADO,1,28,55,120,1,1
1790177899118,sala01,1067,1790177899118,0,0,OCUPADO,0,28,55,120,1,1
1790177901118,sala01,1068,1790177901118,0,0,OCUPADO,1,28,55,120,1,1
1790177903118,sala01,1069,1790177903118,0,0,OCUPADO,1,28,55,120,1,1
1790177905118,sala01,1070,1790177905118,0,0,OCUPADO,1,28,55,120,1,1
1790177907118,sala01,1071,1790177907118,0,0,OCUPADO,0,28,55,120,1,1
1790177909118,sala01,1072,1790177909118,0,0,OCUPADO,1,28,55,120,1,1
1790177911118,sala01,1073,1790177911118,0,0,OCUPADO,1,28,55,120,1,1
1790177913118,sala01,1074,1790177913118,0,0,OCUPADO,1,28,55,120,1,1
1790177915118,sala01,1075,1790177915118,0,0,OCUPADO,0,28,55,120,1,1
1790177917118,sala01,1076,1790177917118,0,0,OCUPADO,1,28,55,120,1,1
1790177919118,sala01,1077,1790177919118,0,0,OCUPADO,1,28,55,120,1,1
1790177921118,sala01,1078,1790177921118,0,0,OCUPADO,1,28,55,120,1,1
1790177923118,sala01,1079,1790177923118,0,0,OCUPADO,0,28,55,120,1,1
1790177925118,sala01,1080,1790177925118,0,0,OCUPADO,1,28,55,120,1,1
1790177927118,sala01,1081,1790177927118,0,0,OCUPADO,1,28,55,120,1,1
1790177929118,sala01,1082,1790177929118,0,0,OCUPADO,1,28,55,120,1,1
1790177931118,sala01,1083,1790177931118,0,0,OCUPADO,0,28,55,120,1,1
1790177933118,sala01,1084,1790177933118,0,0,OCUPADO,1,28,55,120,1,1
1790177935118,sala01,1085,1790177935118,0,0,OCUPADO,1,28,55,120,1,1
1790177937118,sala01,1086,1790177937118,0,0,OCUPADO,1,28,55,120,1,1
1790177939118,sala01,1087,1790177939118,0,0,OCUPADO,0,28,55,120,1,1
1790177941118,sala01,1088,1790177941118,0,0,OCUPADO,1,28,55,120,1,1
1790177943118,sala01,1089,1790177943118,0,0,OCUPADO,1,28,55,120,1,1
1790177945118,sala01,1090,1790177945118,0,0,OCUPADO,1,28,55,120,1,1
1790177947118,sala01,1091,1790177947118,0,0,OCUPADO,0,28,55,120,1,1
1790177949118,sala01,1092,1790177949118,0,0,OCUPADO,1,28,55,120,1,1
1790177951118,sala01,1093,1790177951118,0,0,OCUPADO,1,28,55,120,1,1
1790177953118,sala01,1094,1790177953118,0,0,OCUPADO,1,28,55,120,1,1
1790177955118,sala01,1095,1790177955118,0,0,OCUPADO,0,28,55,120,1,1
1790177957118,sala01,1096,1790177957118,0,0,OCUPADO,1,28,55,120,1,1
1790177959118,sala01,1097,1790177959118,0,0,OCUPADO,1,28,55,120,1,1
1790177961118,sala01,1098,1790177961118,0,0,OCUPADO,1,28,55,120,1,1
1790177963118,sala01,1099,1790177963118,0,0,OCUPADO,0,28,55,120,1,1
1790177965118,sala01,1100,1790177965118,0,0,OCUPADO,1,28,55,120,1,1
1790177967118,sala01,1101,1790177967118,0,0,OCUPADO,1,28,55,120,1,1
1790177969118,sala01,1102,1790177969118,0,0,OCUPADO,1,28,55,120,1,1
1790177971118,sala01,1103,1790177971118,0,0,OCUPADO,0,28,55,120,1,1
1790177973118,sala01,1104,1790177973118,0,0,OCUPADO,1,28,55,120,1,1
1790177975118,sala01,1105,1790177975118,0,0,OCUPADO,1,28,55,120,1,1
1790177977118,sala01,1106,1790177977118,0,0,OCUPADO,1,28,55,120,1,1
1790177979118,sala01,1107,1790177979118,0,0,OCUPADO,0,28,55,120,1,1
1790177981118,sala01,1108,1790177981118,0,0,OCUPADO,1,28,55,120,1,1
1790177983118,sala01,1109,1790177983118,0,0,OCUPADO,1,28,55,120,1,1
1790177985118,sala01,1110,1790177985118,0,0,OCUPADO,1,28,55,120,1,1
1790177987118,sala01,1111,1790177987118,0,0,OCUPADO,0,28,55,120,1,1
1790177989118,sala01,1112,1790177989118,0,0,OCUPADO,1,28,55,120,1,1
1790177991118,sala01,1113,1790177991118,0,0,OCUPADO,1,28,55,120,1,1
1790177993118,sala01,1114,1790177993118,0,0,OCUPADO,1,28,55,120,1,1
1790177995118,sala01,1115,1790177995118,0,0,OCUPADO,0,28,55,120,1,1
1790177997118,sala01,1116,1790177997118,0,0,OCUPADO,1,28,55,120,1,1
1790177999118,sala01,1117,1790177999118,0,0,OCUPADO,1,28,55,120,1,1
1790178001118,sala01,1118,1790178001118,0,0,OCUPADO,1,28,55,120,1,1
1790178003118,sala01,1119,1790178003118,0,0,OCUPADO,0,28,55,120,1,1
1790178005118,sala01,1120,1790178005118,0,0,OCUPADO,1,28,55,120,1,1
1790178007118,sala01,1121,1790178007118,0,0,OCUPADO,1,28,55,120,1,1
1790178009118,sala01,1122,1790178009118,0,0,OCUPADO,1,28,55,120,1,1
1790178011118,sala01,1123,1790178011118,0,0,OCUPADO,0,28,55,120,1,1
1790178013118,sala01,1124,1790178013118,0,0,OCUPADO,1,28,55,120,1,1
1790178015118,sala01,1125,1790178015118,0,0,OCUPADO,1,28,55,120,1,1
1790178017118,sala01,1126,1790178017118,0,0,OCUPADO,1,28,55,120,1,1
1790178019118,sala01,1127,1790178019118,0,0,OCUPADO,0,28,55,120,1,1
1790178021118,sala01,1128,1790178021118,0,0,OCUPADO,1,28,55,120,1,1
1790178023118,sala01,1129,1790178023118,0,0,OCUPADO,1,28,55,120,1,1
1790178025118,sala01,1130,1790178025118,0,0,OCUPADO,1,28,55,120,1,1
1790178027118,sala01,1131,1790178027118,0,0,OCUPADO,0,28,55,120,1,1
1790178029118,sala01,1132,1790178029118,0,0,OCUPADO,1,28,55,120,1,1
1790178031118,sala01,1133,1790178031118,0,0,OCUPADO,1,28,55,120,1,1
1790178033118,sala01,1134,1790178033118,0,0,OCUPADO,1,28,55,120,1,1
1790178035118,sala01,1135,1790178035118,0,0,OCUPADO,0,28,55,120,1,1
1790178037118,sala01,1136,1790178037118,0,0,OCUPADO,1,28,55,120,1,1
1790178039118,sala01,1137,1790178039118,0,0,OCUPADO,1,28,55,120,1,1
1790178041118,sala01,1138,1790178041118,0,0,OCUPADO,1,28,55,120,1,1
1790178043118,sala01,1139,1790178043118,0,0,OCUPADO,0,28,55,120,1,1
1790178045118,sala01,1140,1790178045118,0,0,OCUPADO,1,28,55,120,1,1
1790178047118,sala01,1141,1790178047118,0,0,OCUPADO,1,28,55,120,1,1
1790178049118,sala01,1142,1790178049118,0,0,OCUPADO,1,28,55,120,1,1
1790178051118,sala01,1143,1790178051118,0,0,OCUPADO,0,28,55,120,1,1
1790178053118,sala01,1144,1790178053118,0,0,OCUPADO,1,28,55,120,1,1
1790178055118,sala01,1145,1790178055118,0,0,OCUPADO,1,28,55,120,1,1
1790178057118,sala01,1146,1790178057118,0,0,OCUPADO,1,28,55,120,1,1
1790178059118,sala01,1147,1790178059118,0,0,OCUPADO,0,28,55,120,1,1
1790178061118,sala01,1148,1790178061118,0,0,OCUPADO,1,28,55,120,1,1
1790178063118,sala01,1149,1790178063118,0,0,OCUPADO,1,28,55,120,1,1
1790178065118,sala01,1150,1790178065118,0,0,OCUPADO,1,28,55,120,1,1
1790178067118,sala01,1151,1790178067118,0,0,OCUPADO,0,28,55,120,1,1
1790178069118,sala01,1152,1790178069118,0,0,OCUPADO,1,28,55,120,1,1
1790178071118,sala01,1153,1790178071118,0,0,OCUPADO,1,28,55,120,1,1
1790178073118,sala01,1154,1790178073118,0,0,OCUPADO,1,28,55,120,1,1
1790178075118,sala01,1155,1790178075118,0,0,OCUPADO,0,28,55,120,1,1
1790178077118,sala01,1156,1790178077118,0,0,OCUPADO,1,28,55,120,1,1
1790178079118,sala01,1157,1790178079118,0,0,OCUPADO,1,28,55,120,1,1
1790178081118,sala01,1158,1790178081118,0,0,OCUPADO,1,28,55,120,1,1
1790178083118,sala01,1159,1790178083118,0,0,OCUPADO,0,28,55,120,1,1
1790178085118,sala01,1160,1790178085118,0,0,OCUPADO,1,28,55,120,1,1
1790178087118,sala01,1161,1790178087118,0,0,OCUPADO,1,28,55,120,1,1
1790178089118,sala01,1162,1790178089118,0,0,OCUPADO,1,28,55,120,1,1
1790178091118,sala01,1163,1790178091118,0,0,OCUPADO,0,28,55,120,1,1
1790178093118,sala01,1164,1790178093118,0,0,OCUPADO,1,28,55,120,1,1
1790178095118,sala01,1165,1790178095118,0,0,OCUPADO,1,28,55,120,1,1
1790178097118,sala01,1166,1790178097118,0,0,OCUPADO,1,28,55,120,1,1
1790178099118,sala01,1167,1790178099118,0,0,OCUPADO,0,28,55,120,1,1
1790178101118,sala01,1168,1790178101118,0,0,OCUPADO,1,28,55,120,1,1
1790178103118,sala01,1169,1790178103118,0,0,OCUPADO,1,28,55,120,1,1
1790178105118,sala01,1170,1790178105118,0,0,OCUPADO,1,28,55,120,1,1
1790178107118,sala01,1171,1790178107118,0,0,OCUPADO,0,28,55,120,1,1
1790178109118,sala01,1172,1790178109118,0,0,OCUPADO,1,28,55,120,1,1
1790178111118,sala01,1173,1790178111118,0,0,OCUPADO,1,28,55,120,1,1
1790178113118,sala01,1174,1790178113118,0,0,OCUPADO,1,28,55,120,1,1
1790178115118,sala01,1175,1790178115118,0,0,OCUPADO,0,28,55,120,1,1
1790178117118,sala01,1176,1790178117118,0,0,OCUPADO,1,28,55,120,1,1
1790178119118,sala01,1177,1790178119118,0,0,OCUPADO,1,28,55,120,1,1
1790178121118,sala01,1178,1790178121118,0,0,OCUPADO,1,28,55,120,1,1
1790178123118,sala01,1179,1790178123118,0,0,OCUPADO,0,28,55,120,1,1
1790178125118,sala01,1180,1790178125118,0,0,OCUPADO,1,28,55,120,1,1
1790178127118,sala01,1181,1790178127118,0,0,OCUPADO,1,28,55,120,1,1
1790178129118,sala01,1182,1790178129118,0,0,OCUPADO,1,28,55,120,1,1
1790178131118,sala01,1183,1790178131118,0,0,OCUPADO,0,28,55,120,1,1
1790178133118,sala01,1184,1790178133118,0,0,OCUPADO,1,28,55,120,1,1
1790178135118,sala01,1185,1790178135118,0,0,OCUPADO,1,28,55,120,1,1
1790178137118,sala01,1186,1790178137118,0,0,OCUPADO,1,28,55,120,1,1
1790178139118,sala01,1187,1790178139118,0,0,OCUPADO,0,28,55,120,1,1
1790178141118,sala01,1188,1790178141118,0,0,OCUPADO,1,28,55,120,1,1
1790178143118,sala01,1189,1790178143118,0,0,OCUPADO,1,28,55,120,1,1
1790178145118,sala01,1190,1790178145118,0,0,OCUPADO,1,28,55,120,1,1
1790178147118,sala01,1191,1790178147118,0,0,OCUPADO,0,28,55,120,1,1
1790178149118,sala01,1192,1790178149118,0,0,OCUPADO,1,28,55,120,1,1
1790178151118,sala01,1193,1790178151118,0,0,OCUPADO,1,28,55,120,1,1
1790178153118,sala01,1194,1790178153118,0,0,OCUPADO,1,28,55,120,1,1
1790178155118,sala01,1195,1790178155118,0,0,OCUPADO,0,28,55,120,1,1
1790178157118,sala01,1196,1790178157118,0,0,OCUPADO,1,28,55,120,1,1
1790178159118,sala01,1197,1790178159118,0,0,OCUPADO,1,28,55,120,1,1
1790178161118,sala01,1198,1790178161118,0,0,OCUPADO,1,28,55,120,1,1
1790178163118,sala01,1199,1790178163118,0,0,OCUPADO,0,28,55,120,1,1
1790178165118,sala01,1200,1790178165118,0,0,OCUPADO,1,28,55,120,1,1
1790178167118,sala01,1201,1790178167118,0,0,OCUPADO,1,28,55,120,1,1
1790178169118,sala01,1202,1790178169118,0,0,OCUPADO,1,28,55,120,1,1
1790178171118,sala01,1203,1790178171118,0,0,OCUPADO,0,28,55,120,1,1
1790178173118,sala01,1204,1790178173118,0,0,OCUPADO,1,28,55,120,1,1
1790178175118,sala01,1205,1790178175118,0,0,OCUPADO,1,28,55,120,1,1
1790178177118,sala01,1206,1790178177118,0,0,OCUPADO,1,28,55,120,1,1
1790178179118,sala01,1207,1790178179118,0,0,OCUPADO,0,28,55,120,1,1
1790178181118,sala01,1208,1790178181118,0,0,OCUPADO,1,28,55,120,1,1
1790178183118,sala01,1209,1790178183118,0,0,OCUPADO,1,28,55,120,1,1
1790178185118,sala01,1210,1790178185118,0,0,OCUPADO,1,28,55,120,1,1
1790178187118,sala01,1211,1790178187118,0,0,OCUPADO,0,28,55,120,1,1
1790178189118,sala01,1212,1790178189118,0,0,OCUPADO,1,28,55,120,1,1
1790178191118,sala01,1213,1790178191118,0,0,OCUPADO,1,28,55,120,1,1
1790178193118,sala01,1214,1790178193118,0,0,OCUPADO,1,28,55,120,1,1
1790178195118,sala01,1215,1790178195118,0,0,OCUPADO,0,28,55,120,1,1
1790178197118,sala01,1216,1790178197118,0,0,OCUPADO,1,28,55,120,1,1
1790178199118,sala01,1217,1790178199118,0,0,OCUPADO,1,28,55,120,1,1
1790178201118,sala01,1218,1790178201118,0,0,OCUPADO,1,28,55,120,1,1
1790178203118,sala01,1219,1790178203118,0,0,OCUPADO,0,28,55,120,1,1
1790178205118,sala01,1220,1790178205118,0,0,OCUPADO,1,28,55,120,1,1
1790178207118,sala01,1221,1790178207118,0,0,OCUPADO,1,28,55,120,1,1
1790178209118,sala01,1222,1790178209118,0,0,OCUPADO,1,28,55,120,1,1
1790178211118,sala01,1223,1790178211118,0,0,OCUPADO,0,28,55,120,1,1
1790178213118,sala01,1224,1790178213118,0,0,OCUPADO,1,28,55,120,1,1
1790178215118,sala01,1225,1790178215118,0,0,OCUPADO,1,28,55,120,1,1
1790178217118,sala01,1226,1790178217118,0,0,OCUPADO,1,28,55,120,1,1
1790178219118,sala01,1227,1790178219118,0,0,OCUPADO,0,28,55,120,1,1
1790178221118,sala01,1228,1790178221118,0,0,OCUPADO,1,28,55,120,1,1
1790178223118,sala01,1229,1790178223118,0,0,OCUPADO,1,28,55,120,1,1
1790178225118,sala01,1230,1790178225118,0,0,OCUPADO,1,28,55,120,1,1
1790178227118,sala01,1231,1790178227118,0,0,OCUPADO,0,28,55,120,1,1
1790178229118,sala01,1232,1790178229118,0,0,OCUPADO,1,28,55,120,1,1
1790178231118,sala01,1233,1790178231118,0,0,OCUPADO,1,28,55,120,1,1
1790178233118,sala01,1234,1790178233118,0,0,OCUPADO,1,28,55,120,1,1
1790178235118,sala01,1235,1790178235118,0,0,OCUPADO,0,28,55,120,1,1
1790178237118,sala01,1236,1790178237118,0,0,OCUPADO,1,28,55,120,1,1
1790178239118,sala01,1237,1790178239118,0,0,OCUPADO,1,28,55,120,1,1
1790178241118,sala01,1238,1790178241118,0,0,OCUPADO,1,28,55,120,1,1
1790178243118,sala01,1239,1790178243118,0,0,OCUPADO,0,28,55,120,1,1
1790178245118,sala01,1240,1790178245118,0,0,OCUPADO,1,28,55,120,1,1
1790178247118,sala01,1241,1790178247118,0,0,OCUPADO,1,28,55,120,1,1
1790178249118,sala01,1242,1790178249118,0,0,OCUPADO,1,28,55,120,1,1
1790178251118,sala01,1243,1790178251118,0,0,OCUPADO,0,28,55,120,1,1
1790178253118,sala01,1244,1790178253118,0,0,OCUPADO,1,28,55,120,1,1
1790178255118,sala01,1245,1790178255118,0,0,OCUPADO,1,28,55,120,1,1
1790178257118,sala01,1246,1790178257118,0,0,OCUPADO,1,28,55,120,1,1
1790178259118,sala01,1247,1790178259118,0,0,OCUPADO,0,28,55,120,1,1
1790178261118,sala01,1248,1790178261118,0,0,OCUPADO,1,28,55,120,1,1
1790178263118,sala01,1249,1790178263118,0,0,OCUPADO,1,28,55,120,1,1
1790178265118,sala01,1250,1790178265118,0,0,OCUPADO,1,28,55,120,1,1
1790178267118,sala01,1251,1790178267118,0,0,OCUPADO,0,28,55,120,1,1
1790178269118,sala01,1252,1790178269118,0,0,OCUPADO,1,28,55,120,1,1
1790178271118,sala01,1253,1790178271118,0,0,OCUPADO,1,28,55,120,1,1
1790178273118,sala01,1254,1790178273118,0,0,OCUPADO,1,28,55,120,1,1
1790178275118,sala01,1255,1790178275118,0,0,OCUPADO,0,28,55,120,1,1
1790178277118,sala01,1256,1790178277118,0,0,OCUPADO,1,28,55,120,1,1
1790178279118,sala01,1257,1790178279118,0,0,OCUPADO,1,28,55,120,1,1
1790178281118,sala01,1258,1790178281118,0,0,OCUPADO,1,28,55,120,1,1
1790178283118,sala01,1259,1790178283118,0,0,OCUPADO,0,28,55,120,1,1
1790178285118,sala01,1260,1790178285118,0,0,OCUPADO,1,28,55,120,1,1
1790178287118,sala01,1261,1790178287118,0,0,OCUPADO,1,28,55,120,1,1
1790178289118,sala01,1262,1790178289118,0,0,OCUPADO,1,28,55,120,1,1
1790178291118,sala01,1263,1790178291118,0,0,OCUPADO,0,28,55,120,1,1
1790178293118,sala01,1264,1790178293118,0,0,OCUPADO,1,28,55,120,1,1
1790178295118,sala01,1265,1790178295118,0,0,OCUPADO,1,28,55,120,1,1
1790178297118,sala01,1266,1790178297118,0,0,OCUPADO,1,28,55,120,1,1
1790178299118,sala01,1267,1790178299118,0,0,OCUPADO,0,28,55,120,1,1
1790178301118,sala01,1268,1790178301118,0,0,OCUPADO,1,28,55,120,1,1
1790178303118,sala01,1269,1790178303118,0,0,OCUPADO,1,28,55,120,1,1
1790178305118,sala01,1270,1790178305118,0,0,OCUPADO,1,28,55,120,1,1
1790178307118,sala01,1271,1790178307118,0,0,OCUPADO,0,28,55,120,1,1
1790178309118,sala01,1272,1790178309118,0,0,OCUPADO,1,28,55,120,1,1
1790178311118,sala01,1273,1790178311118,0,0,OCUPADO,1,28,55,120,1,1
1790178313118,sala01,1274,1790178313118,0,0,OCUPADO,1,28,55,120,1,1
1790178315118,sala01,1275,1790178315118,0,0,OCUPADO,0,28,55,120,1,1
1790178317118,sala01,1276,1790178317118,0,0,OCUPADO,1,28,55,120,1,1
1790178319118,sala01,1277,1790178319118,0,0,OCUPADO,1,28,55,120,1,1
1790178321118,sala01,1278,1790178321118,0,0,OCUPADO,1,28,55,120,1,1
1790178323118,sala01,1279,1790178323118,0,0,OCUPADO,0,28,55,120,1,1
1790178325118,sala01,1280,1790178325118,0,0,OCUPADO,1,28,55,120,1,1
1790178327118,sala01,1281,1790178327118,0,0,OCUPADO,1,28,55,120,1,1
1790178329118,sala01,1282,1790178329118,0,0,OCUPADO,1,28,55,120,1,1
1790178331118,sala01,1283,1790178331118,0,0,OCUPADO,0,28,55,120,1,1
1790178333118,sala01,1284,1790178333118,0,0,OCUPADO,1,28,55,120,1,1
1790178335118,sala01,1285,1790178335118,0,0,OCUPADO,1,28,55,120,1,1
1790178337118,sala01,1286,1790178337118,0,0,OCUPADO,1,28,55,120,1,1
1790178339118,sala01,1287,1790178339118,0,0,OCUPADO,0,28,55,120,1,1
1790178341118,sala01,1288,1790178341118,0,0,OCUPADO,1,28,55,120,1,1
1790178343118,sala01,1289,1790178343118,0,0,OCUPADO,1,28,55,120,1,1
1790178345118,sala01,1290,1790178345118,0,0,OCUPADO,1,28,55,120,1,1
1790178347118,sala01,1291,1790178347118,0,0,OCUPADO,0,28,55,120,1,1
1790178349118,sala01,1292,1790178349118,0,0,OCUPADO,1,28,55,120,1,1
1790178351118,sala01,1293,1790178351118,0,0,OCUPADO,1,28,55,120,1,1
1790178353118,sala01,1294,1790178353118,0,0,OCUPADO,1,28,55,120,1,1
1790178355118,sala01,1295,1790178355118,0,0,OCUPADO,0,28,55,120,1,1
1790178357118,sala01,1296,1790178357118,0,0,OCUPADO,1,28,55,120,1,1
1790178359118,sala01,1297,1790178359118,0,0,OCUPADO,1,28,55,120,1,1
1790178361118,sala01,1298,1790178361118,0,0,OCUPADO,1,28,55,120,1,1
1790178363118,sala01,1299,1790178363118,0,0,OCUPADO,0,28,55,120,1,1
1790178365118,sala01,1300,1790178365118,0,0,OCUPADO,1,28,55,120,1,1
1790178367118,sala01,1301,1790178367118,0,0,OCUPADO,1,28,55,120,1,1
1790178369118,sala01,1302,1790178369118,0,0,OCUPADO,1,28,55,120,1,1
1790178371118,sala01,1303,1790178371118,0,0,OCUPADO,0,28,55,120,1,1
1790178373118,sala01,1304,1790178373118,0,0,OCUPADO,1,28,55,120,1,1
1790178375118,sala01,1305,1790178375118,0,0,OCUPADO,1,28,55,120,1,1
1790178377118,sala01,1306,1790178377118,0,0,OCUPADO,1,28,55,120,1,1
1790178379118,sala01,1307,1790178379118,0,0,OCUPADO,0,28,55,120,1,1
1790178381118,sala01,1308,1790178381118,0,0,OCUPADO,1,28,55,120,1,1
1790178383118,sala01,1309,1790178383118,0,0,OCUPADO,1,28,55,120,1,1
1790178385118,sala01,1310,1790178385118,0,0,OCUPADO,1,28,55,120,1,1
1790178387118,sala01,1311,1790178387118,0,0,OCUPADO,0,28,55,120,1,1
1790178389118,sala01,1312,1790178389118,0,0,OCUPADO,1,28,55,120,1,1
1790178391118,sala01,1313,1790178391118,0,0,OCUPADO,1,28,55,120,1,1
1790178393118,sala01,1314,1790178393118,0,0,OCUPADO,1,28,55,120,1,1
1790178395118,sala01,1315,1790178395118,0,0,OCUPADO,0,28,55,120,1,1
1790178397118,sala01,1316,1790178397118,0,0,OCUPADO,1,28,55,120,1,1
1790178399118,sala01,1317,1790178399118,0,0,OCUPADO,1,28,55,120,1,1
1790178401118,sala01,1318,1790178401118,0,0,OCUPADO,1,28,55,120,1,1
1790178403118,sala01,1319,1790178403118,0,0,OCUPADO,0,28,55,120,1,1
1790178405118,sala01,1320,1790178405118,0,0,OCUPADO,1,28,55,120,1,1
1790178407118,sala01,1321,1790178407118,0,0,OCUPADO,1,28,55,120,1,1
1790178409118,sala01,1322,1790178409118,0,0,OCUPADO,1,28,55,120,1,1
1790178411118,sala01,1323,1790178411118,0,0,OCUPADO,0,28,55,120,1,1
1790178413118,sala01,1324,1790178413118,0,0,OCUPADO,1,28,55,120,1,1
1790178415118,sala01,1325,1790178415118,0,0,OCUPADO,1,28,55,120,1,1
1790178417118,sala01,1326,1790178417118,0,0,OCUPADO,1,28,55,120,1,1
1790178419118,sala01,1327,1790178419118,0,0,OCUPADO,0,28,55,120,1,1
1790178421118,sala01,1328,1790178421118,0,0,OCUPADO,1,28,55,120,1,1
1790178423118,sala01,1329,1790178423118,0,0,OCUPADO,1,28,55,120,1,1
1790178425118,sala01,1330,1790178425118,0,0,OCUPADO,1,28,55,120,1,1
1790178427118,sala01,1331,1790178427118,0,0,OCUPADO,0,28,55,120,1,1
1790178429118,sala01,1332,1790178429118,0,0,OCUPADO,1,28,55,120,1,1
1790178431118,sala01,1333,1790178431118,0,0,OCUPADO,1,28,55,120,1,1
1790178433118,sala01,1334,1790178433118,0,0,OCUPADO,1,28,55,120,1,1
1790178435118,sala01,1335,1790178435118,0,0,OCUPADO,0,28,55,120,1,1
1790178437118,sala01,1336,1790178437118,0,0,OCUPADO,1,28,55,120,1,1
1790178439118,sala01,1337,1790178439118,0,0,OCUPADO,1,28,55,120,1,1
1790178441118,sala01,1338,1790178441118,0,0,OCUPADO,1,28,55,120,1,1
1790178443118,sala01,1339,1790178443118,0,0,OCUPADO,0,28,55,120,1,1
1790178445118,sala01,1340,1790178445118,0,0,OCUPADO,1,28,55,120,1,1
1790178447118,sala01,1341,1790178447118,0,0,OCUPADO,1,28,55,120,1,1
1790178449118,sala01,1342,1790178449118,0,0,OCUPADO,1,28,55,120,1,1
1790178451118,sala01,1343,1790178451118,0,0,OCUPADO,0,28,55,120,1,1
1790178453118,sala01,1344,1790178453118,0,0,OCUPADO,1,28,55,120,1,1
1790178455118,sala01,1345,1790178455118,0,0,OCUPADO,1,28,55,120,1,1
1790178457118,sala01,1346,1790178457118,0,0,OCUPADO,1,28,55,120,1,1
1790178459118,sala01,1347,1790178459118,0,0,OCUPADO,0,28,55,120,1,1
1790178461118,sala01,1348,1790178461118,0,0,OCUPADO,1,28,55,120,1,1
1790178463118,sala01,1349,1790178463118,0,0,OCUPADO,1,28,55,120,1,1
1790178465118,sala01,1350,1790178465118,0,0,OCUPADO,1,28,55,120,1,1
1790178467118,sala01,1351,1790178467118,0,0,OCUPADO,0,28,55,120,1,1
1790178469118,sala01,1352,1790178469118,0,0,OCUPADO,1,28,55,120,1,1
1790178471118,sala01,1353,1790178471118,0,0,OCUPADO,1,28,55,120,1,1
1790178473118,sala01,1354,1790178473118,0,0,OCUPADO,1,28,55,120,1,1
1790178475118,sala01,1355,1790178475118,0,0,OCUPADO,0,28,55,120,1,1
1790178477118,sala01,1356,1790178477118,0,0,OCUPADO,1,28,55,120,1,1
1790178479118,sala01,1357,1790178479118,0,0,OCUPADO,1,28,55,120,1,1
1790178481118,sala01,1358,1790178481118,0,0,OCUPADO,1,28,55,120,1,1
1790178483118,sala01,1359,1790178483118,0,0,OCUPADO,0,28,55,120,1,1
1790178485118,sala01,1360,1790178485118,0,0,OCUPADO,1,28,55,120,1,1
1790178487118,sala01,1361,1790178487118,0,0,OCUPADO,1,28,55,120,1,1
1790178489118,sala01,1362,1790178489118,0,0,OCUPADO,1,28,55,120,1,1
1790178491118,sala01,1363,1790178491118,0,0,OCUPADO,0,28,55,120,1,1
1790178493118,sala01,1364,1790178493118,0,0,OCUPADO,1,28,55,120,1,1
1790178495118,sala01,1365,1790178495118,0,0,OCUPADO,1,28,55,120,1,1
1790178497118,sala01,1366,1790178497118,0,0,OCUPADO,1,28,55,120,1,1
1790178499118,sala01,1367,1790178499118,0,0,OCUPADO,0,28,55,120,1,1
1790178501118,sala01,1368,1790178501118,0,0,OCUPADO,1,28,55,120,1,1
1790178503118,sala01,1369,1790178503118,0,0,OCUPADO,1,28,55,120,1,1
1790178505118,sala01,1370,1790178505118,0,0,OCUPADO,1,28,55,120,1,1
1790178507118,sala01,1371,1790178507118,0,0,OCUPADO,0,28,55,120,1,1
1790178509118,sala01,1372,1790178509118,0,0,OCUPADO,1,28,55,120,1,1
1790178511118,sala01,1373,1790178511118,0,0,OCUPADO,1,28,55,120,1,1
1790178513118,sala01,1374,1790178513118,0,0,OCUPADO,1,28,55,120,1,1
1790178515118,sala01,1375,1790178515118,0,0,OCUPADO,0,28,55,120,1,1
1790178517118,sala01,1376,1790178517118,0,0,OCUPADO,1,28,55,120,1,1
1790178519118,sala01,1377,1790178519118,0,0,OCUPADO,1,28,55,120,1,1
1790178521118,sala01,1378,1790178521118,0,0,OCUPADO,1,28,55,120,1,1
1790178523118,sala01,1379,1790178523118,0,0,OCUPADO,0,28,55,120,1,1
1790178525118,sala01,1380,1790178525118,0,0,OCUPADO,1,28,55,120,1,1
1790178527118,sala01,1381,1790178527118,0,0,OCUPADO,1,28,55,120,1,1
1790178529118,sala01,1382,1790178529118,0,0,OCUPADO,1,28,55,120,1,1
1790178531118,sala01,1383,1790178531118,0,0,OCUPADO,0,28,55,120,1,1
1790178533118,sala01,1384,1790178533118,0,0,OCUPADO,1,28,55,120,1,1
1790178535118,sala01,1385,1790178535118,0,0,OCUPADO,1,28,55,120,1,1
1790178537118,sala01,1386,1790178537118,0,0,OCUPADO,1,28,55,120,1,1
1790178539118,sala01,1387,1790178539118,0,0,OCUPADO,0,28,55,120,1,1
1790178541118,sala01,1388,1790178541118,0,0,OCUPADO,1,28,55,120,1,1
1790178543118,sala01,1389,1790178543118,0,0,OCUPADO,1,28,55,120,1,1
1790178545118,sala01,1390,1790178545118,0,0,OCUPADO,1,28,55,120,1,1
1790178547118,sala01,1391,1790178547118,0,0,OCUPADO,0,28,55,120,1,1
1790178549118,sala01,1392,1790178549118,0,0,OCUPADO,1,28,55,120,1,1
1790178551118,sala01,1393,1790178551118,0,0,OCUPADO,1,28,55,120,1,1
1790178553118,sala01,1394,1790178553118,0,0,OCUPADO,1,28,55,120,1,1
1790178555118,sala01,1395,1790178555118,0,0,OCUPADO,0,28,55,120,1,1
1790178557118,sala01,1396,1790178557118,0,0,OCUPADO,1,28,55,120,1,1
1790178559118,sala01,1397,1790178559118,0,0,OCUPADO,1,28,55,120,1,1
1790178561118,sala01,1398,1790178561118,0,0,OCUPADO,1,28,55,120,1,1
1790178563118,sala01,1399,1790178563118,0,0,OCUPADO,0,28,55,120,1,1
1790178565118,sala01,1400,1790178565118,0,0,OCUPADO,1,28,55,120,1,1
1790178567118,sala01,1401,1790178567118,0,0,OCUPADO,1,28,55,120,1,1
1790178569118,sala01,1402,1790178569118,0,0,OCUPADO,1,28,55,120,1,1
1790178571118,sala01,1403,1790178571118,0,0,OCUPADO,0,28,55,120,1,1
1790178573118,sala01,1404,1790178573118,0,0,OCUPADO,1,28,55,120,1,1
1790178575118,sala01,1405,1790178575118,0,0,OCUPADO,1,28,55,120,1,1
1790178577118,sala01,1406,1790178577118,0,0,OCUPADO,1,28,55,120,1,1
1790178579118,sala01,1407,1790178579118,0,0,OCUPADO,0,28,55,120,1,1
1790178581118,sala01,1408,1790178581118,0,0,OCUPADO,1,28,55,120,1,1
1790178583118,sala01,1409,1790178583118,0,0,OCUPADO,1,28,55,120,1,1
1790178585118,sala01,1410,1790178585118,0,0,OCUPADO,1,28,55,120,1,1
1790178587118,sala01,1411,1790178587118,0,0,OCUPADO,0,28,55,120,1,1
1790178589118,sala01,1412,1790178589118,0,0,OCUPADO,1,28,55,120,1,1
1790178591118,sala01,1413,1790178591118,0,0,OCUPADO,1,28,55,120,1,1
1790178593118,sala01,1414,1790178593118,0,0,OCUPADO,1,28,55,120,1,1
1790178595118,sala01,1415,1790178595118,0,0,OCUPADO,0,28,55,120,1,1
1790178597118,sala01,1416,1790178597118,0,0,OCUPADO,1,28,55,120,1,1
1790178599118,sala01,1417,1790178599118,0,0,OCUPADO,1,28,55,120,1,1
1790178601118,sala01,1418,1790178601118,0,0,OCUPADO,1,28,55,120,1,1
1790178603118,sala01,1419,1790178603118,0,0,OCUPADO,0,28,55,120,1,1
1790178605118,sala01,1420,1790178605118,0,0,OCUPADO,1,28,55,120,1,1
1790178607118,sala01,1421,1790178607118,0,0,OCUPADO,1,28,55,120,1,1
1790178609118,sala01,1422,1790178609118,0,0,OCUPADO,1,28,55,120,1,1
1790178611118,sala01,1423,1790178611118,0,0,OCUPADO,0,28,55,120,1,1
1790178613118,sala01,1424,1790178613118,0,0,OCUPADO,1,28,55,120,1,1
1790178615118,sala01,1425,1790178615118,0,0,OCUPADO,1,28,55,120,1,1
1790178617118,sala01,1426,1790178617118,0,0,OCUPADO,1,28,55,120,1,1
1790178619118,sala01,1427,1790178619118,0,0,OCUPADO,0,28,55,120,1,1
1790178621118,sala01,1428,1790178621118,0,0,OCUPADO,1,28,55,120,1,1
1790178623118,sala01,1429,1790178623118,0,0,OCUPADO,1,28,55,120,1,1
1790178625118,sala01,1430,1790178625118,0,0,OCUPADO,1,28,55,120,1,1
1790178627118,sala01,1431,1790178627118,0,0,OCUPADO,0,28,55,120,1,1
1790178629118,sala01,1432,1790178629118,0,0,OCUPADO,1,28,55,120,1,1
1790178631118,sala01,1433,1790178631118,0,0,OCUPADO,1,28,55,120,1,1
1790178633118,sala01,1434,1790178633118,0,0,OCUPADO,1,28,55,120,1,1
1790178635118,sala01,1435,1790178635118,0,0,OCUPADO,0,28,55,120,1,1
1790178637118,sala01,1436,1790178637118,0,0,OCUPADO,1,28,55,120,1,1
1790178639118,sala01,1437,1790178639118,0,0,OCUPADO,1,28,55,120,1,1
1790178641118,sala01,1438,1790178641118,0,0,OCUPADO,1,28,55,120,1,1
1790178643118,sala01,1439,1790178643118,0,0,OCUPADO,0,28,55,120,1,1
1790178645118,sala01,1440,1790178645118,0,0,OCUPADO,1,28,55,120,1,1
1790178647118,sala01,1441,1790178647118,0,0,OCUPADO,1,28,55,120,1,1
1790178649118,sala01,1442,1790178649118,0,0,OCUPADO,1,28,55,120,1,1
1790178651118,sala01,1443,1790178651118,0,0,OCUPADO,0,28,55,120,1,1
1790178653118,sala01,1444,1790178653118,0,0,OCUPADO,1,28,55,120,1,1
1790178655118,sala01,1445,1790178655118,0,0,OCUPADO,1,28,55,120,1,1
1790178657118,sala01,1446,1790178657118,0,0,OCUPADO,1,28,55,120,1,1
1790178659118,sala01,1447,1790178659118,0,0,OCUPADO,0,28,55,120,1,1
1790178661118,sala01,1448,1790178661118,0,0,OCUPADO,1,28,55,120,1,1
1790178663118,sala01,1449,1790178663118,0,0,OCUPADO,1,28,55,120,1,1
1790178665118,sala01,1450,1790178665118,0,0,OCUPADO,1,28,55,120,1,1
1790178667118,sala01,1451,1790178667118,0,0,OCUPADO,0,28,55,120,1,1
1790178669118,sala01,1452,1790178669118,0,0,OCUPADO,1,28,55,120,1,1
1790178671118,sala01,1453,1790178671118,0,0,OCUPADO,1,28,55,120,1,1
1790178673118,sala01,1454,1790178673118,0,0,OCUPADO,1,28,55,120,1,1
1790178675118,sala01,1455,1790178675118,0,0,OCUPADO,0,28,55,120,1,1
1790178677118,sala01,1456,1790178677118,0,0,OCUPADO,1,28,55,120,1,1
1790178679118,sala01,1457,1790178679118,0,0,OCUPADO,1,28,55,120,1,1
1790178681118,sala01,1458,1790178681118,0,0,OCUPADO,1,28,55,120,1,1
1790178683118,sala01,1459,1790178683118,0,0,OCUPADO,0,28,55,120,1,1
1790178685118,sala01,1460,1790178685118,0,0,OCUPADO,1,28,55,120,1,1
1790178687118,sala01,1461,1790178687118,0,0,OCUPADO,1,28,55,120,1,1
1790178689118,sala01,1462,1790178689118,0,0,OCUPADO,1,28,55,120,1,1
1790178691118,sala01,1463,1790178691118,0,0,OCUPADO,0,28,55,120,1,1
1790178693118,sala01,1464,1790178693118,0,0,OCUPADO,1,28,55,120,1,1
1790178695118,sala01,1465,1790178695118,0,0,OCUPADO,1,28,55,120,1,1
1790178697118,sala01,1466,1790178697118,0,0,OCUPADO,1,28,55,120,1,1
1790178699118,sala01,1467,1790178699118,0,0,OCUPADO,0,28,55,120,1,1
1790178701118,sala01,1468,1790178701118,0,0,OCUPADO,1,28,55,120,1,1
1790178703118,sala01,1469,1790178703118,0,0,OCUPADO,1,28,55,120,1,1
1790178705118,sala01,1470,1790178705118,0,0,OCUPADO,1,28,55,120,1,1
1790178707118,sala01,1471,1790178707118,0,0,OCUPADO,0,28,55,120,1,1
1790178709118,sala01,1472,1790178709118,0,0,OCUPADO,1,28,55,120,1,1
1790178711118,sala01,1473,1790178711118,0,0,OCUPADO,1,28,55,120,1,1
1790178713118,sala01,1474,1790178713118,0,0,OCUPADO,1,28,55,120,1,1
1790178715118,sala01,1475,1790178715118,0,0,OCUPADO,0,28,55,120,1,1
1790178717118,sala01,1476,1790178717118,0,0,OCUPADO,1,28,55,120,1,1
1790178719118,sala01,1477,1790178719118,0,0,OCUPADO,1,28,55,120,1,1
1790178721118,sala01,1478,1790178721118,0,0,OCUPADO,1,28,55,120,1,1
1790178723118,sala01,1479,1790178723118,0,0,OCUPADO,0,28,55,120,1,1
1790178725118,sala01,1480,1790178725118,0,0,OCUPADO,1,28,55,120,1,1
1790178727118,sala01,1481,1790178727118,0,0,OCUPADO,1,28,55,120,1,1
1790178729118,sala01,1482,1790178729118,0,0,OCUPADO,1,28,55,120,1,1
1790178731118,sala01,1483,1790178731118,0,0,OCUPADO,0,28,55,120,1,1
1790178733118,sala01,1484,1790178733118,0,0,OCUPADO,1,28,55,120,1,1
1790178735118,sala01,1485,1790178735118,0,0,OCUPADO,1,28,55,120,1,1
1790178737118,sala01,1486,1790178737118,0,0,OCUPADO,1,28,55,120,1,1
1790178739118,sala01,1487,1790178739118,0,0,OCUPADO,0,28,55,120,1,1
1790178741118,sala01,1488,1790178741118,0,0,OCUPADO,1,28,55,120,1,1
1790178743118,sala01,1489,1790178743118,0,0,OCUPADO,1,28,55,120,1,1
1790178745118,sala01,1490,1790178745118,0,0,OCUPADO,1,28,55,120,1,1
1790178747118,sala01,1491,1790178747118,0,0,OCUPADO,0,28,55,120,1,1
1790178749118,sala01,1492,1790178749118,0,0,OCUPADO,1,28,55,120,1,1
1790178751118,sala01,1493,1790178751118,0,0,OCUPADO,1,28,55,120,1,1
1790178753118,sala01,1494,1790178753118,0,0,OCUPADO,1,28,55,120,1,1
1790178755118,sala01,1495,1790178755118,0,0,OCUPADO,0,28,55,120,1,1
1790178757118,sala01,1496,1790178757118,0,0,OCUPADO,1,28,55,120,1,1
1790178759118,sala01,1497,1790178759118,0,0,OCUPADO,1,28,55,120,1,1
1790178761118,sala01,1498,1790178761118,0,0,OCUPADO,1,28,55,120,1,1
1790178763118,sala01,1499,1790178763118,0,0,OCUPADO,0,28,55,120,1,1
1790178765118,sala01,1500,1790178765118,0,0,OCUPADO,1,28,55,120,1,1
1790178767118,sala01,1501,1790178767118,0,0,OCUPADO,1,28,55,120,1,1
1790178769118,sala01,1502,1790178769118,0,0,OCUPADO,1,28,55,120,1,1
1790178771118,sala01,1503,1790178771118,0,0,OCUPADO,0,28,55,120,1,1
1790178773118,sala01,1504,1790178773118,0,0,OCUPADO,1,28,55,120,1,1
1790178775118,sala01,1505,1790178775118,0,0,OCUPADO,1,28,55,120,1,1
1790178777118,sala01,1506,1790178777118,0,0,OCUPADO,1,28,55,120,1,1
1790178779118,sala01,1507,1790178779118,0,0,OCUPADO,0,28,55,120,1,1
1790178781118,sala01,1508,1790178781118,0,0,OCUPADO,1,28,55,120,1,1
1790178783118,sala01,1509,1790178783118,0,0,OCUPADO,1,28,55,120,1,1
1790178785118,sala01,1510,1790178785118,0,0,OCUPADO,1,28,55,120,1,1
1790178787118,sala01,1511,1790178787118,0,0,OCUPADO,0,28,55,120,1,1
1790178789118,sala01,1512,1790178789118,0,0,OCUPADO,1,28,55,120,1,1
1790178791118,sala01,1513,1790178791118,0,0,OCUPADO,1,28,55,120,1,1
1790178793118,sala01,1514,1790178793118,0,0,OCUPADO,1,28,55,120,1,1
1790178795118,sala01,1515,1790178795118,0,0,OCUPADO,0,28,55,120,1,1
1790178797118,sala01,1516,1790178797118,0,0,OCUPADO,1,28,55,120,1,1
1790178799118,sala01,1517,1790178799118,0,0,OCUPADO,1,28,55,120,1,1
1790178801118,sala01,1518,1790178801118,0,0,OCUPADO,1,28,55,120,1,1
1790178803118,sala01,1519,1790178803118,0,0,OCUPADO,0,28,55,120,1,1
1790178805118,sala01,1520,1790178805118,0,0,OCUPADO,1,28,55,120,1,1
1790178807118,sala01,1521,1790178807118,0,0,OCUPADO,1,28,55,120,1,1
1790178809118,sala01,1522,1790178809118,0,0,OCUPADO,1,28,55,120,1,1
1790178811118,sala01,1523,1790178811118,0,0,OCUPADO,0,28,55,120,1,1
1790178813118,sala01,1524,1790178813118,0,0,OCUPADO,1,28,55,120,1,1
1790178815118,sala01,1525,1790178815118,0,0,OCUPADO,1,28,55,120,1,1
1790178817118,sala01,1526,1790178817118,0,0,OCUPADO,1,28,55,120,1,1
1790178819118,sala01,1527,1790178819118,0,0,OCUPADO,0,28,55,120,1,1
1790178821118,sala01,1528,1790178821118,0,0,OCUPADO,1,28,55,120,1,1
1790178823118,sala01,1529,1790178823118,0,0,OCUPADO,1,28,55,120,1,1
1790178825118,sala01,1530,1790178825118,0,0,OCUPADO,1,28,55,120,1,1
1790178827118,sala01,1531,1790178827118,0,0,OCUPADO,0,28,55,120,1,1
1790178829118,sala01,1532,1790178829118,0,0,OCUPADO,1,28,55,120,1,1
1790178831118,sala01,1533,1790178831118,0,0,OCUPADO,1,28,55,120,1,1
1790178833118,sala01,1534,1790178833118,0,0,OCUPADO,1,28,55,120,1,1
1790178835118,sala01,1535,1790178835118,0,0,OCUPADO,0,28,55,120,1,1
1790178837118,sala01,1536,1790178837118,0,0,OCUPADO,1,28,55,120,1,1
1790178839118,sala01,1537,1790178839118,0,0,OCUPADO,1,28,55,120,1,1
1790178841118,sala01,1538,1790178841118,0,0,OCUPADO,1,28,55,120,1,1
1790178843118,sala01,1539,1790178843118,0,0,OCUPADO,0,28,55,120,1,1
1790178845118,sala01,1540,1790178845118,0,0,OCUPADO,1,28,55,120,1,1
1790178847118,sala01,1541,1790178847118,0,0,OCUPADO,1,28,55,120,1,1
1790178849118,sala01,1542,1790178849118,0,0,OCUPADO,1,28,55,120,1,1
1790178851118,sala01,1543,1790178851118,0,0,OCUPADO,0,28,55,120,1,1
1790178853118,sala01,1544,1790178853118,0,0,OCUPADO,1,28,55,120,1,1
1790178855118,sala01,1545,1790178855118,0,0,OCUPADO,1,28,55,120,1,1
1790178857118,sala01,1546,1790178857118,0,0,OCUPADO,1,28,55,120,1,1
1790178859118,sala01,1547,1790178859118,0,0,OCUPADO,0,28,55,120,1,1
1790178861118,sala01,1548,1790178861118,0,0,OCUPADO,1,28,55,120,1,1
1790178863118,sala01,1549,1790178863118,0,0,OCUPADO,1,28,55,120,1,1
1790178865118,sala01,1550,1790178865118,0,0,OCUPADO,1,28,55,120,1,1
1790178867118,sala01,1551,1790178867118,0,0,OCUPADO,0,28,55,120,1,1
1790178869118,sala01,1552,1790178869118,0,0,OCUPADO,1,28,55,120,1,1
1790178871118,sala01,1553,1790178871118,0,0,OCUPADO,1,28,55,120,1,1
1790178873118,sala01,1554,1790178873118,0,0,OCUPADO,1,28,55,120,1,1
1790178875118,sala01,1555,1790178875118,0,0,OCUPADO,0,28,55,120,1,1
1790178877118,sala01,1556,1790178877118,0,0,OCUPADO,1,28,55,120,1,1
1790178879118,sala01,1557,1790178879118,0,0,OCUPADO,1,28,55,120,1,1
1790178881118,sala01,1558,1790178881118,0,0,OCUPADO,1,28,55,120,1,1
1790178883118,sala01,1559,1790178883118,0,0,OCUPADO,0,28,55,120,1,1
1790178885118,sala01,1560,1790178885118,0,0,OCUPADO,1,28,55,120,1,1
1790178887118,sala01,1561,1790178887118,0,0,OCUPADO,1,28,55,120,1,1
1790178889118,sala01,1562,1790178889118,0,0,OCUPADO,1,28,55,120,1,1
1790178891118,sala01,1563,1790178891118,0,0,OCUPADO,0,28,55,120,1,1
1790178893118,sala01,1564,1790178893118,0,0,OCUPADO,1,28,55,120,1,1
1790178895118,sala01,1565,1790178895118,0,0,OCUPADO,1,28,55,120,1,1
1790178897118,sala01,1566,1790178897118,0,0,OCUPADO,1,28,55,120,1,1
1790178899118,sala01,1567,1790178899118,0,0,OCUPADO,0,28,55,120,1,1
1790178901118,sala01,1568,1790178901118,0,0,OCUPADO,1,28,55,120,1,1
1790178903118,sala01,1569,1790178903118,0,0,OCUPADO,1,28,55,120,1,1
1790178905118,sala01,1570,1790178905118,0,0,OCUPADO,1,28,55,120,1,1
1790178907118,sala01,1571,1790178907118,0,0,OCUPADO,0,28,55,120,1,1
1790178909118,sala01,1572,1790178909118,0,0,OCUPADO,1,28,55,120,1,1
1790178911118,sala01,1573,1790178911118,0,0,OCUPADO,1,28,55,120,1,1
1790178913118,sala01,1574,1790178913118,0,0,OCUPADO,1,28,55,120,1,1
1790178915118,sala01,1575,1790178915118,0,0,OCUPADO,0,28,55,120,1,1
1790178917118,sala01,1576,1790178917118,0,0,OCUPADO,1,28,55,120,1,1
1790178919118,sala01,1577,1790178919118,0,0,OCUPADO,1,28,55,120,1,1
1790178921118,sala01,1578,1790178921118,0,0,OCUPADO,1,28,55,120,1,1
1790178923118,sala01,1579,1790178923118,0,0,OCUPADO,0,28,55,120,1,1
1790178925118,sala01,1580,1790178925118,0,0,OCUPADO,1,28,55,120,1,1
1790178927118,sala01,1581,1790178927118,0,0,OCUPADO,1,28,55,120,1,1
1790178929118,sala01,1582,1790178929118,0,0,OCUPADO,1,28,55,120,1,1
1790178931118,sala01,1583,1790178931118,0,0,OCUPADO,0,28,55,120,1,1
1790178933118,sala01,1584,1790178933118,0,0,OCUPADO,1,28,55,120,1,1
1790178935118,sala01,1585,1790178935118,0,0,OCUPADO,1,28,55,120,1,1
1790178937118,sala01,1586,1790178937118,0,0,OCUPADO,1,28,55,120,1,1
1790178939118,sala01,1587,1790178939118,0,0,OCUPADO,0,28,55,120,1,1
1790178941118,sala01,1588,1790178941118,0,0,OCUPADO,1,28,55,120,1,1
1790178943118,sala01,1589,1790178943118,0,0,OCUPADO,1,28,55,120,1,1
1790178945118,sala01,1590,1790178945118,0,0,OCUPADO,1,28,55,120,1,1
1790178947118,sala01,1591,1790178947118,0,0,OCUPADO,0,28,55,120,1,1
1790178949118,sala01,1592,1790178949118,0,0,OCUPADO,1,28,55,120,1,1
1790178951118,sala01,1593,1790178951118,0,0,OCUPADO,1,28,55,120,1,1
1790178953118,sala01,1594,1790178953118,0,0,OCUPADO,1,28,55,120,1,1
1790178955118,sala01,1595,1790178955118,0,0,OCUPADO,0,28,55,120,1,1
1790178957118,sala01,1596,1790178957118,0,0,OCUPADO,1,28,55,120,1,1
1790178959118,sala01,1597,1790178959118,0,0,OCUPADO,1,28,55,120,1,1
1790178961118,sala01,1598,1790178961118,0,0,OCUPADO,1,28,55,120,1,1
1790178963118,sala01,1599,1790178963118,0,0,OCUPADO,0,28,55,120,1,1
1790178965118,sala01,1600,1790178965118,0,0,OCUPADO,1,28,55,120,1,1
1790178967118,sala01,1601,1790178967118,0,0,OCUPADO,1,28,55,120,1,1
1790178969118,sala01,1602,1790178969118,0,0,OCUPADO,1,28,55,120,1,1
1790178971118,sala01,1603,1790178971118,0,0,OCUPADO,0,28,55,120,1,1
1790178973118,sala01,1604,1790178973118,0,0,OCUPADO,1,28,55,120,1,1
1790178975118,sala01,1605,1790178975118,0,0,OCUPADO,1,28,55,120,1,1
1790178977118,sala01,1606,1790178977118,0,0,OCUPADO,1,28,55,120,1,1
1790178979118,sala01,1607,1790178979118,0,0,OCUPADO,0,28,55,120,1,1
1790178981118,sala01,1608,1790178981118,0,0,OCUPADO,1,28,55,120,1,1
1790178983118,sala01,1609,1790178983118,0,0,OCUPADO,1,28,55,120,1,1
1790178985118,sala01,1610,1790178985118,0,0,OCUPADO,1,28,55,120,1,1
1790178987118,sala01,1611,1790178987118,0,0,OCUPADO,0,28,55,120,1,1
1790178989118,sala01,1612,1790178989118,0,0,OCUPADO,1,28,55,120,1,1
1790178991118,sala01,1613,1790178991118,0,0,OCUPADO,1,28,55,120,1,1
1790178993118,sala01,1614,1790178993118,0,0,OCUPADO,1,28,55,120,1,1
1790178995118,sala01,1615,1790178995118,0,0,OCUPADO,0,28,55,120,1,1
1790178997118,sala01,1616,1790178997118,0,0,OCUPADO,1,28,55,120,1,1
1790178999118,sala01,1617,1790178999118,0,0,OCUPADO,1,28,55,120,1,1
1790179001118,sala01,1618,1790179001118,0,0,OCUPADO,1,28,55,120,1,1
1790179003118,sala01,1619,1790179003118,0,0,OCUPADO,0,28,55,120,1,1
1790179005118,sala01,1620,1790179005118,0,0,OCUPADO,1,28,55,120,1,1
1790179007118,sala01,1621,1790179007118,0,0,OCUPADO,1,28,55,120,1,1
1790179009118,sala01,1622,1790179009118,0,0,OCUPADO,1,28,55,120,1,1
1790179011118,sala01,1623,1790179011118,0,0,OCUPADO,0,28,55,120,1,1
1790179013118,sala01,1624,1790179013118,0,0,OCUPADO,1,28,55,120,1,1
1790179015118,sala01,1625,1790179015118,0,0,OCUPADO,1,28,55,120,1,1
1790179017118,sala01,1626,1790179017118,0,0,OCUPADO,1,28,55,120,1,1
1790179019118,sala01,1627,1790179019118,0,0,OCUPADO,0,28,55,120,1,1
1790179021118,sala01,1628,1790179021118,0,0,OCUPADO,1,28,55,120,1,1
1790179023118,sala01,1629,1790179023118,0,0,OCUPADO,1,28,55,120,1,1
1790179025118,sala01,1630,1790179025118,0,0,OCUPADO,1,28,55,120,1,1
1790179027118,sala01,1631,1790179027118,0,0,OCUPADO,0,28,55,120,1,1
1790179029118,sala01,1632,1790179029118,0,0,OCUPADO,1,28,55,120,1,1
1790179031118,sala01,1633,1790179031118,0,0,OCUPADO,1,28,55,120,1,1
1790179033118,sala01,1634,1790179033118,0,0,OCUPADO,1,28,55,120,1,1
1790179035118,sala01,1635,1790179035118,0,0,OCUPADO,0,28,55,120,1,1
1790179037118,sala01,1636,1790179037118,0,0,OCUPADO,1,28,55,120,1,1
1790179039118,sala01,1637,1790179039118,0,0,OCUPADO,1,28,55,120,1,1
1790179041118,sala01,1638,1790179041118,0,0,OCUPADO,1,28,55,120,1,1
1790179043118,sala01,1639,1790179043118,0,0,OCUPADO,0,28,55,120,1,1
1790179045118,sala01,1640,1790179045118,0,0,OCUPADO,1,28,55,120,1,1
1790179047118,sala01,1641,1790179047118,0,0,OCUPADO,1,28,55,120,1,1
1790179049118,sala01,1642,1790179049118,0,0,OCUPADO,1,28,55,120,1,1
1790179051118,sala01,1643,1790179051118,0,0,OCUPADO,0,28,55,120,1,1
1790179053118,sala01,1644,1790179053118,0,0,OCUPADO,1,28,55,120,1,1
1790179055118,sala01,1645,1790179055118,0,0,OCUPADO,1,28,55,120,1,1
1790179057118,sala01,1646,1790179057118,0,0,OCUPADO,1,28,55,120,1,1
1790179059118,sala01,1647,1790179059118,0,0,OCUPADO,0,28,55,120,1,1
1790179061118,sala01,1648,1790179061118,0,0,OCUPADO,1,28,55,120,1,1
1790179063118,sala01,1649,1790179063118,0,0,OCUPADO,1,28,55,120,1,1
1790179065118,sala01,1650,1790179065118,0,0,OCUPADO,1,28,55,120,1,1
1790179067118,sala01,1651,1790179067118,0,0,OCUPADO,0,28,55,120,1,1
1790179069118,sala01,1652,1790179069118,0,0,OCUPADO,1,28,55,120,1,1
1790179071118,sala01,1653,1790179071118,0,0,OCUPADO,1,28,55,120,1,1
1790179073118,sala01,1654,1790179073118,0,0,OCUPADO,1,28,55,120,1,1
1790179075118,sala01,1655,1790179075118,0,0,OCUPADO,0,28,55,120,1,1
1790179077118,sala01,1656,1790179077118,0,0,OCUPADO,1,28,55,120,1,1
1790179079118,sala01,1657,1790179079118,0,0,OCUPADO,1,28,55,120,1,1
1790179081118,sala01,1658,1790179081118,0,0,OCUPADO,1,28,55,120,1,1
1790179083118,sala01,1659,1790179083118,0,0,OCUPADO,0,28,55,120,1,1
1790179085118,sala01,1660,1790179085118,0,0,OCUPADO,1,28,55,120,1,1
1790179087118,sala01,1661,1790179087118,0,0,OCUPADO,1,28,55,120,1,1
1790179089118,sala01,1662,1790179089118,0,0,OCUPADO,1,28,55,120,1,1
1790179091118,sala01,1663,1790179091118,0,0,OCUPADO,0,28,55,120,1,1
1790179093118,sala01,1664,1790179093118,0,0,OCUPADO,1,28,55,120,1,1
1790179095118,sala01,1665,1790179095118,0,0,OCUPADO,1,28,55,120,1,1
1790179097118,sala01,1666,1790179097118,0,0,OCUPADO,1,28,55,120,1,1
1790179099118,sala01,1667,1790179099118,0,0,OCUPADO,0,28,55,120,1,1
1790179101118,sala01,1668,1790179101118,0,0,OCUPADO,1,28,55,120,1,1
1790179103118,sala01,1669,1790179103118,0,0,OCUPADO,1,28,55,120,1,1
1790179105118,sala01,1670,1790179105118,0,0,OCUPADO,1,28,55,120,1,1
1790179107118,sala01,1671,1790179107118,0,0,OCUPADO,0,28,55,120,1,1
1790179109118,sala01,1672,1790179109118,0,0,OCUPADO,1,28,55,120,1,1
1790179111118,sala01,1673,1790179111118,0,0,OCUPADO,1,28,55,120,1,1
1790179113118,sala01,1674,1790179113118,0,0,OCUPADO,1,28,55,120,1,1
1790179115118,sala01,1675,1790179115118,0,0,OCUPADO,0,28,55,120,1,1
1790179117118,sala01,1676,1790179117118,0,0,OCUPADO,1,28,55,120,1,1
1790179119118,sala01,1677,1790179119118,0,0,OCUPADO,1,28,55,120,1,1
1790179121118,sala01,1678,1790179121118,0,0,OCUPADO,1,28,55,120,1,1
1790179123118,sala01,1679,1790179123118,0,0,OCUPADO,0,28,55,120,1,1
1790179125118,sala01,1680,1790179125118,0,0,OCUPADO,1,28,55,120,1,1
1790179127118,sala01,1681,1790179127118,0,0,OCUPADO,1,28,55,120,1,1
1790179129118,sala01,1682,1790179129118,0,0,OCUPADO,1,28,55,120,1,1
1790179131118,sala01,1683,1790179131118,0,0,OCUPADO,0,28,55,120,1,1
1790179133118,sala01,1684,1790179133118,0,0,OCUPADO,1,28,55,120,1,1
1790179135118,sala01,1685,1790179135118,0,0,OCUPADO,1,28,55,120,1,1
1790179137118,sala01,1686,1790179137118,0,0,OCUPADO,1,28,55,120,1,1
1790179139118,sala01,1687,1790179139118,0,0,OCUPADO,0,28,55,120,1,1
1790179141118,sala01,1688,1790179141118,0,0,OCUPADO,1,28,55,120,1,1
1790179143118,sala01,1689,1790179143118,0,0,OCUPADO,1,28,55,120,1,1
1790179145118,sala01,1690,1790179145118,0,0,OCUPADO,1,28,55,120,1,1
1790179147118,sala01,1691,1790179147118,0,0,OCUPADO,0,28,55,120,1,1
1790179149118,sala01,1692,1790179149118,0,0,OCUPADO,1,28,55,120,1,1
1790179151118,sala01,1693,1790179151118,0,0,OCUPADO,1,28,55,120,1,1
1790179153118,sala01,1694,1790179153118,0,0,OCUPADO,1,28,55,120,1,1
1790179155118,sala01,1695,1790179155118,0,0,OCUPADO,0,28,55,120,1,1
1790179157118,sala01,1696,1790179157118,0,0,OCUPADO,1,28,55,120,1,1
1790179159118,sala01,1697,1790179159118,0,0,OCUPADO,1,28,55,120,1,1
1790179161118,sala01,1698,1790179161118,0,0,OCUPADO,1,28,55,120,1,1
1790179163118,sala01,1699,1790179163118,0,0,OCUPADO,0,28,55,120,1,1
1790179165118,sala01,1700,1790179165118,0,0,OCUPADO,1,28,55,120,1,1
1790179167118,sala01,1701,1790179167118,0,0,OCUPADO,1,28,55,120,1,1
1790179169118,sala01,1702,1790179169118,0,0,OCUPADO,1,28,55,120,1,1
1790179171118,sala01,1703,1790179171118,0,0,OCUPADO,0,28,55,120,1,1
1790179173118,sala01,1704,1790179173118,0,0,OCUPADO,1,28,55,120,1,1
1790179175118,sala01,1705,1790179175118,0,0,OCUPADO,1,28,55,120,1,1
1790179177118,sala01,1706,1790179177118,0,0,OCUPADO,1,28,55,120,1,1
1790179179118,sala01,1707,1790179179118,0,0,OCUPADO,0,28,55,120,1,1
1790179181118,sala01,1708,1790179181118,0,0,OCUPADO,1,28,55,120,1,1
1790179183118,sala01,1709,1790179183118,0,0,OCUPADO,1,28,55,120,1,1
1790179185118,sala01,1710,1790179185118,0,0,OCUPADO,1,28,55,120,1,1
1790179187118,sala01,1711,1790179187118,0,0,OCUPADO,0,28,55,120,1,1
1790179189118,sala01,1712,1790179189118,0,0,OCUPADO,1,28,55,120,1,1
1790179191118,sala01,1713,1790179191118,0,0,OCUPADO,1,28,55,120,1,1
1790179193118,sala01,1714,1790179193118,0,0,OCUPADO,1,28,55,120,1,1
1790179195118,sala01,1715,1790179195118,0,0,OCUPADO,0,28,55,120,1,1
1790179197118,sala01,1716,1790179197118,0,0,OCUPADO,1,28,55,120,1,1
1790179199118,sala01,1717,1790179199118,0,0,OCUPADO,1,28,55,120,1,1
1790179201118,sala01,1718,1790179201118,0,0,OCUPADO,1,28,55,120,1,1
1790179203118,sala01,1719,1790179203118,0,0,OCUPADO,0,28,55,120,1,1
1790179205118,sala01,1720,1790179205118,0,0,OCUPADO,1,28,55,120,1,1
1790179207118,sala01,1721,1790179207118,0,0,OCUPADO,1,28,55,120,1,1
1790179209118,sala01,1722,1790179209118,0,0,OCUPADO,1,28,55,120,1,1
1790179211118,sala01,1723,1790179211118,0,0,OCUPADO,0,28,55,120,1,1
1790179213118,sala01,1724,1790179213118,0,0,OCUPADO,1,28,55,120,1,1
1790179215118,sala01,1725,1790179215118,0,0,OCUPADO,1,28,55,120,1,1
1790179217118,sala01,1726,1790179217118,0,0,OCUPADO,1,28,55,120,1,1
1790179219118,sala01,1727,1790179219118,0,0,OCUPADO,0,28,55,120,1,1
1790179221118,sala01,1728,1790179221118,0,0,OCUPADO,1,28,55,120,1,1
1790179223118,sala01,1729,1790179223118,0,0,OCUPADO,1,28,55,120,1,1
1790179225118,sala01,1730,1790179225118,0,0,OCUPADO,1,28,55,120,1,1
1790179227118,sala01,1731,1790179227118,0,0,OCUPADO,0,28,55,120,1,1
1790179229118,sala01,1732,1790179229118,0,0,OCUPADO,1,28,55,120,1,1
1790179231118,sala01,1733,1790179231118,0,0,OCUPADO,1,28,55,120,1,1
1790179233118,sala01,1734,1790179233118,0,0,OCUPADO,1,28,55,120,1,1
1790179235118,sala01,1735,1790179235118,0,0,OCUPADO,0,28,55,120,1,1
1790179237118,sala01,1736,1790179237118,0,0,OCUPADO,1,28,55,120,1,1
1790179239118,sala01,1737,1790179239118,0,0,OCUPADO,1,28,55,120,1,1
1790179241118,sala01,1738,1790179241118,0,0,OCUPADO,1,28,55,120,1,1
1790179243118,sala01,1739,1790179243118,0,0,OCUPADO,0,28,55,120,1,1
1790179245118,sala01,1740,1790179245118,0,0,OCUPADO,1,28,55,120,1,1
1790179247118,sala01,1741,1790179247118,0,0,OCUPADO,1,28,55,120,1,1
1790179249118,sala01,1742,1790179249118,0,0,OCUPADO,1,28,55,120,1,1
1790179251118,sala01,1743,1790179251118,0,0,OCUPADO,0,28,55,120,1,1
1790179253118,sala01,1744,1790179253118,0,0,OCUPADO,1,28,55,120,1,1
1790179255118,sala01,1745,1790179255118,0,0,OCUPADO,1,28,55,120,1,1
1790179257118,sala01,1746,1790179257118,0,0,OCUPADO,1,28,55,120,1,1
1790179259118,sala01,1747,1790179259118,0,0,OCUPADO,0,28,55,120,1,1
1790179261118,sala01,1748,1790179261118,0,0,OCUPADO,1,28,55,120,1,1
1790179263118,sala01,1749,1790179263118,0,0,OCUPADO,1,28,55,120,1,1
1790179265118,sala01,1750,1790179265118,0,0,OCUPADO,1,28,55,120,1,1
1790179267118,sala01,1751,1790179267118,0,0,OCUPADO,0,28,55,120,1,1
1790179269118,sala01,1752,1790179269118,0,0,OCUPADO,1,28,55,120,1,1
1790179271118,sala01,1753,1790179271118,0,0,OCUPADO,1,28,55,120,1,1
1790179273118,sala01,1754,1790179273118,0,0,OCUPADO,1,28,55,120,1,1
1790179275118,sala01,1755,1790179275118,0,0,OCUPADO,0,28,55,120,1,1
1790179277118,sala01,1756,1790179277118,0,0,OCUPADO,1,28,55,120,1,1
1790179279118,sala01,1757,1790179279118,0,0,OCUPADO,1,28,55,120,1,1
1790179281118,sala01,1758,1790179281118,0,0,OCUPADO,1,28,55,120,1,1
1790179283118,sala01,1759,1790179283118,0,0,OCUPADO,0,28,55,120,1,1
1790179285118,sala01,1760,1790179285118,0,0,OCUPADO,1,28,55,120,1,1
1790179287118,sala01,1761,1790179287118,0,0,OCUPADO,1,28,55,120,1,1
1790179289118,sala01,1762,1790179289118,0,0,OCUPADO,1,28,55,120,1,1
1790179291118,sala01,1763,1790179291118,0,0,OCUPADO,0,28,55,120,1,1
1790179293118,sala01,1764,1790179293118,0,0,OCUPADO,1,28,55,120,1,1
1790179295118,sala01,1765,1790179295118,0,0,OCUPADO,1,28,55,120,1,1
1790179297118,sala01,1766,1790179297118,0,0,OCUPADO,1,28,55,120,1,1
1790179299118,sala01,1767,1790179299118,0,0,OCUPADO,0,28,55,120,1,1
1790179301118,sala01,1768,1790179301118,0,0,OCUPADO,1,28,55,120,1,1
1790179303118,sala01,1769,1790179303118,0,0,OCUPADO,1,28,55,120,1,1
1790179305118,sala01,1770,1790179305118,0,0,OCUPADO,1,28,55,120,1,1
1790179307118,sala01,1771,1790179307118,0,0,OCUPADO,0,28,55,120,1,1
1790179309118,sala01,1772,1790179309118,0,0,OCUPADO,1,28,55,120,1,1
1790179311118,sala01,1773,1790179311118,0,0,OCUPADO,1,28,55,120,1,1
1790179313118,sala01,1774,1790179313118,0,0,OCUPADO,1,28,55,120,1,1
1790179315118,sala01,1775,1790179315118,0,0,OCUPADO,0,28,55,120,1,1
1790179317118,sala01,1776,1790179317118,0,0,OCUPADO,1,28,55,120,1,1
1790179319118,sala01,1777,1790179319118,0,0,OCUPADO,1,28,55,120,1,1
1790179321118,sala01,1778,1790179321118,0,0,OCUPADO,1,28,55,120,1,1
1790179323118,sala01,1779,1790179323118,0,0,OCUPADO,0,28,55,120,1,1
1790179325118,sala01,1780,1790179325118,0,0,OCUPADO,1,28,55,120,1,1
1790179327118,sala01,1781,1790179327118,0,0,OCUPADO,1,28,55,120,1,1
1790179329118,sala01,1782,1790179329118,0,0,OCUPADO,1,28,55,120,1,1
1790179331118,sala01,1783,1790179331118,0,0,OCUPADO,0,28,55,120,1,1
1790179333118,sala01,1784,1790179333118,0,0,OCUPADO,1,28,55,120,1,1
1790179335118,sala01,1785,1790179335118,0,0,OCUPADO,1,28,55,120,1,1
1790179337118,sala01,1786,1790179337118,0,0,OCUPADO,1,28,55,120,1,1
1790179339118,sala01,1787,1790179339118,0,0,OCUPADO,0,28,55,120,1,1
1790179341118,sala01,1788,1790179341118,0,0,OCUPADO,1,28,55,120,1,1
1790179343118,sala01,1789,1790179343118,0,0,OCUPADO,1,28,55,120,1,1
1790179345118,sala01,1790,1790179345118,0,0,OCUPADO,1,28,55,120,1,1
1790179347118,sala01,1791,1790179347118,0,0,OCUPADO,0,28,55,120,1,1
1790179349118,sala01,1792,1790179349118,0,0,OCUPADO,1,28,55,120,1,1
1790179351118,sala01,1793,1790179351118,0,0,OCUPADO,1,28,55,120,1,1
1790179353118,sala01,1794,1790179353118,0,0,OCUPADO,1,28,55,120,1,1
1790179355118,sala01,1795,1790179355118,0,0,OCUPADO,0,28,55,120,1,1
1790179357118,sala01,1796,1790179357118,0,0,OCUPADO,1,28,55,120,1,1
1790179359118,sala01,1797,1790179359118,0,0,OCUPADO,1,28,55,120,1,1
1790179361118,sala01,1798,1790179361118,0,0,OCUPADO,1,28,55,120,1,1
1790179363118,sala01,1799,1790179363118,0,0,OCUPADO,0,28,55,120,1,1
1790179365118,sala01,1800,1790179365118,0,0,OCUPADO,0,28,55,120,1,1
1790179367118,sala01,1801,1790179367118,0,0,OCUPADO,0,28,55,120,1,1
1790179369118,sala01,1802,1790179369118,0,0,OCUPADO,0,28,55,120,1,1
1790179371118,sala01,1803,1790179371118,0,0,OCUPADO,0,28,55,120,1,1
1790179373118,sala01,1804,1790179373118,0,0,OCUPADO,0,28,55,120,1,1
1790179375118,sala01,1805,1790179375118,0,0,OCUPADO,0,28,55,120,1,1
1790179377118,sala01,1806,1790179377118,0,0,OCUPADO,0,28,55,120,1,1
1790179379118,sala01,1807,1790179379118,0,0,OCUPADO,0,28,55,120,1,1
1790179381118,sala01,1808,1790179381118,0,0,OCUPADO,0,28,55,120,1,1
1790179383118,sala01,1809,1790179383118,0,0,OCUPADO,0,28,55,120,1,1
1790179385118,sala01,1810,1790179385118,0,0,OCUPADO,0,28,55,120,1,1
1790179387118,sala01,1811,1790179387118,0,0,OCUPADO,0,28,55,120,1,1
1790179389118,sala01,1812,1790179389118,0,0,OCUPADO,0,28,55,120,1,1
1790179391118,sala01,1813,1790179391118,0,0,OCUPADO,0,28,55,120,1,1
1790179392118,sala01,1814,1790179392118,0,0,DESOCUPADO,0,28,55,120,0,0
1790179394118,sala01,1815,1790179394118,0,0,DESOCUPADO,0,28,55,120,0,0
1790179396118,sala01,1816,1790179396118,0,0,DESOCUPADO,0,28,55,120,0,0
1790179398118,sala01,1817,1790179398118,0,0,DESOCUPADO,0,28,55,120,0,0
1790179400118,sala01,1818,1790179400118,0,0,DESOCUPADO,0,28,55,120,0,0
1790179402118,sala01,1819,1790179402118,0,0,DESOCUPADO,0,28,55,120,0,0
1790179404118,sala01,1820,1790179404118,0,0,DESOCUPADO,0,28,55,120,0,0
1790179406118,sala01,1821,1790179406118,0,0,DESOCUPADO,0,28,55,120,0,0
1790179408118,sala01,1822,1790179408118,0,0,DESOCUPADO,0,28,55,120,0,0
1790179410118,sala01,1823,1790179410118,0,0,DESOCUPADO,0,28,55,120,0,0
1790179412118,sala01,1824,1790179412118,0,0,DESOCUPADO,0,28,55,120,0,0
1790179414118,sala01,1825,1790179414118,0,0,DESOCUPADO,0,28,55,120,0,0
1790179416118,sala01,1826,1790179416118,0,0,DESOCUPADO,0,28,55,120,0,0
1790179418118,sala01,1827,1790179418118,0,0,DESOCUPADO,0,28,55,120,0,0
1790179420118,sala01,1828,1790179420118,0,0,DESOCUPADO,0,28,55,120,0,0
1790179422118,sala01,1829,1790179422118,0,0,DESOCUPADO,0,28,55,120,0,0
1790179424118,sala01,1830,1790179424118,0,0,DESOCUPADO,0,28,55,120,0,0
1790179426118,sala01,1831,1790179426118,0,0,DESOCUPADO,0,28,55,120,0,0
1790179428118,sala01,1832,1790179428118,0,0,DESOCUPADO,0,28,55,120,0,0
1790179430118,sala01,1833,1790179430118,0,0,DESOCUPADO,0,28,55,120,0,0
1790179432118,sala01,1834,1790179432118,0,0,DESOCUPADO,0,28,55,120,0,0
1790179434118,sala01,1835,1790179434118,0,0,DESOCUPADO,0,28,55,120,0,0
1790179436118,sala01,1836,1790179436118,0,0,DESOCUPADO,0,28,55,120,0,0
1790179438118,sala01,1837,1790179438118,0,0,DESOCUPADO,0,28,55,120,0,0
1790179440118,sala01,1838,1790179440118,0,0,DESOCUPADO,0,28,55,120,0,0
1790179442118,sala01,1839,1790179442118,0,0,DESOCUPADO,0,28,55,120,0,0
1790179444118,sala01,1840,1790179444118,0,0,DESOCUPADO,0,28,55,120,0,0
1790179446118,sala01,1841,1790179446118,0,0,DESOCUPADO,0,28,55,120,0,0
1790179448118,sala01,1842,1790179448118,0,0,DESOCUPADO,0,28,55,120,0,0
1790179450118,sala01,1843,1790179450118,0,0,DESOCUPADO,0,28,55,120,0,0
1790179452118,sala01,1844,1790179452118,0,0,DESOCUPADO,0,28,55,120,0,0
1790179454118,sala01,1845,1790179454118,0,0,DESOCUPADO,0,28,55,120,0,0
1790179456118,sala01,1846,1790179456118,0,0,DESOCUPADO,0,28,55,120,0,0
1790179458118,sala01,1847,1790179458118,0,0,DESOCUPADO,0,28,55,120,0,0
1790179460118,sala01,1848,1790179460118,0,0,DESOCUPADO,0,28,55,120,0,0
1790179462118,sala01,1849,1790179462118,0,0,DESOCUPADO,0,28,55,120,0,0
1790179464118,sala01,1850,1790179464118,0,0,DESOCUPADO,0,28,55,120,0,0
1790179466118,sala01,1851,1790179466118,0,0,DESOCUPADO,0,28,55,120,0,0
1790179468118,sala01,1852,1790179468118,0,0,DESOCUPADO,0,28,55,120,0,0
1790179470118,sala01,1853,1790179470118,0,0,DESOCUPADO,0,28,55,120,0,0
1790179472118,sala01,1854,1790179472118,0,0,DESOCUPADO,0,28,55,120,0,0
1790179474118,sala01,1855,1790179474118,0,0,DESOCUPADO,0,28,55,120,0,0
1790179476118,sala01,1856,1790179476118,0,0,DESOCUPADO,0,28,55,120,0,0
1790179478118,sala01,1857,1790179478118,0,0,DESOCUPADO,0,28,55,120,0,0
1790179480118,sala01,1858,1790179480118,0,0,DESOCUPADO,0,28,55,120,0,0
1790179482118,sala01,1859,1790179482118,0,0,DESOCUPADO,0,28,55,120,0,0
1790179484118,sala01,1860,1790179484118,0,0,DESOCUPADO,0,28,55,120,0,0
1790179486118,sala01,1861,1790179486118,0,0,DESOCUPADO,0,28,55,120,0,0
1790179488118,sala01,1862,1790179488118,0,0,DESOCUPADO,0,28,55,120,0,0
1790179490118,sala01,1863,1790179490118,0,0,DESOCUPADO,0,28,55,120,0,0
1790179492118,sala01,1864,1790179492118,0,0,DESOCUPADO,0,28,55,120,0,0
1790179494118,sala01,1865,1790179494118,0,0,DESOCUPADO,0,28,55,120,0,0
1790179496118,sala01,1866,1790179496118,0,0,DESOCUPADO,0,28,55,120,0,0
1790179498118,sala01,1867,1790179498118,0,0,DESOCUPADO,0,28,55,120,0,0
1790179500118,sala01,1868,1790179500118,0,0,DESOCUPADO,0,28,55,120,0,0
1790179502118,sala01,1869,1790179502118,0,0,DESOCUPADO,0,28,55,120,0,0
1790179504118,sala01,1870,1790179504118,0,0,DESOCUPADO,0,28,55,120,0,0
1790179506118,sala01,1871,1790179506118,0,0,DESOCUPADO,0,28,55,120,0,0
1790179508118,sala01,1872,1790179508118,0,0,DESOCUPADO,0,28,55,120,0,0
1790179510118,sala01,1873,1790179510118,0,0,DESOCUPADO,0,28,55,120,0,0
1790179512118,sala01,1874,1790179512118,0,0,DESOCUPADO,0,28,55,120,0,0
1790179514118,sala01,1875,1790179514118,0,0,DESOCUPADO,0,28,55,120,0,0
1790179516118,sala01,1876,1790179516118,0,0,DESOCUPADO,0,28,55,120,0,0
1790179518118,sala01,1877,1790179518118,0,0,DESOCUPADO,0,28,55,120,0,0
1790179520118,sala01,1878,1790179520118,0,0,DESOCUPADO,0,28,55,120,0,0
1790179522118,sala01,1879,1790179522118,0,0,DESOCUPADO,0,28,55,120,0,0
1790179524118,sala01,1880,1790179524118,0,0,DESOCUPADO,0,28,55,120,0,0
1790179526118,sala01,1881,1790179526118,0,0,DESOCUPADO,0,28,55,120,0,0
1790179528118,sala01,1882,1790179528118,0,0,DESOCUPADO,0,28,55,120,0,0
1790179530118,sala01,1883,1790179530118,0,0,DESOCUPADO,0,28,55,120,0,0
1790179532118,sala01,1884,1790179532118,0,0,DESOCUPADO,0,28,55,120,0,0
1790179534118,sala01,1885,1790179534118,0,0,DESOCUPADO,0,28,55,120,0,0
1790179536118,sala01,1886,1790179536118,0,0,DESOCUPADO,0,28,55,120,0,0
1790179538118,sala01,1887,1790179538118,0,0,DESOCUPADO,0,28,55,120,0,0
1790179540118,sala01,1888,1790179540118,0,0,DESOCUPADO,0,28,55,120,0,0
1790179542118,sala01,1889,1790179542118,0,0,DESOCUPADO,0,28,55,120,0,0
1790179544118,sala01,1890,1790179544118,0,0,DESOCUPADO,0,28,55,120,0,0
1790179546118,sala01,1891,1790179546118,0,0,DESOCUPADO,0,28,55,120,0,0
1790179548118,sala01,1892,1790179548118,0,0,DESOCUPADO,0,28,55,120,0,0
1790179550118,sala01,1893,1790179550118,0,0,DESOCUPADO,0,28,55,120,0,0
1790179552118,sala01,1894,1790179552118,0,0,DESOCUPADO,0,28,55,120,0,0
1790179554118,sala01,1895,1790179554118,0,0,DESOCUPADO,0,28,55,120,0,0
1790179556118,sala01,1896,1790179556118,0,0,DESOCUPADO,0,28,55,120,0,0
1790179558118,sala01,1897,1790179558118,0,0,DESOCUPADO,0,28,55,120,0,0
1790179560118,sala01,1898,1790179560118,0,0,DESOCUPADO,0,28,55,120,0,0
1790179562118,sala01,1899,1790179562118,0,0,DESOCUPADO,0,28,55,120,0,0
1790179564118,sala01,1900,1790179564118,0,0,DESOCUPADO,0,28,55,120,0,0
1790179566118,sala01,1901,1790179566118,0,0,DESOCUPADO,0,28,55,120,0,0
1790179568118,sala01,1902,1790179568118,0,0,DESOCUPADO,0,28,55,120,0,0
1790179570118,sala01,1903,1790179570118,0,0,DESOCUPADO,0,28,55,120,0,0
1790179572118,sala01,1904,1790179572118,0,0,DESOCUPADO,0,28,55,120,0,0
1790179574118,sala01,1905,1790179574118,0,0,DESOCUPADO,0,28,55,120,0,0
1790179576118,sala01,1906,1790179576118,0,0,DESOCUPADO,0,28,55,120,0,0
1790179578118,sala01,1907,1790179578118,0,0,DESOCUPADO,0,28,55,120,0,0
1790179580118,sala01,1908,1790179580118,0,0,DESOCUPADO,0,28,55,120,0,0
1790179582118,sala01,1909,1790179582118,0,0,DESOCUPADO,0,28,55,120,0,0
1790179584118,sala01,1910,1790179584118,0,0,DESOCUPADO,0,28,55,120,0,0
1790179586118,sala01,1911,1790179586118,0,0,DESOCUPADO,0,28,55,120,0,0
1790179588118,sala01,1912,1790179588118,0,0,DESOCUPADO,0,28,55,120,0,0
1790179590118,sala01,1913,1790179590118,0,0,DESOCUPADO,0,28,55,120,0,0
1790179592118,sala01,1914,1790179592118,0,0,DESOCUPADO,0,28,55,120,0,0
1790179594118,sala01,1915,1790179594118,0,0,DESOCUPADO,0,28,55,120,0,0
1790179596118,sala01,1916,1790179596118,0,0,DESOCUPADO,0,28,55,120,0,0
1790179598118,sala01,1917,1790179598118,0,0,DESOCUPADO,0,28,55,120,0,0
1790179600118,sala01,1918,1790179600118,0,0,DESOCUPADO,0,28,55,120,0,0
1790179602118,sala01,1919,1790179602118,0,0,DESOCUPADO,0,28,55,120,0,0
1790179604118,sala01,1920,1790179604118,0,0,DESOCUPADO,0,28,55,120,0,0
1790179606118,sala01,1921,1790179606118,0,0,DESOCUPADO,0,28,55,120,0,0
1790179608118,sala01,1922,1790179608118,0,0,DESOCUPADO,0,28,55,120,0,0
1790179610118,sala01,1923,1790179610118,0,0,DESOCUPADO,0,28,55,120,0,0
1790179612118,sala01,1924,1790179612118,0,0,DESOCUPADO,0,28,55,120,0,0
1790179614118,sala01,1925,1790179614118,0,0,DESOCUPADO,0,28,55,120,0,0
1790179616118,sala01,1926,1790179616118,0,0,DESOCUPADO,0,28,55,120,0,0
1790179618118,sala01,1927,1790179618118,0,0,DESOCUPADO,0,28,55,120,0,0
1790179620118,sala01,1928,1790179620118,0,0,DESOCUPADO,0,28,55,120,0,0
1790179622118,sala01,1929,1790179622118,0,0,DESOCUPADO,0,28,55,120,0,0
1790179624118,sala01,1930,1790179624118,0,0,DESOCUPADO,0,28,55,120,0,0
1790179626118,sala01,1931,1790179626118,0,0,DESOCUPADO,0,28,55,120,0,0
1790179628118,sala01,1932,1790179628118,0,0,DESOCUPADO,0,28,55,120,0,0
1790179630118,sala01,1933,1790179630118,0,0,DESOCUPADO,0,28,55,120,0,0
1790179632118,sala01,1934,1790179632118,0,0,DESOCUPADO,0,28,55,120,0,0
1790179634118,sala01,1935,1790179634118,0,0,DESOCUPADO,0,28,55,120,0,0
1790179636118,sala01,1936,1790179636118,0,0,DESOCUPADO,0,28,55,120,0,0
1790179638118,sala01,1937,1790179638118,0,0,DESOCUPADO,0,28,55,120,0,0
1790179640118,sala01,1938,1790179640118,0,0,DESOCUPADO,0,28,55,120,0,0
1790179642118,sala01,1939,1790179642118,0,0,DESOCUPADO,0,28,55,120,0,0
1790179644118,sala01,1940,1790179644118,0,0,DESOCUPADO,0,28,55,120,0,0
1790179646118,sala01,1941,1790179646118,0,0,DESOCUPADO,0,28,55,120,0,0
1790179648118,sala01,1942,1790179648118,0,0,DESOCUPADO,0,28,55,120,0,0
1790179650118,sala01,1943,1790179650118,0,0,DESOCUPADO,0,28,55,120,0,0
1790179652118,sala01,1944,1790179652118,0,0,DESOCUPADO,0,28,55,120,0,0
1790179654118,sala01,1945,1790179654118,0,0,DESOCUPADO,0,28,55,120,0,0
1790179656118,sala01,1946,1790179656118,0,0,DESOCUPADO,0,28,55,120,0,0
1790179658118,sala01,1947,1790179658118,0,0,DESOCUPADO,0,28,55,120,0,0
1790179660118,sala01,1948,1790179660118,0,0,DESOCUPADO,0,28,55,120,0,0
1790179662118,sala01,1949,1790179662118,0,0,DESOCUPADO,0,28,55,120,0,0
1790179664118,sala01,1950,1790179664118,0,0,DESOCUPADO,0,28,55,120,0,0
1790179666118,sala01,1951,1790179666118,0,0,DESOCUPADO,0,28,55,120,0,0
1790179668118,sala01,1952,1790179668118,0,0,DESOCUPADO,0,28,55,120,0,0
1790179669118,sala01,1953,1790179669118,0,0,OCUPADO,1,28,55,120,1,1
1790179671118,sala01,1954,1790179671118,0,0,OCUPADO,1,28,55,120,1,1
1790179673118,sala01,1955,1790179673118,0,0,OCUPADO,1,28,55,120,1,1
1790179675118,sala01,1956,1790179675118,0,0,OCUPADO,0,28,55,120,1,1
1790179677118,sala01,1957,1790179677118,0,0,OCUPADO,1,28,55,120,1,1
1790179679118,sala01,1958,1790179679118,0,0,OCUPADO,1,28,55,120,1,1
1790179681118,sala01,1959,1790179681118,0,0,OCUPADO,1,28,55,120,1,1
1790179683118,sala01,1960,1790179683118,0,0,OCUPADO,0,28,55,120,1,1
1790179685118,sala01,1961,1790179685118,0,0,OCUPADO,1,28,55,120,1,1
1790179687118,sala01,1962,1790179687118,0,0,OCUPADO,1,28,55,120,1,1
1790179689118,sala01,1963,1790179689118,0,0,OCUPADO,1,28,55,120,1,1
1790179691118,sala01,1964,1790179691118,0,0,OCUPADO,0,28,55,120,1,1
1790179693118,sala01,1965,1790179693118,0,0,OCUPADO,1,28,55,120,1,1
1790179695118,sala01,1966,1790179695118,0,0,OCUPADO,1,28,55,120,1,1
1790179697118,sala01,1967,1790179697118,0,0,OCUPADO,1,28,55,120,1,1
1790179699118,sala01,1968,1790179699118,0,0,OCUPADO,0,28,55,120,1,1
1790179701118,sala01,1969,1790179701118,0,0,OCUPADO,1,28,55,120,1,1
1790179703118,sala01,1970,1790179703118,0,0,OCUPADO,1,28,55,120,1,1
1790179705118,sala01,1971,1790179705118,0,0,OCUPADO,1,28,55,120,1,1
1790179707118,sala01,1972,1790179707118,0,0,OCUPADO,0,28,55,120,1,1
1790179709118,sala01,1973,1790179709118,0,0,OCUPADO,1,28,55,120,1,1
1790179711118,sala01,1974,1790179711118,0,0,OCUPADO,1,28,55,120,1,1
1790179713118,sala01,1975,1790179713118,0,0,OCUPADO,1,28,55,120,1,1
1790179715118,sala01,1976,1790179715118,0,0,OCUPADO,0,28,55,120,1,1
1790179717118,sala01,1977,1790179717118,0,0,OCUPADO,1,28,55,120,1,1
1790179719118,sala01,1978,1790179719118,0,0,OCUPADO,1,28,55,120,1,1
1790179721118,sala01,1979,1790179721118,0,0,OCUPADO,1,28,55,120,1,1
1790179723118,sala01,1980,1790179723118,0,0,OCUPADO,0,28,55,120,1,1
1790179725118,sala01,1981,1790179725118,0,0,OCUPADO,1,28,55,120,1,1
1790179727118,sala01,1982,1790179727118,0,0,OCUPADO,1,28,55,120,1,1
1790179729118,sala01,1983,1790179729118,0,0,OCUPADO,1,28,55,120,1,1
1790179731118,sala01,1984,1790179731118,0,0,OCUPADO,0,28,55,120,1,1
1790179733118,sala01,1985,1790179733118,0,0,OCUPADO,1,28,55,120,1,1
1790179735118,sala01,1986,1790179735118,0,0,OCUPADO,1,28,55,120,1,1
1790179737118,sala01,1987,1790179737118,0,0,OCUPADO,1,28,55,120,1,1
1790179739118,sala01,1988,1790179739118,0,0,OCUPADO,0,28,55,120,1,1
1790179741118,sala01,1989,1790179741118,0,0,OCUPADO,1,28,55,120,1,1
1790179743118,sala01,1990,1790179743118,0,0,OCUPADO,1,28,55,120,1,1
1790179745118,sala01,1991,1790179745118,0,0,OCUPADO,1,28,55,120,1,1
1790179747118,sala01,1992,1790179747118,0,0,OCUPADO,0,28,55,120,1,1
1790179749118,sala01,1993,1790179749118,0,0,OCUPADO,1,28,55,120,1,1
1790179751118,sala01,1994,1790179751118,0,0,OCUPADO,1,28,55,120,1,1
1790179753118,sala01,1995,1790179753118,0,0,OCUPADO,1,28,55,120,1,1
1790179755118,sala01,1996,1790179755118,0,0,OCUPADO,0,28,55,120,1,1
1790179757118,sala01,1997,1790179757118,0,0,OCUPADO,1,28,55,120,1,1
1790179759118,sala01,1998,1790179759118,0,0,OCUPADO,1,28,55,120,1,1
1790179761118,sala01,1999,1790179761118,0,0,OCUPADO,1,28,55,120,1,1
1790179763118,sala01,2000,1790179763118,0,0,OCUPADO,0,28,55,120,1,1
1790179765118,sala01,2001,1790179765118,0,0,OCUPADO,1,28,55,120,1,1
1790179767118,sala01,2002,1790179767118,0,0,OCUPADO,1,28,55,120,1,1
1790179769118,sala01,2003,1790179769118,0,0,OCUPADO,1,28,55,120,1,1
1790179771118,sala01,2004,1790179771118,0,0,OCUPADO,0,28,55,120,1,1
1790179773118,sala01,2005,1790179773118,0,0,OCUPADO,1,28,55,120,1,1
1790179775118,sala01,2006,1790179775118,0,0,OCUPADO,1,28,55,120,1,1
1790179777118,sala01,2007,1790179777118,0,0,OCUPADO,1,28,55,120,1,1
1790179779118,sala01,2008,1790179779118,0,0,OCUPADO,0,28,55,120,1,1
1790179781118,sala01,2009,1790179781118,0,0,OCUPADO,1,28,55,120,1,1
1790179783118,sala01,2010,1790179783118,0,0,OCUPADO,1,28,55,120,1,1
1790179785118,sala01,2011,1790179785118,0,0,OCUPADO,1,28,55,120,1,1
1790179787118,sala01,2012,1790179787118,0,0,OCUPADO,0,28,55,120,1,1
1790179789118,sala01,2013,1790179789118,0,0,OCUPADO,1,28,55,120,1,1
1790179791118,sala01,2014,1790179791118,0,0,OCUPADO,1,28,55,120,1,1
1790179793118,sala01,2015,1790179793118,0,0,OCUPADO,1,28,55,120,1,1
1790179795118,sala01,2016,1790179795118,0,0,OCUPADO,0,28,55,120,1,1
1790179797118,sala01,2017,1790179797118,0,0,OCUPADO,1,28,55,120,1,1
1790179799118,sala01,2018,1790179799118,0,0,OCUPADO,1,28,55,120,1,1
1790179801118,sala01,2019,1790179801118,0,0,OCUPADO,1,28,55,120,1,1
1790179803118,sala01,2020,1790179803118,0,0,OCUPADO,0,28,55,120,1,1
1790179805118,sala01,2021,1790179805118,0,0,OCUPADO,1,28,55,120,1,1
1790179807118,sala01,2022,1790179807118,0,0,OCUPADO,1,28,55,120,1,1
1790179809118,sala01,2023,1790179809118,0,0,OCUPADO,1,28,55,120,1,1
1790179811118,sala01,2024,1790179811118,0,0,OCUPADO,0,28,55,120,1,1
1790179813118,sala01,2025,1790179813118,0,0,OCUPADO,1,28,55,120,1,1
1790179815118,sala01,2026,1790179815118,0,0,OCUPADO,1,28,55,120,1,1
1790179817118,sala01,2027,1790179817118,0,0,OCUPADO,1,28,55,120,1,1
1790179819118,sala01,2028,1790179819118,0,0,OCUPADO,0,28,55,120,1,1
1790179821118,sala01,2029,1790179821118,0,0,OCUPADO,1,28,55,120,1,1
1790179823118,sala01,2030,1790179823118,0,0,OCUPADO,1,28,55,120,1,1
1790179825118,sala01,2031,1790179825118,0,0,OCUPADO,1,28,55,120,1,1
1790179827118,sala01,2032,1790179827118,0,0,OCUPADO,0,28,55,120,1,1
1790179829118,sala01,2033,1790179829118,0,0,OCUPADO,1,28,55,120,1,1
1790179831118,sala01,2034,1790179831118,0,0,OCUPADO,1,28,55,120,1,1
1790179833118,sala01,2035,1790179833118,0,0,OCUPADO,1,28,55,120,1,1
1790179835118,sala01,2036,1790179835118,0,0,OCUPADO,0,28,55,120,1,1
1790179837118,sala01,2037,1790179837118,0,0,OCUPADO,1,28,55,120,1,1
1790179839118,sala01,2038,1790179839118,0,0,OCUPADO,1,28,55,120,1,1
1790179841118,sala01,2039,1790179841118,0,0,OCUPADO,1,28,55,120,1,1
1790179843118,sala01,2040,1790179843118,0,0,OCUPADO,0,28,55,120,1,1
1790179845118,sala01,2041,1790179845118,0,0,OCUPADO,1,28,55,120,1,1
1790179847118,sala01,2042,1790179847118,0,0,OCUPADO,1,28,55,120,1,1
1790179849118,sala01,2043,1790179849118,0,0,OCUPADO,1,28,55,120,1,1
1790179851118,sala01,2044,1790179851118,0,0,OCUPADO,0,28,55,120,1,1
1790179853118,sala01,2045,1790179853118,0,0,OCUPADO,1,28,55,120,1,1
1790179855118,sala01,2046,1790179855118,0,0,OCUPADO,1,28,55,120,1,1
1790179857118,sala01,2047,1790179857118,0,0,OCUPADO,1,28,55,120,1,1
1790179859118,sala01,2048,1790179859118,0,0,OCUPADO,0,28,55,120,1,1
1790179861118,sala01,2049,1790179861118,0,0,OCUPADO,1,28,55,120,1,1
1790179863118,sala01,2050,1790179863118,0,0,OCUPADO,1,28,55,120,1,1
1790179865118,sala01,2051,1790179865118,0,0,OCUPADO,1,28,55,120,1,1
1790179867118,sala01,2052,1790179867118,0,0,OCUPADO,0,28,55,120,1,1
1790179869118,sala01,2053,1790179869118,0,0,OCUPADO,1,28,55,120,1,1
1790179871118,sala01,2054,1790179871118,0,0,OCUPADO,1,28,55,120,1,1
1790179873118,sala01,2055,1790179873118,0,0,OCUPADO,1,28,55,120,1,1
1790179875118,sala01,2056,1790179875118,0,0,OCUPADO,0,28,55,120,1,1
1790179877118,sala01,2057,1790179877118,0,0,OCUPADO,1,28,55,120,1,1
1790179879118,sala01,2058,1790179879118,0,0,OCUPADO,1,28,55,120,1,1
1790179881118,sala01,2059,1790179881118,0,0,OCUPADO,1,28,55,120,1,1
1790179883118,sala01,2060,1790179883118,0,0,OCUPADO,0,28,55,120,1,1
1790179885118,sala01,2061,1790179885118,0,0,OCUPADO,1,28,55,120,1,1
1790179887118,sala01,2062,1790179887118,0,0,OCUPADO,1,28,55,120,1,1
1790179889118,sala01,2063,1790179889118,0,0,OCUPADO,1,28,55,120,1,1
1790179891118,sala01,2064,1790179891118,0,0,OCUPADO,0,28,55,120,1,1
1790179893118,sala01,2065,1790179893118,0,0,OCUPADO,1,28,55,120,1,1
1790179895118,sala01,2066,1790179895118,0,0,OCUPADO,1,28,55,120,1,1
1790179897118,sala01,2067,1790179897118,0,0,OCUPADO,1,28,55,120,1,1
1790179899118,sala01,2068,1790179899118,0,0,OCUPADO,0,28,55,120,1,1
1790179901118,sala01,2069,1790179901118,0,0,OCUPADO,1,28,55,120,1,1
1790179903118,sala01,2070,1790179903118,0,0,OCUPADO,1,28,55,120,1,1
1790179905118,sala01,2071,1790179905118,0,0,OCUPADO,1,28,55,120,1,1
1790179907118,sala01,2072,1790179907118,0,0,OCUPADO,0,28,55,120,1,1
1790179909118,sala01,2073,1790179909118,0,0,OCUPADO,1,28,55,120,1,1
1790179911118,sala01,2074,1790179911118,0,0,OCUPADO,1,28,55,120,1,1
1790179913118,sala01,2075,1790179913118,0,0,OCUPADO,1,28,55,120,1,1
1790179915118,sala01,2076,1790179915118,0,0,OCUPADO,0,28,55,120,1,1
1790179917118,sala01,2077,1790179917118,0,0,OCUPADO,1,28,55,120,1,1
1790179919118,sala01,2078,1790179919118,0,0,OCUPADO,1,28,55,120,1,1
1790179921118,sala01,2079,1790179921118,0,0,OCUPADO,1,28,55,120,1,1
1790179923118,sala01,2080,1790179923118,0,0,OCUPADO,0,28,55,120,1,1
1790179925118,sala01,2081,1790179925118,0,0,OCUPADO,1,28,55,120,1,1
1790179927118,sala01,2082,1790179927118,0,0,OCUPADO,1,28,55,120,1,1
1790179929118,sala01,2083,1790179929118,0,0,OCUPADO,1,28,55,120,1,1
1790179931118,sala01,2084,1790179931118,0,0,OCUPADO,0,28,55,120,1,1
1790179933118,sala01,2085,1790179933118,0,0,OCUPADO,1,28,55,120,1,1
1790179935118,sala01,2086,1790179935118,0,0,OCUPADO,1,28,55,120,1,1
1790179937118,sala01,2087,1790179937118,0,0,OCUPADO,1,28,55,120,1,1
1790179939118,sala01,2088,1790179939118,0,0,OCUPADO,0,28,55,120,1,1
1790179941118,sala01,2089,1790179941118,0,0,OCUPADO,1,28,55,120,1,1
1790179943118,sala01,2090,1790179943118,0,0,OCUPADO,1,28,55,120,1,1
1790179945118,sala01,2091,1790179945118,0,0,OCUPADO,1,28,55,120,1,1
1790179947118,sala01,2092,1790179947118,0,0,OCUPADO,0,28,55,120,1,1
1790179949118,sala01,2093,1790179949118,0,0,OCUPADO,1,28,55,120,1,1
1790179951118,sala01,2094,1790179951118,0,0,OCUPADO,1,28,55,120,1,1
1790179953118,sala01,2095,1790179953118,0,0,OCUPADO,1,28,55,120,1,1
1790179955118,sala01,2096,1790179955118,0,0,OCUPADO,0,28,55,120,1,1
1790179957118,sala01,2097,1790179957118,0,0,OCUPADO,1,28,55,120,1,1
1790179959118,sala01,2098,1790179959118,0,0,OCUPADO,1,28,55,120,1,1
1790179961118,sala01,2099,1790179961118,0,0,OCUPADO,1,28,55,120,1,1
1790179963118,sala01,2100,1790179963118,0,0,OCUPADO,0,28,55,120,1,1
1790179965118,sala01,2101,1790179965118,0,0,OCUPADO,1,28,55,120,1,1
1790179967118,sala01,2102,1790179967118,0,0,OCUPADO,1,28,55,120,1,1
1790179969118,sala01,2103,1790179969118,0,0,OCUPADO,1,28,55,120,1,1
1790179971118,sala01,2104,1790179971118,0,0,OCUPADO,0,28,55,120,1,1
1790179973118,sala01,2105,1790179973118,0,0,OCUPADO,1,28,55,120,1,1
1790179975118,sala01,2106,1790179975118,0,0,OCUPADO,1,28,55,120,1,1
1790179977118,sala01,2107,1790179977118,0,0,OCUPADO,1,28,55,120,1,1
1790179979118,sala01,2108,1790179979118,0,0,OCUPADO,0,28,55,120,1,1
1790179981118,sala01,2109,1790179981118,0,0,OCUPADO,1,28,55,120,1,1
1790179983118,sala01,2110,1790179983118,0,0,OCUPADO,1,28,55,120,1,1
1790179985118,sala01,2111,1790179985118,0,0,OCUPADO,1,28,55,120,1,1
1790179987118,sala01,2112,1790179987118,0,0,OCUPADO,0,28,55,120,1,1
1790179989118,sala01,2113,1790179989118,0,0,OCUPADO,1,28,55,120,1,1
1790179991118,sala01,2114,1790179991118,0,0,OCUPADO,1,28,55,120,1,1
1790179993118,sala01,2115,1790179993118,0,0,OCUPADO,1,28,55,120,1,1
1790179995118,sala01,2116,1790179995118,0,0,OCUPADO,0,28,55,120,1,1
1790179997118,sala01,2117,1790179997118,0,0,OCUPADO,1,28,55,120,1,1
1790179999118,sala01,2118,1790179999118,0,0,OCUPADO,1,28,55,120,1,1
1790180001118,sala01,2119,1790180001118,0,0,OCUPADO,1,28,55,120,1,1
1790180003118,sala01,2120,1790180003118,0,0,OCUPADO,0,28,55,120,1,1
1790180005118,sala01,2121,1790180005118,0,0,OCUPADO,1,28,55,120,1,1
1790180007118,sala01,2122,1790180007118,0,0,OCUPADO,1,28,55,120,1,1
1790180009118,sala01,2123,1790180009118,0,0,OCUPADO,1,28,55,120,1,1
1790180011118,sala01,2124,1790180011118,0,0,OCUPADO,0,28,55,120,1,1
1790180013118,sala01,2125,1790180013118,0,0,OCUPADO,1,28,55,120,1,1
1790180015118,sala01,2126,1790180015118,0,0,OCUPADO,1,28,55,120,1,1
1790180017118,sala01,2127,1790180017118,0,0,OCUPADO,1,28,55,120,1,1
1790180019118,sala01,2128,1790180019118,0,0,OCUPADO,0,28,55,120,1,1
1790180021118,sala01,2129,1790180021118,0,0,OCUPADO,1,28,55,120,1,1
1790180023118,sala01,2130,1790180023118,0,0,OCUPADO,1,28,55,120,1,1
1790180025118,sala01,2131,1790180025118,0,0,OCUPADO,1,28,55,120,1,1
1790180027118,sala01,2132,1790180027118,0,0,OCUPADO,0,28,55,120,1,1
1790180029118,sala01,2133,1790180029118,0,0,OCUPADO,1,28,55,120,1,1
1790180031118,sala01,2134,1790180031118,0,0,OCUPADO,1,28,55,120,1,1
1790180033118,sala01,2135,1790180033118,0,0,OCUPADO,1,28,55,120,1,1
1790180035118,sala01,2136,1790180035118,0,0,OCUPADO,0,28,55,120,1,1
1790180037118,sala01,2137,1790180037118,0,0,OCUPADO,1,28,55,120,1,1
1790180039118,sala01,2138,1790180039118,0,0,OCUPADO,1,28,55,120,1,1
1790180041118,sala01,2139,1790180041118,0,0,OCUPADO,1,28,55,120,1,1
1790180043118,sala01,2140,1790180043118,0,0,OCUPADO,0,28,55,120,1,1
1790180045118,sala01,2141,1790180045118,0,0,OCUPADO,1,28,55,120,1,1
1790180047118,sala01,2142,1790180047118,0,0,OCUPADO,1,28,55,120,1,1
1790180049118,sala01,2143,1790180049118,0,0,OCUPADO,1,28,55,120,1,1
1790180051118,sala01,2144,1790180051118,0,0,OCUPADO,0,28,55,120,1,1
1790180053118,sala01,2145,1790180053118,0,0,OCUPADO,1,28,55,120,1,1
1790180055118,sala01,2146,1790180055118,0,0,OCUPADO,1,28,55,120,1,1
1790180057118,sala01,2147,1790180057118,0,0,OCUPADO,1,28,55,120,1,1
1790180059118,sala01,2148,1790180059118,0,0,OCUPADO,0,28,55,120,1,1
1790180061118,sala01,2149,1790180061118,0,0,OCUPADO,1,28,55,120,1,1
1790180063118,sala01,2150,1790180063118,0,0,OCUPADO,1,28,55,120,1,1
1790180065118,sala01,2151,1790180065118,0,0,OCUPADO,1,28,55,120,1,1
1790180067118,sala01,2152,1790180067118,0,0,OCUPADO,0,28,55,120,1,1
1790180069118,sala01,2153,1790180069118,0,0,OCUPADO,1,28,55,120,1,1
1790180071118,sala01,2154,1790180071118,0,0,OCUPADO,1,28,55,120,1,1
1790180073118,sala01,2155,1790180073118,0,0,OCUPADO,1,28,55,120,1,1
1790180075118,sala01,2156,1790180075118,0,0,OCUPADO,0,28,55,120,1,1
1790180077118,sala01,2157,1790180077118,0,0,OCUPADO,1,28,55,120,1,1
1790180079118,sala01,2158,1790180079118,0,0,OCUPADO,1,28,55,120,1,1
1790180081118,sala01,2159,1790180081118,0,0,OCUPADO,1,28,55,120,1,1
1790180083118,sala01,2160,1790180083118,0,0,OCUPADO,0,28,55,120,1,1
1790180085118,sala01,2161,1790180085118,0,0,OCUPADO,1,28,55,120,1,1
1790180087118,sala01,2162,1790180087118,0,0,OCUPADO,1,28,55,120,1,1
1790180089118,sala01,2163,1790180089118,0,0,OCUPADO,1,28,55,120,1,1
1790180091118,sala01,2164,1790180091118,0,0,OCUPADO,0,28,55,120,1,1
1790180093118,sala01,2165,1790180093118,0,0,OCUPADO,1,28,55,120,1,1
1790180095118,sala01,2166,1790180095118,0,0,OCUPADO,1,28,55,120,1,1
1790180097118,sala01,2167,1790180097118,0,0,OCUPADO,1,28,55,120,1,1
1790180099118,sala01,2168,1790180099118,0,0,OCUPADO,0,28,55,120,1,1
1790180101118,sala01,2169,1790180101118,0,0,OCUPADO,1,28,55,120,1,1
1790180103118,sala01,2170,1790180103118,0,0,OCUPADO,1,28,55,120,1,1
1790180105118,sala01,2171,1790180105118,0,0,OCUPADO,1,28,55,120,1,1
1790180107118,sala01,2172,1790180107118,0,0,OCUPADO,0,28,55,120,1,1
1790180109118,sala01,2173,1790180109118,0,0,OCUPADO,1,28,55,120,1,1
1790180111118,sala01,2174,1790180111118,0,0,OCUPADO,1,28,55,120,1,1
1790180113118,sala01,2175,1790180113118,0,0,OCUPADO,1,28,55,120,1,1
1790180115118,sala01,2176,1790180115118,0,0,OCUPADO,0,28,55,120,1,1
1790180117118,sala01,2177,1790180117118,0,0,OCUPADO,1,28,55,120,1,1
1790180119118,sala01,2178,1790180119118,0,0,OCUPADO,1,28,55,120,1,1
1790180121118,sala01,2179,1790180121118,0,0,OCUPADO,1,28,55,120,1,1
1790180123118,sala01,2180,1790180123118,0,0,OCUPADO,0,28,55,120,1,1
1790180125118,sala01,2181,1790180125118,0,0,OCUPADO,1,28,55,120,1,1
1790180127118,sala01,2182,1790180127118,0,0,OCUPADO,1,28,55,120,1,1
1790180129118,sala01,2183,1790180129118,0,0,OCUPADO,1,28,55,120,1,1
1790180131118,sala01,2184,1790180131118,0,0,OCUPADO,0,28,55,120,1,1
1790180133118,sala01,2185,1790180133118,0,0,OCUPADO,1,28,55,120,1,1
1790180135118,sala01,2186,1790180135118,0,0,OCUPADO,1,28,55,120,1,1
1790180137118,sala01,2187,1790180137118,0,0,OCUPADO,1,28,55,120,1,1
1790180139118,sala01,2188,1790180139118,0,0,OCUPADO,0,28,55,120,1,1
1790180141118,sala01,2189,1790180141118,0,0,OCUPADO,1,28,55,120,1,1
1790180143118,sala01,2190,1790180143118,0,0,OCUPADO,1,28,55,120,1,1
1790180145118,sala01,2191,1790180145118,0,0,OCUPADO,1,28,55,120,1,1
1790180147118,sala01,2192,1790180147118,0,0,OCUPADO,0,28,55,120,1,1
1790180149118,sala01,2193,1790180149118,0,0,OCUPADO,1,28,55,120,1,1
1790180151118,sala01,2194,1790180151118,0,0,OCUPADO,1,28,55,120,1,1
1790180153118,sala01,2195,1790180153118,0,0,OCUPADO,1,28,55,120,1,1
1790180155118,sala01,2196,1790180155118,0,0,OCUPADO,0,28,55,120,1,1
1790180157118,sala01,2197,1790180157118,0,0,OCUPADO,1,28,55,120,1,1
1790180159118,sala01,2198,1790180159118,0,0,OCUPADO,1,28,55,120,1,1
1790180161118,sala01,2199,1790180161118,0,0,OCUPADO,1,28,55,120,1,1
1790180163118,sala01,2200,1790180163118,0,0,OCUPADO,0,28,55,120,1,1
1790180165118,sala01,2201,1790180165118,0,0,OCUPADO,1,28,55,120,1,1
1790180167118,sala01,2202,1790180167118,0,0,OCUPADO,1,28,55,120,1,1
1790180169118,sala01,2203,1790180169118,0,0,OCUPADO,1,28,55,120,1,1
1790180171118,sala01,2204,1790180171118,0,0,OCUPADO,0,28,55,120,1,1
1790180173118,sala01,2205,1790180173118,0,0,OCUPADO,1,28,55,120,1,1
1790180175118,sala01,2206,1790180175118,0,0,OCUPADO,1,28,55,120,1,1
1790180177118,sala01,2207,1790180177118,0,0,OCUPADO,1,28,55,120,1,1
1790180179118,sala01,2208,1790180179118,0,0,OCUPADO,0,28,55,120,1,1
1790180181118,sala01,2209,1790180181118,0,0,OCUPADO,1,28,55,120,1,1
1790180183118,sala01,2210,1790180183118,0,0,OCUPADO,1,28,55,120,1,1
1790180185118,sala01,2211,1790180185118,0,0,OCUPADO,1,28,55,120,1,1
1790180187118,sala01,2212,1790180187118,0,0,OCUPADO,0,28,55,120,1,1
1790180189118,sala01,2213,1790180189118,0,0,OCUPADO,1,28,55,120,1,1
1790180191118,sala01,2214,1790180191118,0,0,OCUPADO,1,28,55,120,1,1
1790180193118,sala01,2215,1790180193118,0,0,OCUPADO,1,28,55,120,1,1
1790180195118,sala01,2216,1790180195118,0,0,OCUPADO,0,28,55,120,1,1
1790180197118,sala01,2217,1790180197118,0,0,OCUPADO,1,28,55,120,1,1
1790180199118,sala01,2218,1790180199118,0,0,OCUPADO,1,28,55,120,1,1
1790180201118,sala01,2219,1790180201118,0,0,OCUPADO,1,28,55,120,1,1
1790180203118,sala01,2220,1790180203118,0,0,OCUPADO,0,28,55,120,1,1
1790180205118,sala01,2221,1790180205118,0,0,OCUPADO,1,28,55,120,1,1
1790180207118,sala01,2222,1790180207118,0,0,OCUPADO,1,28,55,120,1,1
1790180209118,sala01,2223,1790180209118,0,0,OCUPADO,1,28,55,120,1,1
1790180211118,sala01,2224,1790180211118,0,0,OCUPADO,0,28,55,120,1,1
1790180213118,sala01,2225,1790180213118,0,0,OCUPADO,1,28,55,120,1,1
1790180215118,sala01,2226,1790180215118,0,0,OCUPADO,1,28,55,120,1,1
1790180217118,sala01,2227,1790180217118,0,0,OCUPADO,1,28,55,120,1,1
1790180219118,sala01,2228,1790180219118,0,0,OCUPADO,0,28,55,120,1,1
1790180221118,sala01,2229,1790180221118,0,0,OCUPADO,1,28,55,120,1,1
1790180223118,sala01,2230,1790180223118,0,0,OCUPADO,1,28,55,120,1,1
1790180225118,sala01,2231,1790180225118,0,0,OCUPADO,1,28,55,120,1,1
1790180227118,sala01,2232,1790180227118,0,0,OCUPADO,0,28,55,120,1,1
1790180229118,sala01,2233,1790180229118,0,0,OCUPADO,1,28,55,120,1,1
1790180231118,sala01,2234,1790180231118,0,0,OCUPADO,1,28,55,120,1,1
1790180233118,sala01,2235,1790180233118,0,0,OCUPADO,1,28,55,120,1,1
1790180235118,sala01,2236,1790180235118,0,0,OCUPADO,0,28,55,120,1,1
1790180237118,sala01,2237,1790180237118,0,0,OCUPADO,1,28,55,120,1,1
1790180239118,sala01,2238,1790180239118,0,0,OCUPADO,1,28,55,120,1,1
1790180241118,sala01,2239,1790180241118,0,0,OCUPADO,1,28,55,120,1,1
1790180243118,sala01,2240,1790180243118,0,0,OCUPADO,0,28,55,120,1,1
1790180245118,sala01,2241,1790180245118,0,0,OCUPADO,1,28,55,120,1,1
1790180247118,sala01,2242,1790180247118,0,0,OCUPADO,1,28,55,120,1,1
1790180249118,sala01,2243,1790180249118,0,0,OCUPADO,1,28,55,120,1,1
1790180251118,sala01,2244,1790180251118,0,0,OCUPADO,0,28,55,120,1,1
1790180253118,sala01,2245,1790180253118,0,0,OCUPADO,1,28,55,120,1,1
1790180255118,sala01,2246,1790180255118,0,0,OCUPADO,1,28,55,120,1,1
1790180257118,sala01,2247,1790180257118,0,0,OCUPADO,1,28,55,120,1,1
1790180259118,sala01,2248,1790180259118,0,0,OCUPADO,0,28,55,120,1,1
1790180261118,sala01,2249,1790180261118,0,0,OCUPADO,1,28,55,120,1,1
1790180263118,sala01,2250,1790180263118,0,0,OCUPADO,1,28,55,120,1,1
1790180265118,sala01,2251,1790180265118,0,0,OCUPADO,1,28,55,120,1,1
1790180267118,sala01,2252,1790180267118,0,0,OCUPADO,0,28,55,120,1,1
1790180269118,sala01,2253,1790180269118,0,0,OCUPADO,1,28,55,120,1,1
1790180271118,sala01,2254,1790180271118,0,0,OCUPADO,1,28,55,120,1,1
1790180273118,sala01,2255,1790180273118,0,0,OCUPADO,1,28,55,120,1,1
1790180275118,sala01,2256,1790180275118,0,0,OCUPADO,0,28,55,120,1,1
1790180277118,sala01,2257,1790180277118,0,0,OCUPADO,1,28,55,120,1,1
1790180279118,sala01,2258,1790180279118,0,0,OCUPADO,1,28,55,120,1,1
1790180281118,sala01,2259,1790180281118,0,0,OCUPADO,1,28,55,120,1,1
1790180283118,sala01,2260,1790180283118,0,0,OCUPADO,0,28,55,120,1,1
1790180285118,sala01,2261,1790180285118,0,0,OCUPADO,1,28,55,120,1,1
1790180287118,sala01,2262,1790180287118,0,0,OCUPADO,1,28,55,120,1,1
1790180289118,sala01,2263,1790180289118,0,0,OCUPADO,1,28,55,120,1,1
1790180291118,sala01,2264,1790180291118,0,0,OCUPADO,0,28,55,120,1,1
1790180293118,sala01,2265,1790180293118,0,0,OCUPADO,1,28,55,120,1,1
1790180295118,sala01,2266,1790180295118,0,0,OCUPADO,1,28,55,120,1,1
1790180297118,sala01,2267,1790180297118,0,0,OCUPADO,1,28,55,120,1,1
1790180299118,sala01,2268,1790180299118,0,0,OCUPADO,0,28,55,120,1,1
1790180301118,sala01,2269,1790180301118,0,0,OCUPADO,1,28,55,120,1,1
1790180303118,sala01,2270,1790180303118,0,0,OCUPADO,1,28,55,120,1,1
1790180305118,sala01,2271,1790180305118,0,0,OCUPADO,1,28,55,120,1,1
1790180307118,sala01,2272,1790180307118,0,0,OCUPADO,0,28,55,120,1,1
1790180309118,sala01,2273,1790180309118,0,0,OCUPADO,1,28,55,120,1,1
1790180311118,sala01,2274,1790180311118,0,0,OCUPADO,1,28,55,120,1,1
1790180313118,sala01,2275,1790180313118,0,0,OCUPADO,1,28,55,120,1,1
1790180315118,sala01,2276,1790180315118,0,0,OCUPADO,0,28,55,120,1,1
1790180317118,sala01,2277,1790180317118,0,0,OCUPADO,1,28,55,120,1,1
1790180319118,sala01,2278,1790180319118,0,0,OCUPADO,1,28,55,120,1,1
1790180321118,sala01,2279,1790180321118,0,0,OCUPADO,1,28,55,120,1,1
1790180323118,sala01,2280,1790180323118,0,0,OCUPADO,0,28,55,120,1,1
1790180325118,sala01,2281,1790180325118,0,0,OCUPADO,1,28,55,120,1,1
1790180327118,sala01,2282,1790180327118,0,0,OCUPADO,1,28,55,120,1,1
1790180329118,sala01,2283,1790180329118,0,0,OCUPADO,1,28,55,120,1,1
1790180331118,sala01,2284,1790180331118,0,0,OCUPADO,0,28,55,120,1,1
1790180333118,sala01,2285,1790180333118,0,0,OCUPADO,1,28,55,120,1,1
1790180335118,sala01,2286,1790180335118,0,0,OCUPADO,1,28,55,120,1,1
1790180337118,sala01,2287,1790180337118,0,0,OCUPADO,1,28,55,120,1,1
1790180339118,sala01,2288,1790180339118,0,0,OCUPADO,0,28,55,120,1,1
1790180341118,sala01,2289,1790180341118,0,0,OCUPADO,1,28,55,120,1,1
1790180343118,sala01,2290,1790180343118,0,0,OCUPADO,1,28,55,120,1,1
1790180345118,sala01,2291,1790180345118,0,0,OCUPADO,1,28,55,120,1,1
1790180347118,sala01,2292,1790180347118,0,0,OCUPADO,0,28,55,120,1,1
1790180349118,sala01,2293,1790180349118,0,0,OCUPADO,1,28,55,120,1,1
1790180351118,sala01,2294,1790180351118,0,0,OCUPADO,1,28,55,120,1,1
1790180353118,sala01,2295,1790180353118,0,0,OCUPADO,1,28,55,120,1,1
1790180355118,sala01,2296,1790180355118,0,0,OCUPADO,0,28,55,120,1,1
1790180357118,sala01,2297,1790180357118,0,0,OCUPADO,1,28,55,120,1,1
1790180359118,sala01,2298,1790180359118,0,0,OCUPADO,1,28,55,120,1,1
1790180361118,sala01,2299,1790180361118,0,0,OCUPADO,1,28,55,120,1,1
1790180363118,sala01,2300,1790180363118,0,0,OCUPADO,0,28,55,120,1,1
1790180365118,sala01,2301,1790180365118,0,0,OCUPADO,1,28,55,120,1,1
1790180367118,sala01,2302,1790180367118,0,0,OCUPADO,1,28,55,120,1,1
1790180369118,sala01,2303,1790180369118,0,0,OCUPADO,1,28,55,120,1,1
1790180371118,sala01,2304,1790180371118,0,0,OCUPADO,0,28,55,120,1,1
1790180373118,sala01,2305,1790180373118,0,0,OCUPADO,1,28,55,120,1,1
1790180375118,sala01,2306,1790180375118,0,0,OCUPADO,1,28,55,120,1,1
1790180377118,sala01,2307,1790180377118,0,0,OCUPADO,1,28,55,120,1,1
1790180379118,sala01,2308,1790180379118,0,0,OCUPADO,0,28,55,120,1,1
1790180381118,sala01,2309,1790180381118,0,0,OCUPADO,1,28,55,120,1,1
1790180383118,sala01,2310,1790180383118,0,0,OCUPADO,1,28,55,120,1,1
1790180385118,sala01,2311,1790180385118,0,0,OCUPADO,1,28,55,120,1,1
1790180387118,sala01,2312,1790180387118,0,0,OCUPADO,0,28,55,120,1,1
1790180389118,sala01,2313,1790180389118,0,0,OCUPADO,1,28,55,120,1,1
1790180391118,sala01,2314,1790180391118,0,0,OCUPADO,1,28,55,120,1,1
1790180393118,sala01,2315,1790180393118,0,0,OCUPADO,1,28,55,120,1,1
1790180395118,sala01,2316,1790180395118,0,0,OCUPADO,0,28,55,120,1,1
1790180397118,sala01,2317,1790180397118,0,0,OCUPADO,1,28,55,120,1,1
1790180399118,sala01,2318,1790180399118,0,0,OCUPADO,1,28,55,120,1,1
1790180401118,sala01,2319,1790180401118,0,0,OCUPADO,1,28,55,120,1,1
1790180403118,sala01,2320,1790180403118,0,0,OCUPADO,0,28,55,120,1,1
1790180405118,sala01,2321,1790180405118,0,0,OCUPADO,1,28,55,120,1,1
1790180407118,sala01,2322,1790180407118,0,0,OCUPADO,1,28,55,120,1,1
1790180409118,sala01,2323,1790180409118,0,0,OCUPADO,1,28,55,120,1,1
1790180411118,sala01,2324,1790180411118,0,0,OCUPADO,0,28,55,120,1,1
1790180413118,sala01,2325,1790180413118,0,0,OCUPADO,1,28,55,120,1,1
1790180415118,sala01,2326,1790180415118,0,0,OCUPADO,1,28,55,120,1,1
1790180417118,sala01,2327,1790180417118,0,0,OCUPADO,1,28,55,120,1,1
1790180419118,sala01,2328,1790180419118,0,0,OCUPADO,0,28,55,120,1,1
1790180421118,sala01,2329,1790180421118,0,0,OCUPADO,1,28,55,120,1,1
1790180423118,sala01,2330,1790180423118,0,0,OCUPADO,1,28,55,120,1,1
1790180425118,sala01,2331,1790180425118,0,0,OCUPADO,1,28,55,120,1,1
1790180427118,sala01,2332,1790180427118,0,0,OCUPADO,0,28,55,120,1,1
1790180429118,sala01,2333,1790180429118,0,0,OCUPADO,1,28,55,120,1,1
1790180431118,sala01,2334,1790180431118,0,0,OCUPADO,1,28,55,120,1,1
1790180433118,sala01,2335,1790180433118,0,0,OCUPADO,1,28,55,120,1,1
1790180435118,sala01,2336,1790180435118,0,0,OCUPADO,0,28,55,120,1,1
1790180437118,sala01,2337,1790180437118,0,0,OCUPADO,1,28,55,120,1,1
1790180439118,sala01,2338,1790180439118,0,0,OCUPADO,1,28,55,120,1,1
1790180441118,sala01,2339,1790180441118,0,0,OCUPADO,1,28,55,120,1,1
1790180443118,sala01,2340,1790180443118,0,0,OCUPADO,0,28,55,120,1,1
1790180445118,sala01,2341,1790180445118,0,0,OCUPADO,1,28,55,120,1,1
1790180447118,sala01,2342,1790180447118,0,0,OCUPADO,1,28,55,120,1,1
1790180449118,sala01,2343,1790180449118,0,0,OCUPADO,1,28,55,120,1,1
1790180451118,sala01,2344,1790180451118,0,0,OCUPADO,0,28,55,120,1,1
1790180453118,sala01,2345,1790180453118,0,0,OCUPADO,1,28,55,120,1,1
1790180455118,sala01,2346,1790180455118,0,0,OCUPADO,1,28,55,120,1,1
1790180457118,sala01,2347,1790180457118,0,0,OCUPADO,1,28,55,120,1,1
1790180459118,sala01,2348,1790180459118,0,0,OCUPADO,0,28,55,120,1,1
1790180461118,sala01,2349,1790180461118,0,0,OCUPADO,1,28,55,120,1,1
1790180463118,sala01,2350,1790180463118,0,0,OCUPADO,1,28,55,120,1,1
1790180465118,sala01,2351,1790180465118,0,0,OCUPADO,1,28,55,120,1,1
1790180467118,sala01,2352,1790180467118,0,0,OCUPADO,0,28,55,120,1,1
1790180469118,sala01,2353,1790180469118,0,0,OCUPADO,1,28,55,120,1,1
1790180471118,sala01,2354,1790180471118,0,0,OCUPADO,1,28,55,120,1,1
1790180473118,sala01,2355,1790180473118,0,0,OCUPADO,1,28,55,120,1,1
1790180475118,sala01,2356,1790180475118,0,0,OCUPADO,0,28,55,120,1,1
1790180477118,sala01,2357,1790180477118,0,0,OCUPADO,1,28,55,120,1,1
1790180479118,sala01,2358,1790180479118,0,0,OCUPADO,1,28,55,120,1,1
1790180481118,sala01,2359,1790180481118,0,0,OCUPADO,1,28,55,120,1,1
1790180483118,sala01,2360,1790180483118,0,0,OCUPADO,0,28,55,120,1,1
1790180485118,sala01,2361,1790180485118,0,0,OCUPADO,1,28,55,120,1,1
1790180487118,sala01,2362,1790180487118,0,0,OCUPADO,1,28,55,120,1,1
1790180489118,sala01,2363,1790180489118,0,0,OCUPADO,1,28,55,120,1,1
1790180491118,sala01,2364,1790180491118,0,0,OCUPADO,0,28,55,120,1,1
1790180493118,sala01,2365,1790180493118,0,0,OCUPADO,1,28,55,120,1,1
1790180495118,sala01,2366,1790180495118,0,0,OCUPADO,1,28,55,120,1,1
1790180497118,sala01,2367,1790180497118,0,0,OCUPADO,1,28,55,120,1,1
1790180499118,sala01,2368,1790180499118,0,0,OCUPADO,0,28,55,120,1,1
1790180501118,sala01,2369,1790180501118,0,0,OCUPADO,1,28,55,120,1,1
1790180503118,sala01,2370,1790180503118,0,0,OCUPADO,1,28,55,120,1,1
1790180505118,sala01,2371,1790180505118,0,0,OCUPADO,1,28,55,120,1,1
1790180507118,sala01,2372,1790180507118,0,0,OCUPADO,0,28,55,120,1,1
1790180509118,sala01,2373,1790180509118,0,0,OCUPADO,1,28,55,120,1,1
1790180511118,sala01,2374,1790180511118,0,0,OCUPADO,1,28,55,120,1,1
1790180513118,sala01,2375,1790180513118,0,0,OCUPADO,1,28,55,120,1,1
1790180515118,sala01,2376,1790180515118,0,0,OCUPADO,0,28,55,120,1,1
1790180517118,sala01,2377,1790180517118,0,0,OCUPADO,1,28,55,120,1,1
1790180519118,sala01,2378,1790180519118,0,0,OCUPADO,1,28,55,120,1,1
1790180521118,sala01,2379,1790180521118,0,0,OCUPADO,1,28,55,120,1,1
1790180523118,sala01,2380,1790180523118,0,0,OCUPADO,0,28,55,120,1,1
1790180525118,sala01,2381,1790180525118,0,0,OCUPADO,1,28,55,120,1,1
1790180527118,sala01,2382,1790180527118,0,0,OCUPADO,1,28,55,120,1,1
1790180529118,sala01,2383,1790180529118,0,0,OCUPADO,1,28,55,120,1,1
1790180531118,sala01,2384,1790180531118,0,0,OCUPADO,0,28,55,120,1,1
1790180533118,sala01,2385,1790180533118,0,0,OCUPADO,1,28,55,120,1,1
1790180535118,sala01,2386,1790180535118,0,0,OCUPADO,1,28,55,120,1,1
1790180537118,sala01,2387,1790180537118,0,0,OCUPADO,1,28,55,120,1,1
1790180539118,sala01,2388,1790180539118,0,0,OCUPADO,0,28,55,120,1,1
1790180541118,sala01,2389,1790180541118,0,0,OCUPADO,1,28,55,120,1,1
1790180543118,sala01,2390,1790180543118,0,0,OCUPADO,1,28,55,120,1,1
1790180545118,sala01,2391,1790180545118,0,0,OCUPADO,1,28,55,120,1,1
1790180547118,sala01,2392,1790180547118,0,0,OCUPADO,0,28,55,120,1,1
1790180549118,sala01,2393,1790180549118,0,0,OCUPADO,1,28,55,120,1,1
1790180551118,sala01,2394,1790180551118,0,0,OCUPADO,1,28,55,120,1,1
1790180553118,sala01,2395,1790180553118,0,0,OCUPADO,1,28,55,120,1,1
1790180555118,sala01,2396,1790180555118,0,0,OCUPADO,0,28,55,120,1,1
1790180557118,sala01,2397,1790180557118,0,0,OCUPADO,1,28,55,120,1,1
1790180559118,sala01,2398,1790180559118,0,0,OCUPADO,1,28,55,120,1,1
1790180561118,sala01,2399,1790180561118,0,0,OCUPADO,1,28,55,120,1,1
1790180563118,sala01,2400,1790180563118,0,0,OCUPADO,0,28,55,120,1,1
1790180565118,sala01,2401,1790180565118,0,0,OCUPADO,1,28,55,120,1,1
1790180567118,sala01,2402,1790180567118,0,0,OCUPADO,1,28,55,120,1,1
1790180569118,sala01,2403,1790180569118,0,0,OCUPADO,1,28,55,120,1,1
1790180571118,sala01,2404,1790180571118,0,0,OCUPADO,0,28,55,120,1,1
1790180573118,sala01,2405,1790180573118,0,0,OCUPADO,1,28,55,120,1,1
1790180575118,sala01,2406,1790180575118,0,0,OCUPADO,1,28,55,120,1,1
1790180577118,sala01,2407,1790180577118,0,0,OCUPADO,1,28,55,120,1,1
1790180579118,sala01,2408,1790180579118,0,0,OCUPADO,0,28,55,120,1,1
1790180581118,sala01,2409,1790180581118,0,0,OCUPADO,1,28,55,120,1,1
1790180583118,sala01,2410,1790180583118,0,0,OCUPADO,1,28,55,120,1,1
1790180585118,sala01,2411,1790180585118,0,0,OCUPADO,1,28,55,120,1,1
1790180587118,sala01,2412,1790180587118,0,0,OCUPADO,0,28,55,120,1,1
1790180589118,sala01,2413,1790180589118,0,0,OCUPADO,1,28,55,120,1,1
1790180591118,sala01,2414,1790180591118,0,0,OCUPADO,1,28,55,120,1,1
1790180593118,sala01,2415,1790180593118,0,0,OCUPADO,1,28,55,120,1,1
1790180595118,sala01,2416,1790180595118,0,0,OCUPADO,0,28,55,120,1,1
1790180597118,sala01,2417,1790180597118,0,0,OCUPADO,1,28,55,120,1,1
1790180599118,sala01,2418,1790180599118,0,0,OCUPADO,1,28,55,120,1,1
1790180601118,sala01,2419,1790180601118,0,0,OCUPADO,1,28,55,120,1,1
1790180603118,sala01,2420,1790180603118,0,0,OCUPADO,0,28,55,120,1,1
1790180605118,sala01,2421,1790180605118,0,0,OCUPADO,1,28,55,120,1,1
1790180607118,sala01,2422,1790180607118,0,0,OCUPADO,1,28,55,120,1,1
1790180609118,sala01,2423,1790180609118,0,0,OCUPADO,1,28,55,120,1,1
1790180611118,sala01,2424,1790180611118,0,0,OCUPADO,0,28,55,120,1,1
1790180613118,sala01,2425,1790180613118,0,0,OCUPADO,1,28,55,120,1,1
1790180615118,sala01,2426,1790180615118,0,0,OCUPADO,1,28,55,120,1,1
1790180617118,sala01,2427,1790180617118,0,0,OCUPADO,1,28,55,120,1,1
1790180619118,sala01,2428,1790180619118,0,0,OCUPADO,0,28,55,120,1,1
1790180621118,sala01,2429,1790180621118,0,0,OCUPADO,1,28,55,120,1,1
1790180623118,sala01,2430,1790180623118,0,0,OCUPADO,1,28,55,120,1,1
1790180625118,sala01,2431,1790180625118,0,0,OCUPADO,1,28,55,120,1,1
1790180627118,sala01,2432,1790180627118,0,0,OCUPADO,0,28,55,120,1,1
1790180629118,sala01,2433,1790180629118,0,0,OCUPADO,1,28,55,120,1,1
1790180631118,sala01,2434,1790180631118,0,0,OCUPADO,1,28,55,120,1,1
1790180633118,sala01,2435,1790180633118,0,0,OCUPADO,1,28,55,120,1,1
1790180635118,sala01,2436,1790180635118,0,0,OCUPADO,0,28,55,120,1,1
1790180637118,sala01,2437,1790180637118,0,0,OCUPADO,1,28,55,120,1,1
1790180639118,sala01,2438,1790180639118,0,0,OCUPADO,1,28,55,120,1,1
1790180641118,sala01,2439,1790180641118,0,0,OCUPADO,1,28,55,120,1,1
1790180643118,sala01,2440,1790180643118,0,0,OCUPADO,0,28,55,120,1,1
1790180645118,sala01,2441,1790180645118,0,0,OCUPADO,1,28,55,120,1,1
1790180647118,sala01,2442,1790180647118,0,0,OCUPADO,1,28,55,120,1,1
1790180649118,sala01,2443,1790180649118,0,0,OCUPADO,1,28,55,120,1,1
1790180651118,sala01,2444,1790180651118,0,0,OCUPADO,0,28,55,120,1,1
1790180653118,sala01,2445,1790180653118,0,0,OCUPADO,1,28,55,120,1,1
1790180655118,sala01,2446,1790180655118,0,0,OCUPADO,1,28,55,120,1,1
1790180657118,sala01,2447,1790180657118,0,0,OCUPADO,1,28,55,120,1,1
1790180659118,sala01,2448,1790180659118,0,0,OCUPADO,0,28,55,120,1,1
1790180661118,sala01,2449,1790180661118,0,0,OCUPADO,1,28,55,120,1,1
1790180663118,sala01,2450,1790180663118,0,0,OCUPADO,1,28,55,120,1,1
1790180665118,sala01,2451,1790180665118,0,0,OCUPADO,1,28,55,120,1,1
1790180667118,sala01,2452,1790180667118,0,0,OCUPADO,0,28,55,120,1,1
1790180669118,sala01,2453,1790180669118,0,0,OCUPADO,1,28,55,120,1,1
1790180671118,sala01,2454,1790180671118,0,0,OCUPADO,1,28,55,120,1,1
1790180673118,sala01,2455,1790180673118,0,0,OCUPADO,1,28,55,120,1,1
1790180675118,sala01,2456,1790180675118,0,0,OCUPADO,0,28,55,120,1,1
1790180677118,sala01,2457,1790180677118,0,0,OCUPADO,1,28,55,120,1,1
1790180679118,sala01,2458,1790180679118,0,0,OCUPADO,1,28,55,120,1,1
1790180681118,sala01,2459,1790180681118,0,0,OCUPADO,1,28,55,120,1,1
1790180683118,sala01,2460,1790180683118,0,0,OCUPADO,0,28,55,120,1,1
1790180685118,sala01,2461,1790180685118,0,0,OCUPADO,1,28,55,120,1,1
1790180687118,sala01,2462,1790180687118,0,0,OCUPADO,1,28,55,120,1,1
1790180689118,sala01,2463,1790180689118,0,0,OCUPADO,1,28,55,120,1,1
1790180691118,sala01,2464,1790180691118,0,0,OCUPADO,0,28,55,120,1,1
1790180693118,sala01,2465,1790180693118,0,0,OCUPADO,1,28,55,120,1,1
1790180695118,sala01,2466,1790180695118,0,0,OCUPADO,1,28,55,120,1,1
1790180697118,sala01,2467,1790180697118,0,0,OCUPADO,1,28,55,120,1,1
1790180699118,sala01,2468,1790180699118,0,0,OCUPADO,0,28,55,120,1,1
1790180701118,sala01,2469,1790180701118,0,0,OCUPADO,1,28,55,120,1,1
1790180703118,sala01,2470,1790180703118,0,0,OCUPADO,1,28,55,120,1,1
1790180705118,sala01,2471,1790180705118,0,0,OCUPADO,1,28,55,120,1,1
1790180707118,sala01,2472,1790180707118,0,0,OCUPADO,0,28,55,120,1,1
1790180709118,sala01,2473,1790180709118,0,0,OCUPADO,1,28,55,120,1,1
1790180711118,sala01,2474,1790180711118,0,0,OCUPADO,1,28,55,120,1,1
1790180713118,sala01,2475,1790180713118,0,0,OCUPADO,1,28,55,120,1,1
1790180715118,sala01,2476,1790180715118,0,0,OCUPADO,0,28,55,120,1,1
1790180717118,sala01,2477,1790180717118,0,0,OCUPADO,1,28,55,120,1,1
1790180719118,sala01,2478,1790180719118,0,0,OCUPADO,1,28,55,120,1,1
1790180721118,sala01,2479,1790180721118,0,0,OCUPADO,1,28,55,120,1,1
1790180723118,sala01,2480,1790180723118,0,0,OCUPADO,0,28,55,120,1,1
1790180725118,sala01,2481,1790180725118,0,0,OCUPADO,1,28,55,120,1,1
1790180727118,sala01,2482,1790180727118,0,0,OCUPADO,1,28,55,120,1,1
1790180729118,sala01,2483,1790180729118,0,0,OCUPADO,1,28,55,120,1,1
1790180731118,sala01,2484,1790180731118,0,0,OCUPADO,0,28,55,120,1,1
1790180733118,sala01,2485,1790180733118,0,0,OCUPADO,1,28,55,120,1,1
1790180735118,sala01,2486,1790180735118,0,0,OCUPADO,1,28,55,120,1,1
1790180737118,sala01,2487,1790180737118,0,0,OCUPADO,1,28,55,120,1,1
1790180739118,sala01,2488,1790180739118,0,0,OCUPADO,0,28,55,120,1,1
1790180741118,sala01,2489,1790180741118,0,0,OCUPADO,1,28,55,120,1,1
1790180743118,sala01,2490,1790180743118,0,0,OCUPADO,1,28,55,120,1,1
1790180745118,sala01,2491,1790180745118,0,0,OCUPADO,1,28,55,120,1,1
1790180747118,sala01,2492,1790180747118,0,0,OCUPADO,0,28,55,120,1,1
1790180749118,sala01,2493,1790180749118,0,0,OCUPADO,1,28,55,120,1,1
1790180751118,sala01,2494,1790180751118,0,0,OCUPADO,1,28,55,120,1,1
1790180753118,sala01,2495,1790180753118,0,0,OCUPADO,1,28,55,120,1,1
1790180755118,sala01,2496,1790180755118,0,0,OCUPADO,0,28,55,120,1,1
1790180757118,sala01,2497,1790180757118,0,0,OCUPADO,1,28,55,120,1,1
1790180759118,sala01,2498,1790180759118,0,0,OCUPADO,1,28,55,120,1,1
1790180761118,sala01,2499,1790180761118,0,0,OCUPADO,1,28,55,120,1,1
1790180763118,sala01,2500,1790180763118,0,0,OCUPADO,0,28,55,120,1,1
1790180765118,sala01,2501,1790180765118,0,0,OCUPADO,1,28,55,120,1,1
1790180767118,sala01,2502,1790180767118,0,0,OCUPADO,1,28,55,120,1,1
1790180769118,sala01,2503,1790180769118,0,0,OCUPADO,1,28,55,120,1,1
1790180771118,sala01,2504,1790180771118,0,0,OCUPADO,0,28,55,120,1,1
1790180773118,sala01,2505,1790180773118,0,0,OCUPADO,1,28,55,120,1,1
1790180775118,sala01,2506,1790180775118,0,0,OCUPADO,1,28,55,120,1,1
1790180777118,sala01,2507,1790180777118,0,0,OCUPADO,1,28,55,120,1,1
1790180779118,sala01,2508,1790180779118,0,0,OCUPADO,0,28,55,120,1,1
1790180781118,sala01,2509,1790180781118,0,0,OCUPADO,1,28,55,120,1,1
1790180783118,sala01,2510,1790180783118,0,0,OCUPADO,1,28,55,120,1,1
1790180785118,sala01,2511,1790180785118,0,0,OCUPADO,1,28,55,120,1,1
1790180787118,sala01,2512,1790180787118,0,0,OCUPADO,0,28,55,120,1,1
1790180789118,sala01,2513,1790180789118,0,0,OCUPADO,1,28,55,120,1,1
1790180791118,sala01,2514,1790180791118,0,0,OCUPADO,1,28,55,120,1,1
1790180793118,sala01,2515,1790180793118,0,0,OCUPADO,1,28,55,120,1,1
1790180795118,sala01,2516,1790180795118,0,0,OCUPADO,0,28,55,120,1,1
1790180797118,sala01,2517,1790180797118,0,0,OCUPADO,1,28,55,120,1,1
1790180799118,sala01,2518,1790180799118,0,0,OCUPADO,1,28,55,120,1,1
1790180801118,sala01,2519,1790180801118,0,0,OCUPADO,1,28,55,120,1,1
1790180803118,sala01,2520,1790180803118,0,0,OCUPADO,0,28,55,120,1,1
1790180805118,sala01,2521,1790180805118,0,0,OCUPADO,1,28,55,120,1,1
1790180807118,sala01,2522,1790180807118,0,0,OCUPADO,1,28,55,120,1,1
1790180809118,sala01,2523,1790180809118,0,0,OCUPADO,1,28,55,120,1,1
1790180811118,sala01,2524,1790180811118,0,0,OCUPADO,0,28,55,120,1,1
1790180813118,sala01,2525,1790180813118,0,0,OCUPADO,1,28,55,120,1,1
1790180815118,sala01,2526,1790180815118,0,0,OCUPADO,1,28,55,120,1,1
1790180817118,sala01,2527,1790180817118,0,0,OCUPADO,1,28,55,120,1,1
1790180819118,sala01,2528,1790180819118,0,0,OCUPADO,0,28,55,120,1,1
1790180821118,sala01,2529,1790180821118,0,0,OCUPADO,1,28,55,120,1,1
1790180823118,sala01,2530,1790180823118,0,0,OCUPADO,1,28,55,120,1,1
1790180825118,sala01,2531,1790180825118,0,0,OCUPADO,1,28,55,120,1,1
1790180827118,sala01,2532,1790180827118,0,0,OCUPADO,0,28,55,120,1,1
1790180829118,sala01,2533,1790180829118,0,0,OCUPADO,1,28,55,120,1,1
1790180831118,sala01,2534,1790180831118,0,0,OCUPADO,1,28,55,120,1,1
1790180833118,sala01,2535,1790180833118,0,0,OCUPADO,1,28,55,120,1,1
1790180835118,sala01,2536,1790180835118,0,0,OCUPADO,0,28,55,120,1,1
1790180837118,sala01,2537,1790180837118,0,0,OCUPADO,1,28,55,120,1,1
1790180839118,sala01,2538,1790180839118,0,0,OCUPADO,1,28,55,120,1,1
1790180841118,sala01,2539,1790180841118,0,0,OCUPADO,1,28,55,120,1,1
1790180843118,sala01,2540,1790180843118,0,0,OCUPADO,0,28,55,120,1,1
1790180845118,sala01,2541,1790180845118,0,0,OCUPADO,1,28,55,120,1,1
1790180847118,sala01,2542,1790180847118,0,0,OCUPADO,1,28,55,120,1,1
1790180849118,sala01,2543,1790180849118,0,0,OCUPADO,1,28,55,120,1,1
1790180851118,sala01,2544,1790180851118,0,0,OCUPADO,0,28,55,120,1,1
1790180853118,sala01,2545,1790180853118,0,0,OCUPADO,1,28,55,120,1,1
1790180855118,sala01,2546,1790180855118,0,0,OCUPADO,1,28,55,120,1,1
1790180857118,sala01,2547,1790180857118,0,0,OCUPADO,1,28,55,120,1,1
1790180859118,sala01,2548,1790180859118,0,0,OCUPADO,0,28,55,120,1,1
1790180861118,sala01,2549,1790180861118,0,0,OCUPADO,1,28,55,120,1,1
1790180863118,sala01,2550,1790180863118,0,0,OCUPADO,1,28,55,120,1,1
1790180865118,sala01,2551,1790180865118,0,0,OCUPADO,1,28,55,120,1,1
1790180867118,sala01,2552,1790180867118,0,0,OCUPADO,0,28,55,120,1,1
1790180869118,sala01,2553,1790180869118,0,0,OCUPADO,1,28,55,120,1,1
1790180871118,sala01,2554,1790180871118,0,0,OCUPADO,1,28,55,120,1,1
1790180873118,sala01,2555,1790180873118,0,0,OCUPADO,1,28,55,120,1,1
1790180875118,sala01,2556,1790180875118,0,0,OCUPADO,0,28,55,120,1,1
1790180877118,sala01,2557,1790180877118,0,0,OCUPADO,1,28,55,120,1,1
1790180879118,sala01,2558,1790180879118,0,0,OCUPADO,1,28,55,120,1,1
1790180881118,sala01,2559,1790180881118,0,0,OCUPADO,1,28,55,120,1,1
1790180883118,sala01,2560,1790180883118,0,0,OCUPADO,0,28,55,120,1,1
1790180885118,sala01,2561,1790180885118,0,0,OCUPADO,1,28,55,120,1,1
1790180887118,sala01,2562,1790180887118,0,0,OCUPADO,1,28,55,120,1,1
1790180889118,sala01,2563,1790180889118,0,0,OCUPADO,1,28,55,120,1,1
1790180891118,sala01,2564,1790180891118,0,0,OCUPADO,0,28,55,120,1,1
1790180893118,sala01,2565,1790180893118,0,0,OCUPADO,1,28,55,120,1,1
1790180895118,sala01,2566,1790180895118,0,0,OCUPADO,1,28,55,120,1,1
1790180897118,sala01,2567,1790180897118,0,0,OCUPADO,1,28,55,120,1,1
1790180899118,sala01,2568,1790180899118,0,0,OCUPADO,0,28,55,120,1,1
1790180901118,sala01,2569,1790180901118,0,0,OCUPADO,1,28,55,120,1,1
1790180903118,sala01,2570,1790180903118,0,0,OCUPADO,1,28,55,120,1,1
1790180905118,sala01,2571,1790180905118,0,0,OCUPADO,1,28,55,120,1,1
1790180907118,sala01,2572,1790180907118,0,0,OCUPADO,0,28,55,120,1,1
1790180909118,sala01,2573,1790180909118,0,0,OCUPADO,1,28,55,120,1,1
1790180911118,sala01,2574,1790180911118,0,0,OCUPADO,1,28,55,120,1,1
1790180913118,sala01,2575,1790180913118,0,0,OCUPADO,1,28,55,120,1,1
1790180915118,sala01,2576,1790180915118,0,0,OCUPADO,0,28,55,120,1,1
1790180917118,sala01,2577,1790180917118,0,0,OCUPADO,1,28,55,120,1,1
1790180919118,sala01,2578,1790180919118,0,0,OCUPADO,1,28,55,120,1,1
1790180921118,sala01,2579,1790180921118,0,0,OCUPADO,1,28,55,120,1,1
1790180923118,sala01,2580,1790180923118,0,0,OCUPADO,0,28,55,120,1,1
1790180925118,sala01,2581,1790180925118,0,0,OCUPADO,1,28,55,120,1,1
1790180927118,sala01,2582,1790180927118,0,0,OCUPADO,1,28,55,120,1,1
1790180929118,sala01,2583,1790180929118,0,0,OCUPADO,1,28,55,120,1,1
1790180931118,sala01,2584,1790180931118,0,0,OCUPADO,0,28,55,120,1,1
1790180933118,sala01,2585,1790180933118,0,0,OCUPADO,1,28,55,120,1,1
1790180935118,sala01,2586,1790180935118,0,0,OCUPADO,1,28,55,120,1,1
1790180937118,sala01,2587,1790180937118,0,0,OCUPADO,1,28,55,120,1,1
1790180939118,sala01,2588,1790180939118,0,0,OCUPADO,0,28,55,120,1,1
1790180941118,sala01,2589,1790180941118,0,0,OCUPADO,1,28,55,120,1,1
1790180943118,sala01,2590,1790180943118,0,0,OCUPADO,1,28,55,120,1,1
1790180945118,sala01,2591,1790180945118,0,0,OCUPADO,1,28,55,120,1,1
1790180947118,sala01,2592,1790180947118,0,0,OCUPADO,0,28,55,120,1,1
1790180949118,sala01,2593,1790180949118,0,0,OCUPADO,1,28,55,120,1,1
1790180951118,sala01,2594,1790180951118,0,0,OCUPADO,1,28,55,120,1,1
1790180953118,sala01,2595,1790180953118,0,0,OCUPADO,1,28,55,120,1,1
1790180955118,sala01,2596,1790180955118,0,0,OCUPADO,0,28,55,120,1,1
1790180957118,sala01,2597,1790180957118,0,0,OCUPADO,1,28,55,120,1,1
1790180959118,sala01,2598,1790180959118,0,0,OCUPADO,1,28,55,120,1,1
1790180961118,sala01,2599,1790180961118,0,0,OCUPADO,1,28,55,120,1,1
1790180963118,sala01,2600,1790180963118,0,0,OCUPADO,0,28,55,120,1,1
1790180965118,sala01,2601,1790180965118,0,0,OCUPADO,1,28,55,120,1,1
1790180967118,sala01,2602,1790180967118,0,0,OCUPADO,1,28,55,120,1,1
1790180969118,sala01,2603,1790180969118,0,0,OCUPADO,1,28,55,120,1,1
1790180971118,sala01,2604,1790180971118,0,0,OCUPADO,0,28,55,120,1,1
1790180973118,sala01,2605,1790180973118,0,0,OCUPADO,1,28,55,120,1,1
1790180975118,sala01,2606,1790180975118,0,0,OCUPADO,1,28,55,120,1,1
1790180977118,sala01,2607,1790180977118,0,0,OCUPADO,1,28,55,120,1,1
1790180979118,sala01,2608,1790180979118,0,0,OCUPADO,0,28,55,120,1,1
1790180981118,sala01,2609,1790180981118,0,0,OCUPADO,1,28,55,120,1,1
1790180983118,sala01,2610,1790180983118,0,0,OCUPADO,1,28,55,120,1,1
1790180985118,sala01,2611,1790180985118,0,0,OCUPADO,1,28,55,120,1,1
1790180987118,sala01,2612,1790180987118,0,0,OCUPADO,0,28,55,120,1,1
1790180989118,sala01,2613,1790180989118,0,0,OCUPADO,1,28,55,120,1,1
1790180991118,sala01,2614,1790180991118,0,0,OCUPADO,1,28,55,120,1,1
1790180993118,sala01,2615,1790180993118,0,0,OCUPADO,1,28,55,120,1,1
1790180995118,sala01,2616,1790180995118,0,0,OCUPADO,0,28,55,120,1,1
1790180997118,sala01,2617,1790180997118,0,0,OCUPADO,1,28,55,120,1,1
1790180999118,sala01,2618,1790180999118,0,0,OCUPADO,1,28,55,120,1,1
1790181001118,sala01,2619,1790181001118,0,0,OCUPADO,1,28,55,120,1,1
1790181003118,sala01,2620,1790181003118,0,0,OCUPADO,0,28,55,120,1,1
1790181005118,sala01,2621,1790181005118,0,0,OCUPADO,1,28,55,120,1,1
1790181007118,sala01,2622,1790181007118,0,0,OCUPADO,1,28,55,120,1,1
1790181009118,sala01,2623,1790181009118,0,0,OCUPADO,1,28,55,120,1,1
1790181011118,sala01,2624,1790181011118,0,0,OCUPADO,0,28,55,120,1,1
1790181013118,sala01,2625,1790181013118,0,0,OCUPADO,1,28,55,120,1,1
1790181015118,sala01,2626,1790181015118,0,0,OCUPADO,1,28,55,120,1,1
1790181017118,sala01,2627,1790181017118,0,0,OCUPADO,1,28,55,120,1,1
1790181019118,sala01,2628,1790181019118,0,0,OCUPADO,0,28,55,120,1,1
1790181021118,sala01,2629,1790181021118,0,0,OCUPADO,1,28,55,120,1,1
1790181023118,sala01,2630,1790181023118,0,0,OCUPADO,1,28,55,120,1,1
1790181025118,sala01,2631,1790181025118,0,0,OCUPADO,1,28,55,120,1,1
1790181027118,sala01,2632,1790181027118,0,0,OCUPADO,0,28,55,120,1,1
1790181029118,sala01,2633,1790181029118,0,0,OCUPADO,1,28,55,120,1,1
1790181031118,sala01,2634,1790181031118,0,0,OCUPADO,1,28,55,120,1,1
1790181033118,sala01,2635,1790181033118,0,0,OCUPADO,1,28,55,120,1,1
1790181035118,sala01,2636,1790181035118,0,0,OCUPADO,0,28,55,120,1,1
1790181037118,sala01,2637,1790181037118,0,0,OCUPADO,1,28,55,120,1,1
1790181039118,sala01,2638,1790181039118,0,0,OCUPADO,1,28,55,120,1,1
1790181041118,sala01,2639,1790181041118,0,0,OCUPADO,1,28,55,120,1,1
1790181043118,sala01,2640,1790181043118,0,0,OCUPADO,0,28,55,120,1,1
1790181045118,sala01,2641,1790181045118,0,0,OCUPADO,1,28,55,120,1,1
1790181047118,sala01,2642,1790181047118,0,0,OCUPADO,1,28,55,120,1,1
1790181049118,sala01,2643,1790181049118,0,0,OCUPADO,1,28,55,120,1,1
1790181051118,sala01,2644,1790181051118,0,0,OCUPADO,0,28,55,120,1,1
1790181053118,sala01,2645,1790181053118,0,0,OCUPADO,1,28,55,120,1,1
1790181055118,sala01,2646,1790181055118,0,0,OCUPADO,1,28,55,120,1,1
1790181057118,sala01,2647,1790181057118,0,0,OCUPADO,1,28,55,120,1,1
1790181059118,sala01,2648,1790181059118,0,0,OCUPADO,0,28,55,120,1,1
1790181061118,sala01,2649,1790181061118,0,0,OCUPADO,1,28,55,120,1,1
1790181063118,sala01,2650,1790181063118,0,0,OCUPADO,1,28,55,120,1,1
1790181065118,sala01,2651,1790181065118,0,0,OCUPADO,1,28,55,120,1,1
1790181067118,sala01,2652,1790181067118,0,0,OCUPADO,0,28,55,120,1,1
1790181069118,sala01,2653,1790181069118,0,0,OCUPADO,1,28,55,120,1,1
1790181071118,sala01,2654,1790181071118,0,0,OCUPADO,1,28,55,120,1,1
1790181073118,sala01,2655,1790181073118,0,0,OCUPADO,1,28,55,120,1,1
1790181075118,sala01,2656,1790181075118,0,0,OCUPADO,0,28,55,120,1,1
1790181077118,sala01,2657,1790181077118,0,0,OCUPADO,1,28,55,120,1,1
1790181079118,sala01,2658,1790181079118,0,0,OCUPADO,1,28,55,120,1,1
1790181081118,sala01,2659,1790181081118,0,0,OCUPADO,1,28,55,120,1,1
1790181083118,sala01,2660,1790181083118,0,0,OCUPADO,0,28,55,120,1,1
1790181085118,sala01,2661,1790181085118,0,0,OCUPADO,1,28,55,120,1,1
1790181087118,sala01,2662,1790181087118,0,0,OCUPADO,1,28,55,120,1,1
1790181089118,sala01,2663,1790181089118,0,0,OCUPADO,1,28,55,120,1,1
1790181091118,sala01,2664,1790181091118,0,0,OCUPADO,0,28,55,120,1,1
1790181093118,sala01,2665,1790181093118,0,0,OCUPADO,1,28,55,120,1,1
1790181095118,sala01,2666,1790181095118,0,0,OCUPADO,1,28,55,120,1,1
1790181097118,sala01,2667,1790181097118,0,0,OCUPADO,1,28,55,120,1,1
1790181099118,sala01,2668,1790181099118,0,0,OCUPADO,0,28,55,120,1,1
1790181101118,sala01,2669,1790181101118,0,0,OCUPADO,1,28,55,120,1,1
1790181103118,sala01,2670,1790181103118,0,0,OCUPADO,1,28,55,120,1,1
1790181105118,sala01,2671,1790181105118,0,0,OCUPADO,1,28,55,120,1,1
1790181107118,sala01,2672,1790181107118,0,0,OCUPADO,0,28,55,120,1,1
1790181109118,sala01,2673,1790181109118,0,0,OCUPADO,1,28,55,120,1,1
1790181111118,sala01,2674,1790181111118,0,0,OCUPADO,1,28,55,120,1,1
1790181113118,sala01,2675,1790181113118,0,0,OCUPADO,1,28,55,120,1,1
1790181115118,sala01,2676,1790181115118,0,0,OCUPADO,0,28,55,120,1,1
1790181117118,sala01,2677,1790181117118,0,0,OCUPADO,1,28,55,120,1,1
1790181119118,sala01,2678,1790181119118,0,0,OCUPADO,1,28,55,120,1,1
1790181121118,sala01,2679,1790181121118,0,0,OCUPADO,1,28,55,120,1,1
1790181123118,sala01,2680,1790181123118,0,0,OCUPADO,0,28,55,120,1,1
1790181125118,sala01,2681,1790181125118,0,0,OCUPADO,1,28,55,120,1,1
1790181127118,sala01,2682,1790181127118,0,0,OCUPADO,1,28,55,120,1,1
1790181129118,sala01,2683,1790181129118,0,0,OCUPADO,1,28,55,120,1,1
1790181131118,sala01,2684,1790181131118,0,0,OCUPADO,0,28,55,120,1,1
1790181133118,sala01,2685,1790181133118,0,0,OCUPADO,1,28,55,120,1,1
1790181135118,sala01,2686,1790181135118,0,0,OCUPADO,1,28,55,120,1,1
1790181137118,sala01,2687,1790181137118,0,0,OCUPADO,1,28,55,120,1,1
1790181139118,sala01,2688,1790181139118,0,0,OCUPADO,0,28,55,120,1,1
1790181141118,sala01,2689,1790181141118,0,0,OCUPADO,1,28,55,120,1,1
1790181143118,sala01,2690,1790181143118,0,0,OCUPADO,1,28,55,120,1,1
1790181145118,sala01,2691,1790181145118,0,0,OCUPADO,1,28,55,120,1,1
1790181147118,sala01,2692,1790181147118,0,0,OCUPADO,0,28,55,120,1,1
1790181149118,sala01,2693,1790181149118,0,0,OCUPADO,1,28,55,120,1,1
1790181151118,sala01,2694,1790181151118,0,0,OCUPADO,1,28,55,120,1,1
1790181153118,sala01,2695,1790181153118,0,0,OCUPADO,1,28,55,120,1,1
1790181155118,sala01,2696,1790181155118,0,0,OCUPADO,0,28,55,120,1,1
1790181157118,sala01,2697,1790181157118,0,0,OCUPADO,1,28,55,120,1,1
1790181159118,sala01,2698,1790181159118,0,0,OCUPADO,1,28,55,120,1,1
1790181161118,sala01,2699,1790181161118,0,0,OCUPADO,1,28,55,120,1,1
1790181163118,sala01,2700,1790181163118,0,0,OCUPADO,0,28,55,120,1,1
1790181165118,sala01,2701,1790181165118,0,0,OCUPADO,1,28,55,120,1,1
1790181167118,sala01,2702,1790181167118,0,0,OCUPADO,1,28,55,120,1,1
1790181169118,sala01,2703,1790181169118,0,0,OCUPADO,1,28,55,120,1,1
1790181171118,sala01,2704,1790181171118,0,0,OCUPADO,0,28,55,120,1,1
1790181173118,sala01,2705,1790181173118,0,0,OCUPADO,1,28,55,120,1,1
1790181175118,sala01,2706,1790181175118,0,0,OCUPADO,1,28,55,120,1,1
1790181177118,sala01,2707,1790181177118,0,0,OCUPADO,1,28,55,120,1,1
1790181179118,sala01,2708,1790181179118,0,0,OCUPADO,0,28,55,120,1,1
1790181181118,sala01,2709,1790181181118,0,0,OCUPADO,1,28,55,120,1,1
1790181183118,sala01,2710,1790181183118,0,0,OCUPADO,1,28,55,120,1,1
1790181185118,sala01,2711,1790181185118,0,0,OCUPADO,1,28,55,120,1,1
1790181187118,sala01,2712,1790181187118,0,0,OCUPADO,0,28,55,120,1,1
1790181189118,sala01,2713,1790181189118,0,0,OCUPADO,1,28,55,120,1,1
1790181191118,sala01,2714,1790181191118,0,0,OCUPADO,1,28,55,120,1,1
1790181193118,sala01,2715,1790181193118,0,0,OCUPADO,1,28,55,120,1,1
1790181195118,sala01,2716,1790181195118,0,0,OCUPADO,0,28,55,120,1,1
1790181197118,sala01,2717,1790181197118,0,0,OCUPADO,1,28,55,120,1,1
1790181199118,sala01,2718,1790181199118,0,0,OCUPADO,1,28,55,120,1,1
1790181201118,sala01,2719,1790181201118,0,0,OCUPADO,1,28,55,120,1,1
1790181203118,sala01,2720,1790181203118,0,0,OCUPADO,0,28,55,120,1,1
1790181205118,sala01,2721,1790181205118,0,0,OCUPADO,1,28,55,120,1,1
1790181207118,sala01,2722,1790181207118,0,0,OCUPADO,1,28,55,120,1,1
1790181209118,sala01,2723,1790181209118,0,0,OCUPADO,1,28,55,120,1,1
1790181211118,sala01,2724,1790181211118,0,0,OCUPADO,0,28,55,120,1,1
1790181213118,sala01,2725,1790181213118,0,0,OCUPADO,1,28,55,120,1,1
1790181215118,sala01,2726,1790181215118,0,0,OCUPADO,1,28,55,120,1,1
1790181217118,sala01,2727,1790181217118,0,0,OCUPADO,1,28,55,120,1,1
1790181219118,sala01,2728,1790181219118,0,0,OCUPADO,0,28,55,120,1,1
1790181221118,sala01,2729,1790181221118,0,0,OCUPADO,1,28,55,120,1,1
1790181223118,sala01,2730,1790181223118,0,0,OCUPADO,1,28,55,120,1,1
1790181225118,sala01,2731,1790181225118,0,0,OCUPADO,1,28,55,120,1,1
1790181227118,sala01,2732,1790181227118,0,0,OCUPADO,0,28,55,120,1,1
1790181229118,sala01,2733,1790181229118,0,0,OCUPADO,1,28,55,120,1,1
1790181231118,sala01,2734,1790181231118,0,0,OCUPADO,1,28,55,120,1,1
1790181233118,sala01,2735,1790181233118,0,0,OCUPADO,1,28,55,120,1,1
1790181235118,sala01,2736,1790181235118,0,0,OCUPADO,0,28,55,120,1,1
1790181237118,sala01,2737,1790181237118,0,0,OCUPADO,1,28,55,120,1,1
1790181239118,sala01,2738,1790181239118,0,0,OCUPADO,1,28,55,120,1,1
1790181241118,sala01,2739,1790181241118,0,0,OCUPADO,1,28,55,120,1,1
1790181243118,sala01,2740,1790181243118,0,0,OCUPADO,0,28,55,120,1,1
1790181245118,sala01,2741,1790181245118,0,0,OCUPADO,1,28,55,120,1,1
1790181247118,sala01,2742,1790181247118,0,0,OCUPADO,1,28,55,120,1,1
1790181249118,sala01,2743,1790181249118,0,0,OCUPADO,1,28,55,120,1,1
1790181251118,sala01,2744,1790181251118,0,0,OCUPADO,0,28,55,120,1,1
1790181253118,sala01,2745,1790181253118,0,0,OCUPADO,1,28,55,120,1,1
1790181255118,sala01,2746,1790181255118,0,0,OCUPADO,1,28,55,120,1,1
1790181257118,sala01,2747,1790181257118,0,0,OCUPADO,1,28,55,120,1,1
1790181259118,sala01,2748,1790181259118,0,0,OCUPADO,0,28,55,120,1,1
1790181261118,sala01,2749,1790181261118,0,0,OCUPADO,1,28,55,120,1,1
1790181263118,sala01,2750,1790181263118,0,0,OCUPADO,1,28,55,120,1,1
1790181265118,sala01,2751,1790181265118,0,0,OCUPADO,1,28,55,120,1,1
1790181267118,sala01,2752,1790181267118,0,0,OCUPADO,0,28,55,120,1,1
1790181269118,sala01,2753,1790181269118,0,0,OCUPADO,1,28,55,120,1,1
1790181271118,sala01,2754,1790181271118,0,0,OCUPADO,1,28,55,120,1,1
1790181273118,sala01,2755,1790181273118,0,0,OCUPADO,1,28,55,120,1,1
1790181275118,sala01,2756,1790181275118,0,0,OCUPADO,0,28,55,120,1,1
1790181277118,sala01,2757,1790181277118,0,0,OCUPADO,1,28,55,120,1,1
1790181279118,sala01,2758,1790181279118,0,0,OCUPADO,1,28,55,120,1,1
1790181281118,sala01,2759,1790181281118,0,0,OCUPADO,1,28,55,120,1,1
1790181283118,sala01,2760,1790181283118,0,0,OCUPADO,0,28,55,120,1,1
1790181285118,sala01,2761,1790181285118,0,0,OCUPADO,1,28,55,120,1,1
1790181287118,sala01,2762,1790181287118,0,0,OCUPADO,1,28,55,120,1,1
1790181289118,sala01,2763,1790181289118,0,0,OCUPADO,1,28,55,120,1,1
1790181291118,sala01,2764,1790181291118,0,0,OCUPADO,0,28,55,120,1,1
1790181293118,sala01,2765,1790181293118,0,0,OCUPADO,1,28,55,120,1,1
1790181295118,sala01,2766,1790181295118,0,0,OCUPADO,1,28,55,120,1,1
1790181297118,sala01,2767,1790181297118,0,0,OCUPADO,1,28,55,120,1,1
1790181299118,sala01,2768,1790181299118,0,0,OCUPADO,0,28,55,120,1,1
1790181301118,sala01,2769,1790181301118,0,0,OCUPADO,1,28,55,120,1,1
1790181303118,sala01,2770,1790181303118,0,0,OCUPADO,1,28,55,120,1,1
1790181305118,sala01,2771,1790181305118,0,0,OCUPADO,1,28,55,120,1,1
1790181307118,sala01,2772,1790181307118,0,0,OCUPADO,0,28,55,120,1,1
1790181309118,sala01,2773,1790181309118,0,0,OCUPADO,1,28,55,120,1,1
1790181311118,sala01,2774,1790181311118,0,0,OCUPADO,1,28,55,120,1,1
1790181313118,sala01,2775,1790181313118,0,0,OCUPADO,1,28,55,120,1,1
1790181315118,sala01,2776,1790181315118,0,0,OCUPADO,0,28,55,120,1,1
1790181317118,sala01,2777,1790181317118,0,0,OCUPADO,1,28,55,120,1,1
1790181319118,sala01,2778,1790181319118,0,0,OCUPADO,1,28,55,120,1,1
1790181321118,sala01,2779,1790181321118,0,0,OCUPADO,1,28,55,120,1,1
1790181323118,sala01,2780,1790181323118,0,0,OCUPADO,0,28,55,120,1,1
1790181325118,sala01,2781,1790181325118,0,0,OCUPADO,1,28,55,120,1,1
1790181327118,sala01,2782,1790181327118,0,0,OCUPADO,1,28,55,120,1,1
1790181329118,sala01,2783,1790181329118,0,0,OCUPADO,1,28,55,120,1,1
1790181331118,sala01,2784,1790181331118,0,0,OCUPADO,0,28,55,120,1,1
1790181333118,sala01,2785,1790181333118,0,0,OCUPADO,1,28,55,120,1,1
1790181335118,sala01,2786,1790181335118,0,0,OCUPADO,1,28,55,120,1,1
1790181337118,sala01,2787,1790181337118,0,0,OCUPADO,1,28,55,120,1,1
1790181339118,sala01,2788,1790181339118,0,0,OCUPADO,0,28,55,120,1,1
1790181341118,sala01,2789,1790181341118,0,0,OCUPADO,1,28,55,120,1,1
1790181343118,sala01,2790,1790181343118,0,0,OCUPADO,1,28,55,120,1,1
1790181345118,sala01,2791,1790181345118,0,0,OCUPADO,1,28,55,120,1,1
1790181347118,sala01,2792,1790181347118,0,0,OCUPADO,0,28,55,120,1,1
1790181349118,sala01,2793,1790181349118,0,0,OCUPADO,1,28,55,120,1,1
1790181351118,sala01,2794,1790181351118,0,0,OCUPADO,1,28,55,120,1,1
1790181353118,sala01,2795,1790181353118,0,0,OCUPADO,1,28,55,120,1,1
1790181355118,sala01,2796,1790181355118,0,0,OCUPADO,0,28,55,120,1,1
1790181357118,sala01,2797,1790181357118,0,0,OCUPADO,1,28,55,120,1,1
1790181359118,sala01,2798,1790181359118,0,0,OCUPADO,1,28,55,120,1,1
1790181361118,sala01,2799,1790181361118,0,0,OCUPADO,1,28,55,120,1,1
1790181363118,sala01,2800,1790181363118,0,0,OCUPADO,0,28,55,120,1,1
1790181365118,sala01,2801,1790181365118,0,0,OCUPADO,1,28,55,120,1,1
1790181367118,sala01,2802,1790181367118,0,0,OCUPADO,1,28,55,120,1,1
1790181369118,sala01,2803,1790181369118,0,0,OCUPADO,1,28,55,120,1,1
1790181371118,sala01,2804,1790181371118,0,0,OCUPADO,0,28,55,120,1,1
1790181373118,sala01,2805,1790181373118,0,0,OCUPADO,1,28,55,120,1,1
1790181375118,sala01,2806,1790181375118,0,0,OCUPADO,1,28,55,120,1,1
1790181377118,sala01,2807,1790181377118,0,0,OCUPADO,1,28,55,120,1,1
1790181379118,sala01,2808,1790181379118,0,0,OCUPADO,0,28,55,120,1,1
1790181381118,sala01,2809,1790181381118,0,0,OCUPADO,1,28,55,120,1,1
1790181383118,sala01,2810,1790181383118,0,0,OCUPADO,1,28,55,120,1,1
1790181385118,sala01,2811,1790181385118,0,0,OCUPADO,1,28,55,120,1,1
1790181387118,sala01,2812,1790181387118,0,0,OCUPADO,0,28,55,120,1,1
1790181389118,sala01,2813,1790181389118,0,0,OCUPADO,1,28,55,120,1,1
1790181391118,sala01,2814,1790181391118,0,0,OCUPADO,1,28,55,120,1,1
1790181393118,sala01,2815,1790181393118,0,0,OCUPADO,1,28,55,120,1,1
1790181395118,sala01,2816,1790181395118,0,0,OCUPADO,0,28,55,120,1,1
1790181397118,sala01,2817,1790181397118,0,0,OCUPADO,1,28,55,120,1,1
1790181399118,sala01,2818,1790181399118,0,0,OCUPADO,1,28,55,120,1,1
1790181401118,sala01,2819,1790181401118,0,0,OCUPADO,1,28,55,120,1,1
1790181403118,sala01,2820,1790181403118,0,0,OCUPADO,0,28,55,120,1,1
1790181405118,sala01,2821,1790181405118,0,0,OCUPADO,1,28,55,120,1,1
1790181407118,sala01,2822,1790181407118,0,0,OCUPADO,1,28,55,120,1,1
1790181409118,sala01,2823,1790181409118,0,0,OCUPADO,1,28,55,120,1,1
1790181411118,sala01,2824,1790181411118,0,0,OCUPADO,0,28,55,120,1,1
1790181413118,sala01,2825,1790181413118,0,0,OCUPADO,1,28,55,120,1,1
1790181415118,sala01,2826,1790181415118,0,0,OCUPADO,1,28,55,120,1,1
1790181417118,sala01,2827,1790181417118,0,0,OCUPADO,1,28,55,120,1,1
1790181419118,sala01,2828,1790181419118,0,0,OCUPADO,0,28,55,120,1,1
1790181421118,sala01,2829,1790181421118,0,0,OCUPADO,1,28,55,120,1,1
1790181423118,sala01,2830,1790181423118,0,0,OCUPADO,1,28,55,120,1,1
1790181425118,sala01,2831,1790181425118,0,0,OCUPADO,1,28,55,120,1,1
1790181427118,sala01,2832,1790181427118,0,0,OCUPADO,0,28,55,120,1,1
1790181429118,sala01,2833,1790181429118,0,0,OCUPADO,1,28,55,120,1,1
1790181431118,sala01,2834,1790181431118,0,0,OCUPADO,1,28,55,120,1,1
1790181433118,sala01,2835,1790181433118,0,0,OCUPADO,1,28,55,120,1,1
1790181435118,sala01,2836,1790181435118,0,0,OCUPADO,0,28,55,120,1,1
1790181437118,sala01,2837,1790181437118,0,0,OCUPADO,1,28,55,120,1,1
1790181439118,sala01,2838,1790181439118,0,0,OCUPADO,1,28,55,120,1,1
1790181441118,sala01,2839,1790181441118,0,0,OCUPADO,1,28,55,120,1,1
1790181443118,sala01,2840,1790181443118,0,0,OCUPADO,0,28,55,120,1,1
1790181445118,sala01,2841,1790181445118,0,0,OCUPADO,1,28,55,120,1,1
1790181447118,sala01,2842,1790181447118,0,0,OCUPADO,1,28,55,120,1,1
1790181449118,sala01,2843,1790181449118,0,0,OCUPADO,1,28,55,120,1,1
1790181451118,sala01,2844,1790181451118,0,0,OCUPADO,0,28,55,120,1,1
1790181453118,sala01,2845,1790181453118,0,0,OCUPADO,1,28,55,120,1,1
1790181455118,sala01,2846,1790181455118,0,0,OCUPADO,1,28,55,120,1,1
1790181457118,sala01,2847,1790181457118,0,0,OCUPADO,1,28,55,120,1,1
1790181459118,sala01,2848,1790181459118,0,0,OCUPADO,0,28,55,120,1,1
1790181461118,sala01,2849,1790181461118,0,0,OCUPADO,1,28,55,120,1,1
1790181463118,sala01,2850,1790181463118,0,0,OCUPADO,1,28,55,120,1,1
1790181465118,sala01,2851,1790181465118,0,0,OCUPADO,1,28,55,120,1,1
1790181467118,sala01,2852,1790181467118,0,0,OCUPADO,0,28,55,120,1,1
1790181469118,sala01,2853,1790181469118,0,0,OCUPADO,1,28,55,120,1,1
1790181471118,sala01,2854,1790181471118,0,0,OCUPADO,1,28,55,120,1,1
1790181473118,sala01,2855,1790181473118,0,0,OCUPADO,1,28,55,120,1,1
1790181475118,sala01,2856,1790181475118,0,0,OCUPADO,0,28,55,120,1,1
1790181477118,sala01,2857,1790181477118,0,0,OCUPADO,1,28,55,120,1,1
1790181479118,sala01,2858,1790181479118,0,0,OCUPADO,1,28,55,120,1,1
1790181481118,sala01,2859,1790181481118,0,0,OCUPADO,1,28,55,120,1,1
1790181483118,sala01,2860,1790181483118,0,0,OCUPADO,0,28,55,120,1,1
1790181485118,sala01,2861,1790181485118,0,0,OCUPADO,1,28,55,120,1,1
1790181487118,sala01,2862,1790181487118,0,0,OCUPADO,1,28,55,120,1,1
1790181489118,sala01,2863,1790181489118,0,0,OCUPADO,1,28,55,120,1,1
1790181491118,sala01,2864,1790181491118,0,0,OCUPADO,0,28,55,120,1,1
1790181493118,sala01,2865,1790181493118,0,0,OCUPADO,1,28,55,120,1,1
1790181495118,sala01,2866,1790181495118,0,0,OCUPADO,1,28,55,120,1,1
1790181497118,sala01,2867,1790181497118,0,0,OCUPADO,1,28,55,120,1,1
1790181499118,sala01,2868,1790181499118,0,0,OCUPADO,0,28,55,120,1,1
1790181501118,sala01,2869,1790181501118,0,0,OCUPADO,1,28,55,120,1,1
1790181503118,sala01,2870,1790181503118,0,0,OCUPADO,1,28,55,120,1,1
1790181505118,sala01,2871,1790181505118,0,0,OCUPADO,1,28,55,120,1,1
1790181507118,sala01,2872,1790181507118,0,0,OCUPADO,0,28,55,120,1,1
1790181509118,sala01,2873,1790181509118,0,0,OCUPADO,1,28,55,120,1,1
1790181511118,sala01,2874,1790181511118,0,0,OCUPADO,1,28,55,120,1,1
1790181513118,sala01,2875,1790181513118,0,0,OCUPADO,1,28,55,120,1,1
1790181515118,sala01,2876,1790181515118,0,0,OCUPADO,0,28,55,120,1,1
1790181517118,sala01,2877,1790181517118,0,0,OCUPADO,1,28,55,120,1,1
1790181519118,sala01,2878,1790181519118,0,0,OCUPADO,1,28,55,120,1,1
1790181521118,sala01,2879,1790181521118,0,0,OCUPADO,1,28,55,120,1,1
1790181523118,sala01,2880,1790181523118,0,0,OCUPADO,0,28,55,120,1,1
1790181525118,sala01,2881,1790181525118,0,0,OCUPADO,1,28,55,120,1,1
1790181527118,sala01,2882,1790181527118,0,0,OCUPADO,1,28,55,120,1,1
1790181529118,sala01,2883,1790181529118,0,0,OCUPADO,1,28,55,120,1,1
1790181531118,sala01,2884,1790181531118,0,0,OCUPADO,0,28,55,120,1,1
1790181533118,sala01,2885,1790181533118,0,0,OCUPADO,1,28,55,120,1,1
1790181535118,sala01,2886,1790181535118,0,0,OCUPADO,1,28,55,120,1,1
1790181537118,sala01,2887,1790181537118,0,0,OCUPADO,1,28,55,120,1,1
1790181539118,sala01,2888,1790181539118,0,0,OCUPADO,0,28,55,120,1,1
1790181541118,sala01,2889,1790181541118,0,0,OCUPADO,1,28,55,120,1,1
1790181543118,sala01,2890,1790181543118,0,0,OCUPADO,1,28,55,120,1,1
1790181545118,sala01,2891,1790181545118,0,0,OCUPADO,1,28,55,120,1,1
1790181547118,sala01,2892,1790181547118,0,0,OCUPADO,0,28,55,120,1,1
1790181549118,sala01,2893,1790181549118,0,0,OCUPADO,1,28,55,120,1,1
1790181551118,sala01,2894,1790181551118,0,0,OCUPADO,1,28,55,120,1,1
1790181553118,sala01,2895,1790181553118,0,0,OCUPADO,1,28,55,120,1,1
1790181555118,sala01,2896,1790181555118,0,0,OCUPADO,0,28,55,120,1,1
1790181557118,sala01,2897,1790181557118,0,0,OCUPADO,1,28,55,120,1,1
1790181559118,sala01,2898,1790181559118,0,0,OCUPADO,1,28,55,120,1,1
1790181561118,sala01,2899,1790181561118,0,0,OCUPADO,1,28,55,120,1,1
1790181563118,sala01,2900,1790181563118,0,0,OCUPADO,0,28,55,120,1,1
1790181565118,sala01,2901,1790181565118,0,0,OCUPADO,1,28,55,120,1,1
1790181567118,sala01,2902,1790181567118,0,0,OCUPADO,1,28,55,120,1,1
1790181569118,sala01,2903,1790181569118,0,0,OCUPADO,1,28,55,120,1,1
1790181571118,sala01,2904,1790181571118,0,0,OCUPADO,0,28,55,120,1,1
1790181573118,sala01,2905,1790181573118,0,0,OCUPADO,1,28,55,120,1,1
1790181575118,sala01,2906,1790181575118,0,0,OCUPADO,1,28,55,120,1,1
1790181577118,sala01,2907,1790181577118,0,0,OCUPADO,1,28,55,120,1,1
1790181579118,sala01,2908,1790181579118,0,0,OCUPADO,0,28,55,120,1,1
1790181581118,sala01,2909,1790181581118,0,0,OCUPADO,1,28,55,120,1,1
1790181583118,sala01,2910,1790181583118,0,0,OCUPADO,1,28,55,120,1,1
1790181585118,sala01,2911,1790181585118,0,0,OCUPADO,1,28,55,120,1,1
1790181587118,sala01,2912,1790181587118,0,0,OCUPADO,0,28,55,120,1,1
1790181589118,sala01,2913,1790181589118,0,0,OCUPADO,1,28,55,120,1,1
1790181591118,sala01,2914,1790181591118,0,0,OCUPADO,1,28,55,120,1,1
1790181593118,sala01,2915,1790181593118,0,0,OCUPADO,1,28,55,120,1,1
1790181595118,sala01,2916,1790181595118,0,0,OCUPADO,0,28,55,120,1,1
1790181597118,sala01,2917,1790181597118,0,0,OCUPADO,1,28,55,120,1,1
1790181599118,sala01,2918,1790181599118,0,0,OCUPADO,1,28,55,120,1,1
1790181601118,sala01,2919,1790181601118,0,0,OCUPADO,1,28,55,120,1,1
1790181603118,sala01,2920,1790181603118,0,0,OCUPADO,0,28,55,120,1,1
1790181605118,sala01,2921,1790181605118,0,0,OCUPADO,1,28,55,120,1,1
1790181607118,sala01,2922,1790181607118,0,0,OCUPADO,1,28,55,120,1,1
1790181609118,sala01,2923,1790181609118,0,0,OCUPADO,1,28,55,120,1,1
1790181611118,sala01,2924,1790181611118,0,0,OCUPADO,0,28,55,120,1,1
1790181613118,sala01,2925,1790181613118,0,0,OCUPADO,1,28,55,120,1,1
1790181615118,sala01,2926,1790181615118,0,0,OCUPADO,1,28,55,120,1,1
1790181617118,sala01,2927,1790181617118,0,0,OCUPADO,1,28,55,120,1,1
1790181619118,sala01,2928,1790181619118,0,0,OCUPADO,0,28,55,120,1,1
1790181621118,sala01,2929,1790181621118,0,0,OCUPADO,1,28,55,120,1,1
1790181623118,sala01,2930,1790181623118,0,0,OCUPADO,1,28,55,120,1,1
1790181625118,sala01,2931,1790181625118,0,0,OCUPADO,1,28,55,120,1,1
1790181627118,sala01,2932,1790181627118,0,0,OCUPADO,0,28,55,120,1,1
1790181629118,sala01,2933,1790181629118,0,0,OCUPADO,1,28,55,120,1,1
1790181631118,sala01,2934,1790181631118,0,0,OCUPADO,1,28,55,120,1,1
1790181633118,sala01,2935,1790181633118,0,0,OCUPADO,1,28,55,120,1,1
1790181635118,sala01,2936,1790181635118,0,0,OCUPADO,0,28,55,120,1,1
1790181637118,sala01,2937,1790181637118,0,0,OCUPADO,1,28,55,120,1,1
1790181639118,sala01,2938,1790181639118,0,0,OCUPADO,1,28,55,120,1,1
1790181641118,sala01,2939,1790181641118,0,0,OCUPADO,1,28,55,120,1,1
1790181643118,sala01,2940,1790181643118,0,0,OCUPADO,0,28,55,120,1,1
1790181645118,sala01,2941,1790181645118,0,0,OCUPADO,1,28,55,120,1,1
1790181647118,sala01,2942,1790181647118,0,0,OCUPADO,1,28,55,120,1,1
1790181649118,sala01,2943,1790181649118,0,0,OCUPADO,1,28,55,120,1,1
1790181651118,sala01,2944,1790181651118,0,0,OCUPADO,0,28,55,120,1,1
1790181653118,sala01,2945,1790181653118,0,0,OCUPADO,1,28,55,120,1,1
1790181655118,sala01,2946,1790181655118,0,0,OCUPADO,1,28,55,120,1,1
1790181657118,sala01,2947,1790181657118,0,0,OCUPADO,1,28,55,120,1,1
1790181659118,sala01,2948,1790181659118,0,0,OCUPADO,0,28,55,120,1,1
1790181661118,sala01,2949,1790181661118,0,0,OCUPADO,1,28,55,120,1,1
1790181663118,sala01,2950,1790181663118,0,0,OCUPADO,1,28,55,120,1,1
1790181665118,sala01,2951,1790181665118,0,0,OCUPADO,1,28,55,120,1,1
1790181667118,sala01,2952,1790181667118,0,0,OCUPADO,0,28,55,120,1,1
1790181669118,sala01,2953,1790181669118,0,0,OCUPADO,1,28,55,120,1,1
1790181671118,sala01,2954,1790181671118,0,0,OCUPADO,1,28,55,120,1,1
1790181673118,sala01,2955,1790181673118,0,0,OCUPADO,1,28,55,120,1,1
1790181675118,sala01,2956,1790181675118,0,0,OCUPADO,0,28,55,120,1,1
1790181677118,sala01,2957,1790181677118,0,0,OCUPADO,1,28,55,120,1,1
1790181679118,sala01,2958,1790181679118,0,0,OCUPADO,1,28,55,120,1,1
1790181681118,sala01,2959,1790181681118,0,0,OCUPADO,1,28,55,120,1,1
1790181683118,sala01,2960,1790181683118,0,0,OCUPADO,0,28,55,120,1,1
1790181685118,sala01,2961,1790181685118,0,0,OCUPADO,1,28,55,120,1,1
1790181687118,sala01,2962,1790181687118,0,0,OCUPADO,1,28,55,120,1,1
1790181689118,sala01,2963,1790181689118,0,0,OCUPADO,1,28,55,120,1,1
1790181691118,sala01,2964,1790181691118,0,0,OCUPADO,0,28,55,120,1,1
1790181693118,sala01,2965,1790181693118,0,0,OCUPADO,1,28,55,120,1,1
1790181695118,sala01,2966,1790181695118,0,0,OCUPADO,1,28,55,120,1,1
1790181697118,sala01,2967,1790181697118,0,0,OCUPADO,1,28,55,120,1,1
1790181699118,sala01,2968,1790181699118,0,0,OCUPADO,0,28,55,120,1,1
1790181701118,sala01,2969,1790181701118,0,0,OCUPADO,1,28,55,120,1,1
1790181703118,sala01,2970,1790181703118,0,0,OCUPADO,1,28,55,120,1,1
1790181705118,sala01,2971,1790181705118,0,0,OCUPADO,1,28,55,120,1,1
1790181707118,sala01,2972,1790181707118,0,0,OCUPADO,0,28,55,120,1,1
1790181709118,sala01,2973,1790181709118,0,0,OCUPADO,1,28,55,120,1,1
1790181711118,sala01,2974,1790181711118,0,0,OCUPADO,1,28,55,120,1,1
1790181713118,sala01,2975,1790181713118,0,0,OCUPADO,1,28,55,120,1,1
1790181715118,sala01,2976,1790181715118,0,0,OCUPADO,0,28,55,120,1,1
1790181717118,sala01,2977,1790181717118,0,0,OCUPADO,1,28,55,120,1,1
1790181719118,sala01,2978,1790181719118,0,0,OCUPADO,1,28,55,120,1,1
1790181721118,sala01,2979,1790181721118,0,0,OCUPADO,1,28,55,120,1,1
1790181723118,sala01,2980,1790181723118,0,0,OCUPADO,0,28,55,120,1,1
1790181725118,sala01,2981,1790181725118,0,0,OCUPADO,1,28,55,120,1,1
1790181727118,sala01,2982,1790181727118,0,0,OCUPADO,1,28,55,120,1,1
1790181729118,sala01,2983,1790181729118,0,0,OCUPADO,1,28,55,120,1,1
1790181731118,sala01,2984,1790181731118,0,0,OCUPADO,0,28,55,120,1,1
1790181733118,sala01,2985,1790181733118,0,0,OCUPADO,1,28,55,120,1,1
1790181735118,sala01,2986,1790181735118,0,0,OCUPADO,1,28,55,120,1,1
1790181737118,sala01,2987,1790181737118,0,0,OCUPADO,1,28,55,120,1,1
1790181739118,sala01,2988,1790181739118,0,0,OCUPADO,0,28,55,120,1,1
1790181741118,sala01,2989,1790181741118,0,0,OCUPADO,1,28,55,120,1,1
1790181743118,sala01,2990,1790181743118,0,0,OCUPADO,1,28,55,120,1,1
1790181745118,sala01,2991,1790181745118,0,0,OCUPADO,1,28,55,120,1,1
1790181747118,sala01,2992,1790181747118,0,0,OCUPADO,0,28,55,120,1,1
1790181749118,sala01,2993,1790181749118,0,0,OCUPADO,1,28,55,120,1,1
1790181751118,sala01,2994,1790181751118,0,0,OCUPADO,1,28,55,120,1,1
1790181753118,sala01,2995,1790181753118,0,0,OCUPADO,1,28,55,120,1,1
1790181755118,sala01,2996,1790181755118,0,0,OCUPADO,0,28,55,120,1,1
1790181757118,sala01,2997,1790181757118,0,0,OCUPADO,1,28,55,120,1,1
1790181759118,sala01,2998,1790181759118,0,0,OCUPADO,1,28,55,120,1,1
1790181761118,sala01,2999,1790181761118,0,0,OCUPADO,1,28,55,120,1,1
1790181763118,sala01,3000,1790181763118,0,0,OCUPADO,0,28,55,120,1,1
1790181765118,sala01,3001,1790181765118,0,0,OCUPADO,1,28,55,120,1,1
1790181767118,sala01,3002,1790181767118,0,0,OCUPADO,1,28,55,120,1,1
1790181769118,sala01,3003,1790181769118,0,0,OCUPADO,1,28,55,120,1,1
1790181771118,sala01,3004,1790181771118,0,0,OCUPADO,0,28,55,120,1,1
1790181773118,sala01,3005,1790181773118,0,0,OCUPADO,1,28,55,120,1,1
1790181775118,sala01,3006,1790181775118,0,0,OCUPADO,1,28,55,120,1,1
1790181777118,sala01,3007,1790181777118,0,0,OCUPADO,1,28,55,120,1,1
1790181779118,sala01,3008,1790181779118,0,0,OCUPADO,0,28,55,120,1,1
1790181781118,sala01,3009,1790181781118,0,0,OCUPADO,1,28,55,120,1,1
1790181783118,sala01,3010,1790181783118,0,0,OCUPADO,1,28,55,120,1,1
1790181785118,sala01,3011,1790181785118,0,0,OCUPADO,1,28,55,120,1,1
1790181787118,sala01,3012,1790181787118,0,0,OCUPADO,0,28,55,120,1,1
1790181789118,sala01,3013,1790181789118,0,0,OCUPADO,1,28,55,120,1,1
1790181791118,sala01,3014,1790181791118,0,0,OCUPADO,1,28,55,120,1,1
1790181793118,sala01,3015,1790181793118,0,0,OCUPADO,1,28,55,120,1,1
1790181795118,sala01,3016,1790181795118,0,0,OCUPADO,0,28,55,120,1,1
1790181797118,sala01,3017,1790181797118,0,0,OCUPADO,1,28,55,120,1,1
1790181799118,sala01,3018,1790181799118,0,0,OCUPADO,1,28,55,120,1,1
1790181801118,sala01,3019,1790181801118,0,0,OCUPADO,1,28,55,120,1,1
1790181803118,sala01,3020,1790181803118,0,0,OCUPADO,0,28,55,120,1,1
1790181805118,sala01,3021,1790181805118,0,0,OCUPADO,1,28,55,120,1,1
1790181807118,sala01,3022,1790181807118,0,0,OCUPADO,1,28,55,120,1,1
1790181809118,sala01,3023,1790181809118,0,0,OCUPADO,1,28,55,120,1,1
1790181811118,sala01,3024,1790181811118,0,0,OCUPADO,0,28,55,120,1,1
1790181813118,sala01,3025,1790181813118,0,0,OCUPADO,1,28,55,120,1,1
1790181815118,sala01,3026,1790181815118,0,0,OCUPADO,1,28,55,120,1,1
1790181817118,sala01,3027,1790181817118,0,0,OCUPADO,1,28,55,120,1,1
1790181819118,sala01,3028,1790181819118,0,0,OCUPADO,0,28,55,120,1,1
1790181821118,sala01,3029,1790181821118,0,0,OCUPADO,1,28,55,120,1,1
1790181823118,sala01,3030,1790181823118,0,0,OCUPADO,1,28,55,120,1,1
1790181825118,sala01,3031,1790181825118,0,0,OCUPADO,1,28,55,120,1,1
1790181827118,sala01,3032,1790181827118,0,0,OCUPADO,0,28,55,120,1,1
1790181829118,sala01,3033,1790181829118,0,0,OCUPADO,1,28,55,120,1,1
1790181831118,sala01,3034,1790181831118,0,0,OCUPADO,1,28,55,120,1,1
1790181833118,sala01,3035,1790181833118,0,0,OCUPADO,1,28,55,120,1,1
1790181835118,sala01,3036,1790181835118,0,0,OCUPADO,0,28,55,120,1,1
1790181837118,sala01,3037,1790181837118,0,0,OCUPADO,1,28,55,120,1,1
1790181839118,sala01,3038,1790181839118,0,0,OCUPADO,1,28,55,120,1,1
1790181841118,sala01,3039,1790181841118,0,0,OCUPADO,1,28,55,120,1,1
1790181843118,sala01,3040,1790181843118,0,0,OCUPADO,0,28,55,120,1,1
1790181845118,sala01,3041,1790181845118,0,0,OCUPADO,1,28,55,120,1,1
1790181847118,sala01,3042,1790181847118,0,0,OCUPADO,1,28,55,120,1,1
1790181849118,sala01,3043,1790181849118,0,0,OCUPADO,1,28,55,120,1,1
1790181851118,sala01,3044,1790181851118,0,0,OCUPADO,0,28,55,120,1,1
1790181853118,sala01,3045,1790181853118,0,0,OCUPADO,1,28,55,120,1,1
1790181855118,sala01,3046,1790181855118,0,0,OCUPADO,1,28,55,120,1,1
1790181857118,sala01,3047,1790181857118,0,0,OCUPADO,1,28,55,120,1,1
1790181859118,sala01,3048,1790181859118,0,0,OCUPADO,0,28,55,120,1,1
1790181861118,sala01,3049,1790181861118,0,0,OCUPADO,1,28,55,120,1,1
1790181863118,sala01,3050,1790181863118,0,0,OCUPADO,1,28,55,120,1,1
1790181865118,sala01,3051,1790181865118,0,0,OCUPADO,1,28,55,120,1,1
1790181867118,sala01,3052,1790181867118,0,0,OCUPADO,0,28,55,120,1,1
1790181869118,sala01,3053,1790181869118,0,0,OCUPADO,1,28,55,120,1,1
1790181871118,sala01,3054,1790181871118,0,0,OCUPADO,1,28,55,120,1,1
1790181873118,sala01,3055,1790181873118,0,0,OCUPADO,1,28,55,120,1,1
1790181875118,sala01,3056,1790181875118,0,0,OCUPADO,0,28,55,120,1,1
1790181877118,sala01,3057,1790181877118,0,0,OCUPADO,1,28,55,120,1,1
1790181879118,sala01,3058,1790181879118,0,0,OCUPADO,1,28,55,120,1,1
1790181881118,sala01,3059,1790181881118,0,0,OCUPADO,1,28,55,120,1,1
1790181883118,sala01,3060,1790181883118,0,0,OCUPADO,0,28,55,120,1,1
1790181885118,sala01,3061,1790181885118,0,0,OCUPADO,1,28,55,120,1,1
1790181887118,sala01,3062,1790181887118,0,0,OCUPADO,1,28,55,120,1,1
1790181889118,sala01,3063,1790181889118,0,0,OCUPADO,1,28,55,120,1,1
1790181891118,sala01,3064,1790181891118,0,0,OCUPADO,0,28,55,120,1,1
1790181893118,sala01,3065,1790181893118,0,0,OCUPADO,1,28,55,120,1,1
1790181895118,sala01,3066,1790181895118,0,0,OCUPADO,1,28,55,120,1,1
1790181897118,sala01,3067,1790181897118,0,0,OCUPADO,1,28,55,120,1,1
1790181899118,sala01,3068,1790181899118,0,0,OCUPADO,0,28,55,120,1,1
1790181901118,sala01,3069,1790181901118,0,0,OCUPADO,1,28,55,120,1,1
1790181903118,sala01,3070,1790181903118,0,0,OCUPADO,1,28,55,120,1,1
1790181905118,sala01,3071,1790181905118,0,0,OCUPADO,1,28,55,120,1,1
1790181907118,sala01,3072,1790181907118,0,0,OCUPADO,0,28,55,120,1,1
1790181909118,sala01,3073,1790181909118,0,0,OCUPADO,1,28,55,120,1,1
1790181911118,sala01,3074,1790181911118,0,0,OCUPADO,1,28,55,120,1,1
1790181913118,sala01,3075,1790181913118,0,0,OCUPADO,1,28,55,120,1,1
1790181915118,sala01,3076,1790181915118,0,0,OCUPADO,0,28,55,120,1,1
1790181917118,sala01,3077,1790181917118,0,0,OCUPADO,1,28,55,120,1,1
1790181919118,sala01,3078,1790181919118,0,0,OCUPADO,1,28,55,120,1,1
1790181921118,sala01,3079,1790181921118,0,0,OCUPADO,1,28,55,120,1,1
1790181923118,sala01,3080,1790181923118,0,0,OCUPADO,0,28,55,120,1,1
1790181925118,sala01,3081,1790181925118,0,0,OCUPADO,1,28,55,120,1,1
1790181927118,sala01,3082,1790181927118,0,0,OCUPADO,1,28,55,120,1,1
1790181929118,sala01,3083,1790181929118,0,0,OCUPADO,1,28,55,120,1,1
1790181931118,sala01,3084,1790181931118,0,0,OCUPADO,0,28,55,120,1,1
1790181933118,sala01,3085,1790181933118,0,0,OCUPADO,1,28,55,120,1,1
1790181935118,sala01,3086,1790181935118,0,0,OCUPADO,1,28,55,120,1,1
1790181937118,sala01,3087,1790181937118,0,0,OCUPADO,1,28,55,120,1,1
1790181939118,sala01,3088,1790181939118,0,0,OCUPADO,0,28,55,120,1,1
1790181941118,sala01,3089,1790181941118,0,0,OCUPADO,1,28,55,120,1,1
1790181943118,sala01,3090,1790181943118,0,0,OCUPADO,1,28,55,120,1,1
1790181945118,sala01,3091,1790181945118,0,0,OCUPADO,1,28,55,120,1,1
1790181947118,sala01,3092,1790181947118,0,0,OCUPADO,0,28,55,120,1,1
1790181949118,sala01,3093,1790181949118,0,0,OCUPADO,1,28,55,120,1,1
1790181951118,sala01,3094,1790181951118,0,0,OCUPADO,1,28,55,120,1,1
1790181953118,sala01,3095,1790181953118,0,0,OCUPADO,1,28,55,120,1,1
1790181955118,sala01,3096,1790181955118,0,0,OCUPADO,0,28,55,120,1,1
1790181957118,sala01,3097,1790181957118,0,0,OCUPADO,1,28,55,120,1,1
1790181959118,sala01,3098,1790181959118,0,0,OCUPADO,1,28,55,120,1,1
1790181961118,sala01,3099,1790181961118,0,0,OCUPADO,1,28,55,120,1,1
1790181963118,sala01,3100,1790181963118,0,0,OCUPADO,0,28,55,120,1,1
1790181965118,sala01,3101,1790181965118,0,0,OCUPADO,1,28,55,120,1,1
1790181967118,sala01,3102,1790181967118,0,0,OCUPADO,1,28,55,120,1,1
1790181969118,sala01,3103,1790181969118,0,0,OCUPADO,1,28,55,120,1,1
1790181971118,sala01,3104,1790181971118,0,0,OCUPADO,0,28,55,120,1,1
1790181973118,sala01,3105,1790181973118,0,0,OCUPADO,1,28,55,120,1,1
1790181975118,sala01,3106,1790181975118,0,0,OCUPADO,1,28,55,120,1,1
1790181977118,sala01,3107,1790181977118,0,0,OCUPADO,1,28,55,120,1,1
1790181979118,sala01,3108,1790181979118,0,0,OCUPADO,0,28,55,120,1,1
1790181981118,sala01,3109,1790181981118,0,0,OCUPADO,1,28,55,120,1,1
1790181983118,sala01,3110,1790181983118,0,0,OCUPADO,1,28,55,120,1,1
1790181985118,sala01,3111,1790181985118,0,0,OCUPADO,1,28,55,120,1,1
1790181987118,sala01,3112,1790181987118,0,0,OCUPADO,0,28,55,120,1,1
1790181989118,sala01,3113,1790181989118,0,0,OCUPADO,1,28,55,120,1,1
1790181991118,sala01,3114,1790181991118,0,0,OCUPADO,1,28,55,120,1,1
1790181993118,sala01,3115,1790181993118,0,0,OCUPADO,1,28,55,120,1,1
1790181995118,sala01,3116,1790181995118,0,0,OCUPADO,0,28,55,120,1,1
1790181997118,sala01,3117,1790181997118,0,0,OCUPADO,1,28,55,120,1,1
1790181999118,sala01,3118,1790181999118,0,0,OCUPADO,1,28,55,120,1,1
1790182001118,sala01,3119,1790182001118,0,0,OCUPADO,1,28,55,120,1,1
1790182003118,sala01,3120,1790182003118,0,0,OCUPADO,0,28,55,120,1,1
1790182005118,sala01,3121,1790182005118,0,0,OCUPADO,1,28,55,120,1,1
1790182007118,sala01,3122,1790182007118,0,0,OCUPADO,1,28,55,120,1,1
1790182009118,sala01,3123,1790182009118,0,0,OCUPADO,1,28,55,120,1,1
1790182011118,sala01,3124,1790182011118,0,0,OCUPADO,0,28,55,120,1,1
1790182013118,sala01,3125,1790182013118,0,0,OCUPADO,1,28,55,120,1,1
1790182015118,sala01,3126,1790182015118,0,0,OCUPADO,1,28,55,120,1,1
1790182017118,sala01,3127,1790182017118,0,0,OCUPADO,1,28,55,120,1,1
1790182019118,sala01,3128,1790182019118,0,0,OCUPADO,0,28,55,120,1,1
1790182021118,sala01,3129,1790182021118,0,0,OCUPADO,1,28,55,120,1,1
1790182023118,sala01,3130,1790182023118,0,0,OCUPADO,1,28,55,120,1,1
1790182025118,sala01,3131,1790182025118,0,0,OCUPADO,1,28,55,120,1,1
1790182027118,sala01,3132,1790182027118,0,0,OCUPADO,0,28,55,120,1,1
1790182029118,sala01,3133,1790182029118,0,0,OCUPADO,1,28,55,120,1,1
1790182031118,sala01,3134,1790182031118,0,0,OCUPADO,1,28,55,120,1,1
1790182033118,sala01,3135,1790182033118,0,0,OCUPADO,1,28,55,120,1,1
1790182035118,sala01,3136,1790182035118,0,0,OCUPADO,0,28,55,120,1,1
1790182037118,sala01,3137,1790182037118,0,0,OCUPADO,1,28,55,120,1,1
1790182039118,sala01,3138,1790182039118,0,0,OCUPADO,1,28,55,120,1,1
1790182041118,sala01,3139,1790182041118,0,0,OCUPADO,1,28,55,120,1,1
1790182043118,sala01,3140,1790182043118,0,0,OCUPADO,0,28,55,120,1,1
1790182045118,sala01,3141,1790182045118,0,0,OCUPADO,1,28,55,120,1,1
1790182047118,sala01,3142,1790182047118,0,0,OCUPADO,1,28,55,120,1,1
1790182049118,sala01,3143,1790182049118,0,0,OCUPADO,1,28,55,120,1,1
1790182051118,sala01,3144,1790182051118,0,0,OCUPADO,0,28,55,120,1,1
1790182053118,sala01,3145,1790182053118,0,0,OCUPADO,1,28,55,120,1,1
1790182055118,sala01,3146,1790182055118,0,0,OCUPADO,1,28,55,120,1,1
1790182057118,sala01,3147,1790182057118,0,0,OCUPADO,1,28,55,120,1,1
1790182059118,sala01,3148,1790182059118,0,0,OCUPADO,0,28,55,120,1,1
1790182061118,sala01,3149,1790182061118,0,0,OCUPADO,1,28,55,120,1,1
1790182063118,sala01,3150,1790182063118,0,0,OCUPADO,1,28,55,120,1,1
1790182065118,sala01,3151,1790182065118,0,0,OCUPADO,1,28,55,120,1,1
1790182067118,sala01,3152,1790182067118,0,0,OCUPADO,0,28,55,120,1,1
1790182069118,sala01,3153,1790182069118,0,0,OCUPADO,1,28,55,120,1,1
1790182071118,sala01,3154,1790182071118,0,0,OCUPADO,1,28,55,120,1,1
1790182073118,sala01,3155,1790182073118,0,0,OCUPADO,1,28,55,120,1,1
1790182075118,sala01,3156,1790182075118,0,0,OCUPADO,0,28,55,120,1,1
1790182077118,sala01,3157,1790182077118,0,0,OCUPADO,1,28,55,120,1,1
1790182079118,sala01,3158,1790182079118,0,0,OCUPADO,1,28,55,120,1,1
1790182081118,sala01,3159,1790182081118,0,0,OCUPADO,1,28,55,120,1,1
1790182083118,sala01,3160,1790182083118,0,0,OCUPADO,0,28,55,120,1,1
1790182085118,sala01,3161,1790182085118,0,0,OCUPADO,1,28,55,120,1,1
1790182087118,sala01,3162,1790182087118,0,0,OCUPADO,1,28,55,120,1,1
1790182089118,sala01,3163,1790182089118,0,0,OCUPADO,1,28,55,120,1,1
1790182091118,sala01,3164,1790182091118,0,0,OCUPADO,0,28,55,120,1,1
1790182093118,sala01,3165,1790182093118,0,0,OCUPADO,1,28,55,120,1,1
1790182095118,sala01,3166,1790182095118,0,0,OCUPADO,1,28,55,120,1,1
1790182097118,sala01,3167,1790182097118,0,0,OCUPADO,1,28,55,120,1,1
1790182099118,sala01,3168,1790182099118,0,0,OCUPADO,0,28,55,120,1,1
1790182101118,sala01,3169,1790182101118,0,0,OCUPADO,1,28,55,120,1,1
1790182103118,sala01,3170,1790182103118,0,0,OCUPADO,1,28,55,120,1,1
1790182105118,sala01,3171,1790182105118,0,0,OCUPADO,1,28,55,120,1,1
1790182107118,sala01,3172,1790182107118,0,0,OCUPADO,0,28,55,120,1,1
1790182109118,sala01,3173,1790182109118,0,0,OCUPADO,1,28,55,120,1,1
1790182111118,sala01,3174,1790182111118,0,0,OCUPADO,1,28,55,120,1,1
1790182113118,sala01,3175,1790182113118,0,0,OCUPADO,1,28,55,120,1,1
1790182115118,sala01,3176,1790182115118,0,0,OCUPADO,0,28,55,120,1,1
1790182117118,sala01,3177,1790182117118,0,0,OCUPADO,1,28,55,120,1,1
1790182119118,sala01,3178,1790182119118,0,0,OCUPADO,1,28,55,120,1,1
1790182121118,sala01,3179,1790182121118,0,0,OCUPADO,1,28,55,120,1,1
1790182123118,sala01,3180,1790182123118,0,0,OCUPADO,0,28,55,120,1,1
1790182125118,sala01,3181,1790182125118,0,0,OCUPADO,1,28,55,120,1,1
1790182127118,sala01,3182,1790182127118,0,0,OCUPADO,1,28,55,120,1,1
1790182129118,sala01,3183,1790182129118,0,0,OCUPADO,1,28,55,120,1,1
1790182131118,sala01,3184,1790182131118,0,0,OCUPADO,0,28,55,120,1,1
1790182133118,sala01,3185,1790182133118,0,0,OCUPADO,1,28,55,120,1,1
1790182135118,sala01,3186,1790182135118,0,0,OCUPADO,1,28,55,120,1,1
1790182137118,sala01,3187,1790182137118,0,0,OCUPADO,1,28,55,120,1,1
1790182139118,sala01,3188,1790182139118,0,0,OCUPADO,0,28,55,120,1,1
1790182141118,sala01,3189,1790182141118,0,0,OCUPADO,1,28,55,120,1,1
1790182143118,sala01,3190,1790182143118,0,0,OCUPADO,1,28,55,120,1,1
1790182145118,sala01,3191,1790182145118,0,0,OCUPADO,1,28,55,120,1,1
1790182147118,sala01,3192,1790182147118,0,0,OCUPADO,0,28,55,120,1,1
1790182149118,sala01,3193,1790182149118,0,0,OCUPADO,1,28,55,120,1,1
1790182151118,sala01,3194,1790182151118,0,0,OCUPADO,1,28,55,120,1,1
1790182153118,sala01,3195,1790182153118,0,0,OCUPADO,1,28,55,120,1,1
1790182155118,sala01,3196,1790182155118,0,0,OCUPADO,0,28,55,120,1,1
1790182157118,sala01,3197,1790182157118,0,0,OCUPADO,1,28,55,120,1,1
1790182159118,sala01,3198,1790182159118,0,0,OCUPADO,1,28,55,120,1,1
1790182161118,sala01,3199,1790182161118,0,0,OCUPADO,1,28,55,120,1,1
1790182163118,sala01,3200,1790182163118,0,0,OCUPADO,0,28,55,120,1,1
1790182165118,sala01,3201,1790182165118,0,0,OCUPADO,1,28,55,120,1,1
1790182167118,sala01,3202,1790182167118,0,0,OCUPADO,1,28,55,120,1,1
1790182169118,sala01,3203,1790182169118,0,0,OCUPADO,1,28,55,120,1,1
1790182171118,sala01,3204,1790182171118,0,0,OCUPADO,0,28,55,120,1,1
1790182173118,sala01,3205,1790182173118,0,0,OCUPADO,1,28,55,120,1,1
1790182175118,sala01,3206,1790182175118,0,0,OCUPADO,1,28,55,120,1,1
1790182177118,sala01,3207,1790182177118,0,0,OCUPADO,1,28,55,120,1,1
1790182179118,sala01,3208,1790182179118,0,0,OCUPADO,0,28,55,120,1,1
1790182181118,sala01,3209,1790182181118,0,0,OCUPADO,1,28,55,120,1,1
1790182183118,sala01,3210,1790182183118,0,0,OCUPADO,1,28,55,120,1,1
1790182185118,sala01,3211,1790182185118,0,0,OCUPADO,1,28,55,120,1,1
1790182187118,sala01,3212,1790182187118,0,0,OCUPADO,0,28,55,120,1,1
1790182189118,sala01,3213,1790182189118,0,0,OCUPADO,1,28,55,120,1,1
1790182191118,sala01,3214,1790182191118,0,0,OCUPADO,1,28,55,120,1,1
1790182193118,sala01,3215,1790182193118,0,0,OCUPADO,1,28,55,120,1,1
1790182195118,sala01,3216,1790182195118,0,0,OCUPADO,0,28,55,120,1,1
1790182197118,sala01,3217,1790182197118,0,0,OCUPADO,1,28,55,120,1,1
1790182199118,sala01,3218,1790182199118,0,0,OCUPADO,1,28,55,120,1,1
1790182201118,sala01,3219,1790182201118,0,0,OCUPADO,1,28,55,120,1,1
1790182203118,sala01,3220,1790182203118,0,0,OCUPADO,0,28,55,120,1,1
1790182205118,sala01,3221,1790182205118,0,0,OCUPADO,1,28,55,120,1,1
1790182207118,sala01,3222,1790182207118,0,0,OCUPADO,1,28,55,120,1,1
1790182209118,sala01,3223,1790182209118,0,0,OCUPADO,1,28,55,120,1,1
1790182211118,sala01,3224,1790182211118,0,0,OCUPADO,0,28,55,120,1,1
1790182213118,sala01,3225,1790182213118,0,0,OCUPADO,1,28,55,120,1,1
1790182215118,sala01,3226,1790182215118,0,0,OCUPADO,1,28,55,120,1,1
1790182217118,sala01,3227,1790182217118,0,0,OCUPADO,1,28,55,120,1,1
1790182219118,sala01,3228,1790182219118,0,0,OCUPADO,0,28,55,120,1,1
1790182221118,sala01,3229,1790182221118,0,0,OCUPADO,1,28,55,120,1,1
1790182223118,sala01,3230,1790182223118,0,0,OCUPADO,1,28,55,120,1,1
1790182225118,sala01,3231,1790182225118,0,0,OCUPADO,1,28,55,120,1,1
1790182227118,sala01,3232,1790182227118,0,0,OCUPADO,0,28,55,120,1,1
1790182229118,sala01,3233,1790182229118,0,0,OCUPADO,1,28,55,120,1,1
1790182231118,sala01,3234,1790182231118,0,0,OCUPADO,1,28,55,120,1,1
1790182233118,sala01,3235,1790182233118,0,0,OCUPADO,1,28,55,120,1,1
1790182235118,sala01,3236,1790182235118,0,0,OCUPADO,0,28,55,120,1,1
1790182237118,sala01,3237,1790182237118,0,0,OCUPADO,1,28,55,120,1,1
1790182239118,sala01,3238,1790182239118,0,0,OCUPADO,1,28,55,120,1,1
1790182241118,sala01,3239,1790182241118,0,0,OCUPADO,1,28,55,120,1,1
1790182243118,sala01,3240,1790182243118,0,0,OCUPADO,0,28,55,120,1,1
1790182245118,sala01,3241,1790182245118,0,0,OCUPADO,1,28,55,120,1,1
1790182247118,sala01,3242,1790182247118,0,0,OCUPADO,1,28,55,120,1,1
1790182249118,sala01,3243,1790182249118,0,0,OCUPADO,1,28,55,120,1,1
1790182251118,sala01,3244,1790182251118,0,0,OCUPADO,0,28,55,120,1,1
1790182253118,sala01,3245,1790182253118,0,0,OCUPADO,1,28,55,120,1,1
1790182255118,sala01,3246,1790182255118,0,0,OCUPADO,1,28,55,120,1,1
1790182257118,sala01,3247,1790182257118,0,0,OCUPADO,1,28,55,120,1,1
1790182259118,sala01,3248,1790182259118,0,0,OCUPADO,0,28,55,120,1,1
1790182261118,sala01,3249,1790182261118,0,0,OCUPADO,1,28,55,120,1,1
1790182263118,sala01,3250,1790182263118,0,0,OCUPADO,1,28,55,120,1,1
1790182265118,sala01,3251,1790182265118,0,0,OCUPADO,1,28,55,120,1,1
1790182267118,sala01,3252,1790182267118,0,0,OCUPADO,0,28,55,120,1,1
1790182269118,sala01,3253,1790182269118,0,0,OCUPADO,1,28,55,120,1,1
1790182271118,sala01,3254,1790182271118,0,0,OCUPADO,1,28,55,120,1,1
1790182273118,sala01,3255,1790182273118,0,0,OCUPADO,1,28,55,120,1,1
1790182275118,sala01,3256,1790182275118,0,0,OCUPADO,0,28,55,120,1,1
1790182277118,sala01,3257,1790182277118,0,0,OCUPADO,1,28,55,120,1,1
1790182279118,sala01,3258,1790182279118,0,0,OCUPADO,1,28,55,120,1,1
1790182281118,sala01,3259,1790182281118,0,0,OCUPADO,1,28,55,120,1,1
1790182283118,sala01,3260,1790182283118,0,0,OCUPADO,0,28,55,120,1,1
1790182285118,sala01,3261,1790182285118,0,0,OCUPADO,1,28,55,120,1,1
1790182287118,sala01,3262,1790182287118,0,0,OCUPADO,1,28,55,120,1,1
1790182289118,sala01,3263,1790182289118,0,0,OCUPADO,1,28,55,120,1,1
1790182291118,sala01,3264,1790182291118,0,0,OCUPADO,0,28,55,120,1,1
1790182293118,sala01,3265,1790182293118,0,0,OCUPADO,1,28,55,120,1,1
1790182295118,sala01,3266,1790182295118,0,0,OCUPADO,1,28,55,120,1,1
1790182297118,sala01,3267,1790182297118,0,0,OCUPADO,1,28,55,120,1,1
1790182299118,sala01,3268,1790182299118,0,0,OCUPADO,0,28,55,120,1,1
1790182301118,sala01,3269,1790182301118,0,0,OCUPADO,1,28,55,120,1,1
1790182303118,sala01,3270,1790182303118,0,0,OCUPADO,1,28,55,120,1,1
1790182305118,sala01,3271,1790182305118,0,0,OCUPADO,1,28,55,120,1,1
1790182307118,sala01,3272,1790182307118,0,0,OCUPADO,0,28,55,120,1,1
1790182309118,sala01,3273,1790182309118,0,0,OCUPADO,1,28,55,120,1,1
1790182311118,sala01,3274,1790182311118,0,0,OCUPADO,1,28,55,120,1,1
1790182313118,sala01,3275,1790182313118,0,0,OCUPADO,1,28,55,120,1,1
1790182315118,sala01,3276,1790182315118,0,0,OCUPADO,0,28,55,120,1,1
1790182317118,sala01,3277,1790182317118,0,0,OCUPADO,1,28,55,120,1,1
1790182319118,sala01,3278,1790182319118,0,0,OCUPADO,1,28,55,120,1,1
1790182321118,sala01,3279,1790182321118,0,0,OCUPADO,1,28,55,120,1,1
1790182323118,sala01,3280,1790182323118,0,0,OCUPADO,0,28,55,120,1,1
1790182325118,sala01,3281,1790182325118,0,0,OCUPADO,1,28,55,120,1,1
1790182327118,sala01,3282,1790182327118,0,0,OCUPADO,1,28,55,120,1,1
1790182329118,sala01,3283,1790182329118,0,0,OCUPADO,1,28,55,120,1,1
1790182331118,sala01,3284,1790182331118,0,0,OCUPADO,0,28,55,120,1,1
1790182333118,sala01,3285,1790182333118,0,0,OCUPADO,1,28,55,120,1,1
1790182335118,sala01,3286,1790182335118,0,0,OCUPADO,1,28,55,120,1,1
1790182337118,sala01,3287,1790182337118,0,0,OCUPADO,1,28,55,120,1,1
1790182339118,sala01,3288,1790182339118,0,0,OCUPADO,0,28,55,120,1,1
1790182341118,sala01,3289,1790182341118,0,0,OCUPADO,1,28,55,120,1,1
1790182343118,sala01,3290,1790182343118,0,0,OCUPADO,1,28,55,120,1,1
1790182345118,sala01,3291,1790182345118,0,0,OCUPADO,1,28,55,120,1,1
1790182347118,sala01,3292,1790182347118,0,0,OCUPADO,0,28,55,120,1,1
1790182349118,sala01,3293,1790182349118,0,0,OCUPADO,1,28,55,120,1,1
1790182351118,sala01,3294,1790182351118,0,0,OCUPADO,1,28,55,120,1,1
1790182353118,sala01,3295,1790182353118,0,0,OCUPADO,1,28,55,120,1,1
1790182355118,sala01,3296,1790182355118,0,0,OCUPADO,0,28,55,120,1,1
1790182357118,sala01,3297,1790182357118,0,0,OCUPADO,1,28,55,120,1,1
1790182359118,sala01,3298,1790182359118,0,0,OCUPADO,1,28,55,120,1,1
1790182361118,sala01,3299,1790182361118,0,0,OCUPADO,1,28,55,120,1,1
1790182363118,sala01,3300,1790182363118,0,0,OCUPADO,0,28,55,120,1,1
1790182365118,sala01,3301,1790182365118,0,0,OCUPADO,1,28,55,120,1,1
1790182367118,sala01,3302,1790182367118,0,0,OCUPADO,1,28,55,120,1,1
1790182369118,sala01,3303,1790182369118,0,0,OCUPADO,1,28,55,120,1,1
1790182371118,sala01,3304,1790182371118,0,0,OCUPADO,0,28,55,120,1,1
1790182373118,sala01,3305,1790182373118,0,0,OCUPADO,1,28,55,120,1,1
1790182375118,sala01,3306,1790182375118,0,0,OCUPADO,1,28,55,120,1,1
1790182377118,sala01,3307,1790182377118,0,0,OCUPADO,1,28,55,120,1,1
1790182379118,sala01,3308,1790182379118,0,0,OCUPADO,0,28,55,120,1,1
1790182381118,sala01,3309,1790182381118,0,0,OCUPADO,1,28,55,120,1,1
1790182383118,sala01,3310,1790182383118,0,0,OCUPADO,1,28,55,120,1,1
1790182385118,sala01,3311,1790182385118,0,0,OCUPADO,1,28,55,120,1,1
1790182387118,sala01,3312,1790182387118,0,0,OCUPADO,0,28,55,120,1,1
1790182389118,sala01,3313,1790182389118,0,0,OCUPADO,1,28,55,120,1,1
1790182391118,sala01,3314,1790182391118,0,0,OCUPADO,1,28,55,120,1,1
1790182393118,sala01,3315,1790182393118,0,0,OCUPADO,1,28,55,120,1,1
1790182395118,sala01,3316,1790182395118,0,0,OCUPADO,0,28,55,120,1,1
1790182397118,sala01,3317,1790182397118,0,0,OCUPADO,1,28,55,120,1,1
1790182399118,sala01,3318,1790182399118,0,0,OCUPADO,1,28,55,120,1,1
1790182401118,sala01,3319,1790182401118,0,0,OCUPADO,1,28,55,120,1,1
1790182403118,sala01,3320,1790182403118,0,0,OCUPADO,0,28,55,120,1,1
1790182405118,sala01,3321,1790182405118,0,0,OCUPADO,1,28,55,120,1,1
1790182407118,sala01,3322,1790182407118,0,0,OCUPADO,1,28,55,120,1,1
1790182409118,sala01,3323,1790182409118,0,0,OCUPADO,1,28,55,120,1,1
1790182411118,sala01,3324,1790182411118,0,0,OCUPADO,0,28,55,120,1,1
1790182413118,sala01,3325,1790182413118,0,0,OCUPADO,1,28,55,120,1,1
1790182415118,sala01,3326,1790182415118,0,0,OCUPADO,1,28,55,120,1,1
1790182417118,sala01,3327,1790182417118,0,0,OCUPADO,1,28,55,120,1,1
1790182419118,sala01,3328,1790182419118,0,0,OCUPADO,0,28,55,120,1,1
1790182421118,sala01,3329,1790182421118,0,0,OCUPADO,1,28,55,120,1,1
1790182423118,sala01,3330,1790182423118,0,0,OCUPADO,1,28,55,120,1,1
1790182425118,sala01,3331,1790182425118,0,0,OCUPADO,1,28,55,120,1,1
1790182427118,sala01,3332,1790182427118,0,0,OCUPADO,0,28,55,120,1,1
1790182429118,sala01,3333,1790182429118,0,0,OCUPADO,1,28,55,120,1,1
1790182431118,sala01,3334,1790182431118,0,0,OCUPADO,1,28,55,120,1,1
1790182433118,sala01,3335,1790182433118,0,0,OCUPADO,1,28,55,120,1,1
1790182435118,sala01,3336,1790182435118,0,0,OCUPADO,0,28,55,120,1,1
1790182437118,sala01,3337,1790182437118,0,0,OCUPADO,1,28,55,120,1,1
1790182439118,sala01,3338,1790182439118,0,0,OCUPADO,1,28,55,120,1,1
1790182441118,sala01,3339,1790182441118,0,0,OCUPADO,1,28,55,120,1,1
1790182443118,sala01,3340,1790182443118,0,0,OCUPADO,0,28,55,120,1,1
1790182445118,sala01,3341,1790182445118,0,0,OCUPADO,1,28,55,120,1,1
1790182447118,sala01,3342,1790182447118,0,0,OCUPADO,1,28,55,120,1,1
1790182449118,sala01,3343,1790182449118,0,0,OCUPADO,1,28,55,120,1,1
1790182451118,sala01,3344,1790182451118,0,0,OCUPADO,0,28,55,120,1,1
1790182453118,sala01,3345,1790182453118,0,0,OCUPADO,1,28,55,120,1,1
1790182455118,sala01,3346,1790182455118,0,0,OCUPADO,1,28,55,120,1,1
1790182457118,sala01,3347,1790182457118,0,0,OCUPADO,1,28,55,120,1,1
1790182459118,sala01,3348,1790182459118,0,0,OCUPADO,0,28,55,120,1,1
1790182461118,sala01,3349,1790182461118,0,0,OCUPADO,1,28,55,120,1,1
1790182463118,sala01,3350,1790182463118,0,0,OCUPADO,1,28,55,120,1,1
1790182465118,sala01,3351,1790182465118,0,0,OCUPADO,1,28,55,120,1,1
1790182467118,sala01,3352,1790182467118,0,0,OCUPADO,0,28,55,120,1,1
1790182469118,sala01,3353,1790182469118,0,0,OCUPADO,1,28,55,120,1,1
1790182471118,sala01,3354,1790182471118,0,0,OCUPADO,1,28,55,120,1,1
1790182473118,sala01,3355,1790182473118,0,0,OCUPADO,1,28,55,120,1,1
1790182475118,sala01,3356,1790182475118,0,0,OCUPADO,0,28,55,120,1,1
1790182477118,sala01,3357,1790182477118,0,0,OCUPADO,1,28,55,120,1,1
1790182479118,sala01,3358,1790182479118,0,0,OCUPADO,1,28,55,120,1,1
1790182481118,sala01,3359,1790182481118,0,0,OCUPADO,1,28,55,120,1,1
1790182483118,sala01,3360,1790182483118,0,0,OCUPADO,0,28,55,120,1,1
1790182485118,sala01,3361,1790182485118,0,0,OCUPADO,1,28,55,120,1,1
1790182487118,sala01,3362,1790182487118,0,0,OCUPADO,1,28,55,120,1,1
1790182489118,sala01,3363,1790182489118,0,0,OCUPADO,1,28,55,120,1,1
1790182491118,sala01,3364,1790182491118,0,0,OCUPADO,0,28,55,120,1,1
1790182493118,sala01,3365,1790182493118,0,0,OCUPADO,1,28,55,120,1,1
1790182495118,sala01,3366,1790182495118,0,0,OCUPADO,1,28,55,120,1,1
1790182497118,sala01,3367,1790182497118,0,0,OCUPADO,1,28,55,120,1,1
1790182499118,sala01,3368,1790182499118,0,0,OCUPADO,0,28,55,120,1,1
1790182501118,sala01,3369,1790182501118,0,0,OCUPADO,1,28,55,120,1,1
1790182503118,sala01,3370,1790182503118,0,0,OCUPADO,1,28,55,120,1,1
1790182505118,sala01,3371,1790182505118,0,0,OCUPADO,1,28,55,120,1,1
1790182507118,sala01,3372,1790182507118,0,0,OCUPADO,0,28,55,120,1,1
1790182509118,sala01,3373,1790182509118,0,0,OCUPADO,1,28,55,120,1,1
1790182511118,sala01,3374,1790182511118,0,0,OCUPADO,1,28,55,120,1,1
1790182513118,sala01,3375,1790182513118,0,0,OCUPADO,1,28,55,120,1,1
1790182515118,sala01,3376,1790182515118,0,0,OCUPADO,0,28,55,120,1,1
1790182517118,sala01,3377,1790182517118,0,0,OCUPADO,1,28,55,120,1,1
1790182519118,sala01,3378,1790182519118,0,0,OCUPADO,1,28,55,120,1,1
1790182521118,sala01,3379,1790182521118,0,0,OCUPADO,1,28,55,120,1,1
1790182523118,sala01,3380,1790182523118,0,0,OCUPADO,0,28,55,120,1,1
1790182525118,sala01,3381,1790182525118,0,0,OCUPADO,1,28,55,120,1,1
1790182527118,sala01,3382,1790182527118,0,0,OCUPADO,1,28,55,120,1,1
1790182529118,sala01,3383,1790182529118,0,0,OCUPADO,1,28,55,120,1,1
1790182531118,sala01,3384,1790182531118,0,0,OCUPADO,0,28,55,120,1,1
1790182533118,sala01,3385,1790182533118,0,0,OCUPADO,1,28,55,120,1,1
1790182535118,sala01,3386,1790182535118,0,0,OCUPADO,1,28,55,120,1,1
1790182537118,sala01,3387,1790182537118,0,0,OCUPADO,1,28,55,120,1,1
1790182539118,sala01,3388,1790182539118,0,0,OCUPADO,0,28,55,120,1,1
1790182541118,sala01,3389,1790182541118,0,0,OCUPADO,1,28,55,120,1,1
1790182543118,sala01,3390,1790182543118,0,0,OCUPADO,1,28,55,120,1,1
1790182545118,sala01,3391,1790182545118,0,0,OCUPADO,1,28,55,120,1,1
1790182547118,sala01,3392,1790182547118,0,0,OCUPADO,0,28,55,120,1,1
1790182549118,sala01,3393,1790182549118,0,0,OCUPADO,1,28,55,120,1,1
1790182551118,sala01,3394,1790182551118,0,0,OCUPADO,1,28,55,120,1,1
1790182553118,sala01,3395,1790182553118,0,0,OCUPADO,1,28,55,120,1,1
1790182555118,sala01,3396,1790182555118,0,0,OCUPADO,0,28,55,120,1,1
1790182557118,sala01,3397,1790182557118,0,0,OCUPADO,1,28,55,120,1,1
1790182559118,sala01,3398,1790182559118,0,0,OCUPADO,1,28,55,120,1,1
1790182561118,sala01,3399,1790182561118,0,0,OCUPADO,1,28,55,120,1,1
1790182563118,sala01,3400,1790182563118,0,0,OCUPADO,0,28,55,120,1,1
1790182565118,sala01,3401,1790182565118,0,0,OCUPADO,1,28,55,120,1,1
1790182567118,sala01,3402,1790182567118,0,0,OCUPADO,1,28,55,120,1,1
1790182569118,sala01,3403,1790182569118,0,0,OCUPADO,1,28,55,120,1,1
1790182571118,sala01,3404,1790182571118,0,0,OCUPADO,0,28,55,120,1,1
1790182573118,sala01,3405,1790182573118,0,0,OCUPADO,1,28,55,120,1,1
1790182575118,sala01,3406,1790182575118,0,0,OCUPADO,1,28,55,120,1,1
1790182577118,sala01,3407,1790182577118,0,0,OCUPADO,1,28,55,120,1,1
1790182579118,sala01,3408,1790182579118,0,0,OCUPADO,0,28,55,120,1,1
1790182581118,sala01,3409,1790182581118,0,0,OCUPADO,1,28,55,120,1,1
1790182583118,sala01,3410,1790182583118,0,0,OCUPADO,1,28,55,120,1,1
1790182585118,sala01,3411,1790182585118,0,0,OCUPADO,1,28,55,120,1,1
1790182587118,sala01,3412,1790182587118,0,0,OCUPADO,0,28,55,120,1,1
1790182589118,sala01,3413,1790182589118,0,0,OCUPADO,1,28,55,120,1,1
1790182591118,sala01,3414,1790182591118,0,0,OCUPADO,1,28,55,120,1,1
1790182593118,sala01,3415,1790182593118,0,0,OCUPADO,1,28,55,120,1,1
1790182595118,sala01,3416,1790182595118,0,0,OCUPADO,0,28,55,120,1,1
1790182597118,sala01,3417,1790182597118,0,0,OCUPADO,1,28,55,120,1,1
1790182599118,sala01,3418,1790182599118,0,0,OCUPADO,1,28,55,120,1,1
1790182601118,sala01,3419,1790182601118,0,0,OCUPADO,1,28,55,120,1,1
1790182603118,sala01,3420,1790182603118,0,0,OCUPADO,0,28,55,120,1,1
1790182605118,sala01,3421,1790182605118,0,0,OCUPADO,1,28,55,120,1,1
1790182607118,sala01,3422,1790182607118,0,0,OCUPADO,1,28,55,120,1,1
1790182609118,sala01,3423,1790182609118,0,0,OCUPADO,1,28,55,120,1,1
1790182611118,sala01,3424,1790182611118,0,0,OCUPADO,0,28,55,120,1,1
1790182613118,sala01,3425,1790182613118,0,0,OCUPADO,1,28,55,120,1,1
1790182615118,sala01,3426,1790182615118,0,0,OCUPADO,1,28,55,120,1,1
1790182617118,sala01,3427,1790182617118,0,0,OCUPADO,1,28,55,120,1,1
1790182619118,sala01,3428,1790182619118,0,0,OCUPADO,0,28,55,120,1,1
1790182621118,sala01,3429,1790182621118,0,0,OCUPADO,1,28,55,120,1,1
1790182623118,sala01,3430,1790182623118,0,0,OCUPADO,1,28,55,120,1,1
1790182625118,sala01,3431,1790182625118,0,0,OCUPADO,1,28,55,120,1,1
1790182627118,sala01,3432,1790182627118,0,0,OCUPADO,0,28,55,120,1,1
1790182629118,sala01,3433,1790182629118,0,0,OCUPADO,1,28,55,120,1,1
1790182631118,sala01,3434,1790182631118,0,0,OCUPADO,1,28,55,120,1,1
1790182633118,sala01,3435,1790182633118,0,0,OCUPADO,1,28,55,120,1,1
1790182635118,sala01,3436,1790182635118,0,0,OCUPADO,0,28,55,120,1,1
1790182637118,sala01,3437,1790182637118,0,0,OCUPADO,1,28,55,120,1,1
1790182639118,sala01,3438,1790182639118,0,0,OCUPADO,1,28,55,120,1,1
1790182641118,sala01,3439,1790182641118,0,0,OCUPADO,1,28,55,120,1,1
1790182643118,sala01,3440,1790182643118,0,0,OCUPADO,0,28,55,120,1,1
1790182645118,sala01,3441,1790182645118,0,0,OCUPADO,1,28,55,120,1,1
1790182647118,sala01,3442,1790182647118,0,0,OCUPADO,1,28,55,120,1,1
1790182649118,sala01,3443,1790182649118,0,0,OCUPADO,1,28,55,120,1,1
1790182651118,sala01,3444,1790182651118,0,0,OCUPADO,0,28,55,120,1,1
1790182653118,sala01,3445,1790182653118,0,0,OCUPADO,1,28,55,120,1,1
1790182655118,sala01,3446,1790182655118,0,0,OCUPADO,1,28,55,120,1,1
1790182657118,sala01,3447,1790182657118,0,0,OCUPADO,1,28,55,120,1,1
1790182659118,sala01,3448,1790182659118,0,0,OCUPADO,0,28,55,120,1,1
1790182661118,sala01,3449,1790182661118,0,0,OCUPADO,1,28,55,120,1,1
1790182663118,sala01,3450,1790182663118,0,0,OCUPADO,1,28,55,120,1,1
1790182665118,sala01,3451,1790182665118,0,0,OCUPADO,1,28,55,120,1,1
1790182667118,sala01,3452,1790182667118,0,0,OCUPADO,0,28,55,120,1,1
1790182669118,sala01,3453,1790182669118,0,0,OCUPADO,1,28,55,120,1,1
1790182671118,sala01,3454,1790182671118,0,0,OCUPADO,1,28,55,120,1,1
1790182673118,sala01,3455,1790182673118,0,0,OCUPADO,1,28,55,120,1,1
1790182675118,sala01,3456,1790182675118,0,0,OCUPADO,0,28,55,120,1,1
1790182677118,sala01,3457,1790182677118,0,0,OCUPADO,1,28,55,120,1,1
1790182679118,sala01,3458,1790182679118,0,0,OCUPADO,1,28,55,120,1,1
1790182681118,sala01,3459,1790182681118,0,0,OCUPADO,1,28,55,120,1,1
1790182683118,sala01,3460,1790182683118,0,0,OCUPADO,0,28,55,120,1,1
1790182685118,sala01,3461,1790182685118,0,0,OCUPADO,1,28,55,120,1,1
1790182687118,sala01,3462,1790182687118,0,0,OCUPADO,1,28,55,120,1,1
1790182689118,sala01,3463,1790182689118,0,0,OCUPADO,1,28,55,120,1,1
1790182691118,sala01,3464,1790182691118,0,0,OCUPADO,0,28,55,120,1,1
1790182693118,sala01,3465,1790182693118,0,0,OCUPADO,1,28,55,120,1,1
1790182695118,sala01,3466,1790182695118,0,0,OCUPADO,1,28,55,120,1,1
1790182697118,sala01,3467,1790182697118,0,0,OCUPADO,1,28,55,120,1,1
1790182699118,sala01,3468,1790182699118,0,0,OCUPADO,0,28,55,120,1,1
1790182701118,sala01,3469,1790182701118,0,0,OCUPADO,1,28,55,120,1,1
1790182703118,sala01,3470,1790182703118,0,0,OCUPADO,1,28,55,120,1,1
1790182705118,sala01,3471,1790182705118,0,0,OCUPADO,1,28,55,120,1,1
1790182707118,sala01,3472,1790182707118,0,0,OCUPADO,0,28,55,120,1,1
1790182709118,sala01,3473,1790182709118,0,0,OCUPADO,1,28,55,120,1,1
1790182711118,sala01,3474,1790182711118,0,0,OCUPADO,1,28,55,120,1,1
1790182713118,sala01,3475,1790182713118,0,0,OCUPADO,1,28,55,120,1,1
1790182715118,sala01,3476,1790182715118,0,0,OCUPADO,0,28,55,120,1,1
1790182717118,sala01,3477,1790182717118,0,0,OCUPADO,1,28,55,120,1,1
1790182719118,sala01,3478,1790182719118,0,0,OCUPADO,1,28,55,120,1,1
1790182721118,sala01,3479,1790182721118,0,0,OCUPADO,1,28,55,120,1,1
1790182723118,sala01,3480,1790182723118,0,0,OCUPADO,0,28,55,120,1,1
1790182725118,sala01,3481,1790182725118,0,0,OCUPADO,1,28,55,120,1,1
1790182727118,sala01,3482,1790182727118,0,0,OCUPADO,1,28,55,120,1,1
1790182729118,sala01,3483,1790182729118,0,0,OCUPADO,1,28,55,120,1,1
1790182731118,sala01,3484,1790182731118,0,0,OCUPADO,0,28,55,120,1,1
1790182733118,sala01,3485,1790182733118,0,0,OCUPADO,1,28,55,120,1,1
1790182735118,sala01,3486,1790182735118,0,0,OCUPADO,1,28,55,120,1,1
1790182737118,sala01,3487,1790182737118,0,0,OCUPADO,1,28,55,120,1,1
1790182739118,sala01,3488,1790182739118,0,0,OCUPADO,0,28,55,120,1,1
1790182741118,sala01,3489,1790182741118,0,0,OCUPADO,1,28,55,120,1,1
1790182743118,sala01,3490,1790182743118,0,0,OCUPADO,1,28,55,120,1,1
1790182745118,sala01,3491,1790182745118,0,0,OCUPADO,1,28,55,120,1,1
1790182747118,sala01,3492,1790182747118,0,0,OCUPADO,0,28,55,120,1,1
1790182749118,sala01,3493,1790182749118,0,0,OCUPADO,1,28,55,120,1,1
1790182751118,sala01,3494,1790182751118,0,0,OCUPADO,1,28,55,120,1,1
1790182753118,sala01,3495,1790182753118,0,0,OCUPADO,1,28,55,120,1,1
1790182755118,sala01,3496,1790182755118,0,0,OCUPADO,0,28,55,120,1,1
1790182757118,sala01,3497,1790182757118,0,0,OCUPADO,1,28,55,120,1,1
1790182759118,sala01,3498,1790182759118,0,0,OCUPADO,1,28,55,120,1,1
1790182761118,sala01,3499,1790182761118,0,0,OCUPADO,1,28,55,120,1,1
1790182763118,sala01,3500,1790182763118,0,0,OCUPADO,0,28,55,120,1,1
1790182765118,sala01,3501,1790182765118,0,0,OCUPADO,1,28,55,120,1,1
1790182767118,sala01,3502,1790182767118,0,0,OCUPADO,1,28,55,120,1,1
1790182769118,sala01,3503,1790182769118,0,0,OCUPADO,1,28,55,120,1,1
1790182771118,sala01,3504,1790182771118,0,0,OCUPADO,0,28,55,120,1,1
1790182773118,sala01,3505,1790182773118,0,0,OCUPADO,1,28,55,120,1,1
1790182775118,sala01,3506,1790182775118,0,0,OCUPADO,1,28,55,120,1,1
1790182777118,sala01,3507,1790182777118,0,0,OCUPADO,1,28,55,120,1,1
1790182779118,sala01,3508,1790182779118,0,0,OCUPADO,0,28,55,120,1,1
1790182781118,sala01,3509,1790182781118,0,0,OCUPADO,1,28,55,120,1,1
1790182783118,sala01,3510,1790182783118,0,0,OCUPADO,1,28,55,120,1,1
1790182785118,sala01,3511,1790182785118,0,0,OCUPADO,1,28,55,120,1,1
1790182787118,sala01,3512,1790182787118,0,0,OCUPADO,0,28,55,120,1,1
1790182789118,sala01,3513,1790182789118,0,0,OCUPADO,1,28,55,120,1,1
1790182791118,sala01,3514,1790182791118,0,0,OCUPADO,1,28,55,120,1,1
1790182793118,sala01,3515,1790182793118,0,0,OCUPADO,1,28,55,120,1,1
1790182795118,sala01,3516,1790182795118,0,0,OCUPADO,0,28,55,120,1,1
1790182797118,sala01,3517,1790182797118,0,0,OCUPADO,1,28,55,120,1,1
1790182799118,sala01,3518,1790182799118,0,0,OCUPADO,1,28,55,120,1,1
1790182801118,sala01,3519,1790182801118,0,0,OCUPADO,1,28,55,120,1,1
1790182803118,sala01,3520,1790182803118,0,0,OCUPADO,0,28,55,120,1,1
1790182805118,sala01,3521,1790182805118,0,0,OCUPADO,1,28,55,120,1,1
1790182807118,sala01,3522,1790182807118,0,0,OCUPADO,1,28,55,120,1,1
1790182809118,sala01,3523,1790182809118,0,0,OCUPADO,1,28,55,120,1,1
1790182811118,sala01,3524,1790182811118,0,0,OCUPADO,0,28,55,120,1,1
1790182813118,sala01,3525,1790182813118,0,0,OCUPADO,1,28,55,120,1,1
1790182815118,sala01,3526,1790182815118,0,0,OCUPADO,1,28,55,120,1,1
1790182817118,sala01,3527,1790182817118,0,0,OCUPADO,1,28,55,120,1,1
1790182819118,sala01,3528,1790182819118,0,0,OCUPADO,0,28,55,120,1,1
1790182821118,sala01,3529,1790182821118,0,0,OCUPADO,1,28,55,120,1,1
1790182823118,sala01,3530,1790182823118,0,0,OCUPADO,1,28,55,120,1,1
1790182825118,sala01,3531,1790182825118,0,0,OCUPADO,1,28,55,120,1,1
1790182827118,sala01,3532,1790182827118,0,0,OCUPADO,0,28,55,120,1,1
1790182829118,sala01,3533,1790182829118,0,0,OCUPADO,1,28,55,120,1,1
1790182831118,sala01,3534,1790182831118,0,0,OCUPADO,1,28,55,120,1,1
1790182833118,sala01,3535,1790182833118,0,0,OCUPADO,1,28,55,120,1,1
1790182835118,sala01,3536,1790182835118,0,0,OCUPADO,0,28,55,120,1,1
1790182837118,sala01,3537,1790182837118,0,0,OCUPADO,1,28,55,120,1,1
1790182839118,sala01,3538,1790182839118,0,0,OCUPADO,1,28,55,120,1,1
1790182841118,sala01,3539,1790182841118,0,0,OCUPADO,1,28,55,120,1,1
1790182843118,sala01,3540,1790182843118,0,0,OCUPADO,0,28,55,120,1,1
1790182845118,sala01,3541,1790182845118,0,0,OCUPADO,1,28,55,120,1,1
1790182847118,sala01,3542,1790182847118,0,0,OCUPADO,1,28,55,120,1,1
1790182849118,sala01,3543,1790182849118,0,0,OCUPADO,1,28,55,120,1,1
1790182851118,sala01,3544,1790182851118,0,0,OCUPADO,0,28,55,120,1,1
1790182853118,sala01,3545,1790182853118,0,0,OCUPADO,1,28,55,120,1,1
1790182855118,sala01,3546,1790182855118,0,0,OCUPADO,1,28,55,120,1,1
1790182857118,sala01,3547,1790182857118,0,0,OCUPADO,1,28,55,120,1,1
1790182859118,sala01,3548,1790182859118,0,0,OCUPADO,0,28,55,120,1,1
1790182861118,sala01,3549,1790182861118,0,0,OCUPADO,1,28,55,120,1,1
1790182863118,sala01,3550,1790182863118,0,0,OCUPADO,1,28,55,120,1,1
1790182865118,sala01,3551,1790182865118,0,0,OCUPADO,1,28,55,120,1,1
1790182867118,sala01,3552,1790182867118,0,0,OCUPADO,0,28,55,120,1,1
1790182869118,sala01,3553,1790182869118,0,0,OCUPADO,1,28,55,120,1,1
1790182871118,sala01,3554,1790182871118,0,0,OCUPADO,1,28,55,120,1,1
1790182873118,sala01,3555,1790182873118,0,0,OCUPADO,1,28,55,120,1,1
1790182875118,sala01,3556,1790182875118,0,0,OCUPADO,0,28,55,120,1,1
1790182877118,sala01,3557,1790182877118,0,0,OCUPADO,1,28,55,120,1,1
1790182879118,sala01,3558,1790182879118,0,0,OCUPADO,1,28,55,120,1,1
1790182881118,sala01,3559,1790182881118,0,0,OCUPADO,1,28,55,120,1,1
1790182883118,sala01,3560,1790182883118,0,0,OCUPADO,0,28,55,120,1,1
1790182885118,sala01,3561,1790182885118,0,0,OCUPADO,1,28,55,120,1,1
1790182887118,sala01,3562,1790182887118,0,0,OCUPADO,1,28,55,120,1,1
1790182889118,sala01,3563,1790182889118,0,0,OCUPADO,1,28,55,120,1,1
1790182891118,sala01,3564,1790182891118,0,0,OCUPADO,0,28,55,120,1,1
1790182893118,sala01,3565,1790182893118,0,0,OCUPADO,1,28,55,120,1,1
1790182895118,sala01,3566,1790182895118,0,0,OCUPADO,1,28,55,120,1,1
1790182897118,sala01,3567,1790182897118,0,0,OCUPADO,1,28,55,120,1,1
1790182899118,sala01,3568,1790182899118,0,0,OCUPADO,0,28,55,120,1,1
1790182901118,sala01,3569,1790182901118,0,0,OCUPADO,1,28,55,120,1,1
1790182903118,sala01,3570,1790182903118,0,0,OCUPADO,1,28,55,120,1,1
1790182905118,sala01,3571,1790182905118,0,0,OCUPADO,1,28,55,120,1,1
1790182907118,sala01,3572,1790182907118,0,0,OCUPADO,0,28,55,120,1,1
1790182909118,sala01,3573,1790182909118,0,0,OCUPADO,1,28,55,120,1,1
1790182911118,sala01,3574,1790182911118,0,0,OCUPADO,1,28,55,120,1,1
1790182913118,sala01,3575,1790182913118,0,0,OCUPADO,1,28,55,120,1,1
1790182915118,sala01,3576,1790182915118,0,0,OCUPADO,0,28,55,120,1,1
1790182917118,sala01,3577,1790182917118,0,0,OCUPADO,1,28,55,120,1,1
1790182919118,sala01,3578,1790182919118,0,0,OCUPADO,1,28,55,120,1,1
1790182921118,sala01,3579,1790182921118,0,0,OCUPADO,1,28,55,120,1,1
1790182923118,sala01,3580,1790182923118,0,0,OCUPADO,0,28,55,120,1,1
1790182925118,sala01,3581,1790182925118,0,0,OCUPADO,1,28,55,120,1,1
1790182927118,sala01,3582,1790182927118,0,0,OCUPADO,1,28,55,120,1,1
1790182929118,sala01,3583,1790182929118,0,0,OCUPADO,1,28,55,120,1,1
1790182931118,sala01,3584,1790182931118,0,0,OCUPADO,0,28,55,120,1,1
1790182933118,sala01,3585,1790182933118,0,0,OCUPADO,1,28,55,120,1,1
1790182935118,sala01,3586,1790182935118,0,0,OCUPADO,1,28,55,120,1,1
1790182937118,sala01,3587,1790182937118,0,0,OCUPADO,1,28,55,120,1,1
1790182939118,sala01,3588,1790182939118,0,0,OCUPADO,0,28,55,120,1,1
1790182941118,sala01,3589,1790182941118,0,0,OCUPADO,1,28,55,120,1,1
1790182943118,sala01,3590,1790182943118,0,0,OCUPADO,1,28,55,120,1,1
1790182945118,sala01,3591,1790182945118,0,0,OCUPADO,1,28,55,120,1,1
1790182947118,sala01,3592,1790182947118,0,0,OCUPADO,0,28,55,120,1,1
1790182949118,sala01,3593,1790182949118,0,0,OCUPADO,1,28,55,120,1,1
1790182951118,sala01,3594,1790182951118,0,0,OCUPADO,1,28,55,120,1,1
1790182953118,sala01,3595,1790182953118,0,0,OCUPADO,1,28,55,120,1,1
1790182955118,sala01,3596,1790182955118,0,0,OCUPADO,0,28,55,120,1,1
1790182957118,sala01,3597,1790182957118,0,0,OCUPADO,1,28,55,120,1,1
1790182959118,sala01,3598,1790182959118,0,0,OCUPADO,1,28,55,120,1,1
1790182961118,sala01,3599,1790182961118,0,0,OCUPADO,1,28,55,120,1,1
1790182963118,sala01,3600,1790182963118,0,0,OCUPADO,0,28,55,120,1,1
1790182965118,sala01,3601,1790182965118,0,0,OCUPADO,0,28,55,120,1,1
1790182967118,sala01,3602,1790182967118,0,0,OCUPADO,0,28,55,120,1,1
1790182969118,sala01,3603,1790182969118,0,0,OCUPADO,0,28,55,120,1,1
1790182971118,sala01,3604,1790182971118,0,0,OCUPADO,0,28,55,120,1,1
1790182973118,sala01,3605,1790182973118,0,0,OCUPADO,0,28,55,120,1,1
1790182975118,sala01,3606,1790182975118,0,0,OCUPADO,0,28,55,120,1,1
1790182977118,sala01,3607,1790182977118,0,0,OCUPADO,0,28,55,120,1,1
1790182979118,sala01,3608,1790182979118,0,0,OCUPADO,0,28,55,120,1,1
1790182981118,sala01,3609,1790182981118,0,0,OCUPADO,0,28,55,120,1,1
1790182983118,sala01,3610,1790182983118,0,0,OCUPADO,0,28,55,120,1,1
1790182985118,sala01,3611,1790182985118,0,0,OCUPADO,0,28,55,120,1,1
1790182987118,sala01,3612,1790182987118,0,0,OCUPADO,0,28,55,120,1,1
1790182989118,sala01,3613,1790182989118,0,0,OCUPADO,0,28,55,120,1,1
1790182991118,sala01,3614,1790182991118,0,0,OCUPADO,0,28,55,120,1,1
1790182992118,sala01,3615,1790182992118,0,0,DESOCUPADO,0,28,55,120,0,0
1790182994118,sala01,3616,1790182994118,0,0,DESOCUPADO,0,28,55,120,0,0
1790182996118,sala01,3617,1790182996118,0,0,DESOCUPADO,0,28,55,120,0,0
1790182998118,sala01,3618,1790182998118,0,0,DESOCUPADO,0,28,55,120,0,0
1790183000118,sala01,3619,1790183000118,0,0,DESOCUPADO,0,28,55,120,0,0
1790183002118,sala01,3620,1790183002118,0,0,DESOCUPADO,0,28,55,120,0,0
1790183004118,sala01,3621,1790183004118,0,0,DESOCUPADO,0,28,55,120,0,0
1790183006118,sala01,3622,1790183006118,0,0,DESOCUPADO,0,28,55,120,0,0
1790183008118,sala01,3623,1790183008118,0,0,DESOCUPADO,0,28,55,120,0,0
1790183010118,sala01,3624,1790183010118,0,0,DESOCUPADO,0,28,55,120,0,0
1790183012118,sala01,3625,1790183012118,0,0,DESOCUPADO,0,28,55,120,0,0
1790183014118,sala01,3626,1790183014118,0,0,DESOCUPADO,0,28,55,120,0,0
1790183016118,sala01,3627,1790183016118,0,0,DESOCUPADO,0,28,55,120,0,0
1790183018118,sala01,3628,1790183018118,0,0,DESOCUPADO,0,28,55,120,0,0
1790183020118,sala01,3629,1790183020118,0,0,DESOCUPADO,0,28,55,120,0,0
1790183022118,sala01,3630,1790183022118,0,0,DESOCUPADO,0,28,55,120,0,0
1790183024118,sala01,3631,1790183024118,0,0,DESOCUPADO,0,28,55,120,0,0
1790183026118,sala01,3632,1790183026118,0,0,DESOCUPADO,0,28,55,120,0,0
1790183028118,sala01,3633,1790183028118,0,0,DESOCUPADO,0,28,55,120,0,0
1790183030118,sala01,3634,1790183030118,0,0,DESOCUPADO,0,28,55,120,0,0
1790183032118,sala01,3635,1790183032118,0,0,DESOCUPADO,0,28,55,120,0,0
1790183034118,sala01,3636,1790183034118,0,0,DESOCUPADO,0,28,55,120,0,0
1790183036118,sala01,3637,1790183036118,0,0,DESOCUPADO,0,28,55,120,0,0
1790183038118,sala01,3638,1790183038118,0,0,DESOCUPADO,0,28,55,120,0,0
1790183040118,sala01,3639,1790183040118,0,0,DESOCUPADO,0,28,55,120,0,0
1790183042118,sala01,3640,1790183042118,0,0,DESOCUPADO,0,28,55,120,0,0
1790183044118,sala01,3641,1790183044118,0,0,DESOCUPADO,0,28,55,120,0,0
1790183046118,sala01,3642,1790183046118,0,0,DESOCUPADO,0,28,55,120,0,0
1790183048118,sala01,3643,1790183048118,0,0,DESOCUPADO,0,28,55,120,0,0
1790183050118,sala01,3644,1790183050118,0,0,DESOCUPADO,0,28,55,120,0,0
1790183052118,sala01,3645,1790183052118,0,0,DESOCUPADO,0,28,55,120,0,0
1790183054118,sala01,3646,1790183054118,0,0,DESOCUPADO,0,28,55,120,0,0
1790183056118,sala01,3647,1790183056118,0,0,DESOCUPADO,0,28,55,120,0,0
1790183058118,sala01,3648,1790183058118,0,0,DESOCUPADO,0,28,55,120,0,0
1790183060118,sala01,3649,1790183060118,0,0,DESOCUPADO,0,28,55,120,0,0
1790183062118,sala01,3650,1790183062118,0,0,DESOCUPADO,0,28,55,120,0,0
1790183064118,sala01,3651,1790183064118,0,0,DESOCUPADO,0,28,55,120,0,0
1790183066118,sala01,3652,1790183066118,0,0,DESOCUPADO,0,28,55,120,0,0
1790183068118,sala01,3653,1790183068118,0,0,DESOCUPADO,0,28,55,120,0,0
1790183070118,sala01,3654,1790183070118,0,0,DESOCUPADO,0,28,55,120,0,0
1790183072118,sala01,3655,1790183072118,0,0,DESOCUPADO,0,28,55,120,0,0
1790183074118,sala01,3656,1790183074118,0,0,DESOCUPADO,0,28,55,120,0,0
1790183076118,sala01,3657,1790183076118,0,0,DESOCUPADO,0,28,55,120,0,0
1790183078118,sala01,3658,1790183078118,0,0,DESOCUPADO,0,28,55,120,0,0
1790183080118,sala01,3659,1790183080118,0,0,DESOCUPADO,0,28,55,120,0,0
1790183082118,sala01,3660,1790183082118,0,0,DESOCUPADO,0,28,55,120,0,0
1790183084118,sala01,3661,1790183084118,0,0,DESOCUPADO,0,28,55,120,0,0
1790183086118,sala01,3662,1790183086118,0,0,DESOCUPADO,0,28,55,120,0,0
1790183088118,sala01,3663,1790183088118,0,0,DESOCUPADO,0,28,55,120,0,0
1790183090118,sala01,3664,1790183090118,0,0,DESOCUPADO,0,28,55,120,0,0
1790183092118,sala01,3665,1790183092118,0,0,DESOCUPADO,0,28,55,120,0,0
1790183094118,sala01,3666,1790183094118,0,0,DESOCUPADO,0,28,55,120,0,0
1790183096118,sala01,3667,1790183096118,0,0,DESOCUPADO,0,28,55,120,0,0
1790183098118,sala01,3668,1790183098118,0,0,DESOCUPADO,0,28,55,120,0,0
1790183100118,sala01,3669,1790183100118,0,0,DESOCUPADO,0,28,55,120,0,0
1790183102118,sala01,3670,1790183102118,0,0,DESOCUPADO,0,28,55,120,0,0
1790183104118,sala01,3671,1790183104118,0,0,DESOCUPADO,0,28,55,120,0,0
1790183106118,sala01,3672,1790183106118,0,0,DESOCUPADO,0,28,55,120,0,0
1790183108118,sala01,3673,1790183108118,0,0,DESOCUPADO,0,28,55,120,0,0
1790183110118,sala01,3674,1790183110118,0,0,DESOCUPADO,0,28,55,120,0,0
1790183112118,sala01,3675,1790183112118,0,0,DESOCUPADO,0,28,55,120,0,0
1790183114118,sala01,3676,1790183114118,0,0,DESOCUPADO,0,28,55,120,0,0
1790183116118,sala01,3677,1790183116118,0,0,DESOCUPADO,0,28,55,120,0,0
1790183118118,sala01,3678,1790183118118,0,0,DESOCUPADO,0,28,55,120,0,0
1790183120118,sala01,3679,1790183120118,0,0,DESOCUPADO,0,28,55,120,0,0
1790183122118,sala01,3680,1790183122118,0,0,DESOCUPADO,0,28,55,120,0,0
1790183124118,sala01,3681,1790183124118,0,0,DESOCUPADO,0,28,55,120,0,0
1790183126118,sala01,3682,1790183126118,0,0,DESOCUPADO,0,28,55,120,0,0
1790183128118,sala01,3683,1790183128118,0,0,DESOCUPADO,0,28,55,120,0,0
1790183130118,sala01,3684,1790183130118,0,0,DESOCUPADO,0,28,55,120,0,0
1790183132118,sala01,3685,1790183132118,0,0,DESOCUPADO,0,28,55,120,0,0
1790183134118,sala01,3686,1790183134118,0,0,DESOCUPADO,0,28,55,120,0,0
1790183136118,sala01,3687,1790183136118,0,0,DESOCUPADO,0,28,55,120,0,0
1790183138118,sala01,3688,1790183138118,0,0,DESOCUPADO,0,28,55,120,0,0
1790183140118,sala01,3689,1790183140118,0,0,DESOCUPADO,0,28,55,120,0,0
1790183142118,sala01,3690,1790183142118,0,0,DESOCUPADO,0,28,55,120,0,0
1790183144118,sala01,3691,1790183144118,0,0,DESOCUPADO,0,28,55,120,0,0
1790183146118,sala01,3692,1790183146118,0,0,DESOCUPADO,0,28,55,120,0,0
1790183148118,sala01,3693,1790183148118,0,0,DESOCUPADO,0,28,55,120,0,0
1790183150118,sala01,3694,1790183150118,0,0,DESOCUPADO,0,28,55,120,0,0
1790183152118,sala01,3695,1790183152118,0,0,DESOCUPADO,0,28,55,120,0,0
1790183154118,sala01,3696,1790183154118,0,0,DESOCUPADO,0,28,55,120,0,0
1790183156118,sala01,3697,1790183156118,0,0,DESOCUPADO,0,28,55,120,0,0
1790183158118,sala01,3698,1790183158118,0,0,DESOCUPADO,0,28,55,120,0,0
1790183160118,sala01,3699,1790183160118,0,0,DESOCUPADO,0,28,55,120,0,0
1790183162118,sala01,3700,1790183162118,0,0,DESOCUPADO,0,28,55,120,0,0
1790183164118,sala01,3701,1790183164118,0,0,DESOCUPADO,0,28,55,120,0,0
1790183166118,sala01,3702,1790183166118,0,0,DESOCUPADO,0,28,55,120,0,0
1790183168118,sala01,3703,1790183168118,0,0,DESOCUPADO,0,28,55,120,0,0
1790183170118,sala01,3704,1790183170118,0,0,DESOCUPADO,0,28,55,120,0,0
1790183172118,sala01,3705,1790183172118,0,0,DESOCUPADO,0,28,55,120,0,0
1790183174118,sala01,3706,1790183174118,0,0,DESOCUPADO,0,28,55,120,0,0
1790183176118,sala01,3707,1790183176118,0,0,DESOCUPADO,0,28,55,120,0,0
1790183178118,sala01,3708,1790183178118,0,0,DESOCUPADO,0,28,55,120,0,0
1790183180118,sala01,3709,1790183180118,0,0,DESOCUPADO,0,28,55,120,0,0
1790183182118,sala01,3710,1790183182118,0,0,DESOCUPADO,0,28,55,120,0,0
1790183184118,sala01,3711,1790183184118,0,0,DESOCUPADO,0,28,55,120,0,0
1790183186118,sala01,3712,1790183186118,0,0,DESOCUPADO,0,28,55,120,0,0
1790183188118,sala01,3713,1790183188118,0,0,DESOCUPADO,0,28,55,120,0,0
1790183190118,sala01,3714,1790183190118,0,0,DESOCUPADO,0,28,55,120,0,0
1790183192118,sala01,3715,1790183192118,0,0,DESOCUPADO,0,28,55,120,0,0
1790183194118,sala01,3716,1790183194118,0,0,DESOCUPADO,0,28,55,120,0,0
1790183196118,sala01,3717,1790183196118,0,0,DESOCUPADO,0,28,55,120,0,0
1790183198118,sala01,3718,1790183198118,0,0,DESOCUPADO,0,28,55,120,0,0
1790183200118,sala01,3719,1790183200118,0,0,DESOCUPADO,0,28,55,120,0,0
1790183202118,sala01,3720,1790183202118,0,0,DESOCUPADO,0,28,55,120,0,0
1790183204118,sala01,3721,1790183204118,0,0,DESOCUPADO,0,28,55,120,0,0
1790183206118,sala01,3722,1790183206118,0,0,DESOCUPADO,0,28,55,120,0,0
1790183208118,sala01,3723,1790183208118,0,0,DESOCUPADO,0,28,55,120,0,0
1790183210118,sala01,3724,1790183210118,0,0,DESOCUPADO,0,28,55,120,0,0
1790183212118,sala01,3725,1790183212118,0,0,DESOCUPADO,0,28,55,120,0,0
1790183214118,sala01,3726,1790183214118,0,0,DESOCUPADO,0,28,55,120,0,0
1790183216118,sala01,3727,1790183216118,0,0,DESOCUPADO,0,28,55,120,0,0
1790183218118,sala01,3728,1790183218118,0,0,DESOCUPADO,0,28,55,120,0,0
1790183220118,sala01,3729,1790183220118,0,0,DESOCUPADO,0,28,55,120,0,0
1790183222118,sala01,3730,1790183222118,0,0,DESOCUPADO,0,28,55,120,0,0
1790183224118,sala01,3731,1790183224118,0,0,DESOCUPADO,0,28,55,120,0,0
1790183226118,sala01,3732,1790183226118,0,0,DESOCUPADO,0,28,55,120,0,0
1790183228118,sala01,3733,1790183228118,0,0,DESOCUPADO,0,28,55,120,0,0
1790183230118,sala01,3734,1790183230118,0,0,DESOCUPADO,0,28,55,120,0,0
1790183232118,sala01,3735,1790183232118,0,0,DESOCUPADO,0,28,55,120,0,0
1790183234118,sala01,3736,1790183234118,0,0,DESOCUPADO,0,28,55,120,0,0
1790183236118,sala01,3737,1790183236118,0,0,DESOCUPADO,0,28,55,120,0,0
1790183238118,sala01,3738,1790183238118,0,0,DESOCUPADO,0,28,55,120,0,0
1790183240118,sala01,3739,1790183240118,0,0,DESOCUPADO,0,28,55,120,0,0
1790183242118,sala01,3740,1790183242118,0,0,DESOCUPADO,0,28,55,120,0,0
1790183244118,sala01,3741,1790183244118,0,0,DESOCUPADO,0,28,55,120,0,0
1790183246118,sala01,3742,1790183246118,0,0,DESOCUPADO,0,28,55,120,0,0
1790183248118,sala01,3743,1790183248118,0,0,DESOCUPADO,0,28,55,120,0,0
1790183250118,sala01,3744,1790183250118,0,0,DESOCUPADO,0,28,55,120,0,0
1790183252118,sala01,3745,1790183252118,0,0,DESOCUPADO,0,28,55,120,0,0
1790183254118,sala01,3746,1790183254118,0,0,DESOCUPADO,0,28,55,120,0,0
1790183256118,sala01,3747,1790183256118,0,0,DESOCUPADO,0,28,55,120,0,0
1790183258118,sala01,3748,1790183258118,0,0,DESOCUPADO,0,28,55,120,0,0
1790183260118,sala01,3749,1790183260118,0,0,DESOCUPADO,0,28,55,120,0,0
1790183262118,sala01,3750,1790183262118,0,0,DESOCUPADO,0,28,55,120,0,0
1790183264118,sala01,3751,1790183264118,0,0,DESOCUPADO,0,28,55,120,0,0
1790183266118,sala01,3752,1790183266118,0,0,DESOCUPADO,0,28,55,120,0,0
1790183268118,sala01,3753,1790183268118,0,0,DESOCUPADO,0,28,55,120,0,0
1790183269118,sala01,3754,1790183269118,0,0,OCUPADO,1,28,55,120,1,1
1790183271118,sala01,3755,1790183271118,0,0,OCUPADO,1,28,55,120,1,1
1790183273118,sala01,3756,1790183273118,0,0,OCUPADO,1,28,55,120,1,1
1790183275118,sala01,3757,1790183275118,0,0,OCUPADO,0,28,55,120,1,1
1790183277118,sala01,3758,1790183277118,0,0,OCUPADO,1,28,55,120,1,1
1790183279118,sala01,3759,1790183279118,0,0,OCUPADO,1,28,55,120,1,1
1790183281118,sala01,3760,1790183281118,0,0,OCUPADO,1,28,55,120,1,1
1790183283118,sala01,3761,1790183283118,0,0,OCUPADO,0,28,55,120,1,1
1790183285118,sala01,3762,1790183285118,0,0,OCUPADO,1,28,55,120,1,1
1790183287118,sala01,3763,1790183287118,0,0,OCUPADO,1,28,55,120,1,1
1790183289118,sala01,3764,1790183289118,0,0,OCUPADO,1,28,55,120,1,1
1790183291118,sala01,3765,1790183291118,0,0,OCUPADO,0,28,55,120,1,1
1790183293118,sala01,3766,1790183293118,0,0,OCUPADO,1,28,55,120,1,1
1790183295118,sala01,3767,1790183295118,0,0,OCUPADO,1,28,55,120,1,1
1790183297118,sala01,3768,1790183297118,0,0,OCUPADO,1,28,55,120,1,1
1790183299118,sala01,3769,1790183299118,0,0,OCUPADO,0,28,55,120,1,1
1790183301118,sala01,3770,1790183301118,0,0,OCUPADO,1,28,55,120,1,1
1790183303118,sala01,3771,1790183303118,0,0,OCUPADO,1,28,55,120,1,1
1790183305118,sala01,3772,1790183305118,0,0,OCUPADO,1,28,55,120,1,1
1790183307118,sala01,3773,1790183307118,0,0,OCUPADO,0,28,55,120,1,1
1790183309118,sala01,3774,1790183309118,0,0,OCUPADO,1,28,55,120,1,1
1790183311118,sala01,3775,1790183311118,0,0,OCUPADO,1,28,55,120,1,1
1790183313118,sala01,3776,1790183313118,0,0,OCUPADO,1,28,55,120,1,1
1790183315118,sala01,3777,1790183315118,0,0,OCUPADO,0,28,55,120,1,1
1790183317118,sala01,3778,1790183317118,0,0,OCUPADO,1,28,55,120,1,1
1790183319118,sala01,3779,1790183319118,0,0,OCUPADO,1,28,55,120,1,1
1790183321118,sala01,3780,1790183321118,0,0,OCUPADO,1,28,55,120,1,1
1790183323118,sala01,3781,1790183323118,0,0,OCUPADO,0,28,55,120,1,1
1790183325118,sala01,3782,1790183325118,0,0,OCUPADO,1,28,55,120,1,1
1790183327118,sala01,3783,1790183327118,0,0,OCUPADO,1,28,55,120,1,1
1790183329118,sala01,3784,1790183329118,0,0,OCUPADO,1,28,55,120,1,1
1790183331118,sala01,3785,1790183331118,0,0,OCUPADO,0,28,55,120,1,1
1790183333118,sala01,3786,1790183333118,0,0,OCUPADO,1,28,55,120,1,1
1790183335118,sala01,3787,1790183335118,0,0,OCUPADO,1,28,55,120,1,1
1790183337118,sala01,3788,1790183337118,0,0,OCUPADO,1,28,55,120,1,1
1790183339118,sala01,3789,1790183339118,0,0,OCUPADO,0,28,55,120,1,1
1790183341118,sala01,3790,1790183341118,0,0,OCUPADO,1,28,55,120,1,1
1790183343118,sala01,3791,1790183343118,0,0,OCUPADO,1,28,55,120,1,1
1790183345118,sala01,3792,1790183345118,0,0,OCUPADO,1,28,55,120,1,1
1790183347118,sala01,3793,1790183347118,0,0,OCUPADO,0,28,55,120,1,1
1790183349118,sala01,3794,1790183349118,0,0,OCUPADO,1,28,55,120,1,1
1790183351118,sala01,3795,1790183351118,0,0,OCUPADO,1,28,55,120,1,1
1790183353118,sala01,3796,1790183353118,0,0,OCUPADO,1,28,55,120,1,1
1790183355118,sala01,3797,1790183355118,0,0,OCUPADO,0,28,55,120,1,1
1790183357118,sala01,3798,1790183357118,0,0,OCUPADO,1,28,55,120,1,1
1790183359118,sala01,3799,1790183359118,0,0,OCUPADO,1,28,55,120,1,1
1790183361118,sala01,3800,1790183361118,0,0,OCUPADO,1,28,55,120,1,1
1790183363118,sala01,3801,1790183363118,0,0,OCUPADO,0,28,55,120,1,1
1790183365118,sala01,3802,1790183365118,0,0,OCUPADO,1,28,55,120,1,1
1790183367118,sala01,3803,1790183367118,0,0,OCUPADO,1,28,55,120,1,1
1790183369118,sala01,3804,1790183369118,0,0,OCUPADO,1,28,55,120,1,1
1790183371118,sala01,3805,1790183371118,0,0,OCUPADO,0,28,55,120,1,1
1790183373118,sala01,3806,1790183373118,0,0,OCUPADO,1,28,55,120,1,1
1790183375118,sala01,3807,1790183375118,0,0,OCUPADO,1,28,55,120,1,1
1790183377118,sala01,3808,1790183377118,0,0,OCUPADO,1,28,55,120,1,1
1790183379118,sala01,3809,1790183379118,0,0,OCUPADO,0,28,55,120,1,1
1790183381118,sala01,3810,1790183381118,0,0,OCUPADO,1,28,55,120,1,1
1790183383118,sala01,3811,1790183383118,0,0,OCUPADO,1,28,55,120,1,1
1790183385118,sala01,3812,1790183385118,0,0,OCUPADO,1,28,55,120,1,1
1790183387118,sala01,3813,1790183387118,0,0,OCUPADO,0,28,55,120,1,1
1790183389118,sala01,3814,1790183389118,0,0,OCUPADO,1,28,55,120,1,1
1790183391118,sala01,3815,1790183391118,0,0,OCUPADO,1,28,55,120,1,1
1790183393118,sala01,3816,1790183393118,0,0,OCUPADO,1,28,55,120,1,1
1790183395118,sala01,3817,1790183395118,0,0,OCUPADO,0,28,55,120,1,1
1790183397118,sala01,3818,1790183397118,0,0,OCUPADO,1,28,55,120,1,1
1790183399118,sala01,3819,1790183399118,0,0,OCUPADO,1,28,55,120,1,1
1790183401118,sala01,3820,1790183401118,0,0,OCUPADO,1,28,55,120,1,1
1790183403118,sala01,3821,1790183403118,0,0,OCUPADO,0,28,55,120,1,1
1790183405118,sala01,3822,1790183405118,0,0,OCUPADO,1,28,55,120,1,1
1790183407118,sala01,3823,1790183407118,0,0,OCUPADO,1,28,55,120,1,1
1790183409118,sala01,3824,1790183409118,0,0,OCUPADO,1,28,55,120,1,1
1790183411118,sala01,3825,1790183411118,0,0,OCUPADO,0,28,55,120,1,1
1790183413118,sala01,3826,1790183413118,0,0,OCUPADO,1,28,55,120,1,1
1790183415118,sala01,3827,1790183415118,0,0,OCUPADO,1,28,55,120,1,1
1790183417118,sala01,3828,1790183417118,0,0,OCUPADO,1,28,55,120,1,1
1790183419118,sala01,3829,1790183419118,0,0,OCUPADO,0,28,55,120,1,1
1790183421118,sala01,3830,1790183421118,0,0,OCUPADO,1,28,55,120,1,1
1790183423118,sala01,3831,1790183423118,0,0,OCUPADO,1,28,55,120,1,1
1790183425118,sala01,3832,1790183425118,0,0,OCUPADO,1,28,55,120,1,1
1790183427118,sala01,3833,1790183427118,0,0,OCUPADO,0,28,55,120,1,1
1790183429118,sala01,3834,1790183429118,0,0,OCUPADO,1,28,55,120,1,1
1790183431118,sala01,3835,1790183431118,0,0,OCUPADO,1,28,55,120,1,1
1790183433118,sala01,3836,1790183433118,0,0,OCUPADO,1,28,55,120,1,1
1790183435118,sala01,3837,1790183435118,0,0,OCUPADO,0,28,55,120,1,1
1790183437118,sala01,3838,1790183437118,0,0,OCUPADO,1,28,55,120,1,1
1790183439118,sala01,3839,1790183439118,0,0,OCUPADO,1,28,55,120,1,1
1790183441118,sala01,3840,1790183441118,0,0,OCUPADO,1,28,55,120,1,1
1790183443118,sala01,3841,1790183443118,0,0,OCUPADO,0,28,55,120,1,1
1790183445118,sala01,3842,1790183445118,0,0,OCUPADO,1,28,55,120,1,1
1790183447118,sala01,3843,1790183447118,0,0,OCUPADO,1,28,55,120,1,1
1790183449118,sala01,3844,1790183449118,0,0,OCUPADO,1,28,55,120,1,1
1790183451118,sala01,3845,1790183451118,0,0,OCUPADO,0,28,55,120,1,1
1790183453118,sala01,3846,1790183453118,0,0,OCUPADO,1,28,55,120,1,1
1790183455118,sala01,3847,1790183455118,0,0,OCUPADO,1,28,55,120,1,1
1790183457118,sala01,3848,1790183457118,0,0,OCUPADO,1,28,55,120,1,1
1790183459118,sala01,3849,1790183459118,0,0,OCUPADO,0,28,55,120,1,1
1790183461118,sala01,3850,1790183461118,0,0,OCUPADO,1,28,55,120,1,1
1790183463118,sala01,3851,1790183463118,0,0,OCUPADO,1,28,55,120,1,1
1790183465118,sala01,3852,1790183465118,0,0,OCUPADO,1,28,55,120,1,1
1790183467118,sala01,3853,1790183467118,0,0,OCUPADO,0,28,55,120,1,1
1790183469118,sala01,3854,1790183469118,0,0,OCUPADO,1,28,55,120,1,1
1790183471118,sala01,3855,1790183471118,0,0,OCUPADO,1,28,55,120,1,1
1790183473118,sala01,3856,1790183473118,0,0,OCUPADO,1,28,55,120,1,1
1790183475118,sala01,3857,1790183475118,0,0,OCUPADO,0,28,55,120,1,1
1790183477118,sala01,3858,1790183477118,0,0,OCUPADO,1,28,55,120,1,1
1790183479118,sala01,3859,1790183479118,0,0,OCUPADO,1,28,55,120,1,1
1790183481118,sala01,3860,1790183481118,0,0,OCUPADO,1,28,55,120,1,1
1790183483118,sala01,3861,1790183483118,0,0,OCUPADO,0,28,55,120,1,1
1790183485118,sala01,3862,1790183485118,0,0,OCUPADO,1,28,55,120,1,1
1790183487118,sala01,3863,1790183487118,0,0,OCUPADO,1,28,55,120,1,1
1790183489118,sala01,3864,1790183489118,0,0,OCUPADO,1,28,55,120,1,1
1790183491118,sala01,3865,1790183491118,0,0,OCUPADO,0,28,55,120,1,1
1790183493118,sala01,3866,1790183493118,0,0,OCUPADO,1,28,55,120,1,1
1790183495118,sala01,3867,1790183495118,0,0,OCUPADO,1,28,55,120,1,1
1790183497118,sala01,3868,1790183497118,0,0,OCUPADO,1,28,55,120,1,1
1790183499118,sala01,3869,1790183499118,0,0,OCUPADO,0,28,55,120,1,1
1790183501118,sala01,3870,1790183501118,0,0,OCUPADO,1,28,55,120,1,1
1790183503118,sala01,3871,1790183503118,0,0,OCUPADO,1,28,55,120,1,1
1790183505118,sala01,3872,1790183505118,0,0,OCUPADO,1,28,55,120,1,1
1790183507118,sala01,3873,1790183507118,0,0,OCUPADO,0,28,55,120,1,1
1790183509118,sala01,3874,1790183509118,0,0,OCUPADO,1,28,55,120,1,1
1790183511118,sala01,3875,1790183511118,0,0,OCUPADO,1,28,55,120,1,1
1790183513118,sala01,3876,1790183513118,0,0,OCUPADO,1,28,55,120,1,1
1790183515118,sala01,3877,1790183515118,0,0,OCUPADO,0,28,55,120,1,1
1790183517118,sala01,3878,1790183517118,0,0,OCUPADO,1,28,55,120,1,1
1790183519118,sala01,3879,1790183519118,0,0,OCUPADO,1,28,55,120,1,1
1790183521118,sala01,3880,1790183521118,0,0,OCUPADO,1,28,55,120,1,1
1790183523118,sala01,3881,1790183523118,0,0,OCUPADO,0,28,55,120,1,1
1790183525118,sala01,3882,1790183525118,0,0,OCUPADO,1,28,55,120,1,1
1790183527118,sala01,3883,1790183527118,0,0,OCUPADO,1,28,55,120,1,1
1790183529118,sala01,3884,1790183529118,0,0,OCUPADO,1,28,55,120,1,1
1790183531118,sala01,3885,1790183531118,0,0,OCUPADO,0,28,55,120,1,1
1790183533118,sala01,3886,1790183533118,0,0,OCUPADO,1,28,55,120,1,1
1790183535118,sala01,3887,1790183535118,0,0,OCUPADO,1,28,55,120,1,1
1790183537118,sala01,3888,1790183537118,0,0,OCUPADO,1,28,55,120,1,1
1790183539118,sala01,3889,1790183539118,0,0,OCUPADO,0,28,55,120,1,1
1790183541118,sala01,3890,1790183541118,0,0,OCUPADO,1,28,55,120,1,1
1790183543118,sala01,3891,1790183543118,0,0,OCUPADO,1,28,55,120,1,1
1790183545118,sala01,3892,1790183545118,0,0,OCUPADO,1,28,55,120,1,1
1790183547118,sala01,3893,1790183547118,0,0,OCUPADO,0,28,55,120,1,1
1790183549118,sala01,3894,1790183549118,0,0,OCUPADO,1,28,55,120,1,1
1790183551118,sala01,3895,1790183551118,0,0,OCUPADO,1,28,55,120,1,1
1790183553118,sala01,3896,1790183553118,0,0,OCUPADO,1,28,55,120,1,1
1790183555118,sala01,3897,1790183555118,0,0,OCUPADO,0,28,55,120,1,1
1790183557118,sala01,3898,1790183557118,0,0,OCUPADO,1,28,55,120,1,1
1790183559118,sala01,3899,1790183559118,0,0,OCUPADO,1,28,55,120,1,1
1790183561118,sala01,3900,1790183561118,0,0,OCUPADO,1,28,55,120,1,1
1790183563118,sala01,3901,1790183563118,0,0,OCUPADO,0,28,55,120,1,1
1790183565118,sala01,3902,1790183565118,0,0,OCUPADO,1,28,55,120,1,1
1790183567118,sala01,3903,1790183567118,0,0,OCUPADO,1,28,55,120,1,1
1790183569118,sala01,3904,1790183569118,0,0,OCUPADO,1,28,55,120,1,1
1790183571118,sala01,3905,1790183571118,0,0,OCUPADO,0,28,55,120,1,1
1790183573118,sala01,3906,1790183573118,0,0,OCUPADO,1,28,55,120,1,1
1790183575118,sala01,3907,1790183575118,0,0,OCUPADO,1,28,55,120,1,1
1790183577118,sala01,3908,1790183577118,0,0,OCUPADO,1,28,55,120,1,1
1790183579118,sala01,3909,1790183579118,0,0,OCUPADO,0,28,55,120,1,1
1790183581118,sala01,3910,1790183581118,0,0,OCUPADO,1,28,55,120,1,1
1790183583118,sala01,3911,1790183583118,0,0,OCUPADO,1,28,55,120,1,1
1790183585118,sala01,3912,1790183585118,0,0,OCUPADO,1,28,55,120,1,1
1790183587118,sala01,3913,1790183587118,0,0,OCUPADO,0,28,55,120,1,1
1790183589118,sala01,3914,1790183589118,0,0,OCUPADO,1,28,55,120,1,1
1790183591118,sala01,3915,1790183591118,0,0,OCUPADO,1,28,55,120,1,1
1790183593118,sala01,3916,1790183593118,0,0,OCUPADO,1,28,55,120,1,1
1790183595118,sala01,3917,1790183595118,0,0,OCUPADO,0,28,55,120,1,1
1790183597118,sala01,3918,1790183597118,0,0,OCUPADO,1,28,55,120,1,1
1790183599118,sala01,3919,1790183599118,0,0,OCUPADO,1,28,55,120,1,1
1790183601118,sala01,3920,1790183601118,0,0,OCUPADO,1,28,55,120,1,1
1790183603118,sala01,3921,1790183603118,0,0,OCUPADO,0,28,55,120,1,1
1790183605118,sala01,3922,1790183605118,0,0,OCUPADO,1,28,55,120,1,1
1790183607118,sala01,3923,1790183607118,0,0,OCUPADO,1,28,55,120,1,1
1790183609118,sala01,3924,1790183609118,0,0,OCUPADO,1,28,55,120,1,1
1790183611118,sala01,3925,1790183611118,0,0,OCUPADO,0,28,55,120,1,1
1790183613118,sala01,3926,1790183613118,0,0,OCUPADO,1,28,55,120,1,1
1790183615118,sala01,3927,1790183615118,0,0,OCUPADO,1,28,55,120,1,1
1790183617118,sala01,3928,1790183617118,0,0,OCUPADO,1,28,55,120,1,1
1790183619118,sala01,3929,1790183619118,0,0,OCUPADO,0,28,55,120,1,1
1790183621118,sala01,3930,1790183621118,0,0,OCUPADO,1,28,55,120,1,1
1790183623118,sala01,3931,1790183623118,0,0,OCUPADO,1,28,55,120,1,1
1790183625118,sala01,3932,1790183625118,0,0,OCUPADO,1,28,55,120,1,1
1790183627118,sala01,3933,1790183627118,0,0,OCUPADO,0,28,55,120,1,1
1790183629118,sala01,3934,1790183629118,0,0,OCUPADO,1,28,55,120,1,1
1790183631118,sala01,3935,1790183631118,0,0,OCUPADO,1,28,55,120,1,1
1790183633118,sala01,3936,1790183633118,0,0,OCUPADO,1,28,55,120,1,1
1790183635118,sala01,3937,1790183635118,0,0,OCUPADO,0,28,55,120,1,1
1790183637118,sala01,3938,1790183637118,0,0,OCUPADO,1,28,55,120,1,1
1790183639118,sala01,3939,1790183639118,0,0,OCUPADO,1,28,55,120,1,1
1790183641118,sala01,3940,1790183641118,0,0,OCUPADO,1,28,55,120,1,1
1790183643118,sala01,3941,1790183643118,0,0,OCUPADO,0,28,55,120,1,1
1790183645118,sala01,3942,1790183645118,0,0,OCUPADO,1,28,55,120,1,1
1790183647118,sala01,3943,1790183647118,0,0,OCUPADO,1,28,55,120,1,1
1790183649118,sala01,3944,1790183649118,0,0,OCUPADO,1,28,55,120,1,1
1790183651118,sala01,3945,1790183651118,0,0,OCUPADO,0,28,55,120,1,1
1790183653118,sala01,3946,1790183653118,0,0,OCUPADO,1,28,55,120,1,1
1790183655118,sala01,3947,1790183655118,0,0,OCUPADO,1,28,55,120,1,1
1790183657118,sala01,3948,1790183657118,0,0,OCUPADO,1,28,55,120,1,1
1790183659118,sala01,3949,1790183659118,0,0,OCUPADO,0,28,55,120,1,1
1790183661118,sala01,3950,1790183661118,0,0,OCUPADO,1,28,55,120,1,1
1790183663118,sala01,3951,1790183663118,0,0,OCUPADO,1,28,55,120,1,1
1790183665118,sala01,3952,1790183665118,0,0,OCUPADO,1,28,55,120,1,1
1790183667118,sala01,3953,1790183667118,0,0,OCUPADO,0,28,55,120,1,1
1790183669118,sala01,3954,1790183669118,0,0,OCUPADO,1,28,55,120,1,1
1790183671118,sala01,3955,1790183671118,0,0,OCUPADO,1,28,55,120,1,1
1790183673118,sala01,3956,1790183673118,0,0,OCUPADO,1,28,55,120,1,1
1790183675118,sala01,3957,1790183675118,0,0,OCUPADO,0,28,55,120,1,1
1790183677118,sala01,3958,1790183677118,0,0,OCUPADO,1,28,55,120,1,1
1790183679118,sala01,3959,1790183679118,0,0,OCUPADO,1,28,55,120,1,1
1790183681118,sala01,3960,1790183681118,0,0,OCUPADO,1,28,55,120,1,1
1790183683118,sala01,3961,1790183683118,0,0,OCUPADO,0,28,55,120,1,1
1790183685118,sala01,3962,1790183685118,0,0,OCUPADO,1,28,55,120,1,1
1790183687118,sala01,3963,1790183687118,0,0,OCUPADO,1,28,55,120,1,1
1790183689118,sala01,3964,1790183689118,0,0,OCUPADO,1,28,55,120,1,1
1790183691118,sala01,3965,1790183691118,0,0,OCUPADO,0,28,55,120,1,1
1790183693118,sala01,3966,1790183693118,0,0,OCUPADO,1,28,55,120,1,1
1790183695118,sala01,3967,1790183695118,0,0,OCUPADO,1,28,55,120,1,1
1790183697118,sala01,3968,1790183697118,0,0,OCUPADO,1,28,55,120,1,1
1790183699118,sala01,3969,1790183699118,0,0,OCUPADO,0,28,55,120,1,1
1790183701118,sala01,3970,1790183701118,0,0,OCUPADO,1,28,55,120,1,1
1790183703118,sala01,3971,1790183703118,0,0,OCUPADO,1,28,55,120,1,1
1790183705118,sala01,3972,1790183705118,0,0,OCUPADO,1,28,55,120,1,1
1790183707118,sala01,3973,1790183707118,0,0,OCUPADO,0,28,55,120,1,1
1790183709118,sala01,3974,1790183709118,0,0,OCUPADO,1,28,55,120,1,1
1790183711118,sala01,3975,1790183711118,0,0,OCUPADO,1,28,55,120,1,1
1790183713118,sala01,3976,1790183713118,0,0,OCUPADO,1,28,55,120,1,1
1790183715118,sala01,3977,1790183715118,0,0,OCUPADO,0,28,55,120,1,1
1790183717118,sala01,3978,1790183717118,0,0,OCUPADO,1,28,55,120,1,1
1790183719118,sala01,3979,1790183719118,0,0,OCUPADO,1,28,55,120,1,1
1790183721118,sala01,3980,1790183721118,0,0,OCUPADO,1,28,55,120,1,1
1790183723118,sala01,3981,1790183723118,0,0,OCUPADO,0,28,55,120,1,1
1790183725118,sala01,3982,1790183725118,0,0,OCUPADO,1,28,55,120,1,1
1790183727118,sala01,3983,1790183727118,0,0,OCUPADO,1,28,55,120,1,1
1790183729118,sala01,3984,1790183729118,0,0,OCUPADO,1,28,55,120,1,1
1790183731118,sala01,3985,1790183731118,0,0,OCUPADO,0,28,55,120,1,1
1790183733118,sala01,3986,1790183733118,0,0,OCUPADO,1,28,55,120,1,1
1790183735118,sala01,3987,1790183735118,0,0,OCUPADO,1,28,55,120,1,1
1790183737118,sala01,3988,1790183737118,0,0,OCUPADO,1,28,55,120,1,1
1790183739118,sala01,3989,1790183739118,0,0,OCUPADO,0,28,55,120,1,1
1790183741118,sala01,3990,1790183741118,0,0,OCUPADO,1,28,55,120,1,1
1790183743118,sala01,3991,1790183743118,0,0,OCUPADO,1,28,55,120,1,1
1790183745118,sala01,3992,1790183745118,0,0,OCUPADO,1,28,55,120,1,1
1790183747118,sala01,3993,1790183747118,0,0,OCUPADO,0,28,55,120,1,1
1790183749118,sala01,3994,1790183749118,0,0,OCUPADO,1,28,55,120,1,1
1790183751118,sala01,3995,1790183751118,0,0,OCUPADO,1,28,55,120,1,1
1790183753118,sala01,3996,1790183753118,0,0,OCUPADO,1,28,55,120,1,1
1790183755118,sala01,3997,1790183755118,0,0,OCUPADO,0,28,55,120,1,1
1790183757118,sala01,3998,1790183757118,0,0,OCUPADO,1,28,55,120,1,1
1790183759118,sala01,3999,1790183759118,0,0,OCUPADO,1,28,55,120,1,1
1790183761118,sala01,4000,1790183761118,0,0,OCUPADO,1,28,55,120,1,1
1790183763118,sala01,4001,1790183763118,0,0,OCUPADO,0,28,55,120,1,1
1790183765118,sala01,4002,1790183765118,0,0,OCUPADO,1,28,55,120,1,1
1790183767118,sala01,4003,1790183767118,0,0,OCUPADO,1,28,55,120,1,1
1790183769118,sala01,4004,1790183769118,0,0,OCUPADO,1,28,55,120,1,1
1790183771118,sala01,4005,1790183771118,0,0,OCUPADO,0,28,55,120,1,1
1790183773118,sala01,4006,1790183773118,0,0,OCUPADO,1,28,55,120,1,1
1790183775118,sala01,4007,1790183775118,0,0,OCUPADO,1,28,55,120,1,1
1790183777118,sala01,4008,1790183777118,0,0,OCUPADO,1,28,55,120,1,1
1790183779118,sala01,4009,1790183779118,0,0,OCUPADO,0,28,55,120,1,1
1790183781118,sala01,4010,1790183781118,0,0,OCUPADO,1,28,55,120,1,1
1790183783118,sala01,4011,1790183783118,0,0,OCUPADO,1,28,55,120,1,1
1790183785118,sala01,4012,1790183785118,0,0,OCUPADO,1,28,55,120,1,1
1790183787118,sala01,4013,1790183787118,0,0,OCUPADO,0,28,55,120,1,1
1790183789118,sala01,4014,1790183789118,0,0,OCUPADO,1,28,55,120,1,1
1790183791118,sala01,4015,1790183791118,0,0,OCUPADO,1,28,55,120,1,1
1790183793118,sala01,4016,1790183793118,0,0,OCUPADO,1,28,55,120,1,1
1790183795118,sala01,4017,1790183795118,0,0,OCUPADO,0,28,55,120,1,1
1790183797118,sala01,4018,1790183797118,0,0,OCUPADO,1,28,55,120,1,1
1790183799118,sala01,4019,1790183799118,0,0,OCUPADO,1,28,55,120,1,1
1790183801118,sala01,4020,1790183801118,0,0,OCUPADO,1,28,55,120,1,1
1790183803118,sala01,4021,1790183803118,0,0,OCUPADO,0,28,55,120,1,1
1790183805118,sala01,4022,1790183805118,0,0,OCUPADO,1,28,55,120,1,1
1790183807118,sala01,4023,1790183807118,0,0,OCUPADO,1,28,55,120,1,1
1790183809118,sala01,4024,1790183809118,0,0,OCUPADO,1,28,55,120,1,1
1790183811118,sala01,4025,1790183811118,0,0,OCUPADO,0,28,55,120,1,1
1790183813118,sala01,4026,1790183813118,0,0,OCUPADO,1,28,55,120,1,1
1790183815118,sala01,4027,1790183815118,0,0,OCUPADO,1,28,55,120,1,1
1790183817118,sala01,4028,1790183817118,0,0,OCUPADO,1,28,55,120,1,1
1790183819118,sala01,4029,1790183819118,0,0,OCUPADO,0,28,55,120,1,1
1790183821118,sala01,4030,1790183821118,0,0,OCUPADO,1,28,55,120,1,1
1790183823118,sala01,4031,1790183823118,0,0,OCUPADO,1,28,55,120,1,1
1790183825118,sala01,4032,1790183825118,0,0,OCUPADO,1,28,55,120,1,1
1790183827118,sala01,4033,1790183827118,0,0,OCUPADO,0,28,55,120,1,1
1790183829118,sala01,4034,1790183829118,0,0,OCUPADO,1,28,55,120,1,1
1790183831118,sala01,4035,1790183831118,0,0,OCUPADO,1,28,55,120,1,1
1790183833118,sala01,4036,1790183833118,0,0,OCUPADO,1,28,55,120,1,1
1790183835118,sala01,4037,1790183835118,0,0,OCUPADO,0,28,55,120,1,1
1790183837118,sala01,4038,1790183837118,0,0,OCUPADO,1,28,55,120,1,1
1790183839118,sala01,4039,1790183839118,0,0,OCUPADO,1,28,55,120,1,1
1790183841118,sala01,4040,1790183841118,0,0,OCUPADO,1,28,55,120,1,1
1790183843118,sala01,4041,1790183843118,0,0,OCUPADO,0,28,55,120,1,1
1790183845118,sala01,4042,1790183845118,0,0,OCUPADO,1,28,55,120,1,1
1790183847118,sala01,4043,1790183847118,0,0,OCUPADO,1,28,55,120,1,1
1790183849118,sala01,4044,1790183849118,0,0,OCUPADO,1,28,55,120,1,1
1790183851118,sala01,4045,1790183851118,0,0,OCUPADO,0,28,55,120,1,1
1790183853118,sala01,4046,1790183853118,0,0,OCUPADO,1,28,55,120,1,1
1790183855118,sala01,4047,1790183855118,0,0,OCUPADO,1,28,55,120,1,1
1790183857118,sala01,4048,1790183857118,0,0,OCUPADO,1,28,55,120,1,1
1790183859118,sala01,4049,1790183859118,0,0,OCUPADO,0,28,55,120,1,1
1790183861118,sala01,4050,1790183861118,0,0,OCUPADO,1,28,55,120,1,1
1790183863118,sala01,4051,1790183863118,0,0,OCUPADO,1,28,55,120,1,1
1790183865118,sala01,4052,1790183865118,0,0,OCUPADO,1,28,55,120,1,1
1790183867118,sala01,4053,1790183867118,0,0,OCUPADO,0,28,55,120,1,1
1790183869118,sala01,4054,1790183869118,0,0,OCUPADO,1,28,55,120,1,1
1790183871118,sala01,4055,1790183871118,0,0,OCUPADO,1,28,55,120,1,1
1790183873118,sala01,4056,1790183873118,0,0,OCUPADO,1,28,55,120,1,1
1790183875118,sala01,4057,1790183875118,0,0,OCUPADO,0,28,55,120,1,1
1790183877118,sala01,4058,1790183877118,0,0,OCUPADO,1,28,55,120,1,1
1790183879118,sala01,4059,1790183879118,0,0,OCUPADO,1,28,55,120,1,1
1790183881118,sala01,4060,1790183881118,0,0,OCUPADO,1,28,55,120,1,1
1790183883118,sala01,4061,1790183883118,0,0,OCUPADO,0,28,55,120,1,1
1790183885118,sala01,4062,1790183885118,0,0,OCUPADO,1,28,55,120,1,1
1790183887118,sala01,4063,1790183887118,0,0,OCUPADO,1,28,55,120,1,1
1790183889118,sala01,4064,1790183889118,0,0,OCUPADO,1,28,55,120,1,1
1790183891118,sala01,4065,1790183891118,0,0,OCUPADO,0,28,55,120,1,1
1790183893118,sala01,4066,1790183893118,0,0,OCUPADO,1,28,55,120,1,1
1790183895118,sala01,4067,1790183895118,0,0,OCUPADO,1,28,55,120,1,1
1790183897118,sala01,4068,1790183897118,0,0,OCUPADO,1,28,55,120,1,1
1790183899118,sala01,4069,1790183899118,0,0,OCUPADO,0,28,55,120,1,1
1790183901118,sala01,4070,1790183901118,0,0,OCUPADO,1,28,55,120,1,1
1790183903118,sala01,4071,1790183903118,0,0,OCUPADO,1,28,55,120,1,1
1790183905118,sala01,4072,1790183905118,0,0,OCUPADO,1,28,55,120,1,1
1790183907118,sala01,4073,1790183907118,0,0,OCUPADO,0,28,55,120,1,1
1790183909118,sala01,4074,1790183909118,0,0,OCUPADO,1,28,55,120,1,1
1790183911118,sala01,4075,1790183911118,0,0,OCUPADO,1,28,55,120,1,1
1790183913118,sala01,4076,1790183913118,0,0,OCUPADO,1,28,55,120,1,1
1790183915118,sala01,4077,1790183915118,0,0,OCUPADO,0,28,55,120,1,1
1790183917118,sala01,4078,1790183917118,0,0,OCUPADO,1,28,55,120,1,1
1790183919118,sala01,4079,1790183919118,0,0,OCUPADO,1,28,55,120,1,1
1790183921118,sala01,4080,1790183921118,0,0,OCUPADO,1,28,55,120,1,1
1790183923118,sala01,4081,1790183923118,0,0,OCUPADO,0,28,55,120,1,1
1790183925118,sala01,4082,1790183925118,0,0,OCUPADO,1,28,55,120,1,1
1790183927118,sala01,4083,1790183927118,0,0,OCUPADO,1,28,55,120,1,1
1790183929118,sala01,4084,1790183929118,0,0,OCUPADO,1,28,55,120,1,1
1790183931118,sala01,4085,1790183931118,0,0,OCUPADO,0,28,55,120,1,1
1790183933118,sala01,4086,1790183933118,0,0,OCUPADO,1,28,55,120,1,1
1790183935118,sala01,4087,1790183935118,0,0,OCUPADO,1,28,55,120,1,1
1790183937118,sala01,4088,1790183937118,0,0,OCUPADO,1,28,55,120,1,1
1790183939118,sala01,4089,1790183939118,0,0,OCUPADO,0,28,55,120,1,1
1790183941118,sala01,4090,1790183941118,0,0,OCUPADO,1,28,55,120,1,1
1790183943118,sala01,4091,1790183943118,0,0,OCUPADO,1,28,55,120,1,1
1790183945118,sala01,4092,1790183945118,0,0,OCUPADO,1,28,55,120,1,1
1790183947118,sala01,4093,1790183947118,0,0,OCUPADO,0,28,55,120,1,1
1790183949118,sala01,4094,1790183949118,0,0,OCUPADO,1,28,55,120,1,1
1790183951118,sala01,4095,1790183951118,0,0,OCUPADO,1,28,55,120,1,1
1790183953118,sala01,4096,1790183953118,0,0,OCUPADO,1,28,55,120,1,1
1790183955118,sala01,4097,1790183955118,0,0,OCUPADO,0,28,55,120,1,1
1790183957118,sala01,4098,1790183957118,0,0,OCUPADO,1,28,55,120,1,1
1790183959118,sala01,4099,1790183959118,0,0,OCUPADO,1,28,55,120,1,1
1790183961118,sala01,4100,1790183961118,0,0,OCUPADO,1,28,55,120,1,1
1790183963118,sala01,4101,1790183963118,0,0,OCUPADO,0,28,55,120,1,1
1790183965118,sala01,4102,1790183965118,0,0,OCUPADO,1,28,55,120,1,1
1790183967118,sala01,4103,1790183967118,0,0,OCUPADO,1,28,55,120,1,1
1790183969118,sala01,4104,1790183969118,0,0,OCUPADO,1,28,55,120,1,1
1790183971118,sala01,4105,1790183971118,0,0,OCUPADO,0,28,55,120,1,1
1790183973118,sala01,4106,1790183973118,0,0,OCUPADO,1,28,55,120,1,1
1790183975118,sala01,4107,1790183975118,0,0,OCUPADO,1,28,55,120,1,1
1790183977118,sala01,4108,1790183977118,0,0,OCUPADO,1,28,55,120,1,1
1790183979118,sala01,4109,1790183979118,0,0,OCUPADO,0,28,55,120,1,1
1790183981118,sala01,4110,1790183981118,0,0,OCUPADO,1,28,55,120,1,1
1790183983118,sala01,4111,1790183983118,0,0,OCUPADO,1,28,55,120,1,1
1790183985118,sala01,4112,1790183985118,0,0,OCUPADO,1,28,55,120,1,1
1790183987118,sala01,4113,1790183987118,0,0,OCUPADO,0,28,55,120,1,1
1790183989118,sala01,4114,1790183989118,0,0,OCUPADO,1,28,55,120,1,1
1790183991118,sala01,4115,1790183991118,0,0,OCUPADO,1,28,55,120,1,1
1790183993118,sala01,4116,1790183993118,0,0,OCUPADO,1,28,55,120,1,1
1790183995118,sala01,4117,1790183995118,0,0,OCUPADO,0,28,55,120,1,1
1790183997118,sala01,4118,1790183997118,0,0,OCUPADO,1,28,55,120,1,1
1790183999118,sala01,4119,1790183999118,0,0,OCUPADO,1,28,55,120,1,1
1790184001118,sala01,4120,1790184001118,0,0,OCUPADO,1,28,55,120,1,1
1790184003118,sala01,4121,1790184003118,0,0,OCUPADO,0,28,55,120,1,1
1790184005118,sala01,4122,1790184005118,0,0,OCUPADO,1,28,55,120,1,1
1790184007118,sala01,4123,1790184007118,0,0,OCUPADO,1,28,55,120,1,1
1790184009118,sala01,4124,1790184009118,0,0,OCUPADO,1,28,55,120,1,1
1790184011118,sala01,4125,1790184011118,0,0,OCUPADO,0,28,55,120,1,1
1790184013118,sala01,4126,1790184013118,0,0,OCUPADO,1,28,55,120,1,1
1790184015118,sala01,4127,1790184015118,0,0,OCUPADO,1,28,55,120,1,1
1790184017118,sala01,4128,1790184017118,0,0,OCUPADO,1,28,55,120,1,1
1790184019118,sala01,4129,1790184019118,0,0,OCUPADO,0,28,55,120,1,1
1790184021118,sala01,4130,1790184021118,0,0,OCUPADO,1,28,55,120,1,1
1790184023118,sala01,4131,1790184023118,0,0,OCUPADO,1,28,55,120,1,1
1790184025118,sala01,4132,1790184025118,0,0,OCUPADO,1,28,55,120,1,1
1790184027118,sala01,4133,1790184027118,0,0,OCUPADO,0,28,55,120,1,1
1790184029118,sala01,4134,1790184029118,0,0,OCUPADO,1,28,55,120,1,1
1790184031118,sala01,4135,1790184031118,0,0,OCUPADO,1,28,55,120,1,1
1790184033118,sala01,4136,1790184033118,0,0,OCUPADO,1,28,55,120,1,1
1790184035118,sala01,4137,1790184035118,0,0,OCUPADO,0,28,55,120,1,1
1790184037118,sala01,4138,1790184037118,0,0,OCUPADO,1,28,55,120,1,1
1790184039118,sala01,4139,1790184039118,0,0,OCUPADO,1,28,55,120,1,1
1790184041118,sala01,4140,1790184041118,0,0,OCUPADO,1,28,55,120,1,1
1790184043118,sala01,4141,1790184043118,0,0,OCUPADO,0,28,55,120,1,1
1790184045118,sala01,4142,1790184045118,0,0,OCUPADO,1,28,55,120,1,1
1790184047118,sala01,4143,1790184047118,0,0,OCUPADO,1,28,55,120,1,1
1790184049118,sala01,4144,1790184049118,0,0,OCUPADO,1,28,55,120,1,1
1790184051118,sala01,4145,1790184051118,0,0,OCUPADO,0,28,55,120,1,1
1790184053118,sala01,4146,1790184053118,0,0,OCUPADO,1,28,55,120,1,1
1790184055118,sala01,4147,1790184055118,0,0,OCUPADO,1,28,55,120,1,1
1790184057118,sala01,4148,1790184057118,0,0,OCUPADO,1,28,55,120,1,1
1790184059118,sala01,4149,1790184059118,0,0,OCUPADO,0,28,55,120,1,1
1790184061118,sala01,4150,1790184061118,0,0,OCUPADO,1,28,55,120,1,1
1790184063118,sala01,4151,1790184063118,0,0,OCUPADO,1,28,55,120,1,1
1790184065118,sala01,4152,1790184065118,0,0,OCUPADO,1,28,55,120,1,1
1790184067118,sala01,4153,1790184067118,0,0,OCUPADO,0,28,55,120,1,1
1790184069118,sala01,4154,1790184069118,0,0,OCUPADO,1,28,55,120,1,1
1790184071118,sala01,4155,1790184071118,0,0,OCUPADO,1,28,55,120,1,1
1790184073118,sala01,4156,1790184073118,0,0,OCUPADO,1,28,55,120,1,1
1790184075118,sala01,4157,1790184075118,0,0,OCUPADO,0,28,55,120,1,1
1790184077118,sala01,4158,1790184077118,0,0,OCUPADO,1,28,55,120,1,1
1790184079118,sala01,4159,1790184079118,0,0,OCUPADO,1,28,55,120,1,1
1790184081118,sala01,4160,1790184081118,0,0,OCUPADO,1,28,55,120,1,1
1790184083118,sala01,4161,1790184083118,0,0,OCUPADO,0,28,55,120,1,1
1790184085118,sala01,4162,1790184085118,0,0,OCUPADO,1,28,55,120,1,1
1790184087118,sala01,4163,1790184087118,0,0,OCUPADO,1,28,55,120,1,1
1790184089118,sala01,4164,1790184089118,0,0,OCUPADO,1,28,55,120,1,1
1790184091118,sala01,4165,1790184091118,0,0,OCUPADO,0,28,55,120,1,1
1790184093118,sala01,4166,1790184093118,0,0,OCUPADO,1,28,55,120,1,1
1790184095118,sala01,4167,1790184095118,0,0,OCUPADO,1,28,55,120,1,1
1790184097118,sala01,4168,1790184097118,0,0,OCUPADO,1,28,55,120,1,1
1790184099118,sala01,4169,1790184099118,0,0,OCUPADO,0,28,55,120,1,1
1790184101118,sala01,4170,1790184101118,0,0,OCUPADO,1,28,55,120,1,1
1790184103118,sala01,4171,1790184103118,0,0,OCUPADO,1,28,55,120,1,1
1790184105118,sala01,4172,1790184105118,0,0,OCUPADO,1,28,55,120,1,1
1790184107118,sala01,4173,1790184107118,0,0,OCUPADO,0,28,55,120,1,1
1790184109118,sala01,4174,1790184109118,0,0,OCUPADO,1,28,55,120,1,1
1790184111118,sala01,4175,1790184111118,0,0,OCUPADO,1,28,55,120,1,1
1790184113118,sala01,4176,1790184113118,0,0,OCUPADO,1,28,55,120,1,1
1790184115118,sala01,4177,1790184115118,0,0,OCUPADO,0,28,55,120,1,1
1790184117118,sala01,4178,1790184117118,0,0,OCUPADO,1,28,55,120,1,1
1790184119118,sala01,4179,1790184119118,0,0,OCUPADO,1,28,55,120,1,1
1790184121118,sala01,4180,1790184121118,0,0,OCUPADO,1,28,55,120,1,1
1790184123118,sala01,4181,1790184123118,0,0,OCUPADO,0,28,55,120,1,1
1790184125118,sala01,4182,1790184125118,0,0,OCUPADO,1,28,55,120,1,1
1790184127118,sala01,4183,1790184127118,0,0,OCUPADO,1,28,55,120,1,1
1790184129118,sala01,4184,1790184129118,0,0,OCUPADO,1,28,55,120,1,1
1790184131118,sala01,4185,1790184131118,0,0,OCUPADO,0,28,55,120,1,1
1790184133118,sala01,4186,1790184133118,0,0,OCUPADO,1,28,55,120,1,1
1790184135118,sala01,4187,1790184135118,0,0,OCUPADO,1,28,55,120,1,1
1790184137118,sala01,4188,1790184137118,0,0,OCUPADO,1,28,55,120,1,1
1790184139118,sala01,4189,1790184139118,0,0,OCUPADO,0,28,55,120,1,1
1790184141118,sala01,4190,1790184141118,0,0,OCUPADO,1,28,55,120,1,1
1790184143118,sala01,4191,1790184143118,0,0,OCUPADO,1,28,55,120,1,1
1790184145118,sala01,4192,1790184145118,0,0,OCUPADO,1,28,55,120,1,1
1790184147118,sala01,4193,1790184147118,0,0,OCUPADO,0,28,55,120,1,1
1790184149118,sala01,4194,1790184149118,0,0,OCUPADO,1,28,55,120,1,1
1790184151118,sala01,4195,1790184151118,0,0,OCUPADO,1,28,55,120,1,1
1790184153118,sala01,4196,1790184153118,0,0,OCUPADO,1,28,55,120,1,1
1790184155118,sala01,4197,1790184155118,0,0,OCUPADO,0,28,55,120,1,1
1790184157118,sala01,4198,1790184157118,0,0,OCUPADO,1,28,55,120,1,1
1790184159118,sala01,4199,1790184159118,0,0,OCUPADO,1,28,55,120,1,1
1790184161118,sala01,4200,1790184161118,0,0,OCUPADO,1,28,55,120,1,1
1790184163118,sala01,4201,1790184163118,0,0,OCUPADO,0,28,55,120,1,1
1790184165118,sala01,4202,1790184165118,0,0,OCUPADO,1,28,55,120,1,1
1790184167118,sala01,4203,1790184167118,0,0,OCUPADO,1,28,55,120,1,1
1790184169118,sala01,4204,1790184169118,0,0,OCUPADO,1,28,55,120,1,1
1790184171118,sala01,4205,1790184171118,0,0,OCUPADO,0,28,55,120,1,1
1790184173118,sala01,4206,1790184173118,0,0,OCUPADO,1,28,55,120,1,1
1790184175118,sala01,4207,1790184175118,0,0,OCUPADO,1,28,55,120,1,1
1790184177118,sala01,4208,1790184177118,0,0,OCUPADO,1,28,55,120,1,1
1790184179118,sala01,4209,1790184179118,0,0,OCUPADO,0,28,55,120,1,1
1790184181118,sala01,4210,1790184181118,0,0,OCUPADO,1,28,55,120,1,1
1790184183118,sala01,4211,1790184183118,0,0,OCUPADO,1,28,55,120,1,1
1790184185118,sala01,4212,1790184185118,0,0,OCUPADO,1,28,55,120,1,1
1790184187118,sala01,4213,1790184187118,0,0,OCUPADO,0,28,55,120,1,1
1790184189118,sala01,4214,1790184189118,0,0,OCUPADO,1,28,55,120,1,1
1790184191118,sala01,4215,1790184191118,0,0,OCUPADO,1,28,55,120,1,1
1790184193118,sala01,4216,1790184193118,0,0,OCUPADO,1,28,55,120,1,1
1790184195118,sala01,4217,1790184195118,0,0,OCUPADO,0,28,55,120,1,1
1790184197118,sala01,4218,1790184197118,0,0,OCUPADO,1,28,55,120,1,1
1790184199118,sala01,4219,1790184199118,0,0,OCUPADO,1,28,55,120,1,1
1790184201118,sala01,4220,1790184201118,0,0,OCUPADO,1,28,55,120,1,1
1790184203118,sala01,4221,1790184203118,0,0,OCUPADO,0,28,55,120,1,1
1790184205118,sala01,4222,1790184205118,0,0,OCUPADO,1,28,55,120,1,1
1790184207118,sala01,4223,1790184207118,0,0,OCUPADO,1,28,55,120,1,1
1790184209118,sala01,4224,1790184209118,0,0,OCUPADO,1,28,55,120,1,1
1790184211118,sala01,4225,1790184211118,0,0,OCUPADO,0,28,55,120,1,1
1790184213118,sala01,4226,1790184213118,0,0,OCUPADO,1,28,55,120,1,1
1790184215118,sala01,4227,1790184215118,0,0,OCUPADO,1,28,55,120,1,1
1790184217118,sala01,4228,1790184217118,0,0,OCUPADO,1,28,55,120,1,1
1790184219118,sala01,4229,1790184219118,0,0,OCUPADO,0,28,55,120,1,1
1790184221118,sala01,4230,1790184221118,0,0,OCUPADO,1,28,55,120,1,1
1790184223118,sala01,4231,1790184223118,0,0,OCUPADO,1,28,55,120,1,1
1790184225118,sala01,4232,1790184225118,0,0,OCUPADO,1,28,55,120,1,1
1790184227118,sala01,4233,1790184227118,0,0,OCUPADO,0,28,55,120,1,1
1790184229118,sala01,4234,1790184229118,0,0,OCUPADO,1,28,55,120,1,1
1790184231118,sala01,4235,1790184231118,0,0,OCUPADO,1,28,55,120,1,1
1790184233118,sala01,4236,1790184233118,0,0,OCUPADO,1,28,55,120,1,1
1790184235118,sala01,4237,1790184235118,0,0,OCUPADO,0,28,55,120,1,1
1790184237118,sala01,4238,1790184237118,0,0,OCUPADO,1,28,55,120,1,1
1790184239118,sala01,4239,1790184239118,0,0,OCUPADO,1,28,55,120,1,1
1790184241118,sala01,4240,1790184241118,0,0,OCUPADO,1,28,55,120,1,1
1790184243118,sala01,4241,1790184243118,0,0,OCUPADO,0,28,55,120,1,1
1790184245118,sala01,4242,1790184245118,0,0,OCUPADO,1,28,55,120,1,1
1790184247118,sala01,4243,1790184247118,0,0,OCUPADO,1,28,55,120,1,1
1790184249118,sala01,4244,1790184249118,0,0,OCUPADO,1,28,55,120,1,1
1790184251118,sala01,4245,1790184251118,0,0,OCUPADO,0,28,55,120,1,1
1790184253118,sala01,4246,1790184253118,0,0,OCUPADO,1,28,55,120,1,1
1790184255118,sala01,4247,1790184255118,0,0,OCUPADO,1,28,55,120,1,1
1790184257118,sala01,4248,1790184257118,0,0,OCUPADO,1,28,55,120,1,1
1790184259118,sala01,4249,1790184259118,0,0,OCUPADO,0,28,55,120,1,1
1790184261118,sala01,4250,1790184261118,0,0,OCUPADO,1,28,55,120,1,1
1790184263118,sala01,4251,1790184263118,0,0,OCUPADO,1,28,55,120,1,1
1790184265118,sala01,4252,1790184265118,0,0,OCUPADO,1,28,55,120,1,1
1790184267118,sala01,4253,1790184267118,0,0,OCUPADO,0,28,55,120,1,1
1790184269118,sala01,4254,1790184269118,0,0,OCUPADO,1,28,55,120,1,1
1790184271118,sala01,4255,1790184271118,0,0,OCUPADO,1,28,55,120,1,1
1790184273118,sala01,4256,1790184273118,0,0,OCUPADO,1,28,55,120,1,1
1790184275118,sala01,4257,1790184275118,0,0,OCUPADO,0,28,55,120,1,1
1790184277118,sala01,4258,1790184277118,0,0,OCUPADO,1,28,55,120,1,1
1790184279118,sala01,4259,1790184279118,0,0,OCUPADO,1,28,55,120,1,1
1790184281118,sala01,4260,1790184281118,0,0,OCUPADO,1,28,55,120,1,1
1790184283118,sala01,4261,1790184283118,0,0,OCUPADO,0,28,55,120,1,1
1790184285118,sala01,4262,1790184285118,0,0,OCUPADO,1,28,55,120,1,1
1790184287118,sala01,4263,1790184287118,0,0,OCUPADO,1,28,55,120,1,1
1790184289118,sala01,4264,1790184289118,0,0,OCUPADO,1,28,55,120,1,1
1790184291118,sala01,4265,1790184291118,0,0,OCUPADO,0,28,55,120,1,1
1790184293118,sala01,4266,1790184293118,0,0,OCUPADO,1,28,55,120,1,1
1790184295118,sala01,4267,1790184295118,0,0,OCUPADO,1,28,55,120,1,1
1790184297118,sala01,4268,1790184297118,0,0,OCUPADO,1,28,55,120,1,1
1790184299118,sala01,4269,1790184299118,0,0,OCUPADO,0,28,55,120,1,1
1790184301118,sala01,4270,1790184301118,0,0,OCUPADO,1,28,55,120,1,1
1790184303118,sala01,4271,1790184303118,0,0,OCUPADO,1,28,55,120,1,1
1790184305118,sala01,4272,1790184305118,0,0,OCUPADO,1,28,55,120,1,1
1790184307118,sala01,4273,1790184307118,0,0,OCUPADO,0,28,55,120,1,1
1790184309118,sala01,4274,1790184309118,0,0,OCUPADO,1,28,55,120,1,1
1790184311118,sala01,4275,1790184311118,0,0,OCUPADO,1,28,55,120,1,1
1790184313118,sala01,4276,1790184313118,0,0,OCUPADO,1,28,55,120,1,1
1790184315118,sala01,4277,1790184315118,0,0,OCUPADO,0,28,55,120,1,1
1790184317118,sala01,4278,1790184317118,0,0,OCUPADO,1,28,55,120,1,1
1790184319118,sala01,4279,1790184319118,0,0,OCUPADO,1,28,55,120,1,1
1790184321118,sala01,4280,1790184321118,0,0,OCUPADO,1,28,55,120,1,1
1790184323118,sala01,4281,1790184323118,0,0,OCUPADO,0,28,55,120,1,1
1790184325118,sala01,4282,1790184325118,0,0,OCUPADO,1,28,55,120,1,1
1790184327118,sala01,4283,1790184327118,0,0,OCUPADO,1,28,55,120,1,1
1790184329118,sala01,4284,1790184329118,0,0,OCUPADO,1,28,55,120,1,1
1790184331118,sala01,4285,1790184331118,0,0,OCUPADO,0,28,55,120,1,1
1790184333118,sala01,4286,1790184333118,0,0,OCUPADO,1,28,55,120,1,1
1790184335118,sala01,4287,1790184335118,0,0,OCUPADO,1,28,55,120,1,1
1790184337118,sala01,4288,1790184337118,0,0,OCUPADO,1,28,55,120,1,1
1790184339118,sala01,4289,1790184339118,0,0,OCUPADO,0,28,55,120,1,1
1790184341118,sala01,4290,1790184341118,0,0,OCUPADO,1,28,55,120,1,1
1790184343118,sala01,4291,1790184343118,0,0,OCUPADO,1,28,55,120,1,1
1790184345118,sala01,4292,1790184345118,0,0,OCUPADO,1,28,55,120,1,1
1790184347118,sala01,4293,1790184347118,0,0,OCUPADO,0,28,55,120,1,1
1790184349118,sala01,4294,1790184349118,0,0,OCUPADO,1,28,55,120,1,1
1790184351118,sala01,4295,1790184351118,0,0,OCUPADO,1,28,55,120,1,1
1790184353118,sala01,4296,1790184353118,0,0,OCUPADO,1,28,55,120,1,1
1790184355118,sala01,4297,1790184355118,0,0,OCUPADO,0,28,55,120,1,1
1790184357118,sala01,4298,1790184357118,0,0,OCUPADO,1,28,55,120,1,1
1790184359118,sala01,4299,1790184359118,0,0,OCUPADO,1,28,55,120,1,1
1790184361118,sala01,4300,1790184361118,0,0,OCUPADO,1,28,55,120,1,1
1790184363118,sala01,4301,1790184363118,0,0,OCUPADO,0,28,55,120,1,1
1790184365118,sala01,4302,1790184365118,0,0,OCUPADO,1,28,55,120,1,1
1790184367118,sala01,4303,1790184367118,0,0,OCUPADO,1,28,55,120,1,1
1790184369118,sala01,4304,1790184369118,0,0,OCUPADO,1,28,55,120,1,1
1790184371118,sala01,4305,1790184371118,0,0,OCUPADO,0,28,55,120,1,1
1790184373118,sala01,4306,1790184373118,0,0,OCUPADO,1,28,55,120,1,1
1790184375118,sala01,4307,1790184375118,0,0,OCUPADO,1,28,55,120,1,1
1790184377118,sala01,4308,1790184377118,0,0,OCUPADO,1,28,55,120,1,1
1790184379118,sala01,4309,1790184379118,0,0,OCUPADO,0,28,55,120,1,1
1790184381118,sala01,4310,1790184381118,0,0,OCUPADO,1,28,55,120,1,1
1790184383118,sala01,4311,1790184383118,0,0,OCUPADO,1,28,55,120,1,1
1790184385118,sala01,4312,1790184385118,0,0,OCUPADO,1,28,55,120,1,1
1790184387118,sala01,4313,1790184387118,0,0,OCUPADO,0,28,55,120,1,1
1790184389118,sala01,4314,1790184389118,0,0,OCUPADO,1,28,55,120,1,1
1790184391118,sala01,4315,1790184391118,0,0,OCUPADO,1,28,55,120,1,1
1790184393118,sala01,4316,1790184393118,0,0,OCUPADO,1,28,55,120,1,1
1790184395118,sala01,4317,1790184395118,0,0,OCUPADO,0,28,55,120,1,1
1790184397118,sala01,4318,1790184397118,0,0,OCUPADO,1,28,55,120,1,1
1790184399118,sala01,4319,1790184399118,0,0,OCUPADO,1,28,55,120,1,1
1790184401118,sala01,4320,1790184401118,0,0,OCUPADO,1,28,55,120,1,1
1790184403118,sala01,4321,1790184403118,0,0,OCUPADO,0,28,55,120,1,1
1790184405118,sala01,4322,1790184405118,0,0,OCUPADO,1,28,55,120,1,1
1790184407118,sala01,4323,1790184407118,0,0,OCUPADO,1,28,55,120,1,1
1790184409118,sala01,4324,1790184409118,0,0,OCUPADO,1,28,55,120,1,1
1790184411118,sala01,4325,1790184411118,0,0,OCUPADO,0,28,55,120,1,1
1790184413118,sala01,4326,1790184413118,0,0,OCUPADO,1,28,55,120,1,1
1790184415118,sala01,4327,1790184415118,0,0,OCUPADO,1,28,55,120,1,1
1790184417118,sala01,4328,1790184417118,0,0,OCUPADO,1,28,55,120,1,1
1790184419118,sala01,4329,1790184419118,0,0,OCUPADO,0,28,55,120,1,1
1790184421118,sala01,4330,1790184421118,0,0,OCUPADO,1,28,55,120,1,1
1790184423118,sala01,4331,1790184423118,0,0,OCUPADO,1,28,55,120,1,1
1790184425118,sala01,4332,1790184425118,0,0,OCUPADO,1,28,55,120,1,1
1790184427118,sala01,4333,1790184427118,0,0,OCUPADO,0,28,55,120,1,1
1790184429118,sala01,4334,1790184429118,0,0,OCUPADO,1,28,55,120,1,1
1790184431118,sala01,4335,1790184431118,0,0,OCUPADO,1,28,55,120,1,1
1790184433118,sala01,4336,1790184433118,0,0,OCUPADO,1,28,55,120,1,1
1790184435118,sala01,4337,1790184435118,0,0,OCUPADO,0,28,55,120,1,1
1790184437118,sala01,4338,1790184437118,0,0,OCUPADO,1,28,55,120,1,1
1790184439118,sala01,4339,1790184439118,0,0,OCUPADO,1,28,55,120,1,1
1790184441118,sala01,4340,1790184441118,0,0,OCUPADO,1,28,55,120,1,1
1790184443118,sala01,4341,1790184443118,0,0,OCUPADO,0,28,55,120,1,1
1790184445118,sala01,4342,1790184445118,0,0,OCUPADO,1,28,55,120,1,1
1790184447118,sala01,4343,1790184447118,0,0,OCUPADO,1,28,55,120,1,1
1790184449118,sala01,4344,1790184449118,0,0,OCUPADO,1,28,55,120,1,1
1790184451118,sala01,4345,1790184451118,0,0,OCUPADO,0,28,55,120,1,1
1790184453118,sala01,4346,1790184453118,0,0,OCUPADO,1,28,55,120,1,1
1790184455118,sala01,4347,1790184455118,0,0,OCUPADO,1,28,55,120,1,1
1790184457118,sala01,4348,1790184457118,0,0,OCUPADO,1,28,55,120,1,1
1790184459118,sala01,4349,1790184459118,0,0,OCUPADO,0,28,55,120,1,1
1790184461118,sala01,4350,1790184461118,0,0,OCUPADO,1,28,55,120,1,1
1790184463118,sala01,4351,1790184463118,0,0,OCUPADO,1,28,55,120,1,1
1790184465118,sala01,4352,1790184465118,0,0,OCUPADO,1,28,55,120,1,1
1790184467118,sala01,4353,1790184467118,0,0,OCUPADO,0,28,55,120,1,1
1790184469118,sala01,4354,1790184469118,0,0,OCUPADO,1,28,55,120,1,1
1790184471118,sala01,4355,1790184471118,0,0,OCUPADO,1,28,55,120,1,1
1790184473118,sala01,4356,1790184473118,0,0,OCUPADO,1,28,55,120,1,1
1790184475118,sala01,4357,1790184475118,0,0,OCUPADO,0,28,55,120,1,1
1790184477118,sala01,4358,1790184477118,0,0,OCUPADO,1,28,55,120,1,1
1790184479118,sala01,4359,1790184479118,0,0,OCUPADO,1,28,55,120,1,1
1790184481118,sala01,4360,1790184481118,0,0,OCUPADO,1,28,55,120,1,1
1790184483118,sala01,4361,1790184483118,0,0,OCUPADO,0,28,55,120,1,1
1790184485118,sala01,4362,1790184485118,0,0,OCUPADO,1,28,55,120,1,1
1790184487118,sala01,4363,1790184487118,0,0,OCUPADO,1,28,55,120,1,1
1790184489118,sala01,4364,1790184489118,0,0,OCUPADO,1,28,55,120,1,1
1790184491118,sala01,4365,1790184491118,0,0,OCUPADO,0,28,55,120,1,1
1790184493118,sala01,4366,1790184493118,0,0,OCUPADO,1,28,55,120,1,1
1790184495118,sala01,4367,1790184495118,0,0,OCUPADO,1,28,55,120,1,1
1790184497118,sala01,4368,1790184497118,0,0,OCUPADO,1,28,55,120,1,1
1790184499118,sala01,4369,1790184499118,0,0,OCUPADO,0,28,55,120,1,1
1790184501118,sala01,4370,1790184501118,0,0,OCUPADO,1,28,55,120,1,1
1790184503118,sala01,4371,1790184503118,0,0,OCUPADO,1,28,55,120,1,1
1790184505118,sala01,4372,1790184505118,0,0,OCUPADO,1,28,55,120,1,1
1790184507118,sala01,4373,1790184507118,0,0,OCUPADO,0,28,55,120,1,1
1790184509118,sala01,4374,1790184509118,0,0,OCUPADO,1,28,55,120,1,1
1790184511118,sala01,4375,1790184511118,0,0,OCUPADO,1,28,55,120,1,1
1790184513118,sala01,4376,1790184513118,0,0,OCUPADO,1,28,55,120,1,1
1790184515118,sala01,4377,1790184515118,0,0,OCUPADO,0,28,55,120,1,1
1790184517118,sala01,4378,1790184517118,0,0,OCUPADO,1,28,55,120,1,1
1790184519118,sala01,4379,1790184519118,0,0,OCUPADO,1,28,55,120,1,1
1790184521118,sala01,4380,1790184521118,0,0,OCUPADO,1,28,55,120,1,1
1790184523118,sala01,4381,1790184523118,0,0,OCUPADO,0,28,55,120,1,1
1790184525118,sala01,4382,1790184525118,0,0,OCUPADO,1,28,55,120,1,1
1790184527118,sala01,4383,1790184527118,0,0,OCUPADO,1,28,55,120,1,1
1790184529118,sala01,4384,1790184529118,0,0,OCUPADO,1,28,55,120,1,1
1790184531118,sala01,4385,1790184531118,0,0,OCUPADO,0,28,55,120,1,1
1790184533118,sala01,4386,1790184533118,0,0,OCUPADO,1,28,55,120,1,1
1790184535118,sala01,4387,1790184535118,0,0,OCUPADO,1,28,55,120,1,1
1790184537118,sala01,4388,1790184537118,0,0,OCUPADO,1,28,55,120,1,1
1790184539118,sala01,4389,1790184539118,0,0,OCUPADO,0,28,55,120,1,1
1790184541118,sala01,4390,1790184541118,0,0,OCUPADO,1,28,55,120,1,1
1790184543118,sala01,4391,1790184543118,0,0,OCUPADO,1,28,55,120,1,1
1790184545118,sala01,4392,1790184545118,0,0,OCUPADO,1,28,55,120,1,1
1790184547118,sala01,4393,1790184547118,0,0,OCUPADO,0,28,55,120,1,1
1790184549118,sala01,4394,1790184549118,0,0,OCUPADO,1,28,55,120,1,1
1790184551118,sala01,4395,1790184551118,0,0,OCUPADO,1,28,55,120,1,1
1790184553118,sala01,4396,1790184553118,0,0,OCUPADO,1,28,55,120,1,1
1790184555118,sala01,4397,1790184555118,0,0,OCUPADO,0,28,55,120,1,1
1790184557118,sala01,4398,1790184557118,0,0,OCUPADO,1,28,55,120,1,1
1790184559118,sala01,4399,1790184559118,0,0,OCUPADO,1,28,55,120,1,1
1790184561118,sala01,4400,1790184561118,0,0,OCUPADO,1,28,55,120,1,1
1790184563118,sala01,4401,1790184563118,0,0,OCUPADO,0,28,55,120,1,1
1790184565118,sala01,4402,1790184565118,0,0,OCUPADO,1,28,55,120,1,1
1790184567118,sala01,4403,1790184567118,0,0,OCUPADO,1,28,55,120,1,1
1790184569118,sala01,4404,1790184569118,0,0,OCUPADO,1,28,55,120,1,1
1790184571118,sala01,4405,1790184571118,0,0,OCUPADO,0,28,55,120,1,1
1790184573118,sala01,4406,1790184573118,0,0,OCUPADO,1,28,55,120,1,1
1790184575118,sala01,4407,1790184575118,0,0,OCUPADO,1,28,55,120,1,1
1790184577118,sala01,4408,1790184577118,0,0,OCUPADO,1,28,55,120,1,1
1790184579118,sala01,4409,1790184579118,0,0,OCUPADO,0,28,55,120,1,1
1790184581118,sala01,4410,1790184581118,0,0,OCUPADO,1,28,55,120,1,1
1790184583118,sala01,4411,1790184583118,0,0,OCUPADO,1,28,55,120,1,1
1790184585118,sala01,4412,1790184585118,0,0,OCUPADO,1,28,55,120,1,1
1790184587118,sala01,4413,1790184587118,0,0,OCUPADO,0,28,55,120,1,1
1790184589118,sala01,4414,1790184589118,0,0,OCUPADO,1,28,55,120,1,1
1790184591118,sala01,4415,1790184591118,0,0,OCUPADO,1,28,55,120,1,1
1790184593118,sala01,4416,1790184593118,0,0,OCUPADO,1,28,55,120,1,1
1790184595118,sala01,4417,1790184595118,0,0,OCUPADO,0,28,55,120,1,1
1790184597118,sala01,4418,1790184597118,0,0,OCUPADO,1,28,55,120,1,1
1790184599118,sala01,4419,1790184599118,0,0,OCUPADO,1,28,55,120,1,1
1790184601118,sala01,4420,1790184601118,0,0,OCUPADO,1,28,55,120,1,1
1790184603118,sala01,4421,1790184603118,0,0,OCUPADO,0,28,55,120,1,1
1790184605118,sala01,4422,1790184605118,0,0,OCUPADO,1,28,55,120,1,1
1790184607118,sala01,4423,1790184607118,0,0,OCUPADO,1,28,55,120,1,1
1790184609118,sala01,4424,1790184609118,0,0,OCUPADO,1,28,55,120,1,1
1790184611118,sala01,4425,1790184611118,0,0,OCUPADO,0,28,55,120,1,1
1790184613118,sala01,4426,1790184613118,0,0,OCUPADO,1,28,55,120,1,1
1790184615118,sala01,4427,1790184615118,0,0,OCUPADO,1,28,55,120,1,1
1790184617118,sala01,4428,1790184617118,0,0,OCUPADO,1,28,55,120,1,1
1790184619118,sala01,4429,1790184619118,0,0,OCUPADO,0,28,55,120,1,1
1790184621118,sala01,4430,1790184621118,0,0,OCUPADO,1,28,55,120,1,1
1790184623118,sala01,4431,1790184623118,0,0,OCUPADO,1,28,55,120,1,1
1790184625118,sala01,4432,1790184625118,0,0,OCUPADO,1,28,55,120,1,1
1790184627118,sala01,4433,1790184627118,0,0,OCUPADO,0,28,55,120,1,1
1790184629118,sala01,4434,1790184629118,0,0,OCUPADO,1,28,55,120,1,1
1790184631118,sala01,4435,1790184631118,0,0,OCUPADO,1,28,55,120,1,1
1790184633118,sala01,4436,1790184633118,0,0,OCUPADO,1,28,55,120,1,1
1790184635118,sala01,4437,1790184635118,0,0,OCUPADO,0,28,55,120,1,1
1790184637118,sala01,4438,1790184637118,0,0,OCUPADO,1,28,55,120,1,1
1790184639118,sala01,4439,1790184639118,0,0,OCUPADO,1,28,55,120,1,1
1790184641118,sala01,4440,1790184641118,0,0,OCUPADO,1,28,55,120,1,1
1790184643118,sala01,4441,1790184643118,0,0,OCUPADO,0,28,55,120,1,1
1790184645118,sala01,4442,1790184645118,0,0,OCUPADO,1,28,55,120,1,1
1790184647118,sala01,4443,1790184647118,0,0,OCUPADO,1,28,55,120,1,1
1790184649118,sala01,4444,1790184649118,0,0,OCUPADO,1,28,55,120,1,1
1790184651118,sala01,4445,1790184651118,0,0,OCUPADO,0,28,55,120,1,1
1790184653118,sala01,4446,1790184653118,0,0,OCUPADO,1,28,55,120,1,1
1790184655118,sala01,4447,1790184655118,0,0,OCUPADO,1,28,55,120,1,1
1790184657118,sala01,4448,1790184657118,0,0,OCUPADO,1,28,55,120,1,1
1790184659118,sala01,4449,1790184659118,0,0,OCUPADO,0,28,55,120,1,1
1790184661118,sala01,4450,1790184661118,0,0,OCUPADO,1,28,55,120,1,1
1790184663118,sala01,4451,1790184663118,0,0,OCUPADO,1,28,55,120,1,1
1790184665118,sala01,4452,1790184665118,0,0,OCUPADO,1,28,55,120,1,1
1790184667118,sala01,4453,1790184667118,0,0,OCUPADO,0,28,55,120,1,1
1790184669118,sala01,4454,1790184669118,0,0,OCUPADO,1,28,55,120,1,1
1790184671118,sala01,4455,1790184671118,0,0,OCUPADO,1,28,55,120,1,1
1790184673118,sala01,4456,1790184673118,0,0,OCUPADO,1,28,55,120,1,1
1790184675118,sala01,4457,1790184675118,0,0,OCUPADO,0,28,55,120,1,1
1790184677118,sala01,4458,1790184677118,0,0,OCUPADO,1,28,55,120,1,1
1790184679118,sala01,4459,1790184679118,0,0,OCUPADO,1,28,55,120,1,1
1790184681118,sala01,4460,1790184681118,0,0,OCUPADO,1,28,55,120,1,1
1790184683118,sala01,4461,1790184683118,0,0,OCUPADO,0,28,55,120,1,1
1790184685118,sala01,4462,1790184685118,0,0,OCUPADO,1,28,55,120,1,1
1790184687118,sala01,4463,1790184687118,0,0,OCUPADO,1,28,55,120,1,1
1790184689118,sala01,4464,1790184689118,0,0,OCUPADO,1,28,55,120,1,1
1790184691118,sala01,4465,1790184691118,0,0,OCUPADO,0,28,55,120,1,1
1790184693118,sala01,4466,1790184693118,0,0,OCUPADO,1,28,55,120,1,1
1790184695118,sala01,4467,1790184695118,0,0,OCUPADO,1,28,55,120,1,1
1790184697118,sala01,4468,1790184697118,0,0,OCUPADO,1,28,55,120,1,1
1790184699118,sala01,4469,1790184699118,0,0,OCUPADO,0,28,55,120,1,1
1790184701118,sala01,4470,1790184701118,0,0,OCUPADO,1,28,55,120,1,1
1790184703118,sala01,4471,1790184703118,0,0,OCUPADO,1,28,55,120,1,1
1790184705118,sala01,4472,1790184705118,0,0,OCUPADO,1,28,55,120,1,1
1790184707118,sala01,4473,1790184707118,0,0,OCUPADO,0,28,55,120,1,1
1790184709118,sala01,4474,1790184709118,0,0,OCUPADO,1,28,55,120,1,1
1790184711118,sala01,4475,1790184711118,0,0,OCUPADO,1,28,55,120,1,1
1790184713118,sala01,4476,1790184713118,0,0,OCUPADO,1,28,55,120,1,1
1790184715118,sala01,4477,1790184715118,0,0,OCUPADO,0,28,55,120,1,1
1790184717118,sala01,4478,1790184717118,0,0,OCUPADO,1,28,55,120,1,1
1790184719118,sala01,4479,1790184719118,0,0,OCUPADO,1,28,55,120,1,1
1790184721118,sala01,4480,1790184721118,0,0,OCUPADO,1,28,55,120,1,1
1790184723118,sala01,4481,1790184723118,0,0,OCUPADO,0,28,55,120,1,1
1790184725118,sala01,4482,1790184725118,0,0,OCUPADO,1,28,55,120,1,1
1790184727118,sala01,4483,1790184727118,0,0,OCUPADO,1,28,55,120,1,1
1790184729118,sala01,4484,1790184729118,0,0,OCUPADO,1,28,55,120,1,1
1790184731118,sala01,4485,1790184731118,0,0,OCUPADO,0,28,55,120,1,1
1790184733118,sala01,4486,1790184733118,0,0,OCUPADO,1,28,55,120,1,1
1790184735118,sala01,4487,1790184735118,0,0,OCUPADO,1,28,55,120,1,1
1790184737118,sala01,4488,1790184737118,0,0,OCUPADO,1,28,55,120,1,1
1790184739118,sala01,4489,1790184739118,0,0,OCUPADO,0,28,55,120,1,1
1790184741118,sala01,4490,1790184741118,0,0,OCUPADO,1,28,55,120,1,1
1790184743118,sala01,4491,1790184743118,0,0,OCUPADO,1,28,55,120,1,1
1790184745118,sala01,4492,1790184745118,0,0,OCUPADO,1,28,55,120,1,1
1790184747118,sala01,4493,1790184747118,0,0,OCUPADO,0,28,55,120,1,1
1790184749118,sala01,4494,1790184749118,0,0,OCUPADO,1,28,55,120,1,1
1790184751118,sala01,4495,1790184751118,0,0,OCUPADO,1,28,55,120,1,1
1790184753118,sala01,4496,1790184753118,0,0,OCUPADO,1,28,55,120,1,1
1790184755118,sala01,4497,1790184755118,0,0,OCUPADO,0,28,55,120,1,1
1790184757118,sala01,4498,1790184757118,0,0,OCUPADO,1,28,55,120,1,1
1790184759118,sala01,4499,1790184759118,0,0,OCUPADO,1,28,55,120,1,1
1790184761118,sala01,4500,1790184761118,0,0,OCUPADO,1,28,55,120,1,1
1790184763118,sala01,4501,1790184763118,0,0,OCUPADO,0,28,55,120,1,1
1790184765118,sala01,4502,1790184765118,0,0,OCUPADO,1,28,55,120,1,1
1790184767118,sala01,4503,1790184767118,0,0,OCUPADO,1,28,55,120,1,1
1790184769118,sala01,4504,1790184769118,0,0,OCUPADO,1,28,55,120,1,1
1790184771118,sala01,4505,1790184771118,0,0,OCUPADO,0,28,55,120,1,1
1790184773118,sala01,4506,1790184773118,0,0,OCUPADO,1,28,55,120,1,1
1790184775118,sala01,4507,1790184775118,0,0,OCUPADO,1,28,55,120,1,1
1790184777118,sala01,4508,1790184777118,0,0,OCUPADO,1,28,55,120,1,1
1790184779118,sala01,4509,1790184779118,0,0,OCUPADO,0,28,55,120,1,1
1790184781118,sala01,4510,1790184781118,0,0,OCUPADO,1,28,55,120,1,1
1790184783118,sala01,4511,1790184783118,0,0,OCUPADO,1,28,55,120,1,1
1790184785118,sala01,4512,1790184785118,0,0,OCUPADO,1,28,55,120,1,1
1790184787118,sala01,4513,1790184787118,0,0,OCUPADO,0,28,55,120,1,1
1790184789118,sala01,4514,1790184789118,0,0,OCUPADO,1,28,55,120,1,1
1790184791118,sala01,4515,1790184791118,0,0,OCUPADO,1,28,55,120,1,1
1790184793118,sala01,4516,1790184793118,0,0,OCUPADO,1,28,55,120,1,1
1790184795118,sala01,4517,1790184795118,0,0,OCUPADO,0,28,55,120,1,1
1790184797118,sala01,4518,1790184797118,0,0,OCUPADO,1,28,55,120,1,1
1790184799118,sala01,4519,1790184799118,0,0,OCUPADO,1,28,55,120,1,1
1790184801118,sala01,4520,1790184801118,0,0,OCUPADO,1,28,55,120,1,1
1790184803118,sala01,4521,1790184803118,0,0,OCUPADO,0,28,55,120,1,1
1790184805118,sala01,4522,1790184805118,0,0,OCUPADO,1,28,55,120,1,1
1790184807118,sala01,4523,1790184807118,0,0,OCUPADO,1,28,55,120,1,1
1790184809118,sala01,4524,1790184809118,0,0,OCUPADO,1,28,55,120,1,1
1790184811118,sala01,4525,1790184811118,0,0,OCUPADO,0,28,55,120,1,1
1790184813118,sala01,4526,1790184813118,0,0,OCUPADO,1,28,55,120,1,1
1790184815118,sala01,4527,1790184815118,0,0,OCUPADO,1,28,55,120,1,1
1790184817118,sala01,4528,1790184817118,0,0,OCUPADO,1,28,55,120,1,1
1790184819118,sala01,4529,1790184819118,0,0,OCUPADO,0,28,55,120,1,1
1790184821118,sala01,4530,1790184821118,0,0,OCUPADO,1,28,55,120,1,1
1790184823118,sala01,4531,1790184823118,0,0,OCUPADO,1,28,55,120,1,1
1790184825118,sala01,4532,1790184825118,0,0,OCUPADO,1,28,55,120,1,1
1790184827118,sala01,4533,1790184827118,0,0,OCUPADO,0,28,55,120,1,1
1790184829118,sala01,4534,1790184829118,0,0,OCUPADO,1,28,55,120,1,1
1790184831118,sala01,4535,1790184831118,0,0,OCUPADO,1,28,55,120,1,1
1790184833118,sala01,4536,1790184833118,0,0,OCUPADO,1,28,55,120,1,1
1790184835118,sala01,4537,1790184835118,0,0,OCUPADO,0,28,55,120,1,1
1790184837118,sala01,4538,1790184837118,0,0,OCUPADO,1,28,55,120,1,1
1790184839118,sala01,4539,1790184839118,0,0,OCUPADO,1,28,55,120,1,1
1790184841118,sala01,4540,1790184841118,0,0,OCUPADO,1,28,55,120,1,1
1790184843118,sala01,4541,1790184843118,0,0,OCUPADO,0,28,55,120,1,1
1790184845118,sala01,4542,1790184845118,0,0,OCUPADO,1,28,55,120,1,1
1790184847118,sala01,4543,1790184847118,0,0,OCUPADO,1,28,55,120,1,1
1790184849118,sala01,4544,1790184849118,0,0,OCUPADO,1,28,55,120,1,1
1790184851118,sala01,4545,1790184851118,0,0,OCUPADO,0,28,55,120,1,1
1790184853118,sala01,4546,1790184853118,0,0,OCUPADO,1,28,55,120,1,1
1790184855118,sala01,4547,1790184855118,0,0,OCUPADO,1,28,55,120,1,1
1790184857118,sala01,4548,1790184857118,0,0,OCUPADO,1,28,55,120,1,1
1790184859118,sala01,4549,1790184859118,0,0,OCUPADO,0,28,55,120,1,1
1790184861118,sala01,4550,1790184861118,0,0,OCUPADO,1,28,55,120,1,1
1790184863118,sala01,4551,1790184863118,0,0,OCUPADO,1,28,55,120,1,1
1790184865118,sala01,4552,1790184865118,0,0,OCUPADO,1,28,55,120,1,1
1790184867118,sala01,4553,1790184867118,0,0,OCUPADO,0,28,55,120,1,1
1790184869118,sala01,4554,1790184869118,0,0,OCUPADO,1,28,55,120,1,1
1790184871118,sala01,4555,1790184871118,0,0,OCUPADO,1,28,55,120,1,1
1790184873118,sala01,4556,1790184873118,0,0,OCUPADO,1,28,55,120,1,1
1790184875118,sala01,4557,1790184875118,0,0,OCUPADO,0,28,55,120,1,1
1790184877118,sala01,4558,1790184877118,0,0,OCUPADO,1,28,55,120,1,1
1790184879118,sala01,4559,1790184879118,0,0,OCUPADO,1,28,55,120,1,1
1790184881118,sala01,4560,1790184881118,0,0,OCUPADO,1,28,55,120,1,1
1790184883118,sala01,4561,1790184883118,0,0,OCUPADO,0,28,55,120,1,1
1790184885118,sala01,4562,1790184885118,0,0,OCUPADO,1,28,55,120,1,1
1790184887118,sala01,4563,1790184887118,0,0,OCUPADO,1,28,55,120,1,1
1790184889118,sala01,4564,1790184889118,0,0,OCUPADO,1,28,55,120,1,1
1790184891118,sala01,4565,1790184891118,0,0,OCUPADO,0,28,55,120,1,1
1790184893118,sala01,4566,1790184893118,0,0,OCUPADO,1,28,55,120,1,1
1790184895118,sala01,4567,1790184895118,0,0,OCUPADO,1,28,55,120,1,1
1790184897118,sala01,4568,1790184897118,0,0,OCUPADO,1,28,55,120,1,1
1790184899118,sala01,4569,1790184899118,0,0,OCUPADO,0,28,55,120,1,1
1790184901118,sala01,4570,1790184901118,0,0,OCUPADO,1,28,55,120,1,1
1790184903118,sala01,4571,1790184903118,0,0,OCUPADO,1,28,55,120,1,1
1790184905118,sala01,4572,1790184905118,0,0,OCUPADO,1,28,55,120,1,1
1790184907118,sala01,4573,1790184907118,0,0,OCUPADO,0,28,55,120,1,1
1790184909118,sala01,4574,1790184909118,0,0,OCUPADO,1,28,55,120,1,1
1790184911118,sala01,4575,1790184911118,0,0,OCUPADO,1,28,55,120,1,1
1790184913118,sala01,4576,1790184913118,0,0,OCUPADO,1,28,55,120,1,1
1790184915118,sala01,4577,1790184915118,0,0,OCUPADO,0,28,55,120,1,1
1790184917118,sala01,4578,1790184917118,0,0,OCUPADO,1,28,55,120,1,1
1790184919118,sala01,4579,1790184919118,0,0,OCUPADO,1,28,55,120,1,1
1790184921118,sala01,4580,1790184921118,0,0,OCUPADO,1,28,55,120,1,1
1790184923118,sala01,4581,1790184923118,0,0,OCUPADO,0,28,55,120,1,1
1790184925118,sala01,4582,1790184925118,0,0,OCUPADO,1,28,55,120,1,1
1790184927118,sala01,4583,1790184927118,0,0,OCUPADO,1,28,55,120,1,1
1790184929118,sala01,4584,1790184929118,0,0,OCUPADO,1,28,55,120,1,1
1790184931118,sala01,4585,1790184931118,0,0,OCUPADO,0,28,55,120,1,1
1790184933118,sala01,4586,1790184933118,0,0,OCUPADO,1,28,55,120,1,1
1790184935118,sala01,4587,1790184935118,0,0,OCUPADO,1,28,55,120,1,1
1790184937118,sala01,4588,1790184937118,0,0,OCUPADO,1,28,55,120,1,1
1790184939118,sala01,4589,1790184939118,0,0,OCUPADO,0,28,55,120,1,1
1790184941118,sala01,4590,1790184941118,0,0,OCUPADO,1,28,55,120,1,1
1790184943118,sala01,4591,1790184943118,0,0,OCUPADO,1,28,55,120,1,1
1790184945118,sala01,4592,1790184945118,0,0,OCUPADO,1,28,55,120,1,1
1790184947118,sala01,4593,1790184947118,0,0,OCUPADO,0,28,55,120,1,1
1790184949118,sala01,4594,1790184949118,0,0,OCUPADO,1,28,55,120,1,1
1790184951118,sala01,4595,1790184951118,0,0,OCUPADO,1,28,55,120,1,1
1790184953118,sala01,4596,1790184953118,0,0,OCUPADO,1,28,55,120,1,1
1790184955118,sala01,4597,1790184955118,0,0,OCUPADO,0,28,55,120,1,1
1790184957118,sala01,4598,1790184957118,0,0,OCUPADO,1,28,55,120,1,1
1790184959118,sala01,4599,1790184959118,0,0,OCUPADO,1,28,55,120,1,1
1790184961118,sala01,4600,1790184961118,0,0,OCUPADO,1,28,55,120,1,1
1790184963118,sala01,4601,1790184963118,0,0,OCUPADO,0,28,55,120,1,1
1790184965118,sala01,4602,1790184965118,0,0,OCUPADO,1,28,55,120,1,1
1790184967118,sala01,4603,1790184967118,0,0,OCUPADO,1,28,55,120,1,1
1790184969118,sala01,4604,1790184969118,0,0,OCUPADO,1,28,55,120,1,1
1790184971118,sala01,4605,1790184971118,0,0,OCUPADO,0,28,55,120,1,1
1790184973118,sala01,4606,1790184973118,0,0,OCUPADO,1,28,55,120,1,1
1790184975118,sala01,4607,1790184975118,0,0,OCUPADO,1,28,55,120,1,1
1790184977118,sala01,4608,1790184977118,0,0,OCUPADO,1,28,55,120,1,1
1790184979118,sala01,4609,1790184979118,0,0,OCUPADO,0,28,55,120,1,1
1790184981118,sala01,4610,1790184981118,0,0,OCUPADO,1,28,55,120,1,1
1790184983118,sala01,4611,1790184983118,0,0,OCUPADO,1,28,55,120,1,1
1790184985118,sala01,4612,1790184985118,0,0,OCUPADO,1,28,55,120,1,1
1790184987118,sala01,4613,1790184987118,0,0,OCUPADO,0,28,55,120,1,1
1790184989118,sala01,4614,1790184989118,0,0,OCUPADO,1,28,55,120,1,1
1790184991118,sala01,4615,1790184991118,0,0,OCUPADO,1,28,55,120,1,1
1790184993118,sala01,4616,1790184993118,0,0,OCUPADO,1,28,55,120,1,1
1790184995118,sala01,4617,1790184995118,0,0,OCUPADO,0,28,55,120,1,1
1790184997118,sala01,4618,1790184997118,0,0,OCUPADO,1,28,55,120,1,1
1790184999118,sala01,4619,1790184999118,0,0,OCUPADO,1,28,55,120,1,1
1790185001118,sala01,4620,1790185001118,0,0,OCUPADO,1,28,55,120,1,1
1790185003118,sala01,4621,1790185003118,0,0,OCUPADO,0,28,55,120,1,1
1790185005118,sala01,4622,1790185005118,0,0,OCUPADO,1,28,55,120,1,1
1790185007118,sala01,4623,1790185007118,0,0,OCUPADO,1,28,55,120,1,1
1790185009118,sala01,4624,1790185009118,0,0,OCUPADO,1,28,55,120,1,1
1790185011118,sala01,4625,1790185011118,0,0,OCUPADO,0,28,55,120,1,1
1790185013118,sala01,4626,1790185013118,0,0,OCUPADO,1,28,55,120,1,1
1790185015118,sala01,4627,1790185015118,0,0,OCUPADO,1,28,55,120,1,1
1790185017118,sala01,4628,1790185017118,0,0,OCUPADO,1,28,55,120,1,1
1790185019118,sala01,4629,1790185019118,0,0,OCUPADO,0,28,55,120,1,1
1790185021118,sala01,4630,1790185021118,0,0,OCUPADO,1,28,55,120,1,1
1790185023118,sala01,4631,1790185023118,0,0,OCUPADO,1,28,55,120,1,1
1790185025118,sala01,4632,1790185025118,0,0,OCUPADO,1,28,55,120,1,1
1790185027118,sala01,4633,1790185027118,0,0,OCUPADO,0,28,55,120,1,1
1790185029118,sala01,4634,1790185029118,0,0,OCUPADO,1,28,55,120,1,1
1790185031118,sala01,4635,1790185031118,0,0,OCUPADO,1,28,55,120,1,1
1790185033118,sala01,4636,1790185033118,0,0,OCUPADO,1,28,55,120,1,1
1790185035118,sala01,4637,1790185035118,0,0,OCUPADO,0,28,55,120,1,1
1790185037118,sala01,4638,1790185037118,0,0,OCUPADO,1,28,55,120,1,1
1790185039118,sala01,4639,1790185039118,0,0,OCUPADO,1,28,55,120,1,1
1790185041118,sala01,4640,1790185041118,0,0,OCUPADO,1,28,55,120,1,1
1790185043118,sala01,4641,1790185043118,0,0,OCUPADO,0,28,55,120,1,1
1790185045118,sala01,4642,1790185045118,0,0,OCUPADO,1,28,55,120,1,1
1790185047118,sala01,4643,1790185047118,0,0,OCUPADO,1,28,55,120,1,1
1790185049118,sala01,4644,1790185049118,0,0,OCUPADO,1,28,55,120,1,1
1790185051118,sala01,4645,1790185051118,0,0,OCUPADO,0,28,55,120,1,1
1790185053118,sala01,4646,1790185053118,0,0,OCUPADO,1,28,55,120,1,1
1790185055118,sala01,4647,1790185055118,0,0,OCUPADO,1,28,55,120,1,1
1790185057118,sala01,4648,1790185057118,0,0,OCUPADO,1,28,55,120,1,1
1790185059118,sala01,4649,1790185059118,0,0,OCUPADO,0,28,55,120,1,1
1790185061118,sala01,4650,1790185061118,0,0,OCUPADO,1,28,55,120,1,1
1790185063118,sala01,4651,1790185063118,0,0,OCUPADO,1,28,55,120,1,1
1790185065118,sala01,4652,1790185065118,0,0,OCUPADO,1,28,55,120,1,1
1790185067118,sala01,4653,1790185067118,0,0,OCUPADO,0,28,55,120,1,1
1790185069118,sala01,4654,1790185069118,0,0,OCUPADO,1,28,55,120,1,1
1790185071118,sala01,4655,1790185071118,0,0,OCUPADO,1,28,55,120,1,1
1790185073118,sala01,4656,1790185073118,0,0,OCUPADO,1,28,55,120,1,1
1790185075118,sala01,4657,1790185075118,0,0,OCUPADO,0,28,55,120,1,1
1790185077118,sala01,4658,1790185077118,0,0,OCUPADO,1,28,55,120,1,1
1790185079118,sala01,4659,1790185079118,0,0,OCUPADO,1,28,55,120,1,1
1790185081118,sala01,4660,1790185081118,0,0,OCUPADO,1,28,55,120,1,1
1790185083118,sala01,4661,1790185083118,0,0,OCUPADO,0,28,55,120,1,1
1790185085118,sala01,4662,1790185085118,0,0,OCUPADO,1,28,55,120,1,1
1790185087118,sala01,4663,1790185087118,0,0,OCUPADO,1,28,55,120,1,1
1790185089118,sala01,4664,1790185089118,0,0,OCUPADO,1,28,55,120,1,1
1790185091118,sala01,4665,1790185091118,0,0,OCUPADO,0,28,55,120,1,1
1790185093118,sala01,4666,1790185093118,0,0,OCUPADO,1,28,55,120,1,1
1790185095118,sala01,4667,1790185095118,0,0,OCUPADO,1,28,55,120,1,1
1790185097118,sala01,4668,1790185097118,0,0,OCUPADO,1,28,55,120,1,1
1790185099118,sala01,4669,1790185099118,0,0,OCUPADO,0,28,55,120,1,1
1790185101118,sala01,4670,1790185101118,0,0,OCUPADO,1,28,55,120,1,1
1790185103118,sala01,4671,1790185103118,0,0,OCUPADO,1,28,55,120,1,1
1790185105118,sala01,4672,1790185105118,0,0,OCUPADO,1,28,55,120,1,1
1790185107118,sala01,4673,1790185107118,0,0,OCUPADO,0,28,55,120,1,1
1790185109118,sala01,4674,1790185109118,0,0,OCUPADO,1,28,55,120,1,1
1790185111118,sala01,4675,1790185111118,0,0,OCUPADO,1,28,55,120,1,1
1790185113118,sala01,4676,1790185113118,0,0,OCUPADO,1,28,55,120,1,1
1790185115118,sala01,4677,1790185115118,0,0,OCUPADO,0,28,55,120,1,1
1790185117118,sala01,4678,1790185117118,0,0,OCUPADO,1,28,55,120,1,1
1790185119118,sala01,4679,1790185119118,0,0,OCUPADO,1,28,55,120,1,1
1790185121118,sala01,4680,1790185121118,0,0,OCUPADO,1,28,55,120,1,1
1790185123118,sala01,4681,1790185123118,0,0,OCUPADO,0,28,55,120,1,1
1790185125118,sala01,4682,1790185125118,0,0,OCUPADO,1,28,55,120,1,1
1790185127118,sala01,4683,1790185127118,0,0,OCUPADO,1,28,55,120,1,1
1790185129118,sala01,4684,1790185129118,0,0,OCUPADO,1,28,55,120,1,1
1790185131118,sala01,4685,1790185131118,0,0,OCUPADO,0,28,55,120,1,1
1790185133118,sala01,4686,1790185133118,0,0,OCUPADO,1,28,55,120,1,1
1790185135118,sala01,4687,1790185135118,0,0,OCUPADO,1,28,55,120,1,1
1790185137118,sala01,4688,1790185137118,0,0,OCUPADO,1,28,55,120,1,1
1790185139118,sala01,4689,1790185139118,0,0,OCUPADO,0,28,55,120,1,1
1790185141118,sala01,4690,1790185141118,0,0,OCUPADO,1,28,55,120,1,1
1790185143118,sala01,4691,1790185143118,0,0,OCUPADO,1,28,55,120,1,1
1790185145118,sala01,4692,1790185145118,0,0,OCUPADO,1,28,55,120,1,1
1790185147118,sala01,4693,1790185147118,0,0,OCUPADO,0,28,55,120,1,1
1790185149118,sala01,4694,1790185149118,0,0,OCUPADO,1,28,55,120,1,1
1790185151118,sala01,4695,1790185151118,0,0,OCUPADO,1,28,55,120,1,1
1790185153118,sala01,4696,1790185153118,0,0,OCUPADO,1,28,55,120,1,1
1790185155118,sala01,4697,1790185155118,0,0,OCUPADO,0,28,55,120,1,1
1790185157118,sala01,4698,1790185157118,0,0,OCUPADO,1,28,55,120,1,1
1790185159118,sala01,4699,1790185159118,0,0,OCUPADO,1,28,55,120,1,1
1790185161118,sala01,4700,1790185161118,0,0,OCUPADO,1,28,55,120,1,1
1790185163118,sala01,4701,1790185163118,0,0,OCUPADO,0,28,55,120,1,1
1790185165118,sala01,4702,1790185165118,0,0,OCUPADO,1,28,55,120,1,1
1790185167118,sala01,4703,1790185167118,0,0,OCUPADO,1,28,55,120,1,1
1790185169118,sala01,4704,1790185169118,0,0,OCUPADO,1,28,55,120,1,1
1790185171118,sala01,4705,1790185171118,0,0,OCUPADO,0,28,55,120,1,1
1790185173118,sala01,4706,1790185173118,0,0,OCUPADO,1,28,55,120,1,1
1790185175118,sala01,4707,1790185175118,0,0,OCUPADO,1,28,55,120,1,1
1790185177118,sala01,4708,1790185177118,0,0,OCUPADO,1,28,55,120,1,1
1790185179118,sala01,4709,1790185179118,0,0,OCUPADO,0,28,55,120,1,1
1790185181118,sala01,4710,1790185181118,0,0,OCUPADO,1,28,55,120,1,1
1790185183118,sala01,4711,1790185183118,0,0,OCUPADO,1,28,55,120,1,1
1790185185118,sala01,4712,1790185185118,0,0,OCUPADO,1,28,55,120,1,1
1790185187118,sala01,4713,1790185187118,0,0,OCUPADO,0,28,55,120,1,1
1790185189118,sala01,4714,1790185189118,0,0,OCUPADO,1,28,55,120,1,1
1790185191118,sala01,4715,1790185191118,0,0,OCUPADO,1,28,55,120,1,1
1790185193118,sala01,4716,1790185193118,0,0,OCUPADO,1,28,55,120,1,1
1790185195118,sala01,4717,1790185195118,0,0,OCUPADO,0,28,55,120,1,1
1790185197118,sala01,4718,1790185197118,0,0,OCUPADO,1,28,55,120,1,1
1790185199118,sala01,4719,1790185199118,0,0,OCUPADO,1,28,55,120,1,1
1790185201118,sala01,4720,1790185201118,0,0,OCUPADO,1,28,55,120,1,1
1790185203118,sala01,4721,1790185203118,0,0,OCUPADO,0,28,55,120,1,1
1790185205118,sala01,4722,1790185205118,0,0,OCUPADO,1,28,55,120,1,1
1790185207118,sala01,4723,1790185207118,0,0,OCUPADO,1,28,55,120,1,1
1790185209118,sala01,4724,1790185209118,0,0,OCUPADO,1,28,55,120,1,1
1790185211118,sala01,4725,1790185211118,0,0,OCUPADO,0,28,55,120,1,1
1790185213118,sala01,4726,1790185213118,0,0,OCUPADO,1,28,55,120,1,1
1790185215118,sala01,4727,1790185215118,0,0,OCUPADO,1,28,55,120,1,1
1790185217118,sala01,4728,1790185217118,0,0,OCUPADO,1,28,55,120,1,1
1790185219118,sala01,4729,1790185219118,0,0,OCUPADO,0,28,55,120,1,1
1790185221118,sala01,4730,1790185221118,0,0,OCUPADO,1,28,55,120,1,1
1790185223118,sala01,4731,1790185223118,0,0,OCUPADO,1,28,55,120,1,1
1790185225118,sala01,4732,1790185225118,0,0,OCUPADO,1,28,55,120,1,1
1790185227118,sala01,4733,1790185227118,0,0,OCUPADO,0,28,55,120,1,1
1790185229118,sala01,4734,1790185229118,0,0,OCUPADO,1,28,55,120,1,1
1790185231118,sala01,4735,1790185231118,0,0,OCUPADO,1,28,55,120,1,1
1790185233118,sala01,4736,1790185233118,0,0,OCUPADO,1,28,55,120,1,1
1790185235118,sala01,4737,1790185235118,0,0,OCUPADO,0,28,55,120,1,1
1790185237118,sala01,4738,1790185237118,0,0,OCUPADO,1,28,55,120,1,1
1790185239118,sala01,4739,1790185239118,0,0,OCUPADO,1,28,55,120,1,1
1790185241118,sala01,4740,1790185241118,0,0,OCUPADO,1,28,55,120,1,1
1790185243118,sala01,4741,1790185243118,0,0,OCUPADO,0,28,55,120,1,1
1790185245118,sala01,4742,1790185245118,0,0,OCUPADO,1,28,55,120,1,1
1790185247118,sala01,4743,1790185247118,0,0,OCUPADO,1,28,55,120,1,1
1790185249118,sala01,4744,1790185249118,0,0,OCUPADO,1,28,55,120,1,1
1790185251118,sala01,4745,1790185251118,0,0,OCUPADO,0,28,55,120,1,1
1790185253118,sala01,4746,1790185253118,0,0,OCUPADO,1,28,55,120,1,1
1790185255118,sala01,4747,1790185255118,0,0,OCUPADO,1,28,55,120,1,1
1790185257118,sala01,4748,1790185257118,0,0,OCUPADO,1,28,55,120,1,1
1790185259118,sala01,4749,1790185259118,0,0,OCUPADO,0,28,55,120,1,1
1790185261118,sala01,4750,1790185261118,0,0,OCUPADO,1,28,55,120,1,1
1790185263118,sala01,4751,1790185263118,0,0,OCUPADO,1,28,55,120,1,1
1790185265118,sala01,4752,1790185265118,0,0,OCUPADO,1,28,55,120,1,1
1790185267118,sala01,4753,1790185267118,0,0,OCUPADO,0,28,55,120,1,1
1790185269118,sala01,4754,1790185269118,0,0,OCUPADO,1,28,55,120,1,1
1790185271118,sala01,4755,1790185271118,0,0,OCUPADO,1,28,55,120,1,1
1790185273118,sala01,4756,1790185273118,0,0,OCUPADO,1,28,55,120,1,1
1790185275118,sala01,4757,1790185275118,0,0,OCUPADO,0,28,55,120,1,1
1790185277118,sala01,4758,1790185277118,0,0,OCUPADO,1,28,55,120,1,1
1790185279118,sala01,4759,1790185279118,0,0,OCUPADO,1,28,55,120,1,1
1790185281118,sala01,4760,1790185281118,0,0,OCUPADO,1,28,55,120,1,1
1790185283118,sala01,4761,1790185283118,0,0,OCUPADO,0,28,55,120,1,1
1790185285118,sala01,4762,1790185285118,0,0,OCUPADO,1,28,55,120,1,1
1790185287118,sala01,4763,1790185287118,0,0,OCUPADO,1,28,55,120,1,1
1790185289118,sala01,4764,1790185289118,0,0,OCUPADO,1,28,55,120,1,1
1790185291118,sala01,4765,1790185291118,0,0,OCUPADO,0,28,55,120,1,1
1790185293118,sala01,4766,1790185293118,0,0,OCUPADO,1,28,55,120,1,1
1790185295118,sala01,4767,1790185295118,0,0,OCUPADO,1,28,55,120,1,1
1790185297118,sala01,4768,1790185297118,0,0,OCUPADO,1,28,55,120,1,1
1790185299118,sala01,4769,1790185299118,0,0,OCUPADO,0,28,55,120,1,1
1790185301118,sala01,4770,1790185301118,0,0,OCUPADO,1,28,55,120,1,1
1790185303118,sala01,4771,1790185303118,0,0,OCUPADO,1,28,55,120,1,1
1790185305118,sala01,4772,1790185305118,0,0,OCUPADO,1,28,55,120,1,1
1790185307118,sala01,4773,1790185307118,0,0,OCUPADO,0,28,55,120,1,1
1790185309118,sala01,4774,1790185309118,0,0,OCUPADO,1,28,55,120,1,1
1790185311118,sala01,4775,1790185311118,0,0,OCUPADO,1,28,55,120,1,1
1790185313118,sala01,4776,1790185313118,0,0,OCUPADO,1,28,55,120,1,1
1790185315118,sala01,4777,1790185315118,0,0,OCUPADO,0,28,55,120,1,1
1790185317118,sala01,4778,1790185317118,0,0,OCUPADO,1,28,55,120,1,1
1790185319118,sala01,4779,1790185319118,0,0,OCUPADO,1,28,55,120,1,1
1790185321118,sala01,4780,1790185321118,0,0,OCUPADO,1,28,55,120,1,1
1790185323118,sala01,4781,1790185323118,0,0,OCUPADO,0,28,55,120,1,1
1790185325118,sala01,4782,1790185325118,0,0,OCUPADO,1,28,55,120,1,1
1790185327118,sala01,4783,1790185327118,0,0,OCUPADO,1,28,55,120,1,1
1790185329118,sala01,4784,1790185329118,0,0,OCUPADO,1,28,55,120,1,1
1790185331118,sala01,4785,1790185331118,0,0,OCUPADO,0,28,55,120,1,1
1790185333118,sala01,4786,1790185333118,0,0,OCUPADO,1,28,55,120,1,1
1790185335118,sala01,4787,1790185335118,0,0,OCUPADO,1,28,55,120,1,1
1790185337118,sala01,4788,1790185337118,0,0,OCUPADO,1,28,55,120,1,1
1790185339118,sala01,4789,1790185339118,0,0,OCUPADO,0,28,55,120,1,1
1790185341118,sala01,4790,1790185341118,0,0,OCUPADO,1,28,55,120,1,1
1790185343118,sala01,4791,1790185343118,0,0,OCUPADO,1,28,55,120,1,1
1790185345118,sala01,4792,1790185345118,0,0,OCUPADO,1,28,55,120,1,1
1790185347118,sala01,4793,1790185347118,0,0,OCUPADO,0,28,55,120,1,1
1790185349118,sala01,4794,1790185349118,0,0,OCUPADO,1,28,55,120,1,1
1790185351118,sala01,4795,1790185351118,0,0,OCUPADO,1,28,55,120,1,1
1790185353118,sala01,4796,1790185353118,0,0,OCUPADO,1,28,55,120,1,1
1790185355118,sala01,4797,1790185355118,0,0,OCUPADO,0,28,55,120,1,1
1790185357118,sala01,4798,1790185357118,0,0,OCUPADO,1,28,55,120,1,1
1790185359118,sala01,4799,1790185359118,0,0,OCUPADO,1,28,55,120,1,1
1790185361118,sala01,4800,1790185361118,0,0,OCUPADO,1,28,55,120,1,1
1790185363118,sala01,4801,1790185363118,0,0,OCUPADO,0,28,55,120,1,1
1790185365118,sala01,4802,1790185365118,0,0,OCUPADO,1,28,55,120,1,1
1790185367118,sala01,4803,1790185367118,0,0,OCUPADO,1,28,55,120,1,1
1790185369118,sala01,4804,1790185369118,0,0,OCUPADO,1,28,55,120,1,1
1790185371118,sala01,4805,1790185371118,0,0,OCUPADO,0,28,55,120,1,1
1790185373118,sala01,4806,1790185373118,0,0,OCUPADO,1,28,55,120,1,1
1790185375118,sala01,4807,1790185375118,0,0,OCUPADO,1,28,55,120,1,1
1790185377118,sala01,4808,1790185377118,0,0,OCUPADO,1,28,55,120,1,1
1790185379118,sala01,4809,1790185379118,0,0,OCUPADO,0,28,55,120,1,1
1790185381118,sala01,4810,1790185381118,0,0,OCUPADO,1,28,55,120,1,1
1790185383118,sala01,4811,1790185383118,0,0,OCUPADO,1,28,55,120,1,1
1790185385118,sala01,4812,1790185385118,0,0,OCUPADO,1,28,55,120,1,1
1790185387118,sala01,4813,1790185387118,0,0,OCUPADO,0,28,55,120,1,1
1790185389118,sala01,4814,1790185389118,0,0,OCUPADO,1,28,55,120,1,1
1790185391118,sala01,4815,1790185391118,0,0,OCUPADO,1,28,55,120,1,1
1790185393118,sala01,4816,1790185393118,0,0,OCUPADO,1,28,55,120,1,1
1790185395118,sala01,4817,1790185395118,0,0,OCUPADO,0,28,55,120,1,1
1790185397118,sala01,4818,1790185397118,0,0,OCUPADO,1,28,55,120,1,1
1790185399118,sala01,4819,1790185399118,0,0,OCUPADO,1,28,55,120,1,1
1790185401118,sala01,4820,1790185401118,0,0,OCUPADO,1,28,55,120,1,1
1790185403118,sala01,4821,1790185403118,0,0,OCUPADO,0,28,55,120,1,1
1790185405118,sala01,4822,1790185405118,0,0,OCUPADO,1,28,55,120,1,1
1790185407118,sala01,4823,1790185407118,0,0,OCUPADO,1,28,55,120,1,1
1790185409118,sala01,4824,1790185409118,0,0,OCUPADO,1,28,55,120,1,1
1790185411118,sala01,4825,1790185411118,0,0,OCUPADO,0,28,55,120,1,1
1790185413118,sala01,4826,1790185413118,0,0,OCUPADO,1,28,55,120,1,1
1790185415118,sala01,4827,1790185415118,0,0,OCUPADO,1,28,55,120,1,1
1790185417118,sala01,4828,1790185417118,0,0,OCUPADO,1,28,55,120,1,1
1790185419118,sala01,4829,1790185419118,0,0,OCUPADO,0,28,55,120,1,1
1790185421118,sala01,4830,1790185421118,0,0,OCUPADO,1,28,55,120,1,1
1790185423118,sala01,4831,1790185423118,0,0,OCUPADO,1,28,55,120,1,1
1790185425118,sala01,4832,1790185425118,0,0,OCUPADO,1,28,55,120,1,1
1790185427118,sala01,4833,1790185427118,0,0,OCUPADO,0,28,55,120,1,1
1790185429118,sala01,4834,1790185429118,0,0,OCUPADO,1,28,55,120,1,1
1790185431118,sala01,4835,1790185431118,0,0,OCUPADO,1,28,55,120,1,1
1790185433118,sala01,4836,1790185433118,0,0,OCUPADO,1,28,55,120,1,1
1790185435118,sala01,4837,1790185435118,0,0,OCUPADO,0,28,55,120,1,1
1790185437118,sala01,4838,1790185437118,0,0,OCUPADO,1,28,55,120,1,1
1790185439118,sala01,4839,1790185439118,0,0,OCUPADO,1,28,55,120,1,1
1790185441118,sala01,4840,1790185441118,0,0,OCUPADO,1,28,55,120,1,1
1790185443118,sala01,4841,1790185443118,0,0,OCUPADO,0,28,55,120,1,1
1790185445118,sala01,4842,1790185445118,0,0,OCUPADO,1,28,55,120,1,1
1790185447118,sala01,4843,1790185447118,0,0,OCUPADO,1,28,55,120,1,1
1790185449118,sala01,4844,1790185449118,0,0,OCUPADO,1,28,55,120,1,1
1790185451118,sala01,4845,1790185451118,0,0,OCUPADO,0,28,55,120,1,1
1790185453118,sala01,4846,1790185453118,0,0,OCUPADO,1,28,55,120,1,1
1790185455118,sala01,4847,1790185455118,0,0,OCUPADO,1,28,55,120,1,1
1790185457118,sala01,4848,1790185457118,0,0,OCUPADO,1,28,55,120,1,1
1790185459118,sala01,4849,1790185459118,0,0,OCUPADO,0,28,55,120,1,1
1790185461118,sala01,4850,1790185461118,0,0,OCUPADO,1,28,55,120,1,1
1790185463118,sala01,4851,1790185463118,0,0,OCUPADO,1,28,55,120,1,1
1790185465118,sala01,4852,1790185465118,0,0,OCUPADO,1,28,55,120,1,1
1790185467118,sala01,4853,1790185467118,0,0,OCUPADO,0,28,55,120,1,1
1790185469118,sala01,4854,1790185469118,0,0,OCUPADO,1,28,55,120,1,1
1790185471118,sala01,4855,1790185471118,0,0,OCUPADO,1,28,55,120,1,1
1790185473118,sala01,4856,1790185473118,0,0,OCUPADO,1,28,55,120,1,1
1790185475118,sala01,4857,1790185475118,0,0,OCUPADO,0,28,55,120,1,1
1790185477118,sala01,4858,1790185477118,0,0,OCUPADO,1,28,55,120,1,1
1790185479118,sala01,4859,1790185479118,0,0,OCUPADO,1,28,55,120,1,1
1790185481118,sala01,4860,1790185481118,0,0,OCUPADO,1,28,55,120,1,1
1790185483118,sala01,4861,1790185483118,0,0,OCUPADO,0,28,55,120,1,1
1790185485118,sala01,4862,1790185485118,0,0,OCUPADO,1,28,55,120,1,1
1790185487118,sala01,4863,1790185487118,0,0,OCUPADO,1,28,55,120,1,1
1790185489118,sala01,4864,1790185489118,0,0,OCUPADO,1,28,55,120,1,1
1790185491118,sala01,4865,1790185491118,0,0,OCUPADO,0,28,55,120,1,1
1790185493118,sala01,4866,1790185493118,0,0,OCUPADO,1,28,55,120,1,1
1790185495118,sala01,4867,1790185495118,0,0,OCUPADO,1,28,55,120,1,1
1790185497118,sala01,4868,1790185497118,0,0,OCUPADO,1,28,55,120,1,1
1790185499118,sala01,4869,1790185499118,0,0,OCUPADO,0,28,55,120,1,1
1790185501118,sala01,4870,1790185501118,0,0,OCUPADO,1,28,55,120,1,1
1790185503118,sala01,4871,1790185503118,0,0,OCUPADO,1,28,55,120,1,1
1790185505118,sala01,4872,1790185505118,0,0,OCUPADO,1,28,55,120,1,1
1790185507118,sala01,4873,1790185507118,0,0,OCUPADO,0,28,55,120,1,1
1790185509118,sala01,4874,1790185509118,0,0,OCUPADO,1,28,55,120,1,1
1790185511118,sala01,4875,1790185511118,0,0,OCUPADO,1,28,55,120,1,1
1790185513118,sala01,4876,1790185513118,0,0,OCUPADO,1,28,55,120,1,1
1790185515118,sala01,4877,1790185515118,0,0,OCUPADO,0,28,55,120,1,1
1790185517118,sala01,4878,1790185517118,0,0,OCUPADO,1,28,55,120,1,1
1790185519118,sala01,4879,1790185519118,0,0,OCUPADO,1,28,55,120,1,1
1790185521118,sala01,4880,1790185521118,0,0,OCUPADO,1,28,55,120,1,1
1790185523118,sala01,4881,1790185523118,0,0,OCUPADO,0,28,55,120,1,1
1790185525118,sala01,4882,1790185525118,0,0,OCUPADO,1,28,55,120,1,1
1790185527118,sala01,4883,1790185527118,0,0,OCUPADO,1,28,55,120,1,1
1790185529118,sala01,4884,1790185529118,0,0,OCUPADO,1,28,55,120,1,1
1790185531118,sala01,4885,1790185531118,0,0,OCUPADO,0,28,55,120,1,1
1790185533118,sala01,4886,1790185533118,0,0,OCUPADO,1,28,55,120,1,1
1790185535118,sala01,4887,1790185535118,0,0,OCUPADO,1,28,55,120,1,1
1790185537118,sala01,4888,1790185537118,0,0,OCUPADO,1,28,55,120,1,1
1790185539118,sala01,4889,1790185539118,0,0,OCUPADO,0,28,55,120,1,1
1790185541118,sala01,4890,1790185541118,0,0,OCUPADO,1,28,55,120,1,1
1790185543118,sala01,4891,1790185543118,0,0,OCUPADO,1,28,55,120,1,1
1790185545118,sala01,4892,1790185545118,0,0,OCUPADO,1,28,55,120,1,1
1790185547118,sala01,4893,1790185547118,0,0,OCUPADO,0,28,55,120,1,1
1790185549118,sala01,4894,1790185549118,0,0,OCUPADO,1,28,55,120,1,1
1790185551118,sala01,4895,1790185551118,0,0,OCUPADO,1,28,55,120,1,1
1790185553118,sala01,4896,1790185553118,0,0,OCUPADO,1,28,55,120,1,1
1790185555118,sala01,4897,1790185555118,0,0,OCUPADO,0,28,55,120,1,1
1790185557118,sala01,4898,1790185557118,0,0,OCUPADO,1,28,55,120,1,1
1790185559118,sala01,4899,1790185559118,0,0,OCUPADO,1,28,55,120,1,1
1790185561118,sala01,4900,1790185561118,0,0,OCUPADO,1,28,55,120,1,1
1790185563118,sala01,4901,1790185563118,0,0,OCUPADO,0,28,55,120,1,1
1790185565118,sala01,4902,1790185565118,0,0,OCUPADO,1,28,55,120,1,1
1790185567118,sala01,4903,1790185567118,0,0,OCUPADO,1,28,55,120,1,1
1790185569118,sala01,4904,1790185569118,0,0,OCUPADO,1,28,55,120,1,1
1790185571118,sala01,4905,1790185571118,0,0,OCUPADO,0,28,55,120,1,1
1790185573118,sala01,4906,1790185573118,0,0,OCUPADO,1,28,55,120,1,1
1790185575118,sala01,4907,1790185575118,0,0,OCUPADO,1,28,55,120,1,1
1790185577118,sala01,4908,1790185577118,0,0,OCUPADO,1,28,55,120,1,1
1790185579118,sala01,4909,1790185579118,0,0,OCUPADO,0,28,55,120,1,1
1790185581118,sala01,4910,1790185581118,0,0,OCUPADO,1,28,55,120,1,1
1790185583118,sala01,4911,1790185583118,0,0,OCUPADO,1,28,55,120,1,1
1790185585118,sala01,4912,1790185585118,0,0,OCUPADO,1,28,55,120,1,1
1790185587118,sala01,4913,1790185587118,0,0,OCUPADO,0,28,55,120,1,1
1790185589118,sala01,4914,1790185589118,0,0,OCUPADO,1,28,55,120,1,1
1790185591118,sala01,4915,1790185591118,0,0,OCUPADO,1,28,55,120,1,1
1790185593118,sala01,4916,1790185593118,0,0,OCUPADO,1,28,55,120,1,1
1790185595118,sala01,4917,1790185595118,0,0,OCUPADO,0,28,55,120,1,1
1790185597118,sala01,4918,1790185597118,0,0,OCUPADO,1,28,55,120,1,1
1790185599118,sala01,4919,1790185599118,0,0,OCUPADO,1,28,55,120,1,1
1790185601118,sala01,4920,1790185601118,0,0,OCUPADO,1,28,55,120,1,1
1790185603118,sala01,4921,1790185603118,0,0,OCUPADO,0,28,55,120,1,1
1790185605118,sala01,4922,1790185605118,0,0,OCUPADO,1,28,55,120,1,1
1790185607118,sala01,4923,1790185607118,0,0,OCUPADO,1,28,55,120,1,1
1790185609118,sala01,4924,1790185609118,0,0,OCUPADO,1,28,55,120,1,1
1790185611118,sala01,4925,1790185611118,0,0,OCUPADO,0,28,55,120,1,1
1790185613118,sala01,4926,1790185613118,0,0,OCUPADO,1,28,55,120,1,1
1790185615118,sala01,4927,1790185615118,0,0,OCUPADO,1,28,55,120,1,1
1790185617118,sala01,4928,1790185617118,0,0,OCUPADO,1,28,55,120,1,1
1790185619118,sala01,4929,1790185619118,0,0,OCUPADO,0,28,55,120,1,1
1790185621118,sala01,4930,1790185621118,0,0,OCUPADO,1,28,55,120,1,1
1790185623118,sala01,4931,1790185623118,0,0,OCUPADO,1,28,55,120,1,1
1790185625118,sala01,4932,1790185625118,0,0,OCUPADO,1,28,55,120,1,1
1790185627118,sala01,4933,1790185627118,0,0,OCUPADO,0,28,55,120,1,1
1790185629118,sala01,4934,1790185629118,0,0,OCUPADO,1,28,55,120,1,1
1790185631118,sala01,4935,1790185631118,0,0,OCUPADO,1,28,55,120,1,1
1790185633118,sala01,4936,1790185633118,0,0,OCUPADO,1,28,55,120,1,1
1790185635118,sala01,4937,1790185635118,0,0,OCUPADO,0,28,55,120,1,1
1790185637118,sala01,4938,1790185637118,0,0,OCUPADO,1,28,55,120,1,1
1790185639118,sala01,4939,1790185639118,0,0,OCUPADO,1,28,55,120,1,1
1790185641118,sala01,4940,1790185641118,0,0,OCUPADO,1,28,55,120,1,1
1790185643118,sala01,4941,1790185643118,0,0,OCUPADO,0,28,55,120,1,1
1790185645118,sala01,4942,1790185645118,0,0,OCUPADO,1,28,55,120,1,1
1790185647118,sala01,4943,1790185647118,0,0,OCUPADO,1,28,55,120,1,1
1790185649118,sala01,4944,1790185649118,0,0,OCUPADO,1,28,55,120,1,1
1790185651118,sala01,4945,1790185651118,0,0,OCUPADO,0,28,55,120,1,1
1790185653118,sala01,4946,1790185653118,0,0,OCUPADO,1,28,55,120,1,1
1790185655118,sala01,4947,1790185655118,0,0,OCUPADO,1,28,55,120,1,1
1790185657118,sala01,4948,1790185657118,0,0,OCUPADO,1,28,55,120,1,1
1790185659118,sala01,4949,1790185659118,0,0,OCUPADO,0,28,55,120,1,1
1790185661118,sala01,4950,1790185661118,0,0,OCUPADO,1,28,55,120,1,1
1790185663118,sala01,4951,1790185663118,0,0,OCUPADO,1,28,55,120,1,1
1790185665118,sala01,4952,1790185665118,0,0,OCUPADO,1,28,55,120,1,1
1790185667118,sala01,4953,1790185667118,0,0,OCUPADO,0,28,55,120,1,1
1790185669118,sala01,4954,1790185669118,0,0,OCUPADO,1,28,55,120,1,1
1790185671118,sala01,4955,1790185671118,0,0,OCUPADO,1,28,55,120,1,1
1790185673118,sala01,4956,1790185673118,0,0,OCUPADO,1,28,55,120,1,1
1790185675118,sala01,4957,1790185675118,0,0,OCUPADO,0,28,55,120,1,1
1790185677118,sala01,4958,1790185677118,0,0,OCUPADO,1,28,55,120,1,1
1790185679118,sala01,4959,1790185679118,0,0,OCUPADO,1,28,55,120,1,1
1790185681118,sala01,4960,1790185681118,0,0,OCUPADO,1,28,55,120,1,1
1790185683118,sala01,4961,1790185683118,0,0,OCUPADO,0,28,55,120,1,1
1790185685118,sala01,4962,1790185685118,0,0,OCUPADO,1,28,55,120,1,1
1790185687118,sala01,4963,1790185687118,0,0,OCUPADO,1,28,55,120,1,1
1790185689118,sala01,4964,1790185689118,0,0,OCUPADO,1,28,55,120,1,1
1790185691118,sala01,4965,1790185691118,0,0,OCUPADO,0,28,55,120,1,1
1790185693118,sala01,4966,1790185693118,0,0,OCUPADO,1,28,55,120,1,1
1790185695118,sala01,4967,1790185695118,0,0,OCUPADO,1,28,55,120,1,1
1790185697118,sala01,4968,1790185697118,0,0,OCUPADO,1,28,55,120,1,1
1790185699118,sala01,4969,1790185699118,0,0,OCUPADO,0,28,55,120,1,1
1790185701118,sala01,4970,1790185701118,0,0,OCUPADO,1,28,55,120,1,1
1790185703118,sala01,4971,1790185703118,0,0,OCUPADO,1,28,55,120,1,1
1790185705118,sala01,4972,1790185705118,0,0,OCUPADO,1,28,55,120,1,1
1790185707118,sala01,4973,1790185707118,0,0,OCUPADO,0,28,55,120,1,1
1790185709118,sala01,4974,1790185709118,0,0,OCUPADO,1,28,55,120,1,1
1790185711118,sala01,4975,1790185711118,0,0,OCUPADO,1,28,55,120,1,1
1790185713118,sala01,4976,1790185713118,0,0,OCUPADO,1,28,55,120,1,1
1790185715118,sala01,4977,1790185715118,0,0,OCUPADO,0,28,55,120,1,1
1790185717118,sala01,4978,1790185717118,0,0,OCUPADO,1,28,55,120,1,1
1790185719118,sala01,4979,1790185719118,0,0,OCUPADO,1,28,55,120,1,1
1790185721118,sala01,4980,1790185721118,0,0,OCUPADO,1,28,55,120,1,1
1790185723118,sala01,4981,1790185723118,0,0,OCUPADO,0,28,55,120,1,1
1790185725118,sala01,4982,1790185725118,0,0,OCUPADO,1,28,55,120,1,1
1790185727118,sala01,4983,1790185727118,0,0,OCUPADO,1,28,55,120,1,1
1790185729118,sala01,4984,1790185729118,0,0,OCUPADO,1,28,55,120,1,1
1790185731118,sala01,4985,1790185731118,0,0,OCUPADO,0,28,55,120,1,1
1790185733118,sala01,4986,1790185733118,0,0,OCUPADO,1,28,55,120,1,1
1790185735118,sala01,4987,1790185735118,0,0,OCUPADO,1,28,55,120,1,1
1790185737118,sala01,4988,1790185737118,0,0,OCUPADO,1,28,55,120,1,1
1790185739118,sala01,4989,1790185739118,0,0,OCUPADO,0,28,55,120,1,1
1790185741118,sala01,4990,1790185741118,0,0,OCUPADO,1,28,55,120,1,1
1790185743118,sala01,4991,1790185743118,0,0,OCUPADO,1,28,55,120,1,1
1790185745118,sala01,4992,1790185745118,0,0,OCUPADO,1,28,55,120,1,1
1790185747118,sala01,4993,1790185747118,0,0,OCUPADO,0,28,55,120,1,1
1790185749118,sala01,4994,1790185749118,0,0,OCUPADO,1,28,55,120,1,1
1790185751118,sala01,4995,1790185751118,0,0,OCUPADO,1,28,55,120,1,1
1790185753118,sala01,4996,1790185753118,0,0,OCUPADO,1,28,55,120,1,1
1790185755118,sala01,4997,1790185755118,0,0,OCUPADO,0,28,55,120,1,1
1790185757118,sala01,4998,1790185757118,0,0,OCUPADO,1,28,55,120,1,1
1790185759118,sala01,4999,1790185759118,0,0,OCUPADO,1,28,55,120,1,1
1790185761118,sala01,5000,1790185761118,0,0,OCUPADO,1,28,55,120,1,1
1790185763118,sala01,5001,1790185763118,0,0,OCUPADO,0,28,55,120,1,1
1790185765118,sala01,5002,1790185765118,0,0,OCUPADO,1,28,55,120,1,1
1790185767118,sala01,5003,1790185767118,0,0,OCUPADO,1,28,55,120,1,1
1790185769118,sala01,5004,1790185769118,0,0,OCUPADO,1,28,55,120,1,1
1790185771118,sala01,5005,1790185771118,0,0,OCUPADO,0,28,55,120,1,1
1790185773118,sala01,5006,1790185773118,0,0,OCUPADO,1,28,55,120,1,1
1790185775118,sala01,5007,1790185775118,0,0,OCUPADO,1,28,55,120,1,1
1790185777118,sala01,5008,1790185777118,0,0,OCUPADO,1,28,55,120,1,1
1790185779118,sala01,5009,1790185779118,0,0,OCUPADO,0,28,55,120,1,1
1790185781118,sala01,5010,1790185781118,0,0,OCUPADO,1,28,55,120,1,1
1790185783118,sala01,5011,1790185783118,0,0,OCUPADO,1,28,55,120,1,1
1790185785118,sala01,5012,1790185785118,0,0,OCUPADO,1,28,55,120,1,1
1790185787118,sala01,5013,1790185787118,0,0,OCUPADO,0,28,55,120,1,1
1790185789118,sala01,5014,1790185789118,0,0,OCUPADO,1,28,55,120,1,1
1790185791118,sala01,5015,1790185791118,0,0,OCUPADO,1,28,55,120,1,1
1790185793118,sala01,5016,1790185793118,0,0,OCUPADO,1,28,55,120,1,1
1790185795118,sala01,5017,1790185795118,0,0,OCUPADO,0,28,55,120,1,1
1790185797118,sala01,5018,1790185797118,0,0,OCUPADO,1,28,55,120,1,1
1790185799118,sala01,5019,1790185799118,0,0,OCUPADO,1,28,55,120,1,1
1790185801118,sala01,5020,1790185801118,0,0,OCUPADO,1,28,55,120,1,1
1790185803118,sala01,5021,1790185803118,0,0,OCUPADO,0,28,55,120,1,1
1790185805118,sala01,5022,1790185805118,0,0,OCUPADO,1,28,55,120,1,1
1790185807118,sala01,5023,1790185807118,0,0,OCUPADO,1,28,55,120,1,1
1790185809118,sala01,5024,1790185809118,0,0,OCUPADO,1,28,55,120,1,1
1790185811118,sala01,5025,1790185811118,0,0,OCUPADO,0,28,55,120,1,1
1790185813118,sala01,5026,1790185813118,0,0,OCUPADO,1,28,55,120,1,1
1790185815118,sala01,5027,1790185815118,0,0,OCUPADO,1,28,55,120,1,1
1790185817118,sala01,5028,1790185817118,0,0,OCUPADO,1,28,55,120,1,1
1790185819118,sala01,5029,1790185819118,0,0,OCUPADO,0,28,55,120,1,1
1790185821118,sala01,5030,1790185821118,0,0,OCUPADO,1,28,55,120,1,1
1790185823118,sala01,5031,1790185823118,0,0,OCUPADO,1,28,55,120,1,1
1790185825118,sala01,5032,1790185825118,0,0,OCUPADO,1,28,55,120,1,1
1790185827118,sala01,5033,1790185827118,0,0,OCUPADO,0,28,55,120,1,1
1790185829118,sala01,5034,1790185829118,0,0,OCUPADO,1,28,55,120,1,1
1790185831118,sala01,5035,1790185831118,0,0,OCUPADO,1,28,55,120,1,1
1790185833118,sala01,5036,1790185833118,0,0,OCUPADO,1,28,55,120,1,1
1790185835118,sala01,5037,1790185835118,0,0,OCUPADO,0,28,55,120,1,1
1790185837118,sala01,5038,1790185837118,0,0,OCUPADO,1,28,55,120,1,1
1790185839118,sala01,5039,1790185839118,0,0,OCUPADO,1,28,55,120,1,1
1790185841118,sala01,5040,1790185841118,0,0,OCUPADO,1,28,55,120,1,1
1790185843118,sala01,5041,1790185843118,0,0,OCUPADO,0,28,55,120,1,1
1790185845118,sala01,5042,1790185845118,0,0,OCUPADO,1,28,55,120,1,1
1790185847118,sala01,5043,1790185847118,0,0,OCUPADO,1,28,55,120,1,1
1790185849118,sala01,5044,1790185849118,0,0,OCUPADO,1,28,55,120,1,1
1790185851118,sala01,5045,1790185851118,0,0,OCUPADO,0,28,55,120,1,1
1790185853118,sala01,5046,1790185853118,0,0,OCUPADO,1,28,55,120,1,1
1790185855118,sala01,5047,1790185855118,0,0,OCUPADO,1,28,55,120,1,1
1790185857118,sala01,5048,1790185857118,0,0,OCUPADO,1,28,55,120,1,1
1790185859118,sala01,5049,1790185859118,0,0,OCUPADO,0,28,55,120,1,1
1790185861118,sala01,5050,1790185861118,0,0,OCUPADO,1,28,55,120,1,1
1790185863118,sala01,5051,1790185863118,0,0,OCUPADO,1,28,55,120,1,1
1790185865118,sala01,5052,1790185865118,0,0,OCUPADO,1,28,55,120,1,1
1790185867118,sala01,5053,1790185867118,0,0,OCUPADO,0,28,55,120,1,1
1790185869118,sala01,5054,1790185869118,0,0,OCUPADO,1,28,55,120,1,1
1790185871118,sala01,5055,1790185871118,0,0,OCUPADO,1,28,55,120,1,1
1790185873118,sala01,5056,1790185873118,0,0,OCUPADO,1,28,55,120,1,1
1790185875118,sala01,5057,1790185875118,0,0,OCUPADO,0,28,55,120,1,1
1790185877118,sala01,5058,1790185877118,0,0,OCUPADO,1,28,55,120,1,1
1790185879118,sala01,5059,1790185879118,0,0,OCUPADO,1,28,55,120,1,1
1790185881118,sala01,5060,1790185881118,0,0,OCUPADO,1,28,55,120,1,1
1790185883118,sala01,5061,1790185883118,0,0,OCUPADO,0,28,55,120,1,1
1790185885118,sala01,5062,1790185885118,0,0,OCUPADO,1,28,55,120,1,1
1790185887118,sala01,5063,1790185887118,0,0,OCUPADO,1,28,55,120,1,1
1790185889118,sala01,5064,1790185889118,0,0,OCUPADO,1,28,55,120,1,1
1790185891118,sala01,5065,1790185891118,0,0,OCUPADO,0,28,55,120,1,1
1790185893118,sala01,5066,1790185893118,0,0,OCUPADO,1,28,55,120,1,1
1790185895118,sala01,5067,1790185895118,0,0,OCUPADO,1,28,55,120,1,1
1790185897118,sala01,5068,1790185897118,0,0,OCUPADO,1,28,55,120,1,1
1790185899118,sala01,5069,1790185899118,0,0,OCUPADO,0,28,55,120,1,1
1790185901118,sala01,5070,1790185901118,0,0,OCUPADO,1,28,55,120,1,1
1790185903118,sala01,5071,1790185903118,0,0,OCUPADO,1,28,55,120,1,1
1790185905118,sala01,5072,1790185905118,0,0,OCUPADO,1,28,55,120,1,1
1790185907118,sala01,5073,1790185907118,0,0,OCUPADO,0,28,55,120,1,1
1790185909118,sala01,5074,1790185909118,0,0,OCUPADO,1,28,55,120,1,1
1790185911118,sala01,5075,1790185911118,0,0,OCUPADO,1,28,55,120,1,1
1790185913118,sala01,5076,1790185913118,0,0,OCUPADO,1,28,55,120,1,1
1790185915118,sala01,5077,1790185915118,0,0,OCUPADO,0,28,55,120,1,1
1790185917118,sala01,5078,1790185917118,0,0,OCUPADO,1,28,55,120,1,1
1790185919118,sala01,5079,1790185919118,0,0,OCUPADO,1,28,55,120,1,1
1790185921118,sala01,5080,1790185921118,0,0,OCUPADO,1,28,55,120,1,1
1790185923118,sala01,5081,1790185923118,0,0,OCUPADO,0,28,55,120,1,1
1790185925118,sala01,5082,1790185925118,0,0,OCUPADO,1,28,55,120,1,1
1790185927118,sala01,5083,1790185927118,0,0,OCUPADO,1,28,55,120,1,1
1790185929118,sala01,5084,1790185929118,0,0,OCUPADO,1,28,55,120,1,1
1790185931118,sala01,5085,1790185931118,0,0,OCUPADO,0,28,55,120,1,1
1790185933118,sala01,5086,1790185933118,0,0,OCUPADO,1,28,55,120,1,1
1790185935118,sala01,5087,1790185935118,0,0,OCUPADO,1,28,55,120,1,1
1790185937118,sala01,5088,1790185937118,0,0,OCUPADO,1,28,55,120,1,1
1790185939118,sala01,5089,1790185939118,0,0,OCUPADO,0,28,55,120,1,1
1790185941118,sala01,5090,1790185941118,0,0,OCUPADO,1,28,55,120,1,1
1790185943118,sala01,5091,1790185943118,0,0,OCUPADO,1,28,55,120,1,1
1790185945118,sala01,5092,1790185945118,0,0,OCUPADO,1,28,55,120,1,1
1790185947118,sala01,5093,1790185947118,0,0,OCUPADO,0,28,55,120,1,1
1790185949118,sala01,5094,1790185949118,0,0,OCUPADO,1,28,55,120,1,1
1790185951118,sala01,5095,1790185951118,0,0,OCUPADO,1,28,55,120,1,1
1790185953118,sala01,5096,1790185953118,0,0,OCUPADO,1,28,55,120,1,1
1790185955118,sala01,5097,1790185955118,0,0,OCUPADO,0,28,55,120,1,1
1790185957118,sala01,5098,1790185957118,0,0,OCUPADO,1,28,55,120,1,1
1790185959118,sala01,5099,1790185959118,0,0,OCUPADO,1,28,55,120,1,1
1790185961118,sala01,5100,1790185961118,0,0,OCUPADO,1,28,55,120,1,1
1790185963118,sala01,5101,1790185963118,0,0,OCUPADO,0,28,55,120,1,1
1790185965118,sala01,5102,1790185965118,0,0,OCUPADO,1,28,55,120,1,1
1790185967118,sala01,5103,1790185967118,0,0,OCUPADO,1,28,55,120,1,1
1790185969118,sala01,5104,1790185969118,0,0,OCUPADO,1,28,55,120,1,1
1790185971118,sala01,5105,1790185971118,0,0,OCUPADO,0,28,55,120,1,1
1790185973118,sala01,5106,1790185973118,0,0,OCUPADO,1,28,55,120,1,1
1790185975118,sala01,5107,1790185975118,0,0,OCUPADO,1,28,55,120,1,1
1790185977118,sala01,5108,1790185977118,0,0,OCUPADO,1,28,55,120,1,1
1790185979118,sala01,5109,1790185979118,0,0,OCUPADO,0,28,55,120,1,1
1790185981118,sala01,5110,1790185981118,0,0,OCUPADO,1,28,55,120,1,1
1790185983118,sala01,5111,1790185983118,0,0,OCUPADO,1,28,55,120,1,1
1790185985118,sala01,5112,1790185985118,0,0,OCUPADO,1,28,55,120,1,1
1790185987118,sala01,5113,1790185987118,0,0,OCUPADO,0,28,55,120,1,1
1790185989118,sala01,5114,1790185989118,0,0,OCUPADO,1,28,55,120,1,1
1790185991118,sala01,5115,1790185991118,0,0,OCUPADO,1,28,55,120,1,1
1790185993118,sala01,5116,1790185993118,0,0,OCUPADO,1,28,55,120,1,1
1790185995118,sala01,5117,1790185995118,0,0,OCUPADO,0,28,55,120,1,1
1790185997118,sala01,5118,1790185997118,0,0,OCUPADO,1,28,55,120,1,1
1790185999118,sala01,5119,1790185999118,0,0,OCUPADO,1,28,55,120,1,1
1790186001118,sala01,5120,1790186001118,0,0,OCUPADO,1,28,55,120,1,1
1790186003118,sala01,5121,1790186003118,0,0,OCUPADO,0,28,55,120,1,1
1790186005118,sala01,5122,1790186005118,0,0,OCUPADO,1,28,55,120,1,1
1790186007118,sala01,5123,1790186007118,0,0,OCUPADO,1,28,55,120,1,1
1790186009118,sala01,5124,1790186009118,0,0,OCUPADO,1,28,55,120,1,1
1790186011118,sala01,5125,1790186011118,0,0,OCUPADO,0,28,55,120,1,1
1790186013118,sala01,5126,1790186013118,0,0,OCUPADO,1,28,55,120,1,1
1790186015118,sala01,5127,1790186015118,0,0,OCUPADO,1,28,55,120,1,1
1790186017118,sala01,5128,1790186017118,0,0,OCUPADO,1,28,55,120,1,1
1790186019118,sala01,5129,1790186019118,0,0,OCUPADO,0,28,55,120,1,1
1790186021118,sala01,5130,1790186021118,0,0,OCUPADO,1,28,55,120,1,1
1790186023118,sala01,5131,1790186023118,0,0,OCUPADO,1,28,55,120,1,1
1790186025118,sala01,5132,1790186025118,0,0,OCUPADO,1,28,55,120,1,1
1790186027118,sala01,5133,1790186027118,0,0,OCUPADO,0,28,55,120,1,1
1790186029118,sala01,5134,1790186029118,0,0,OCUPADO,1,28,55,120,1,1
1790186031118,sala01,5135,1790186031118,0,0,OCUPADO,1,28,55,120,1,1
1790186033118,sala01,5136,1790186033118,0,0,OCUPADO,1,28,55,120,1,1
1790186035118,sala01,5137,1790186035118,0,0,OCUPADO,0,28,55,120,1,1
1790186037118,sala01,5138,1790186037118,0,0,OCUPADO,1,28,55,120,1,1
1790186039118,sala01,5139,1790186039118,0,0,OCUPADO,1,28,55,120,1,1
1790186041118,sala01,5140,1790186041118,0,0,OCUPADO,1,28,55,120,1,1
1790186043118,sala01,5141,1790186043118,0,0,OCUPADO,0,28,55,120,1,1
1790186045118,sala01,5142,1790186045118,0,0,OCUPADO,1,28,55,120,1,1
1790186047118,sala01,5143,1790186047118,0,0,OCUPADO,1,28,55,120,1,1
1790186049118,sala01,5144,1790186049118,0,0,OCUPADO,1,28,55,120,1,1
1790186051118,sala01,5145,1790186051118,0,0,OCUPADO,0,28,55,120,1,1
1790186053118,sala01,5146,1790186053118,0,0,OCUPADO,1,28,55,120,1,1
1790186055118,sala01,5147,1790186055118,0,0,OCUPADO,1,28,55,120,1,1
1790186057118,sala01,5148,1790186057118,0,0,OCUPADO,1,28,55,120,1,1
1790186059118,sala01,5149,1790186059118,0,0,OCUPADO,0,28,55,120,1,1
1790186061118,sala01,5150,1790186061118,0,0,OCUPADO,1,28,55,120,1,1
1790186063118,sala01,5151,1790186063118,0,0,OCUPADO,1,28,55,120,1,1
1790186065118,sala01,5152,1790186065118,0,0,OCUPADO,1,28,55,120,1,1
1790186067118,sala01,5153,1790186067118,0,0,OCUPADO,0,28,55,120,1,1
1790186069118,sala01,5154,1790186069118,0,0,OCUPADO,1,28,55,120,1,1
1790186071118,sala01,5155,1790186071118,0,0,OCUPADO,1,28,55,120,1,1
1790186073118,sala01,5156,1790186073118,0,0,OCUPADO,1,28,55,120,1,1
1790186075118,sala01,5157,1790186075118,0,0,OCUPADO,0,28,55,120,1,1
1790186077118,sala01,5158,1790186077118,0,0,OCUPADO,1,28,55,120,1,1
1790186079118,sala01,5159,1790186079118,0,0,OCUPADO,1,28,55,120,1,1
1790186081118,sala01,5160,1790186081118,0,0,OCUPADO,1,28,55,120,1,1
1790186083118,sala01,5161,1790186083118,0,0,OCUPADO,0,28,55,120,1,1
1790186085118,sala01,5162,1790186085118,0,0,OCUPADO,1,28,55,120,1,1
1790186087118,sala01,5163,1790186087118,0,0,OCUPADO,1,28,55,120,1,1
1790186089118,sala01,5164,1790186089118,0,0,OCUPADO,1,28,55,120,1,1
1790186091118,sala01,5165,1790186091118,0,0,OCUPADO,0,28,55,120,1,1
1790186093118,sala01,5166,1790186093118,0,0,OCUPADO,1,28,55,120,1,1
1790186095118,sala01,5167,1790186095118,0,0,OCUPADO,1,28,55,120,1,1
1790186097118,sala01,5168,1790186097118,0,0,OCUPADO,1,28,55,120,1,1
1790186099118,sala01,5169,1790186099118,0,0,OCUPADO,0,28,55,120,1,1
1790186101118,sala01,5170,1790186101118,0,0,OCUPADO,1,28,55,120,1,1
1790186103118,sala01,5171,1790186103118,0,0,OCUPADO,1,28,55,120,1,1
1790186105118,sala01,5172,1790186105118,0,0,OCUPADO,1,28,55,120,1,1
1790186107118,sala01,5173,1790186107118,0,0,OCUPADO,0,28,55,120,1,1
1790186109118,sala01,5174,1790186109118,0,0,OCUPADO,1,28,55,120,1,1
1790186111118,sala01,5175,1790186111118,0,0,OCUPADO,1,28,55,120,1,1
1790186113118,sala01,5176,1790186113118,0,0,OCUPADO,1,28,55,120,1,1
1790186115118,sala01,5177,1790186115118,0,0,OCUPADO,0,28,55,120,1,1
1790186117118,sala01,5178,1790186117118,0,0,OCUPADO,1,28,55,120,1,1
1790186119118,sala01,5179,1790186119118,0,0,OCUPADO,1,28,55,120,1,1
1790186121118,sala01,5180,1790186121118,0,0,OCUPADO,1,28,55,120,1,1
1790186123118,sala01,5181,1790186123118,0,0,OCUPADO,0,28,55,120,1,1
1790186125118,sala01,5182,1790186125118,0,0,OCUPADO,1,28,55,120,1,1
1790186127118,sala01,5183,1790186127118,0,0,OCUPADO,1,28,55,120,1,1
1790186129118,sala01,5184,1790186129118,0,0,OCUPADO,1,28,55,120,1,1
1790186131118,sala01,5185,1790186131118,0,0,OCUPADO,0,28,55,120,1,1
1790186133118,sala01,5186,1790186133118,0,0,OCUPADO,1,28,55,120,1,1
1790186135118,sala01,5187,1790186135118,0,0,OCUPADO,1,28,55,120,1,1
1790186137118,sala01,5188,1790186137118,0,0,OCUPADO,1,28,55,120,1,1
1790186139118,sala01,5189,1790186139118,0,0,OCUPADO,0,28,55,120,1,1
1790186141118,sala01,5190,1790186141118,0,0,OCUPADO,1,28,55,120,1,1
1790186143118,sala01,5191,1790186143118,0,0,OCUPADO,1,28,55,120,1,1
1790186145118,sala01,5192,1790186145118,0,0,OCUPADO,1,28,55,120,1,1
1790186147118,sala01,5193,1790186147118,0,0,OCUPADO,0,28,55,120,1,1
1790186149118,sala01,5194,1790186149118,0,0,OCUPADO,1,28,55,120,1,1
1790186151118,sala01,5195,1790186151118,0,0,OCUPADO,1,28,55,120,1,1
1790186153118,sala01,5196,1790186153118,0,0,OCUPADO,1,28,55,120,1,1
1790186155118,sala01,5197,1790186155118,0,0,OCUPADO,0,28,55,120,1,1
1790186157118,sala01,5198,1790186157118,0,0,OCUPADO,1,28,55,120,1,1
1790186159118,sala01,5199,1790186159118,0,0,OCUPADO,1,28,55,120,1,1
1790186161118,sala01,5200,1790186161118,0,0,OCUPADO,1,28,55,120,1,1
1790186163118,sala01,5201,1790186163118,0,0,OCUPADO,0,28,55,120,1,1
1790186165118,sala01,5202,1790186165118,0,0,OCUPADO,1,28,55,120,1,1
1790186167118,sala01,5203,1790186167118,0,0,OCUPADO,1,28,55,120,1,1
1790186169118,sala01,5204,1790186169118,0,0,OCUPADO,1,28,55,120,1,1
1790186171118,sala01,5205,1790186171118,0,0,OCUPADO,0,28,55,120,1,1
1790186173118,sala01,5206,1790186173118,0,0,OCUPADO,1,28,55,120,1,1
1790186175118,sala01,5207,1790186175118,0,0,OCUPADO,1,28,55,120,1,1
1790186177118,sala01,5208,1790186177118,0,0,OCUPADO,1,28,55,120,1,1
1790186179118,sala01,5209,1790186179118,0,0,OCUPADO,0,28,55,120,1,1
1790186181118,sala01,5210,1790186181118,0,0,OCUPADO,1,28,55,120,1,1
1790186183118,sala01,5211,1790186183118,0,0,OCUPADO,1,28,55,120,1,1
1790186185118,sala01,5212,1790186185118,0,0,OCUPADO,1,28,55,120,1,1
1790186187118,sala01,5213,1790186187118,0,0,OCUPADO,0,28,55,120,1,1
1790186189118,sala01,5214,1790186189118,0,0,OCUPADO,1,28,55,120,1,1
1790186191118,sala01,5215,1790186191118,0,0,OCUPADO,1,28,55,120,1,1
1790186193118,sala01,5216,1790186193118,0,0,OCUPADO,1,28,55,120,1,1
1790186195118,sala01,5217,1790186195118,0,0,OCUPADO,0,28,55,120,1,1
1790186197118,sala01,5218,1790186197118,0,0,OCUPADO,1,28,55,120,1,1
1790186199118,sala01,5219,1790186199118,0,0,OCUPADO,1,28,55,120,1,1
1790186201118,sala01,5220,1790186201118,0,0,OCUPADO,1,28,55,120,1,1
1790186203118,sala01,5221,1790186203118,0,0,OCUPADO,0,28,55,120,1,1
1790186205118,sala01,5222,1790186205118,0,0,OCUPADO,1,28,55,120,1,1
1790186207118,sala01,5223,1790186207118,0,0,OCUPADO,1,28,55,120,1,1
1790186209118,sala01,5224,1790186209118,0,0,OCUPADO,1,28,55,120,1,1
1790186211118,sala01,5225,1790186211118,0,0,OCUPADO,0,28,55,120,1,1
1790186213118,sala01,5226,1790186213118,0,0,OCUPADO,1,28,55,120,1,1
1790186215118,sala01,5227,1790186215118,0,0,OCUPADO,1,28,55,120,1,1
1790186217118,sala01,5228,1790186217118,0,0,OCUPADO,1,28,55,120,1,1
1790186219118,sala01,5229,1790186219118,0,0,OCUPADO,0,28,55,120,1,1
1790186221118,sala01,5230,1790186221118,0,0,OCUPADO,1,28,55,120,1,1
1790186223118,sala01,5231,1790186223118,0,0,OCUPADO,1,28,55,120,1,1
1790186225118,sala01,5232,1790186225118,0,0,OCUPADO,1,28,55,120,1,1
1790186227118,sala01,5233,1790186227118,0,0,OCUPADO,0,28,55,120,1,1
1790186229118,sala01,5234,1790186229118,0,0,OCUPADO,1,28,55,120,1,1
1790186231118,sala01,5235,1790186231118,0,0,OCUPADO,1,28,55,120,1,1
1790186233118,sala01,5236,1790186233118,0,0,OCUPADO,1,28,55,120,1,1
1790186235118,sala01,5237,1790186235118,0,0,OCUPADO,0,28,55,120,1,1
1790186237118,sala01,5238,1790186237118,0,0,OCUPADO,1,28,55,120,1,1
1790186239118,sala01,5239,1790186239118,0,0,OCUPADO,1,28,55,120,1,1
1790186241118,sala01,5240,1790186241118,0,0,OCUPADO,1,28,55,120,1,1
1790186243118,sala01,5241,1790186243118,0,0,OCUPADO,0,28,55,120,1,1
1790186245118,sala01,5242,1790186245118,0,0,OCUPADO,1,28,55,120,1,1
1790186247118,sala01,5243,1790186247118,0,0,OCUPADO,1,28,55,120,1,1
1790186249118,sala01,5244,1790186249118,0,0,OCUPADO,1,28,55,120,1,1
1790186251118,sala01,5245,1790186251118,0,0,OCUPADO,0,28,55,120,1,1
1790186253118,sala01,5246,1790186253118,0,0,OCUPADO,1,28,55,120,1,1
1790186255118,sala01,5247,1790186255118,0,0,OCUPADO,1,28,55,120,1,1
1790186257118,sala01,5248,1790186257118,0,0,OCUPADO,1,28,55,120,1,1
1790186259118,sala01,5249,1790186259118,0,0,OCUPADO,0,28,55,120,1,1
1790186261118,sala01,5250,1790186261118,0,0,OCUPADO,1,28,55,120,1,1
1790186263118,sala01,5251,1790186263118,0,0,OCUPADO,1,28,55,120,1,1
1790186265118,sala01,5252,1790186265118,0,0,OCUPADO,1,28,55,120,1,1
1790186267118,sala01,5253,1790186267118,0,0,OCUPADO,0,28,55,120,1,1
1790186269118,sala01,5254,1790186269118,0,0,OCUPADO,1,28,55,120,1,1
1790186271118,sala01,5255,1790186271118,0,0,OCUPADO,1,28,55,120,1,1
1790186273118,sala01,5256,1790186273118,0,0,OCUPADO,1,28,55,120,1,1
1790186275118,sala01,5257,1790186275118,0,0,OCUPADO,0,28,55,120,1,1
1790186277118,sala01,5258,1790186277118,0,0,OCUPADO,1,28,55,120,1,1
1790186279118,sala01,5259,1790186279118,0,0,OCUPADO,1,28,55,120,1,1
1790186281118,sala01,5260,1790186281118,0,0,OCUPADO,1,28,55,120,1,1
1790186283118,sala01,5261,1790186283118,0,0,OCUPADO,0,28,55,120,1,1
1790186285118,sala01,5262,1790186285118,0,0,OCUPADO,1,28,55,120,1,1
1790186287118,sala01,5263,1790186287118,0,0,OCUPADO,1,28,55,120,1,1
1790186289118,sala01,5264,1790186289118,0,0,OCUPADO,1,28,55,120,1,1
1790186291118,sala01,5265,1790186291118,0,0,OCUPADO,0,28,55,120,1,1
1790186293118,sala01,5266,1790186293118,0,0,OCUPADO,1,28,55,120,1,1
1790186295118,sala01,5267,1790186295118,0,0,OCUPADO,1,28,55,120,1,1
1790186297118,sala01,5268,1790186297118,0,0,OCUPADO,1,28,55,120,1,1
1790186299118,sala01,5269,1790186299118,0,0,OCUPADO,0,28,55,120,1,1
1790186301118,sala01,5270,1790186301118,0,0,OCUPADO,1,28,55,120,1,1
1790186303118,sala01,5271,1790186303118,0,0,OCUPADO,1,28,55,120,1,1
1790186305118,sala01,5272,1790186305118,0,0,OCUPADO,1,28,55,120,1,1
1790186307118,sala01,5273,1790186307118,0,0,OCUPADO,0,28,55,120,1,1
1790186309118,sala01,5274,1790186309118,0,0,OCUPADO,1,28,55,120,1,1
1790186311118,sala01,5275,1790186311118,0,0,OCUPADO,1,28,55,120,1,1
1790186313118,sala01,5276,1790186313118,0,0,OCUPADO,1,28,55,120,1,1
1790186315118,sala01,5277,1790186315118,0,0,OCUPADO,0,28,55,120,1,1
1790186317118,sala01,5278,1790186317118,0,0,OCUPADO,1,28,55,120,1,1
1790186319118,sala01,5279,1790186319118,0,0,OCUPADO,1,28,55,120,1,1
1790186321118,sala01,5280,1790186321118,0,0,OCUPADO,1,28,55,120,1,1
1790186323118,sala01,5281,1790186323118,0,0,OCUPADO,0,28,55,120,1,1
1790186325118,sala01,5282,1790186325118,0,0,OCUPADO,1,28,55,120,1,1
1790186327118,sala01,5283,1790186327118,0,0,OCUPADO,1,28,55,120,1,1
1790186329118,sala01,5284,1790186329118,0,0,OCUPADO,1,28,55,120,1,1
1790186331118,sala01,5285,1790186331118,0,0,OCUPADO,0,28,55,120,1,1
1790186333118,sala01,5286,1790186333118,0,0,OCUPADO,1,28,55,120,1,1
1790186335118,sala01,5287,1790186335118,0,0,OCUPADO,1,28,55,120,1,1
1790186337118,sala01,5288,1790186337118,0,0,OCUPADO,1,28,55,120,1,1
1790186339118,sala01,5289,1790186339118,0,0,OCUPADO,0,28,55,120,1,1
1790186341118,sala01,5290,1790186341118,0,0,OCUPADO,1,28,55,120,1,1
1790186343118,sala01,5291,1790186343118,0,0,OCUPADO,1,28,55,120,1,1
1790186345118,sala01,5292,1790186345118,0,0,OCUPADO,1,28,55,120,1,1
1790186347118,sala01,5293,1790186347118,0,0,OCUPADO,0,28,55,120,1,1
1790186349118,sala01,5294,1790186349118,0,0,OCUPADO,1,28,55,120,1,1
1790186351118,sala01,5295,1790186351118,0,0,OCUPADO,1,28,55,120,1,1
1790186353118,sala01,5296,1790186353118,0,0,OCUPADO,1,28,55,120,1,1
1790186355118,sala01,5297,1790186355118,0,0,OCUPADO,0,28,55,120,1,1
1790186357118,sala01,5298,1790186357118,0,0,OCUPADO,1,28,55,120,1,1
1790186359118,sala01,5299,1790186359118,0,0,OCUPADO,1,28,55,120,1,1
1790186361118,sala01,5300,1790186361118,0,0,OCUPADO,1,28,55,120,1,1
1790186363118,sala01,5301,1790186363118,0,0,OCUPADO,0,28,55,120,1,1
1790186365118,sala01,5302,1790186365118,0,0,OCUPADO,1,28,55,120,1,1
1790186367118,sala01,5303,1790186367118,0,0,OCUPADO,1,28,55,120,1,1
1790186369118,sala01,5304,1790186369118,0,0,OCUPADO,1,28,55,120,1,1
1790186371118,sala01,5305,1790186371118,0,0,OCUPADO,0,28,55,120,1,1
1790186373118,sala01,5306,1790186373118,0,0,OCUPADO,1,28,55,120,1,1
1790186375118,sala01,5307,1790186375118,0,0,OCUPADO,1,28,55,120,1,1
1790186377118,sala01,5308,1790186377118,0,0,OCUPADO,1,28,55,120,1,1
1790186379118,sala01,5309,1790186379118,0,0,OCUPADO,0,28,55,120,1,1
1790186381118,sala01,5310,1790186381118,0,0,OCUPADO,1,28,55,120,1,1
1790186383118,sala01,5311,1790186383118,0,0,OCUPADO,1,28,55,120,1,1
1790186385118,sala01,5312,1790186385118,0,0,OCUPADO,1,28,55,120,1,1
1790186387118,sala01,5313,1790186387118,0,0,OCUPADO,0,28,55,120,1,1
1790186389118,sala01,5314,1790186389118,0,0,OCUPADO,1,28,55,120,1,1
1790186391118,sala01,5315,1790186391118,0,0,OCUPADO,1,28,55,120,1,1
1790186393118,sala01,5316,1790186393118,0,0,OCUPADO,1,28,55,120,1,1
1790186395118,sala01,5317,1790186395118,0,0,OCUPADO,0,28,55,120,1,1
1790186397118,sala01,5318,1790186397118,0,0,OCUPADO,1,28,55,120,1,1
1790186399118,sala01,5319,1790186399118,0,0,OCUPADO,1,28,55,120,1,1
1790186401118,sala01,5320,1790186401118,0,0,OCUPADO,1,28,55,120,1,1
1790186403118,sala01,5321,1790186403118,0,0,OCUPADO,0,28,55,120,1,1
1790186405118,sala01,5322,1790186405118,0,0,OCUPADO,1,28,55,120,1,1
1790186407118,sala01,5323,1790186407118,0,0,OCUPADO,1,28,55,120,1,1
1790186409118,sala01,5324,1790186409118,0,0,OCUPADO,1,28,55,120,1,1
1790186411118,sala01,5325,1790186411118,0,0,OCUPADO,0,28,55,120,1,1
1790186413118,sala01,5326,1790186413118,0,0,OCUPADO,1,28,55,120,1,1
1790186415118,sala01,5327,1790186415118,0,0,OCUPADO,1,28,55,120,1,1
1790186417118,sala01,5328,1790186417118,0,0,OCUPADO,1,28,55,120,1,1
1790186419118,sala01,5329,1790186419118,0,0,OCUPADO,0,28,55,120,1,1
1790186421118,sala01,5330,1790186421118,0,0,OCUPADO,1,28,55,120,1,1
1790186423118,sala01,5331,1790186423118,0,0,OCUPADO,1,28,55,120,1,1
1790186425118,sala01,5332,1790186425118,0,0,OCUPADO,1,28,55,120,1,1
1790186427118,sala01,5333,1790186427118,0,0,OCUPADO,0,28,55,120,1,1
1790186429118,sala01,5334,1790186429118,0,0,OCUPADO,1,28,55,120,1,1
1790186431118,sala01,5335,1790186431118,0,0,OCUPADO,1,28,55,120,1,1
1790186433118,sala01,5336,1790186433118,0,0,OCUPADO,1,28,55,120,1,1
1790186435118,sala01,5337,1790186435118,0,0,OCUPADO,0,28,55,120,1,1
1790186437118,sala01,5338,1790186437118,0,0,OCUPADO,1,28,55,120,1,1
1790186439118,sala01,5339,1790186439118,0,0,OCUPADO,1,28,55,120,1,1
1790186441118,sala01,5340,1790186441118,0,0,OCUPADO,1,28,55,120,1,1
1790186443118,sala01,5341,1790186443118,0,0,OCUPADO,0,28,55,120,1,1
1790186445118,sala01,5342,1790186445118,0,0,OCUPADO,1,28,55,120,1,1
1790186447118,sala01,5343,1790186447118,0,0,OCUPADO,1,28,55,120,1,1
1790186449118,sala01,5344,1790186449118,0,0,OCUPADO,1,28,55,120,1,1
1790186451118,sala01,5345,1790186451118,0,0,OCUPADO,0,28,55,120,1,1
1790186453118,sala01,5346,1790186453118,0,0,OCUPADO,1,28,55,120,1,1
1790186455118,sala01,5347,1790186455118,0,0,OCUPADO,1,28,55,120,1,1
1790186457118,sala01,5348,1790186457118,0,0,OCUPADO,1,28,55,120,1,1
1790186459118,sala01,5349,1790186459118,0,0,OCUPADO,0,28,55,120,1,1
1790186461118,sala01,5350,1790186461118,0,0,OCUPADO,1,28,55,120,1,1
1790186463118,sala01,5351,1790186463118,0,0,OCUPADO,1,28,55,120,1,1
1790186465118,sala01,5352,1790186465118,0,0,OCUPADO,1,28,55,120,1,1
1790186467118,sala01,5353,1790186467118,0,0,OCUPADO,0,28,55,120,1,1
1790186469118,sala01,5354,1790186469118,0,0,OCUPADO,1,28,55,120,1,1
1790186471118,sala01,5355,1790186471118,0,0,OCUPADO,1,28,55,120,1,1
1790186473118,sala01,5356,1790186473118,0,0,OCUPADO,1,28,55,120,1,1
1790186475118,sala01,5357,1790186475118,0,0,OCUPADO,0,28,55,120,1,1
1790186477118,sala01,5358,1790186477118,0,0,OCUPADO,1,28,55,120,1,1
1790186479118,sala01,5359,1790186479118,0,0,OCUPADO,1,28,55,120,1,1
1790186481118,sala01,5360,1790186481118,0,0,OCUPADO,1,28,55,120,1,1
1790186483118,sala01,5361,1790186483118,0,0,OCUPADO,0,28,55,120,1,1
1790186485118,sala01,5362,1790186485118,0,0,OCUPADO,1,28,55,120,1,1
1790186487118,sala01,5363,1790186487118,0,0,OCUPADO,1,28,55,120,1,1
1790186489118,sala01,5364,1790186489118,0,0,OCUPADO,1,28,55,120,1,1
1790186491118,sala01,5365,1790186491118,0,0,OCUPADO,0,28,55,120,1,1
1790186493118,sala01,5366,1790186493118,0,0,OCUPADO,1,28,55,120,1,1
1790186495118,sala01,5367,1790186495118,0,0,OCUPADO,1,28,55,120,1,1
1790186497118,sala01,5368,1790186497118,0,0,OCUPADO,1,28,55,120,1,1
1790186499118,sala01,5369,1790186499118,0,0,OCUPADO,0,28,55,120,1,1
1790186501118,sala01,5370,1790186501118,0,0,OCUPADO,1,28,55,120,1,1
1790186503118,sala01,5371,1790186503118,0,0,OCUPADO,1,28,55,120,1,1
1790186505118,sala01,5372,1790186505118,0,0,OCUPADO,1,28,55,120,1,1
1790186507118,sala01,5373,1790186507118,0,0,OCUPADO,0,28,55,120,1,1
1790186509118,sala01,5374,1790186509118,0,0,OCUPADO,1,28,55,120,1,1
1790186511118,sala01,5375,1790186511118,0,0,OCUPADO,1,28,55,120,1,1
1790186513118,sala01,5376,1790186513118,0,0,OCUPADO,1,28,55,120,1,1
1790186515118,sala01,5377,1790186515118,0,0,OCUPADO,0,28,55,120,1,1
1790186517118,sala01,5378,1790186517118,0,0,OCUPADO,1,28,55,120,1,1
1790186519118,sala01,5379,1790186519118,0,0,OCUPADO,1,28,55,120,1,1
1790186521118,sala01,5380,1790186521118,0,0,OCUPADO,1,28,55,120,1,1
1790186523118,sala01,5381,1790186523118,0,0,OCUPADO,0,28,55,120,1,1
1790186525118,sala01,5382,1790186525118,0,0,OCUPADO,1,28,55,120,1,1
1790186527118,sala01,5383,1790186527118,0,0,OCUPADO,1,28,55,120,1,1
1790186529118,sala01,5384,1790186529118,0,0,OCUPADO,1,28,55,120,1,1
1790186531118,sala01,5385,1790186531118,0,0,OCUPADO,0,28,55,120,1,1
1790186533118,sala01,5386,1790186533118,0,0,OCUPADO,1,28,55,120,1,1
1790186535118,sala01,5387,1790186535118,0,0,OCUPADO,1,28,55,120,1,1
1790186537118,sala01,5388,1790186537118,0,0,OCUPADO,1,28,55,120,1,1
1790186539118,sala01,5389,1790186539118,0,0,OCUPADO,0,28,55,120,1,1
1790186541118,sala01,5390,1790186541118,0,0,OCUPADO,1,28,55,120,1,1
1790186543118,sala01,5391,1790186543118,0,0,OCUPADO,1,28,55,120,1,1
1790186545118,sala01,5392,1790186545118,0,0,OCUPADO,1,28,55,120,1,1
1790186547118,sala01,5393,1790186547118,0,0,OCUPADO,0,28,55,120,1,1
1790186549118,sala01,5394,1790186549118,0,0,OCUPADO,1,28,55,120,1,1
1790186551118,sala01,5395,1790186551118,0,0,OCUPADO,1,28,55,120,1,1
1790186553118,sala01,5396,1790186553118,0,0,OCUPADO,1,28,55,120,1,1
1790186555118,sala01,5397,1790186555118,0,0,OCUPADO,0,28,55,120,1,1
1790186557118,sala01,5398,1790186557118,0,0,OCUPADO,1,28,55,120,1,1
1790186559118,sala01,5399,1790186559118,0,0,OCUPADO,1,28,55,120,1,1
1790186561118,sala01,5400,1790186561118,0,0,OCUPADO,1,28,55,120,1,1
1790186563118,sala01,5401,1790186563118,0,0,OCUPADO,0,28,55,120,1,1
1790186565118,sala01,5402,1790186565118,0,0,OCUPADO,1,28,55,120,1,1
1790186567118,sala01,5403,1790186567118,0,0,OCUPADO,1,28,55,120,1,1
1790186569118,sala01,5404,1790186569118,0,0,OCUPADO,1,28,55,120,1,1
1790186571118,sala01,5405,1790186571118,0,0,OCUPADO,0,28,55,120,1,1
1790186573118,sala01,5406,1790186573118,0,0,OCUPADO,1,28,55,120,1,1
1790186575118,sala01,5407,1790186575118,0,0,OCUPADO,1,28,55,120,1,1
1790186577118,sala01,5408,1790186577118,0,0,OCUPADO,1,28,55,120,1,1
1790186579118,sala01,5409,1790186579118,0,0,OCUPADO,0,28,55,120,1,1
1790186581118,sala01,5410,1790186581118,0,0,OCUPADO,1,28,55,120,1,1
1790186583118,sala01,5411,1790186583118,0,0,OCUPADO,1,28,55,120,1,1
1790186585118,sala01,5412,1790186585118,0,0,OCUPADO,1,28,55,120,1,1
1790186587118,sala01,5413,1790186587118,0,0,OCUPADO,0,28,55,120,1,1
1790186589118,sala01,5414,1790186589118,0,0,OCUPADO,1,28,55,120,1,1
1790186591118,sala01,5415,1790186591118,0,0,OCUPADO,1,28,55,120,1,1
1790186593118,sala01,5416,1790186593118,0,0,OCUPADO,1,28,55,120,1,1
1790186595118,sala01,5417,1790186595118,0,0,OCUPADO,0,28,55,120,1,1
1790186597118,sala01,5418,1790186597118,0,0,OCUPADO,1,28,55,120,1,1
1790186599118,sala01,5419,1790186599118,0,0,OCUPADO,1,28,55,120,1,1
1790186601118,sala01,5420,1790186601118,0,0,OCUPADO,1,28,55,120,1,1
1790186603118,sala01,5421,1790186603118,0,0,OCUPADO,0,28,55,120,1,1
1790186605118,sala01,5422,1790186605118,0,0,OCUPADO,1,28,55,120,1,1
1790186607118,sala01,5423,1790186607118,0,0,OCUPADO,1,28,55,120,1,1
1790186609118,sala01,5424,1790186609118,0,0,OCUPADO,1,28,55,120,1,1
1790186611118,sala01,5425,1790186611118,0,0,OCUPADO,0,28,55,120,1,1
1790186613118,sala01,5426,1790186613118,0,0,OCUPADO,1,28,55,120,1,1
1790186615118,sala01,5427,1790186615118,0,0,OCUPADO,1,28,55,120,1,1
1790186617118,sala01,5428,1790186617118,0,0,OCUPADO,1,28,55,120,1,1
1790186619118,sala01,5429,1790186619118,0,0,OCUPADO,0,28,55,120,1,1
1790186621118,sala01,5430,1790186621118,0,0,OCUPADO,1,28,55,120,1,1
1790186623118,sala01,5431,1790186623118,0,0,OCUPADO,1,28,55,120,1,1
1790186625118,sala01,5432,1790186625118,0,0,OCUPADO,1,28,55,120,1,1
1790186627118,sala01,5433,1790186627118,0,0,OCUPADO,0,28,55,120,1,1
1790186629118,sala01,5434,1790186629118,0,0,OCUPADO,1,28,55,120,1,1
1790186631118,sala01,5435,1790186631118,0,0,OCUPADO,1,28,55,120,1,1
1790186633118,sala01,5436,1790186633118,0,0,OCUPADO,1,28,55,120,1,1
1790186635118,sala01,5437,1790186635118,0,0,OCUPADO,0,28,55,120,1,1
1790186637118,sala01,5438,1790186637118,0,0,OCUPADO,1,28,55,120,1,1
1790186639118,sala01,5439,1790186639118,0,0,OCUPADO,1,28,55,120,1,1
1790186641118,sala01,5440,1790186641118,0,0,OCUPADO,1,28,55,120,1,1
1790186643118,sala01,5441,1790186643118,0,0,OCUPADO,0,28,55,120,1,1
1790186645118,sala01,5442,1790186645118,0,0,OCUPADO,1,28,55,120,1,1
1790186647118,sala01,5443,1790186647118,0,0,OCUPADO,1,28,55,120,1,1
1790186649118,sala01,5444,1790186649118,0,0,OCUPADO,1,28,55,120,1,1
1790186651118,sala01,5445,1790186651118,0,0,OCUPADO,0,28,55,120,1,1
1790186653118,sala01,5446,1790186653118,0,0,OCUPADO,1,28,55,120,1,1
1790186655118,sala01,5447,1790186655118,0,0,OCUPADO,1,28,55,120,1,1
1790186657118,sala01,5448,1790186657118,0,0,OCUPADO,1,28,55,120,1,1
1790186659118,sala01,5449,1790186659118,0,0,OCUPADO,0,28,55,120,1,1
1790186661118,sala01,5450,1790186661118,0,0,OCUPADO,1,28,55,120,1,1
1790186663118,sala01,5451,1790186663118,0,0,OCUPADO,1,28,55,120,1,1
1790186665118,sala01,5452,1790186665118,0,0,OCUPADO,1,28,55,120,1,1
1790186667118,sala01,5453,1790186667118,0,0,OCUPADO,0,28,55,120,1,1
1790186669118,sala01,5454,1790186669118,0,0,OCUPADO,1,28,55,120,1,1
1790186671118,sala01,5455,1790186671118,0,0,OCUPADO,1,28,55,120,1,1
1790186673118,sala01,5456,1790186673118,0,0,OCUPADO,1,28,55,120,1,1
1790186675118,sala01,5457,1790186675118,0,0,OCUPADO,0,28,55,120,1,1
1790186677118,sala01,5458,1790186677118,0,0,OCUPADO,1,28,55,120,1,1
1790186679118,sala01,5459,1790186679118,0,0,OCUPADO,1,28,55,120,1,1
1790186681118,sala01,5460,1790186681118,0,0,OCUPADO,1,28,55,120,1,1
1790186683118,sala01,5461,1790186683118,0,0,OCUPADO,0,28,55,120,1,1
1790186685118,sala01,5462,1790186685118,0,0,OCUPADO,1,28,55,120,1,1
1790186687118,sala01,5463,1790186687118,0,0,OCUPADO,1,28,55,120,1,1
1790186689118,sala01,5464,1790186689118,0,0,OCUPADO,1,28,55,120,1,1
1790186691118,sala01,5465,1790186691118,0,0,OCUPADO,0,28,55,120,1,1
1790186693118,sala01,5466,1790186693118,0,0,OCUPADO,1,28,55,120,1,1
1790186695118,sala01,5467,1790186695118,0,0,OCUPADO,1,28,55,120,1,1
1790186697118,sala01,5468,1790186697118,0,0,OCUPADO,1,28,55,120,1,1
1790186699118,sala01,5469,1790186699118,0,0,OCUPADO,0,28,55,120,1,1
1790186701118,sala01,5470,1790186701118,0,0,OCUPADO,1,28,55,120,1,1
1790186703118,sala01,5471,1790186703118,0,0,OCUPADO,1,28,55,120,1,1
1790186705118,sala01,5472,1790186705118,0,0,OCUPADO,1,28,55,120,1,1
1790186707118,sala01,5473,1790186707118,0,0,OCUPADO,0,28,55,120,1,1
1790186709118,sala01,5474,1790186709118,0,0,OCUPADO,1,28,55,120,1,1
1790186711118,sala01,5475,1790186711118,0,0,OCUPADO,1,28,55,120,1,1
1790186713118,sala01,5476,1790186713118,0,0,OCUPADO,1,28,55,120,1,1
1790186715118,sala01,5477,1790186715118,0,0,OCUPADO,0,28,55,120,1,1
1790186717118,sala01,5478,1790186717118,0,0,OCUPADO,1,28,55,120,1,1
1790186719118,sala01,5479,1790186719118,0,0,OCUPADO,1,28,55,120,1,1
1790186721118,sala01,5480,1790186721118,0,0,OCUPADO,1,28,55,120,1,1
1790186723118,sala01,5481,1790186723118,0,0,OCUPADO,0,28,55,120,1,1
1790186725118,sala01,5482,1790186725118,0,0,OCUPADO,1,28,55,120,1,1
1790186727118,sala01,5483,1790186727118,0,0,OCUPADO,1,28,55,120,1,1
1790186729118,sala01,5484,1790186729118,0,0,OCUPADO,1,28,55,120,1,1
1790186731118,sala01,5485,1790186731118,0,0,OCUPADO,0,28,55,120,1,1
1790186733118,sala01,5486,1790186733118,0,0,OCUPADO,1,28,55,120,1,1
1790186735118,sala01,5487,1790186735118,0,0,OCUPADO,1,28,55,120,1,1
1790186737118,sala01,5488,1790186737118,0,0,OCUPADO,1,28,55,120,1,1
1790186739118,sala01,5489,1790186739118,0,0,OCUPADO,0,28,55,120,1,1
1790186741118,sala01,5490,1790186741118,0,0,OCUPADO,1,28,55,120,1,1
1790186743118,sala01,5491,1790186743118,0,0,OCUPADO,1,28,55,120,1,1
1790186745118,sala01,5492,1790186745118,0,0,OCUPADO,1,28,55,120,1,1
1790186747118,sala01,5493,1790186747118,0,0,OCUPADO,0,28,55,120,1,1
1790186749118,sala01,5494,1790186749118,0,0,OCUPADO,1,28,55,120,1,1
1790186751118,sala01,5495,1790186751118,0,0,OCUPADO,1,28,55,120,1,1
1790186753118,sala01,5496,1790186753118,0,0,OCUPADO,1,28,55,120,1,1
1790186755118,sala01,5497,1790186755118,0,0,OCUPADO,0,28,55,120,1,1
1790186757118,sala01,5498,1790186757118,0,0,OCUPADO,1,28,55,120,1,1
1790186759118,sala01,5499,1790186759118,0,0,OCUPADO,1,28,55,120,1,1
1790186761118,sala01,5500,1790186761118,0,0,OCUPADO,1,28,55,120,1,1
1790186763118,sala01,5501,1790186763118,0,0,OCUPADO,0,28,55,120,1,1
1790186765118,sala01,5502,1790186765118,0,0,OCUPADO,1,28,55,120,1,1
1790186767118,sala01,5503,1790186767118,0,0,OCUPADO,1,28,55,120,1,1
1790186769118,sala01,5504,1790186769118,0,0,OCUPADO,1,28,55,120,1,1
1790186771118,sala01,5505,1790186771118,0,0,OCUPADO,0,28,55,120,1,1
1790186773118,sala01,5506,1790186773118,0,0,OCUPADO,1,28,55,120,1,1
1790186775118,sala01,5507,1790186775118,0,0,OCUPADO,1,28,55,120,1,1
1790186777118,sala01,5508,1790186777118,0,0,OCUPADO,1,28,55,120,1,1
1790186779118,sala01,5509,1790186779118,0,0,OCUPADO,0,28,55,120,1,1
1790186781118,sala01,5510,1790186781118,0,0,OCUPADO,1,28,55,120,1,1
1790186783118,sala01,5511,1790186783118,0,0,OCUPADO,1,28,55,120,1,1
1790186785118,sala01,5512,1790186785118,0,0,OCUPADO,1,28,55,120,1,1
1790186787118,sala01,5513,1790186787118,0,0,OCUPADO,0,28,55,120,1,1
1790186789118,sala01,5514,1790186789118,0,0,OCUPADO,1,28,55,120,1,1
1790186791118,sala01,5515,1790186791118,0,0,OCUPADO,1,28,55,120,1,1
1790186793118,sala01,5516,1790186793118,0,0,OCUPADO,1,28,55,120,1,1
1790186795118,sala01,5517,1790186795118,0,0,OCUPADO,0,28,55,120,1,1
1790186797118,sala01,5518,1790186797118,0,0,OCUPADO,1,28,55,120,1,1
1790186799118,sala01,5519,1790186799118,0,0,OCUPADO,1,28,55,120,1,1
1790186801118,sala01,5520,1790186801118,0,0,OCUPADO,1,28,55,120,1,1
1790186803118,sala01,5521,1790186803118,0,0,OCUPADO,0,28,55,120,1,1
1790186805118,sala01,5522,1790186805118,0,0,OCUPADO,1,28,55,120,1,1
1790186807118,sala01,5523,1790186807118,0,0,OCUPADO,1,28,55,120,1,1
1790186809118,sala01,5524,1790186809118,0,0,OCUPADO,1,28,55,120,1,1
1790186811118,sala01,5525,1790186811118,0,0,OCUPADO,0,28,55,120,1,1
1790186813118,sala01,5526,1790186813118,0,0,OCUPADO,1,28,55,120,1,1
1790186815118,sala01,5527,1790186815118,0,0,OCUPADO,1,28,55,120,1,1
1790186817118,sala01,5528,1790186817118,0,0,OCUPADO,1,28,55,120,1,1
1790186819118,sala01,5529,1790186819118,0,0,OCUPADO,0,28,55,120,1,1
1790186821118,sala01,5530,1790186821118,0,0,OCUPADO,1,28,55,120,1,1
1790186823118,sala01,5531,1790186823118,0,0,OCUPADO,1,28,55,120,1,1
1790186825118,sala01,5532,1790186825118,0,0,OCUPADO,1,28,55,120,1,1
1790186827118,sala01,5533,1790186827118,0,0,OCUPADO,0,28,55,120,1,1
1790186829118,sala01,5534,1790186829118,0,0,OCUPADO,1,28,55,120,1,1
1790186831118,sala01,5535,1790186831118,0,0,OCUPADO,1,28,55,120,1,1
1790186833118,sala01,5536,1790186833118,0,0,OCUPADO,1,28,55,120,1,1
1790186835118,sala01,5537,1790186835118,0,0,OCUPADO,0,28,55,120,1,1
1790186837118,sala01,5538,1790186837118,0,0,OCUPADO,1,28,55,120,1,1
1790186839118,sala01,5539,1790186839118,0,0,OCUPADO,1,28,55,120,1,1
1790186841118,sala01,5540,1790186841118,0,0,OCUPADO,1,28,55,120,1,1
1790186843118,sala01,5541,1790186843118,0,0,OCUPADO,0,28,55,120,1,1
1790186845118,sala01,5542,1790186845118,0,0,OCUPADO,1,28,55,120,1,1
1790186847118,sala01,5543,1790186847118,0,0,OCUPADO,1,28,55,120,1,1
1790186849118,sala01,5544,1790186849118,0,0,OCUPADO,1,28,55,120,1,1
1790186851118,sala01,5545,1790186851118,0,0,OCUPADO,0,28,55,120,1,1
1790186853118,sala01,5546,1790186853118,0,0,OCUPADO,1,28,55,120,1,1
1790186855118,sala01,5547,1790186855118,0,0,OCUPADO,1,28,55,120,1,1
1790186857118,sala01,5548,1790186857118,0,0,OCUPADO,1,28,55,120,1,1
1790186859118,sala01,5549,1790186859118,0,0,OCUPADO,0,28,55,120,1,1
1790186861118,sala01,5550,1790186861118,0,0,OCUPADO,1,28,55,120,1,1
1790186863118,sala01,5551,1790186863118,0,0,OCUPADO,1,28,55,120,1,1
1790186865118,sala01,5552,1790186865118,0,0,OCUPADO,1,28,55,120,1,1
1790186867118,sala01,5553,1790186867118,0,0,OCUPADO,0,28,55,120,1,1
1790186869118,sala01,5554,1790186869118,0,0,OCUPADO,1,28,55,120,1,1
1790186871118,sala01,5555,1790186871118,0,0,OCUPADO,1,28,55,120,1,1
1790186873118,sala01,5556,1790186873118,0,0,OCUPADO,1,28,55,120,1,1
1790186875118,sala01,5557,1790186875118,0,0,OCUPADO,0,28,55,120,1,1
1790186877118,sala01,5558,1790186877118,0,0,OCUPADO,1,28,55,120,1,1
1790186879118,sala01,5559,1790186879118,0,0,OCUPADO,1,28,55,120,1,1
1790186881118,sala01,5560,1790186881118,0,0,OCUPADO,1,28,55,120,1,1
1790186883118,sala01,5561,1790186883118,0,0,OCUPADO,0,28,55,120,1,1
1790186885118,sala01,5562,1790186885118,0,0,OCUPADO,1,28,55,120,1,1
1790186887118,sala01,5563,1790186887118,0,0,OCUPADO,1,28,55,120,1,1
1790186889118,sala01,5564,1790186889118,0,0,OCUPADO,1,28,55,120,1,1
1790186891118,sala01,5565,1790186891118,0,0,OCUPADO,0,28,55,120,1,1
1790186893118,sala01,5566,1790186893118,0,0,OCUPADO,1,28,55,120,1,1
1790186895118,sala01,5567,1790186895118,0,0,OCUPADO,1,28,55,120,1,1
1790186897118,sala01,5568,1790186897118,0,0,OCUPADO,1,28,55,120,1,1
1790186899118,sala01,5569,1790186899118,0,0,OCUPADO,0,28,55,120,1,1
1790186901118,sala01,5570,1790186901118,0,0,OCUPADO,1,28,55,120,1,1
1790186903118,sala01,5571,1790186903118,0,0,OCUPADO,1,28,55,120,1,1
1790186905118,sala01,5572,1790186905118,0,0,OCUPADO,1,28,55,120,1,1
1790186907118,sala01,5573,1790186907118,0,0,OCUPADO,0,28,55,120,1,1
1790186909118,sala01,5574,1790186909118,0,0,OCUPADO,1,28,55,120,1,1
1790186911118,sala01,5575,1790186911118,0,0,OCUPADO,1,28,55,120,1,1
1790186913118,sala01,5576,1790186913118,0,0,OCUPADO,1,28,55,120,1,1
1790186915118,sala01,5577,1790186915118,0,0,OCUPADO,0,28,55,120,1,1
1790186917118,sala01,5578,1790186917118,0,0,OCUPADO,1,28,55,120,1,1
1790186919118,sala01,5579,1790186919118,0,0,OCUPADO,1,28,55,120,1,1
1790186921118,sala01,5580,1790186921118,0,0,OCUPADO,1,28,55,120,1,1
1790186923118,sala01,5581,1790186923118,0,0,OCUPADO,0,28,55,120,1,1
1790186925118,sala01,5582,1790186925118,0,0,OCUPADO,1,28,55,120,1,1
1790186927118,sala01,5583,1790186927118,0,0,OCUPADO,1,28,55,120,1,1
1790186929118,sala01,5584,1790186929118,0,0,OCUPADO,1,28,55,120,1,1
1790186931118,sala01,5585,1790186931118,0,0,OCUPADO,0,28,55,120,1,1
1790186933118,sala01,5586,1790186933118,0,0,OCUPADO,1,28,55,120,1,1
1790186935118,sala01,5587,1790186935118,0,0,OCUPADO,1,28,55,120,1,1
1790186937118,sala01,5588,1790186937118,0,0,OCUPADO,1,28,55,120,1,1
1790186939118,sala01,5589,1790186939118,0,0,OCUPADO,0,28,55,120,1,1
1790186941118,sala01,5590,1790186941118,0,0,OCUPADO,1,28,55,120,1,1
1790186943118,sala01,5591,1790186943118,0,0,OCUPADO,1,28,55,120,1,1
1790186945118,sala01,5592,1790186945118,0,0,OCUPADO,1,28,55,120,1,1
1790186947118,sala01,5593,1790186947118,0,0,OCUPADO,0,28,55,120,1,1
1790186949118,sala01,5594,1790186949118,0,0,OCUPADO,1,28,55,120,1,1
1790186951118,sala01,5595,1790186951118,0,0,OCUPADO,1,28,55,120,1,1
1790186953118,sala01,5596,1790186953118,0,0,OCUPADO,1,28,55,120,1,1
1790186955118,sala01,5597,1790186955118,0,0,OCUPADO,0,28,55,120,1,1
1790186957118,sala01,5598,1790186957118,0,0,OCUPADO,1,28,55,120,1,1
1790186959118,sala01,5599,1790186959118,0,0,OCUPADO,1,28,55,120,1,1
1790186961118,sala01,5600,1790186961118,0,0,OCUPADO,1,28,55,120,1,1
1790186963118,sala01,5601,1790186963118,0,0,OCUPADO,0,28,55,120,1,1
1790186965118,sala01,5602,1790186965118,0,0,OCUPADO,1,28,55,120,1,1
1790186967118,sala01,5603,1790186967118,0,0,OCUPADO,1,28,55,120,1,1
1790186969118,sala01,5604,1790186969118,0,0,OCUPADO,1,28,55,120,1,1
1790186971118,sala01,5605,1790186971118,0,0,OCUPADO,0,28,55,120,1,1
1790186973118,sala01,5606,1790186973118,0,0,OCUPADO,1,28,55,120,1,1
1790186975118,sala01,5607,1790186975118,0,0,OCUPADO,1,28,55,120,1,1
1790186977118,sala01,5608,1790186977118,0,0,OCUPADO,1,28,55,120,1,1
1790186979118,sala01,5609,1790186979118,0,0,OCUPADO,0,28,55,120,1,1
1790186981118,sala01,5610,1790186981118,0,0,OCUPADO,1,28,55,120,1,1
1790186983118,sala01,5611,1790186983118,0,0,OCUPADO,1,28,55,120,1,1
1790186985118,sala01,5612,1790186985118,0,0,OCUPADO,1,28,55,120,1,1
1790186987118,sala01,5613,1790186987118,0,0,OCUPADO,0,28,55,120,1,1
1790186989118,sala01,5614,1790186989118,0,0,OCUPADO,1,28,55,120,1,1
1790186991118,sala01,5615,1790186991118,0,0,OCUPADO,1,28,55,120,1,1
1790186993118,sala01,5616,1790186993118,0,0,OCUPADO,1,28,55,120,1,1
1790186995118,sala01,5617,1790186995118,0,0,OCUPADO,0,28,55,120,1,1
1790186997118,sala01,5618,1790186997118,0,0,OCUPADO,1,28,55,120,1,1
1790186999118,sala01,5619,1790186999118,0,0,OCUPADO,1,28,55,120,1,1
1790187001118,sala01,5620,1790187001118,0,0,OCUPADO,1,28,55,120,1,1
1790187003118,sala01,5621,1790187003118,0,0,OCUPADO,0,28,55,120,1,1
1790187005118,sala01,5622,1790187005118,0,0,OCUPADO,1,28,55,120,1,1
1790187007118,sala01,5623,1790187007118,0,0,OCUPADO,1,28,55,120,1,1
1790187009118,sala01,5624,1790187009118,0,0,OCUPADO,1,28,55,120,1,1
1790187011118,sala01,5625,1790187011118,0,0,OCUPADO,0,28,55,120,1,1
1790187013118,sala01,5626,1790187013118,0,0,OCUPADO,1,28,55,120,1,1
1790187015118,sala01,5627,1790187015118,0,0,OCUPADO,1,28,55,120,1,1
1790187017118,sala01,5628,1790187017118,0,0,OCUPADO,1,28,55,120,1,1
1790187019118,sala01,5629,1790187019118,0,0,OCUPADO,0,28,55,120,1,1
1790187021118,sala01,5630,1790187021118,0,0,OCUPADO,1,28,55,120,1,1
1790187023118,sala01,5631,1790187023118,0,0,OCUPADO,1,28,55,120,1,1
1790187025118,sala01,5632,1790187025118,0,0,OCUPADO,1,28,55,120,1,1
1790187027118,sala01,5633,1790187027118,0,0,OCUPADO,0,28,55,120,1,1
1790187029118,sala01,5634,1790187029118,0,0,OCUPADO,1,28,55,120,1,1
1790187031118,sala01,5635,1790187031118,0,0,OCUPADO,1,28,55,120,1,1
1790187033118,sala01,5636,1790187033118,0,0,OCUPADO,1,28,55,120,1,1
1790187035118,sala01,5637,1790187035118,0,0,OCUPADO,0,28,55,120,1,1
1790187037118,sala01,5638,1790187037118,0,0,OCUPADO,1,28,55,120,1,1
1790187039118,sala01,5639,1790187039118,0,0,OCUPADO,1,28,55,120,1,1
1790187041118,sala01,5640,1790187041118,0,0,OCUPADO,1,28,55,120,1,1
1790187043118,sala01,5641,1790187043118,0,0,OCUPADO,0,28,55,120,1,1
1790187045118,sala01,5642,1790187045118,0,0,OCUPADO,1,28,55,120,1,1
1790187047118,sala01,5643,1790187047118,0,0,OCUPADO,1,28,55,120,1,1
1790187049118,sala01,5644,1790187049118,0,0,OCUPADO,1,28,55,120,1,1
1790187051118,sala01,5645,1790187051118,0,0,OCUPADO,0,28,55,120,1,1
1790187053118,sala01,5646,1790187053118,0,0,OCUPADO,1,28,55,120,1,1
1790187055118,sala01,5647,1790187055118,0,0,OCUPADO,1,28,55,120,1,1
1790187057118,sala01,5648,1790187057118,0,0,OCUPADO,1,28,55,120,1,1
1790187059118,sala01,5649,1790187059118,0,0,OCUPADO,0,28,55,120,1,1
1790187061118,sala01,5650,1790187061118,0,0,OCUPADO,1,28,55,120,1,1
1790187063118,sala01,5651,1790187063118,0,0,OCUPADO,1,28,55,120,1,1
1790187065118,sala01,5652,1790187065118,0,0,OCUPADO,1,28,55,120,1,1
1790187067118,sala01,5653,1790187067118,0,0,OCUPADO,0,28,55,120,1,1
1790187069118,sala01,5654,1790187069118,0,0,OCUPADO,1,28,55,120,1,1
1790187071118,sala01,5655,1790187071118,0,0,OCUPADO,1,28,55,120,1,1
1790187073118,sala01,5656,1790187073118,0,0,OCUPADO,1,28,55,120,1,1
1790187075118,sala01,5657,1790187075118,0,0,OCUPADO,0,28,55,120,1,1
1790187077118,sala01,5658,1790187077118,0,0,OCUPADO,1,28,55,120,1,1
1790187079118,sala01,5659,1790187079118,0,0,OCUPADO,1,28,55,120,1,1
1790187081118,sala01,5660,1790187081118,0,0,OCUPADO,1,28,55,120,1,1
1790187083118,sala01,5661,1790187083118,0,0,OCUPADO,0,28,55,120,1,1
1790187085118,sala01,5662,1790187085118,0,0,OCUPADO,1,28,55,120,1,1
1790187087118,sala01,5663,1790187087118,0,0,OCUPADO,1,28,55,120,1,1
1790187089118,sala01,5664,1790187089118,0,0,OCUPADO,1,28,55,120,1,1
1790187091118,sala01,5665,1790187091118,0,0,OCUPADO,0,28,55,120,1,1
1790187093118,sala01,5666,1790187093118,0,0,OCUPADO,1,28,55,120,1,1
1790187095118,sala01,5667,1790187095118,0,0,OCUPADO,1,28,55,120,1,1
1790187097118,sala01,5668,1790187097118,0,0,OCUPADO,1,28,55,120,1,1
1790187099118,sala01,5669,1790187099118,0,0,OCUPADO,0,28,55,120,1,1
1790187101118,sala01,5670,1790187101118,0,0,OCUPADO,1,28,55,120,1,1
1790187103118,sala01,5671,1790187103118,0,0,OCUPADO,1,28,55,120,1,1
1790187105118,sala01,5672,1790187105118,0,0,OCUPADO,1,28,55,120,1,1
1790187107118,sala01,5673,1790187107118,0,0,OCUPADO,0,28,55,120,1,1
1790187109118,sala01,5674,1790187109118,0,0,OCUPADO,1,28,55,120,1,1
1790187111118,sala01,5675,1790187111118,0,0,OCUPADO,1,28,55,120,1,1
1790187113118,sala01,5676,1790187113118,0,0,OCUPADO,1,28,55,120,1,1
1790187115118,sala01,5677,1790187115118,0,0,OCUPADO,0,28,55,120,1,1
1790187117118,sala01,5678,1790187117118,0,0,OCUPADO,1,28,55,120,1,1
1790187119118,sala01,5679,1790187119118,0,0,OCUPADO,1,28,55,120,1,1
1790187121118,sala01,5680,1790187121118,0,0,OCUPADO,1,28,55,120,1,1
1790187123118,sala01,5681,1790187123118,0,0,OCUPADO,0,28,55,120,1,1
1790187125118,sala01,5682,1790187125118,0,0,OCUPADO,1,28,55,120,1,1
1790187127118,sala01,5683,1790187127118,0,0,OCUPADO,1,28,55,120,1,1
1790187129118,sala01,5684,1790187129118,0,0,OCUPADO,1,28,55,120,1,1
1790187131118,sala01,5685,1790187131118,0,0,OCUPADO,0,28,55,120,1,1
1790187133118,sala01,5686,1790187133118,0,0,OCUPADO,1,28,55,120,1,1
1790187135118,sala01,5687,1790187135118,0,0,OCUPADO,1,28,55,120,1,1
1790187137118,sala01,5688,1790187137118,0,0,OCUPADO,1,28,55,120,1,1
1790187139118,sala01,5689,1790187139118,0,0,OCUPADO,0,28,55,120,1,1
1790187141118,sala01,5690,1790187141118,0,0,OCUPADO,1,28,55,120,1,1
1790187143118,sala01,5691,1790187143118,0,0,OCUPADO,1,28,55,120,1,1
1790187145118,sala01,5692,1790187145118,0,0,OCUPADO,1,28,55,120,1,1
1790187147118,sala01,5693,1790187147118,0,0,OCUPADO,0,28,55,120,1,1
1790187149118,sala01,5694,1790187149118,0,0,OCUPADO,1,28,55,120,1,1
1790187151118,sala01,5695,1790187151118,0,0,OCUPADO,1,28,55,120,1,1
1790187153118,sala01,5696,1790187153118,0,0,OCUPADO,1,28,55,120,1,1
1790187155118,sala01,5697,1790187155118,0,0,OCUPADO,0,28,55,120,1,1
1790187157118,sala01,5698,1790187157118,0,0,OCUPADO,1,28,55,120,1,1
1790187159118,sala01,5699,1790187159118,0,0,OCUPADO,1,28,55,120,1,1
1790187161118,sala01,5700,1790187161118,0,0,OCUPADO,1,28,55,120,1,1
1790187163118,sala01,5701,1790187163118,0,0,OCUPADO,0,28,55,120,1,1
1790187165118,sala01,5702,1790187165118,0,0,OCUPADO,1,28,55,120,1,1
1790187167118,sala01,5703,1790187167118,0,0,OCUPADO,1,28,55,120,1,1
1790187169118,sala01,5704,1790187169118,0,0,OCUPADO,1,28,55,120,1,1
1790187171118,sala01,5705,1790187171118,0,0,OCUPADO,0,28,55,120,1,1
1790187173118,sala01,5706,1790187173118,0,0,OCUPADO,1,28,55,120,1,1
1790187175118,sala01,5707,1790187175118,0,0,OCUPADO,1,28,55,120,1,1
1790187177118,sala01,5708,1790187177118,0,0,OCUPADO,1,28,55,120,1,1
1790187179118,sala01,5709,1790187179118,0,0,OCUPADO,0,28,55,120,1,1
1790187181118,sala01,5710,1790187181118,0,0,OCUPADO,1,28,55,120,1,1
1790187183118,sala01,5711,1790187183118,0,0,OCUPADO,1,28,55,120,1,1
1790187185118,sala01,5712,1790187185118,0,0,OCUPADO,1,28,55,120,1,1
1790187187118,sala01,5713,1790187187118,0,0,OCUPADO,0,28,55,120,1,1
1790187189118,sala01,5714,1790187189118,0,0,OCUPADO,1,28,55,120,1,1
1790187191118,sala01,5715,1790187191118,0,0,OCUPADO,1,28,55,120,1,1
1790187193118,sala01,5716,1790187193118,0,0,OCUPADO,1,28,55,120,1,1
1790187195118,sala01,5717,1790187195118,0,0,OCUPADO,0,28,55,120,1,1
1790187197118,sala01,5718,1790187197118,0,0,OCUPADO,1,28,55,120,1,1
1790187199118,sala01,5719,1790187199118,0,0,OCUPADO,1,28,55,120,1,1
1790187201118,sala01,5720,1790187201118,0,0,OCUPADO,1,28,55,120,1,1
1790187203118,sala01,5721,1790187203118,0,0,OCUPADO,0,28,55,120,1,1
1790187205118,sala01,5722,1790187205118,0,0,OCUPADO,1,28,55,120,1,1
1790187207118,sala01,5723,1790187207118,0,0,OCUPADO,1,28,55,120,1,1
1790187209118,sala01,5724,1790187209118,0,0,OCUPADO,1,28,55,120,1,1
1790187211118,sala01,5725,1790187211118,0,0,OCUPADO,0,28,55,120,1,1
1790187213118,sala01,5726,1790187213118,0,0,OCUPADO,1,28,55,120,1,1
1790187215118,sala01,5727,1790187215118,0,0,OCUPADO,1,28,55,120,1,1
1790187217118,sala01,5728,1790187217118,0,0,OCUPADO,1,28,55,120,1,1
1790187219118,sala01,5729,1790187219118,0,0,OCUPADO,0,28,55,120,1,1
1790187221118,sala01,5730,1790187221118,0,0,OCUPADO,1,28,55,120,1,1
1790187223118,sala01,5731,1790187223118,0,0,OCUPADO,1,28,55,120,1,1
1790187225118,sala01,5732,1790187225118,0,0,OCUPADO,1,28,55,120,1,1
1790187227118,sala01,5733,1790187227118,0,0,OCUPADO,0,28,55,120,1,1
1790187229118,sala01,5734,1790187229118,0,0,OCUPADO,1,28,55,120,1,1
1790187231118,sala01,5735,1790187231118,0,0,OCUPADO,1,28,55,120,1,1
1790187233118,sala01,5736,1790187233118,0,0,OCUPADO,1,28,55,120,1,1
1790187235118,sala01,5737,1790187235118,0,0,OCUPADO,0,28,55,120,1,1
1790187237118,sala01,5738,1790187237118,0,0,OCUPADO,1,28,55,120,1,1
1790187239118,sala01,5739,1790187239118,0,0,OCUPADO,1,28,55,120,1,1
1790187241118,sala01,5740,1790187241118,0,0,OCUPADO,1,28,55,120,1,1
1790187243118,sala01,5741,1790187243118,0,0,OCUPADO,0,28,55,120,1,1
1790187245118,sala01,5742,1790187245118,0,0,OCUPADO,1,28,55,120,1,1
1790187247118,sala01,5743,1790187247118,0,0,OCUPADO,1,28,55,120,1,1
1790187249118,sala01,5744,1790187249118,0,0,OCUPADO,1,28,55,120,1,1
1790187251118,sala01,5745,1790187251118,0,0,OCUPADO,0,28,55,120,1,1
1790187253118,sala01,5746,1790187253118,0,0,OCUPADO,1,28,55,120,1,1
1790187255118,sala01,5747,1790187255118,0,0,OCUPADO,1,28,55,120,1,1
1790187257118,sala01,5748,1790187257118,0,0,OCUPADO,1,28,55,120,1,1
1790187259118,sala01,5749,1790187259118,0,0,OCUPADO,0,28,55,120,1,1
1790187261118,sala01,5750,1790187261118,0,0,OCUPADO,1,28,55,120,1,1
1790187263118,sala01,5751,1790187263118,0,0,OCUPADO,1,28,55,120,1,1
1790187265118,sala01,5752,1790187265118,0,0,OCUPADO,1,28,55,120,1,1
1790187267118,sala01,5753,1790187267118,0,0,OCUPADO,0,28,55,120,1,1
1790187269118,sala01,5754,1790187269118,0,0,OCUPADO,1,28,55,120,1,1
1790187271118,sala01,5755,1790187271118,0,0,OCUPADO,1,28,55,120,1,1
1790187273118,sala01,5756,1790187273118,0,0,OCUPADO,1,28,55,120,1,1
1790187275118,sala01,5757,1790187275118,0,0,OCUPADO,0,28,55,120,1,1
1790187277118,sala01,5758,1790187277118,0,0,OCUPADO,1,28,55,120,1,1
1790187279118,sala01,5759,1790187279118,0,0,OCUPADO,1,28,55,120,1,1
1790187281118,sala01,5760,1790187281118,0,0,OCUPADO,1,28,55,120,1,1
1790187283118,sala01,5761,1790187283118,0,0,OCUPADO,0,28,55,120,1,1
1790187285118,sala01,5762,1790187285118,0,0,OCUPADO,1,28,55,120,1,1
1790187287118,sala01,5763,1790187287118,0,0,OCUPADO,1,28,55,120,1,1
1790187289118,sala01,5764,1790187289118,0,0,OCUPADO,1,28,55,120,1,1
1790187291118,sala01,5765,1790187291118,0,0,OCUPADO,0,28,55,120,1,1
1790187293118,sala01,5766,1790187293118,0,0,OCUPADO,1,28,55,120,1,1
1790187295118,sala01,5767,1790187295118,0,0,OCUPADO,1,28,55,120,1,1
1790187297118,sala01,5768,1790187297118,0,0,OCUPADO,1,28,55,120,1,1
1790187299118,sala01,5769,1790187299118,0,0,OCUPADO,0,28,55,120,1,1
1790187301118,sala01,5770,1790187301118,0,0,OCUPADO,1,28,55,120,1,1
1790187303118,sala01,5771,1790187303118,0,0,OCUPADO,1,28,55,120,1,1
1790187305118,sala01,5772,1790187305118,0,0,OCUPADO,1,28,55,120,1,1
1790187307118,sala01,5773,1790187307118,0,0,OCUPADO,0,28,55,120,1,1
1790187309118,sala01,5774,1790187309118,0,0,OCUPADO,1,28,55,120,1,1
1790187311118,sala01,5775,1790187311118,0,0,OCUPADO,1,28,55,120,1,1
1790187313118,sala01,5776,1790187313118,0,0,OCUPADO,1,28,55,120,1,1
1790187315118,sala01,5777,1790187315118,0,0,OCUPADO,0,28,55,120,1,1
1790187317118,sala01,5778,1790187317118,0,0,OCUPADO,1,28,55,120,1,1
1790187319118,sala01,5779,1790187319118,0,0,OCUPADO,1,28,55,120,1,1
1790187321118,sala01,5780,1790187321118,0,0,OCUPADO,1,28,55,120,1,1
1790187323118,sala01,5781,1790187323118,0,0,OCUPADO,0,28,55,120,1,1
1790187325118,sala01,5782,1790187325118,0,0,OCUPADO,1,28,55,120,1,1
1790187327118,sala01,5783,1790187327118,0,0,OCUPADO,1,28,55,120,1,1
1790187329118,sala01,5784,1790187329118,0,0,OCUPADO,1,28,55,120,1,1
1790187331118,sala01,5785,1790187331118,0,0,OCUPADO,0,28,55,120,1,1
1790187333118,sala01,5786,1790187333118,0,0,OCUPADO,1,28,55,120,1,1
1790187335118,sala01,5787,1790187335118,0,0,OCUPADO,1,28,55,120,1,1
1790187337118,sala01,5788,1790187337118,0,0,OCUPADO,1,28,55,120,1,1
1790187339118,sala01,5789,1790187339118,0,0,OCUPADO,0,28,55,120,1,1
1790187341118,sala01,5790,1790187341118,0,0,OCUPADO,1,28,55,120,1,1
1790187343118,sala01,5791,1790187343118,0,0,OCUPADO,1,28,55,120,1,1
1790187345118,sala01,5792,1790187345118,0,0,OCUPADO,1,28,55,120,1,1
1790187347118,sala01,5793,1790187347118,0,0,OCUPADO,0,28,55,120,1,1
1790187349118,sala01,5794,1790187349118,0,0,OCUPADO,1,28,55,120,1,1
1790187351118,sala01,5795,1790187351118,0,0,OCUPADO,1,28,55,120,1,1
1790187353118,sala01,5796,1790187353118,0,0,OCUPADO,1,28,55,120,1,1
1790187355118,sala01,5797,1790187355118,0,0,OCUPADO,0,28,55,120,1,1
1790187357118,sala01,5798,1790187357118,0,0,OCUPADO,1,28,55,120,1,1
1790187359118,sala01,5799,1790187359118,0,0,OCUPADO,1,28,55,120,1,1
1790187361118,sala01,5800,1790187361118,0,0,OCUPADO,1,28,55,120,1,1
1790187363118,sala01,5801,1790187363118,0,0,OCUPADO,0,28,55,120,1,1
1790187365118,sala01,5802,1790187365118,0,0,OCUPADO,1,28,55,120,1,1
1790187367118,sala01,5803,1790187367118,0,0,OCUPADO,1,28,55,120,1,1
1790187369118,sala01,5804,1790187369118,0,0,OCUPADO,1,28,55,120,1,1
1790187371118,sala01,5805,1790187371118,0,0,OCUPADO,0,28,55,120,1,1
1790187373118,sala01,5806,1790187373118,0,0,OCUPADO,1,28,55,120,1,1
1790187375118,sala01,5807,1790187375118,0,0,OCUPADO,1,28,55,120,1,1
1790187377118,sala01,5808,1790187377118,0,0,OCUPADO,1,28,55,120,1,1
1790187379118,sala01,5809,1790187379118,0,0,OCUPADO,0,28,55,120,1,1
1790187381118,sala01,5810,1790187381118,0,0,OCUPADO,1,28,55,120,1,1
1790187383118,sala01,5811,1790187383118,0,0,OCUPADO,1,28,55,120,1,1
1790187385118,sala01,5812,1790187385118,0,0,OCUPADO,1,28,55,120,1,1
1790187387118,sala01,5813,1790187387118,0,0,OCUPADO,0,28,55,120,1,1
1790187389118,sala01,5814,1790187389118,0,0,OCUPADO,1,28,55,120,1,1
1790187391118,sala01,5815,1790187391118,0,0,OCUPADO,1,28,55,120,1,1
1790187393118,sala01,5816,1790187393118,0,0,OCUPADO,1,28,55,120,1,1
1790187395118,sala01,5817,1790187395118,0,0,OCUPADO,0,28,55,120,1,1
1790187397118,sala01,5818,1790187397118,0,0,OCUPADO,1,28,55,120,1,1
1790187399118,sala01,5819,1790187399118,0,0,OCUPADO,1,28,55,120,1,1
1790187401118,sala01,5820,1790187401118,0,0,OCUPADO,1,28,55,120,1,1
1790187403118,sala01,5821,1790187403118,0,0,OCUPADO,0,28,55,120,1,1
1790187405118,sala01,5822,1790187405118,0,0,OCUPADO,1,28,55,120,1,1
1790187407118,sala01,5823,1790187407118,0,0,OCUPADO,1,28,55,120,1,1
1790187409118,sala01,5824,1790187409118,0,0,OCUPADO,1,28,55,120,1,1
1790187411118,sala01,5825,1790187411118,0,0,OCUPADO,0,28,55,120,1,1
1790187413118,sala01,5826,1790187413118,0,0,OCUPADO,1,28,55,120,1,1
1790187415118,sala01,5827,1790187415118,0,0,OCUPADO,1,28,55,120,1,1
1790187417118,sala01,5828,1790187417118,0,0,OCUPADO,1,28,55,120,1,1
1790187419118,sala01,5829,1790187419118,0,0,OCUPADO,0,28,55,120,1,1
1790187421118,sala01,5830,1790187421118,0,0,OCUPADO,1,28,55,120,1,1
1790187423118,sala01,5831,1790187423118,0,0,OCUPADO,1,28,55,120,1,1
1790187425118,sala01,5832,1790187425118,0,0,OCUPADO,1,28,55,120,1,1
1790187427118,sala01,5833,1790187427118,0,0,OCUPADO,0,28,55,120,1,1
1790187429118,sala01,5834,1790187429118,0,0,OCUPADO,1,28,55,120,1,1
1790187431118,sala01,5835,1790187431118,0,0,OCUPADO,1,28,55,120,1,1
1790187433118,sala01,5836,1790187433118,0,0,OCUPADO,1,28,55,120,1,1
1790187435118,sala01,5837,1790187435118,0,0,OCUPADO,0,28,55,120,1,1
1790187437118,sala01,5838,1790187437118,0,0,OCUPADO,1,28,55,120,1,1
1790187439118,sala01,5839,1790187439118,0,0,OCUPADO,1,28,55,120,1,1
1790187441118,sala01,5840,1790187441118,0,0,OCUPADO,1,28,55,120,1,1
1790187443118,sala01,5841,1790187443118,0,0,OCUPADO,0,28,55,120,1,1
1790187445118,sala01,5842,1790187445118,0,0,OCUPADO,1,28,55,120,1,1
1790187447118,sala01,5843,1790187447118,0,0,OCUPADO,1,28,55,120,1,1
1790187449118,sala01,5844,1790187449118,0,0,OCUPADO,1,28,55,120,1,1
1790187451118,sala01,5845,1790187451118,0,0,OCUPADO,0,28,55,120,1,1
1790187453118,sala01,5846,1790187453118,0,0,OCUPADO,1,28,55,120,1,1
1790187455118,sala01,5847,1790187455118,0,0,OCUPADO,1,28,55,120,1,1
1790187457118,sala01,5848,1790187457118,0,0,OCUPADO,1,28,55,120,1,1
1790187459118,sala01,5849,1790187459118,0,0,OCUPADO,0,28,55,120,1,1
1790187461118,sala01,5850,1790187461118,0,0,OCUPADO,1,28,55,120,1,1
1790187463118,sala01,5851,1790187463118,0,0,OCUPADO,1,28,55,120,1,1
1790187465118,sala01,5852,1790187465118,0,0,OCUPADO,1,28,55,120,1,1
1790187467118,sala01,5853,1790187467118,0,0,OCUPADO,0,28,55,120,1,1
1790187469118,sala01,5854,1790187469118,0,0,OCUPADO,1,28,55,120,1,1
1790187471118,sala01,5855,1790187471118,0,0,OCUPADO,1,28,55,120,1,1
1790187473118,sala01,5856,1790187473118,0,0,OCUPADO,1,28,55,120,1,1
1790187475118,sala01,5857,1790187475118,0,0,OCUPADO,0,28,55,120,1,1
1790187477118,sala01,5858,1790187477118,0,0,OCUPADO,1,28,55,120,1,1
1790187479118,sala01,5859,1790187479118,0,0,OCUPADO,1,28,55,120,1,1
1790187481118,sala01,5860,1790187481118,0,0,OCUPADO,1,28,55,120,1,1
1790187483118,sala01,5861,1790187483118,0,0,OCUPADO,0,28,55,120,1,1
1790187485118,sala01,5862,1790187485118,0,0,OCUPADO,1,28,55,120,1,1
1790187487118,sala01,5863,1790187487118,0,0,OCUPADO,1,28,55,120,1,1
1790187489118,sala01,5864,1790187489118,0,0,OCUPADO,1,28,55,120,1,1
1790187491118,sala01,5865,1790187491118,0,0,OCUPADO,0,28,55,120,1,1
1790187493118,sala01,5866,1790187493118,0,0,OCUPADO,1,28,55,120,1,1
1790187495118,sala01,5867,1790187495118,0,0,OCUPADO,1,28,55,120,1,1
1790187497118,sala01,5868,1790187497118,0,0,OCUPADO,1,28,55,120,1,1
1790187499118,sala01,5869,1790187499118,0,0,OCUPADO,0,28,55,120,1,1
1790187501118,sala01,5870,1790187501118,0,0,OCUPADO,1,28,55,120,1,1
1790187503118,sala01,5871,1790187503118,0,0,OCUPADO,1,28,55,120,1,1
1790187505118,sala01,5872,1790187505118,0,0,OCUPADO,1,28,55,120,1,1
1790187507118,sala01,5873,1790187507118,0,0,OCUPADO,0,28,55,120,1,1
1790187509118,sala01,5874,1790187509118,0,0,OCUPADO,1,28,55,120,1,1
1790187511118,sala01,5875,1790187511118,0,0,OCUPADO,1,28,55,120,1,1
1790187513118,sala01,5876,1790187513118,0,0,OCUPADO,1,28,55,120,1,1
1790187515118,sala01,5877,1790187515118,0,0,OCUPADO,0,28,55,120,1,1
1790187517118,sala01,5878,1790187517118,0,0,OCUPADO,1,28,55,120,1,1
1790187519118,sala01,5879,1790187519118,0,0,OCUPADO,1,28,55,120,1,1
1790187521118,sala01,5880,1790187521118,0,0,OCUPADO,1,28,55,120,1,1
1790187523118,sala01,5881,1790187523118,0,0,OCUPADO,0,28,55,120,1,1
1790187525118,sala01,5882,1790187525118,0,0,OCUPADO,1,28,55,120,1,1
1790187527118,sala01,5883,1790187527118,0,0,OCUPADO,1,28,55,120,1,1
1790187529118,sala01,5884,1790187529118,0,0,OCUPADO,1,28,55,120,1,1
1790187531118,sala01,5885,1790187531118,0,0,OCUPADO,0,28,55,120,1,1
1790187533118,sala01,5886,1790187533118,0,0,OCUPADO,1,28,55,120,1,1
1790187535118,sala01,5887,1790187535118,0,0,OCUPADO,1,28,55,120,1,1
1790187537118,sala01,5888,1790187537118,0,0,OCUPADO,1,28,55,120,1,1
1790187539118,sala01,5889,1790187539118,0,0,OCUPADO,0,28,55,120,1,1
1790187541118,sala01,5890,1790187541118,0,0,OCUPADO,1,28,55,120,1,1
1790187543118,sala01,5891,1790187543118,0,0,OCUPADO,1,28,55,120,1,1
1790187545118,sala01,5892,1790187545118,0,0,OCUPADO,1,28,55,120,1,1
1790187547118,sala01,5893,1790187547118,0,0,OCUPADO,0,28,55,120,1,1
1790187549118,sala01,5894,1790187549118,0,0,OCUPADO,1,28,55,120,1,1
1790187551118,sala01,5895,1790187551118,0,0,OCUPADO,1,28,55,120,1,1
1790187553118,sala01,5896,1790187553118,0,0,OCUPADO,1,28,55,120,1,1
1790187555118,sala01,5897,1790187555118,0,0,OCUPADO,0,28,55,120,1,1
1790187557118,sala01,5898,1790187557118,0,0,OCUPADO,1,28,55,120,1,1
1790187559118,sala01,5899,1790187559118,0,0,OCUPADO,1,28,55,120,1,1
1790187561118,sala01,5900,1790187561118,0,0,OCUPADO,1,28,55,120,1,1
1790187563118,sala01,5901,1790187563118,0,0,OCUPADO,0,28,55,120,1,1
1790187565118,sala01,5902,1790187565118,0,0,OCUPADO,1,28,55,120,1,1
1790187567118,sala01,5903,1790187567118,0,0,OCUPADO,1,28,55,120,1,1
1790187569118,sala01,5904,1790187569118,0,0,OCUPADO,1,28,55,120,1,1
1790187571118,sala01,5905,1790187571118,0,0,OCUPADO,0,28,55,120,1,1
1790187573118,sala01,5906,1790187573118,0,0,OCUPADO,1,28,55,120,1,1
1790187575118,sala01,5907,1790187575118,0,0,OCUPADO,1,28,55,120,1,1
1790187577118,sala01,5908,1790187577118,0,0,OCUPADO,1,28,55,120,1,1
1790187579118,sala01,5909,1790187579118,0,0,OCUPADO,0,28,55,120,1,1
1790187581118,sala01,5910,1790187581118,0,0,OCUPADO,1,28,55,120,1,1
1790187583118,sala01,5911,1790187583118,0,0,OCUPADO,1,28,55,120,1,1
1790187585118,sala01,5912,1790187585118,0,0,OCUPADO,1,28,55,120,1,1
1790187587118,sala01,5913,1790187587118,0,0,OCUPADO,0,28,55,120,1,1
1790187589118,sala01,5914,1790187589118,0,0,OCUPADO,1,28,55,120,1,1
1790187591118,sala01,5915,1790187591118,0,0,OCUPADO,1,28,55,120,1,1
1790187593118,sala01,5916,1790187593118,0,0,OCUPADO,1,28,55,120,1,1
1790187595118,sala01,5917,1790187595118,0,0,OCUPADO,0,28,55,120,1,1
1790187597118,sala01,5918,1790187597118,0,0,OCUPADO,1,28,55,120,1,1
1790187599118,sala01,5919,1790187599118,0,0,OCUPADO,1,28,55,120,1,1
1790187601118,sala01,5920,1790187601118,0,0,OCUPADO,1,28,55,120,1,1
1790187603118,sala01,5921,1790187603118,0,0,OCUPADO,0,28,55,120,1,1
1790187605118,sala01,5922,1790187605118,0,0,OCUPADO,1,28,55,120,1,1
1790187607118,sala01,5923,1790187607118,0,0,OCUPADO,1,28,55,120,1,1
1790187609118,sala01,5924,1790187609118,0,0,OCUPADO,1,28,55,120,1,1
1790187611118,sala01,5925,1790187611118,0,0,OCUPADO,0,28,55,120,1,1
1790187613118,sala01,5926,1790187613118,0,0,OCUPADO,1,28,55,120,1,1
1790187615118,sala01,5927,1790187615118,0,0,OCUPADO,1,28,55,120,1,1
1790187617118,sala01,5928,1790187617118,0,0,OCUPADO,1,28,55,120,1,1
1790187619118,sala01,5929,1790187619118,0,0,OCUPADO,0,28,55,120,1,1
1790187621118,sala01,5930,1790187621118,0,0,OCUPADO,1,28,55,120,1,1
1790187623118,sala01,5931,1790187623118,0,0,OCUPADO,1,28,55,120,1,1
1790187625118,sala01,5932,1790187625118,0,0,OCUPADO,1,28,55,120,1,1
1790187627118,sala01,5933,1790187627118,0,0,OCUPADO,0,28,55,120,1,1
1790187629118,sala01,5934,1790187629118,0,0,OCUPADO,1,28,55,120,1,1
1790187631118,sala01,5935,1790187631118,0,0,OCUPADO,1,28,55,120,1,1
1790187633118,sala01,5936,1790187633118,0,0,OCUPADO,1,28,55,120,1,1
1790187635118,sala01,5937,1790187635118,0,0,OCUPADO,0,28,55,120,1,1
1790187637118,sala01,5938,1790187637118,0,0,OCUPADO,1,28,55,120,1,1
1790187639118,sala01,5939,1790187639118,0,0,OCUPADO,1,28,55,120,1,1
1790187641118,sala01,5940,1790187641118,0,0,OCUPADO,1,28,55,120,1,1
1790187643118,sala01,5941,1790187643118,0,0,OCUPADO,0,28,55,120,1,1
1790187645118,sala01,5942,1790187645118,0,0,OCUPADO,1,28,55,120,1,1
1790187647118,sala01,5943,1790187647118,0,0,OCUPADO,1,28,55,120,1,1
1790187649118,sala01,5944,1790187649118,0,0,OCUPADO,1,28,55,120,1,1
1790187651118,sala01,5945,1790187651118,0,0,OCUPADO,0,28,55,120,1,1
1790187653118,sala01,5946,1790187653118,0,0,OCUPADO,1,28,55,120,1,1
1790187655118,sala01,5947,1790187655118,0,0,OCUPADO,1,28,55,120,1,1
1790187657118,sala01,5948,1790187657118,0,0,OCUPADO,1,28,55,120,1,1
1790187659118,sala01,5949,1790187659118,0,0,OCUPADO,0,28,55,120,1,1
1790187661118,sala01,5950,1790187661118,0,0,OCUPADO,1,28,55,120,1,1
1790187663118,sala01,5951,1790187663118,0,0,OCUPADO,1,28,55,120,1,1
1790187665118,sala01,5952,1790187665118,0,0,OCUPADO,1,28,55,120,1,1
1790187667118,sala01,5953,1790187667118,0,0,OCUPADO,0,28,55,120,1,1
1790187669118,sala01,5954,1790187669118,0,0,OCUPADO,1,28,55,120,1,1
1790187671118,sala01,5955,1790187671118,0,0,OCUPADO,1,28,55,120,1,1
1790187673118,sala01,5956,1790187673118,0,0,OCUPADO,1,28,55,120,1,1
1790187675118,sala01,5957,1790187675118,0,0,OCUPADO,0,28,55,120,1,1
1790187677118,sala01,5958,1790187677118,0,0,OCUPADO,1,28,55,120,1,1
1790187679118,sala01,5959,1790187679118,0,0,OCUPADO,1,28,55,120,1,1
1790187681118,sala01,5960,1790187681118,0,0,OCUPADO,1,28,55,120,1,1
1790187683118,sala01,5961,1790187683118,0,0,OCUPADO,0,28,55,120,1,1
1790187685118,sala01,5962,1790187685118,0,0,OCUPADO,1,28,55,120,1,1
1790187687118,sala01,5963,1790187687118,0,0,OCUPADO,1,28,55,120,1,1
1790187689118,sala01,5964,1790187689118,0,0,OCUPADO,1,28,55,120,1,1
1790187691118,sala01,5965,1790187691118,0,0,OCUPADO,0,28,55,120,1,1
1790187693118,sala01,5966,1790187693118,0,0,OCUPADO,1,28,55,120,1,1
1790187695118,sala01,5967,1790187695118,0,0,OCUPADO,1,28,55,120,1,1
1790187697118,sala01,5968,1790187697118,0,0,OCUPADO,1,28,55,120,1,1
1790187699118,sala01,5969,1790187699118,0,0,OCUPADO,0,28,55,120,1,1
1790187701118,sala01,5970,1790187701118,0,0,OCUPADO,1,28,55,120,1,1
1790187703118,sala01,5971,1790187703118,0,0,OCUPADO,1,28,55,120,1,1
1790187705118,sala01,5972,1790187705118,0,0,OCUPADO,1,28,55,120,1,1
1790187707118,sala01,5973,1790187707118,0,0,OCUPADO,0,28,55,120,1,1
1790187709118,sala01,5974,1790187709118,0,0,OCUPADO,1,28,55,120,1,1
1790187711118,sala01,5975,1790187711118,0,0,OCUPADO,1,28,55,120,1,1
1790187713118,sala01,5976,1790187713118,0,0,OCUPADO,1,28,55,120,1,1
1790187715118,sala01,5977,1790187715118,0,0,OCUPADO,0,28,55,120,1,1
1790187717118,sala01,5978,1790187717118,0,0,OCUPADO,1,28,55,120,1,1
1790187719118,sala01,5979,1790187719118,0,0,OCUPADO,1,28,55,120,1,1
1790187721118,sala01,5980,1790187721118,0,0,OCUPADO,1,28,55,120,1,1
1790187723118,sala01,5981,1790187723118,0,0,OCUPADO,0,28,55,120,1,1
1790187725118,sala01,5982,1790187725118,0,0,OCUPADO,1,28,55,120,1,1
1790187727118,sala01,5983,1790187727118,0,0,OCUPADO,1,28,55,120,1,1
1790187729118,sala01,5984,1790187729118,0,0,OCUPADO,1,28,55,120,1,1
1790187731118,sala01,5985,1790187731118,0,0,OCUPADO,0,28,55,120,1,1
1790187733118,sala01,5986,1790187733118,0,0,OCUPADO,1,28,55,120,1,1
1790187735118,sala01,5987,1790187735118,0,0,OCUPADO,1,28,55,120,1,1
1790187737118,sala01,5988,1790187737118,0,0,OCUPADO,1,28,55,120,1,1
1790187739118,sala01,5989,1790187739118,0,0,OCUPADO,0,28,55,120,1,1
1790187741118,sala01,5990,1790187741118,0,0,OCUPADO,1,28,55,120,1,1
1790187743118,sala01,5991,1790187743118,0,0,OCUPADO,1,28,55,120,1,1
1790187745118,sala01,5992,1790187745118,0,0,OCUPADO,1,28,55,120,1,1
1790187747118,sala01,5993,1790187747118,0,0,OCUPADO,0,28,55,120,1,1
1790187749118,sala01,5994,1790187749118,0,0,OCUPADO,1,28,55,120,1,1
1790187751118,sala01,5995,1790187751118,0,0,OCUPADO,1,28,55,120,1,1
1790187753118,sala01,5996,1790187753118,0,0,OCUPADO,1,28,55,120,1,1
1790187755118,sala01,5997,1790187755118,0,0,OCUPADO,0,28,55,120,1,1
1790187757118,sala01,5998,1790187757118,0,0,OCUPADO,1,28,55,120,1,1
1790187759118,sala01,5999,1790187759118,0,0,OCUPADO,1,28,55,120,1,1
1790187761118,sala01,6000,1790187761118,0,0,OCUPADO,1,28,55,120,1,1
1790187763118,sala01,6001,1790187763118,0,0,OCUPADO,0,28,55,120,1,1
1790187765118,sala01,6002,1790187765118,0,0,OCUPADO,1,28,55,120,1,1
1790187767118,sala01,6003,1790187767118,0,0,OCUPADO,1,28,55,120,1,1
1790187769118,sala01,6004,1790187769118,0,0,OCUPADO,1,28,55,120,1,1
1790187771118,sala01,6005,1790187771118,0,0,OCUPADO,0,28,55,120,1,1
1790187773118,sala01,6006,1790187773118,0,0,OCUPADO,1,28,55,120,1,1
1790187775118,sala01,6007,1790187775118,0,0,OCUPADO,1,28,55,120,1,1
1790187777118,sala01,6008,1790187777118,0,0,OCUPADO,1,28,55,120,1,1
1790187779118,sala01,6009,1790187779118,0,0,OCUPADO,0,28,55,120,1,1
1790187781118,sala01,6010,1790187781118,0,0,OCUPADO,1,28,55,120,1,1
1790187783118,sala01,6011,1790187783118,0,0,OCUPADO,1,28,55,120,1,1
1790187785118,sala01,6012,1790187785118,0,0,OCUPADO,1,28,55,120,1,1
1790187787118,sala01,6013,1790187787118,0,0,OCUPADO,0,28,55,120,1,1
1790187789118,sala01,6014,1790187789118,0,0,OCUPADO,1,28,55,120,1,1
1790187791118,sala01,6015,1790187791118,0,0,OCUPADO,1,28,55,120,1,1
1790187793118,sala01,6016,1790187793118,0,0,OCUPADO,1,28,55,120,1,1
1790187795118,sala01,6017,1790187795118,0,0,OCUPADO,0,28,55,120,1,1
1790187797118,sala01,6018,1790187797118,0,0,OCUPADO,1,28,55,120,1,1
1790187799118,sala01,6019,1790187799118,0,0,OCUPADO,1,28,55,120,1,1
1790187801118,sala01,6020,1790187801118,0,0,OCUPADO,1,28,55,120,1,1
1790187803118,sala01,6021,1790187803118,0,0,OCUPADO,0,28,55,120,1,1
1790187805118,sala01,6022,1790187805118,0,0,OCUPADO,1,28,55,120,1,1
1790187807118,sala01,6023,1790187807118,0,0,OCUPADO,1,28,55,120,1,1
1790187809118,sala01,6024,1790187809118,0,0,OCUPADO,1,28,55,120,1,1
1790187811118,sala01,6025,1790187811118,0,0,OCUPADO,0,28,55,120,1,1
1790187813118,sala01,6026,1790187813118,0,0,OCUPADO,1,28,55,120,1,1
1790187815118,sala01,6027,1790187815118,0,0,OCUPADO,1,28,55,120,1,1
1790187817118,sala01,6028,1790187817118,0,0,OCUPADO,1,28,55,120,1,1
1790187819118,sala01,6029,1790187819118,0,0,OCUPADO,0,28,55,120,1,1
1790187821118,sala01,6030,1790187821118,0,0,OCUPADO,1,28,55,120,1,1
1790187823118,sala01,6031,1790187823118,0,0,OCUPADO,1,28,55,120,1,1
1790187825118,sala01,6032,1790187825118,0,0,OCUPADO,1,28,55,120,1,1
1790187827118,sala01,6033,1790187827118,0,0,OCUPADO,0,28,55,120,1,1
1790187829118,sala01,6034,1790187829118,0,0,OCUPADO,1,28,55,120,1,1
1790187831118,sala01,6035,1790187831118,0,0,OCUPADO,1,28,55,120,1,1
1790187833118,sala01,6036,1790187833118,0,0,OCUPADO,1,28,55,120,1,1
1790187835118,sala01,6037,1790187835118,0,0,OCUPADO,0,28,55,120,1,1
1790187837118,sala01,6038,1790187837118,0,0,OCUPADO,1,28,55,120,1,1
1790187839118,sala01,6039,1790187839118,0,0,OCUPADO,1,28,55,120,1,1
1790187841118,sala01,6040,1790187841118,0,0,OCUPADO,1,28,55,120,1,1
1790187843118,sala01,6041,1790187843118,0,0,OCUPADO,0,28,55,120,1,1
1790187845118,sala01,6042,1790187845118,0,0,OCUPADO,1,28,55,120,1,1
1790187847118,sala01,6043,1790187847118,0,0,OCUPADO,1,28,55,120,1,1
1790187849118,sala01,6044,1790187849118,0,0,OCUPADO,1,28,55,120,1,1
1790187851118,sala01,6045,1790187851118,0,0,OCUPADO,0,28,55,120,1,1
1790187853118,sala01,6046,1790187853118,0,0,OCUPADO,1,28,55,120,1,1
1790187855118,sala01,6047,1790187855118,0,0,OCUPADO,1,28,55,120,1,1
1790187857118,sala01,6048,1790187857118,0,0,OCUPADO,1,28,55,120,1,1
1790187859118,sala01,6049,1790187859118,0,0,OCUPADO,0,28,55,120,1,1
1790187861118,sala01,6050,1790187861118,0,0,OCUPADO,1,28,55,120,1,1
1790187863118,sala01,6051,1790187863118,0,0,OCUPADO,1,28,55,120,1,1
1790187865118,sala01,6052,1790187865118,0,0,OCUPADO,1,28,55,120,1,1
1790187867118,sala01,6053,1790187867118,0,0,OCUPADO,0,28,55,120,1,1
1790187869118,sala01,6054,1790187869118,0,0,OCUPADO,1,28,55,120,1,1
1790187871118,sala01,6055,1790187871118,0,0,OCUPADO,1,28,55,120,1,1
1790187873118,sala01,6056,1790187873118,0,0,OCUPADO,1,28,55,120,1,1
1790187875118,sala01,6057,1790187875118,0,0,OCUPADO,0,28,55,120,1,1
1790187877118,sala01,6058,1790187877118,0,0,OCUPADO,1,28,55,120,1,1
1790187879118,sala01,6059,1790187879118,0,0,OCUPADO,1,28,55,120,1,1
1790187881118,sala01,6060,1790187881118,0,0,OCUPADO,1,28,55,120,1,1
1790187883118,sala01,6061,1790187883118,0,0,OCUPADO,0,28,55,120,1,1
1790187885118,sala01,6062,1790187885118,0,0,OCUPADO,1,28,55,120,1,1
1790187887118,sala01,6063,1790187887118,0,0,OCUPADO,1,28,55,120,1,1
1790187889118,sala01,6064,1790187889118,0,0,OCUPADO,1,28,55,120,1,1
1790187891118,sala01,6065,1790187891118,0,0,OCUPADO,0,28,55,120,1,1
1790187893118,sala01,6066,1790187893118,0,0,OCUPADO,1,28,55,120,1,1
1790187895118,sala01,6067,1790187895118,0,0,OCUPADO,1,28,55,120,1,1
1790187897118,sala01,6068,1790187897118,0,0,OCUPADO,1,28,55,120,1,1
1790187899118,sala01,6069,1790187899118,0,0,OCUPADO,0,28,55,120,1,1
1790187901118,sala01,6070,1790187901118,0,0,OCUPADO,1,28,55,120,1,1
1790187903118,sala01,6071,1790187903118,0,0,OCUPADO,1,28,55,120,1,1
1790187905118,sala01,6072,1790187905118,0,0,OCUPADO,1,28,55,120,1,1
1790187907118,sala01,6073,1790187907118,0,0,OCUPADO,0,28,55,120,1,1
1790187909118,sala01,6074,1790187909118,0,0,OCUPADO,1,28,55,120,1,1
1790187911118,sala01,6075,1790187911118,0,0,OCUPADO,1,28,55,120,1,1
1790187913118,sala01,6076,1790187913118,0,0,OCUPADO,1,28,55,120,1,1
1790187915118,sala01,6077,1790187915118,0,0,OCUPADO,0,28,55,120,1,1
1790187917118,sala01,6078,1790187917118,0,0,OCUPADO,1,28,55,120,1,1
1790187919118,sala01,6079,1790187919118,0,0,OCUPADO,1,28,55,120,1,1
1790187921118,sala01,6080,1790187921118,0,0,OCUPADO,1,28,55,120,1,1
1790187923118,sala01,6081,1790187923118,0,0,OCUPADO,0,28,55,120,1,1
1790187925118,sala01,6082,1790187925118,0,0,OCUPADO,1,28,55,120,1,1
1790187927118,sala01,6083,1790187927118,0,0,OCUPADO,1,28,55,120,1,1
1790187929118,sala01,6084,1790187929118,0,0,OCUPADO,1,28,55,120,1,1
1790187931118,sala01,6085,1790187931118,0,0,OCUPADO,0,28,55,120,1,1
1790187933118,sala01,6086,1790187933118,0,0,OCUPADO,1,28,55,120,1,1
1790187935118,sala01,6087,1790187935118,0,0,OCUPADO,1,28,55,120,1,1
1790187937118,sala01,6088,1790187937118,0,0,OCUPADO,1,28,55,120,1,1
1790187939118,sala01,6089,1790187939118,0,0,OCUPADO,0,28,55,120,1,1
1790187941118,sala01,6090,1790187941118,0,0,OCUPADO,1,28,55,120,1,1
1790187943118,sala01,6091,1790187943118,0,0,OCUPADO,1,28,55,120,1,1
1790187945118,sala01,6092,1790187945118,0,0,OCUPADO,1,28,55,120,1,1
1790187947118,sala01,6093,1790187947118,0,0,OCUPADO,0,28,55,120,1,1
1790187949118,sala01,6094,1790187949118,0,0,OCUPADO,1,28,55,120,1,1
1790187951118,sala01,6095,1790187951118,0,0,OCUPADO,1,28,55,120,1,1
1790187953118,sala01,6096,1790187953118,0,0,OCUPADO,1,28,55,120,1,1
1790187955118,sala01,6097,1790187955118,0,0,OCUPADO,0,28,55,120,1,1
1790187957118,sala01,6098,1790187957118,0,0,OCUPADO,1,28,55,120,1,1
1790187959118,sala01,6099,1790187959118,0,0,OCUPADO,1,28,55,120,1,1
1790187961118,sala01,6100,1790187961118,0,0,OCUPADO,1,28,55,120,1,1
1790187963118,sala01,6101,1790187963118,0,0,OCUPADO,0,28,55,120,1,1
1790187965118,sala01,6102,1790187965118,0,0,OCUPADO,1,28,55,120,1,1
1790187967118,sala01,6103,1790187967118,0,0,OCUPADO,1,28,55,120,1,1
1790187969118,sala01,6104,1790187969118,0,0,OCUPADO,1,28,55,120,1,1
1790187971118,sala01,6105,1790187971118,0,0,OCUPADO,0,28,55,120,1,1
1790187973118,sala01,6106,1790187973118,0,0,OCUPADO,1,28,55,120,1,1
1790187975118,sala01,6107,1790187975118,0,0,OCUPADO,1,28,55,120,1,1
1790187977118,sala01,6108,1790187977118,0,0,OCUPADO,1,28,55,120,1,1
1790187979118,sala01,6109,1790187979118,0,0,OCUPADO,0,28,55,120,1,1
1790187981118,sala01,6110,1790187981118,0,0,OCUPADO,1,28,55,120,1,1
1790187983118,sala01,6111,1790187983118,0,0,OCUPADO,1,28,55,120,1,1
1790187985118,sala01,6112,1790187985118,0,0,OCUPADO,1,28,55,120,1,1
1790187987118,sala01,6113,1790187987118,0,0,OCUPADO,0,28,55,120,1,1
1790187989118,sala01,6114,1790187989118,0,0,OCUPADO,1,28,55,120,1,1
1790187991118,sala01,6115,1790187991118,0,0,OCUPADO,1,28,55,120,1,1
1790187993118,sala01,6116,1790187993118,0,0,OCUPADO,1,28,55,120,1,1
1790187995118,sala01,6117,1790187995118,0,0,OCUPADO,0,28,55,120,1,1
1790187997118,sala01,6118,1790187997118,0,0,OCUPADO,1,28,55,120,1,1
1790187999118,sala01,6119,1790187999118,0,0,OCUPADO,1,28,55,120,1,1
1790188001118,sala01,6120,1790188001118,0,0,OCUPADO,1,28,55,120,1,1
1790188003118,sala01,6121,1790188003118,0,0,OCUPADO,0,28,55,120,1,1
1790188005118,sala01,6122,1790188005118,0,0,OCUPADO,1,28,55,120,1,1
1790188007118,sala01,6123,1790188007118,0,0,OCUPADO,1,28,55,120,1,1
1790188009118,sala01,6124,1790188009118,0,0,OCUPADO,1,28,55,120,1,1
1790188011118,sala01,6125,1790188011118,0,0,OCUPADO,0,28,55,120,1,1
1790188013118,sala01,6126,1790188013118,0,0,OCUPADO,1,28,55,120,1,1
1790188015118,sala01,6127,1790188015118,0,0,OCUPADO,1,28,55,120,1,1
1790188017118,sala01,6128,1790188017118,0,0,OCUPADO,1,28,55,120,1,1
1790188019118,sala01,6129,1790188019118,0,0,OCUPADO,0,28,55,120,1,1
1790188021118,sala01,6130,1790188021118,0,0,OCUPADO,1,28,55,120,1,1
1790188023118,sala01,6131,1790188023118,0,0,OCUPADO,1,28,55,120,1,1
1790188025118,sala01,6132,1790188025118,0,0,OCUPADO,1,28,55,120,1,1
1790188027118,sala01,6133,1790188027118,0,0,OCUPADO,0,28,55,120,1,1
1790188029118,sala01,6134,1790188029118,0,0,OCUPADO,1,28,55,120,1,1
1790188031118,sala01,6135,1790188031118,0,0,OCUPADO,1,28,55,120,1,1
1790188033118,sala01,6136,1790188033118,0,0,OCUPADO,1,28,55,120,1,1
1790188035118,sala01,6137,1790188035118,0,0,OCUPADO,0,28,55,120,1,1
1790188037118,sala01,6138,1790188037118,0,0,OCUPADO,1,28,55,120,1,1
1790188039118,sala01,6139,1790188039118,0,0,OCUPADO,1,28,55,120,1,1
1790188041118,sala01,6140,1790188041118,0,0,OCUPADO,1,28,55,120,1,1
1790188043118,sala01,6141,1790188043118,0,0,OCUPADO,0,28,55,120,1,1
1790188045118,sala01,6142,1790188045118,0,0,OCUPADO,1,28,55,120,1,1
1790188047118,sala01,6143,1790188047118,0,0,OCUPADO,1,28,55,120,1,1
1790188049118,sala01,6144,1790188049118,0,0,OCUPADO,1,28,55,120,1,1
1790188051118,sala01,6145,1790188051118,0,0,OCUPADO,0,28,55,120,1,1
1790188053118,sala01,6146,1790188053118,0,0,OCUPADO,1,28,55,120,1,1
1790188055118,sala01,6147,1790188055118,0,0,OCUPADO,1,28,55,120,1,1
1790188057118,sala01,6148,1790188057118,0,0,OCUPADO,1,28,55,120,1,1
1790188059118,sala01,6149,1790188059118,0,0,OCUPADO,0,28,55,120,1,1
1790188061118,sala01,6150,1790188061118,0,0,OCUPADO,1,28,55,120,1,1
1790188063118,sala01,6151,1790188063118,0,0,OCUPADO,1,28,55,120,1,1
1790188065118,sala01,6152,1790188065118,0,0,OCUPADO,1,28,55,120,1,1
1790188067118,sala01,6153,1790188067118,0,0,OCUPADO,0,28,55,120,1,1
1790188069118,sala01,6154,1790188069118,0,0,OCUPADO,1,28,55,120,1,1
1790188071118,sala01,6155,1790188071118,0,0,OCUPADO,1,28,55,120,1,1
1790188073118,sala01,6156,1790188073118,0,0,OCUPADO,1,28,55,120,1,1
1790188075118,sala01,6157,1790188075118,0,0,OCUPADO,0,28,55,120,1,1
1790188077118,sala01,6158,1790188077118,0,0,OCUPADO,1,28,55,120,1,1
1790188079118,sala01,6159,1790188079118,0,0,OCUPADO,1,28,55,120,1,1
1790188081118,sala01,6160,1790188081118,0,0,OCUPADO,1,28,55,120,1,1
1790188083118,sala01,6161,1790188083118,0,0,OCUPADO,0,28,55,120,1,1
1790188085118,sala01,6162,1790188085118,0,0,OCUPADO,1,28,55,120,1,1
1790188087118,sala01,6163,1790188087118,0,0,OCUPADO,1,28,55,120,1,1
1790188089118,sala01,6164,1790188089118,0,0,OCUPADO,1,28,55,120,1,1
1790188091118,sala01,6165,1790188091118,0,0,OCUPADO,0,28,55,120,1,1
1790188093118,sala01,6166,1790188093118,0,0,OCUPADO,1,28,55,120,1,1
1790188095118,sala01,6167,1790188095118,0,0,OCUPADO,1,28,55,120,1,1
1790188097118,sala01,6168,1790188097118,0,0,OCUPADO,1,28,55,120,1,1
1790188099118,sala01,6169,1790188099118,0,0,OCUPADO,0,28,55,120,1,1
1790188101118,sala01,6170,1790188101118,0,0,OCUPADO,1,28,55,120,1,1
1790188103118,sala01,6171,1790188103118,0,0,OCUPADO,1,28,55,120,1,1
1790188105118,sala01,6172,1790188105118,0,0,OCUPADO,1,28,55,120,1,1
1790188107118,sala01,6173,1790188107118,0,0,OCUPADO,0,28,55,120,1,1
1790188109118,sala01,6174,1790188109118,0,0,OCUPADO,1,28,55,120,1,1
1790188111118,sala01,6175,1790188111118,0,0,OCUPADO,1,28,55,120,1,1
1790188113118,sala01,6176,1790188113118,0,0,OCUPADO,1,28,55,120,1,1
1790188115118,sala01,6177,1790188115118,0,0,OCUPADO,0,28,55,120,1,1
1790188117118,sala01,6178,1790188117118,0,0,OCUPADO,1,28,55,120,1,1
1790188119118,sala01,6179,1790188119118,0,0,OCUPADO,1,28,55,120,1,1
1790188121118,sala01,6180,1790188121118,0,0,OCUPADO,1,28,55,120,1,1
1790188123118,sala01,6181,1790188123118,0,0,OCUPADO,0,28,55,120,1,1
1790188125118,sala01,6182,1790188125118,0,0,OCUPADO,1,28,55,120,1,1
1790188127118,sala01,6183,1790188127118,0,0,OCUPADO,1,28,55,120,1,1
1790188129118,sala01,6184,1790188129118,0,0,OCUPADO,1,28,55,120,1,1
1790188131118,sala01,6185,1790188131118,0,0,OCUPADO,0,28,55,120,1,1
1790188133118,sala01,6186,1790188133118,0,0,OCUPADO,1,28,55,120,1,1
1790188135118,sala01,6187,1790188135118,0,0,OCUPADO,1,28,55,120,1,1
1790188137118,sala01,6188,1790188137118,0,0,OCUPADO,1,28,55,120,1,1
1790188139118,sala01,6189,1790188139118,0,0,OCUPADO,0,28,55,120,1,1
1790188141118,sala01,6190,1790188141118,0,0,OCUPADO,1,28,55,120,1,1
1790188143118,sala01,6191,1790188143118,0,0,OCUPADO,1,28,55,120,1,1
1790188145118,sala01,6192,1790188145118,0,0,OCUPADO,1,28,55,120,1,1
1790188147118,sala01,6193,1790188147118,0,0,OCUPADO,0,28,55,120,1,1
1790188149118,sala01,6194,1790188149118,0,0,OCUPADO,1,28,55,120,1,1
1790188151118,sala01,6195,1790188151118,0,0,OCUPADO,1,28,55,120,1,1
1790188153118,sala01,6196,1790188153118,0,0,OCUPADO,1,28,55,120,1,1
1790188155118,sala01,6197,1790188155118,0,0,OCUPADO,0,28,55,120,1,1
1790188157118,sala01,6198,1790188157118,0,0,OCUPADO,1,28,55,120,1,1
1790188159118,sala01,6199,1790188159118,0,0,OCUPADO,1,28,55,120,1,1
1790188161118,sala01,6200,1790188161118,0,0,OCUPADO,1,28,55,120,1,1
1790188163118,sala01,6201,1790188163118,0,0,OCUPADO,0,28,55,120,1,1
1790188165118,sala01,6202,1790188165118,0,0,OCUPADO,1,28,55,120,1,1
1790188167118,sala01,6203,1790188167118,0,0,OCUPADO,1,28,55,120,1,1
1790188169118,sala01,6204,1790188169118,0,0,OCUPADO,1,28,55,120,1,1
1790188171118,sala01,6205,1790188171118,0,0,OCUPADO,0,28,55,120,1,1
1790188173118,sala01,6206,1790188173118,0,0,OCUPADO,1,28,55,120,1,1
1790188175118,sala01,6207,1790188175118,0,0,OCUPADO,1,28,55,120,1,1
1790188177118,sala01,6208,1790188177118,0,0,OCUPADO,1,28,55,120,1,1
1790188179118,sala01,6209,1790188179118,0,0,OCUPADO,0,28,55,120,1,1
1790188181118,sala01,6210,1790188181118,0,0,OCUPADO,1,28,55,120,1,1
1790188183118,sala01,6211,1790188183118,0,0,OCUPADO,1,28,55,120,1,1
1790188185118,sala01,6212,1790188185118,0,0,OCUPADO,1,28,55,120,1,1
1790188187118,sala01,6213,1790188187118,0,0,OCUPADO,0,28,55,120,1,1
1790188189118,sala01,6214,1790188189118,0,0,OCUPADO,1,28,55,120,1,1
1790188191118,sala01,6215,1790188191118,0,0,OCUPADO,1,28,55,120,1,1
1790188193118,sala01,6216,1790188193118,0,0,OCUPADO,1,28,55,120,1,1
1790188195118,sala01,6217,1790188195118,0,0,OCUPADO,0,28,55,120,1,1
1790188197118,sala01,6218,1790188197118,0,0,OCUPADO,1,28,55,120,1,1
1790188199118,sala01,6219,1790188199118,0,0,OCUPADO,1,28,55,120,1,1
1790188201118,sala01,6220,1790188201118,0,0,OCUPADO,1,28,55,120,1,1
1790188203118,sala01,6221,1790188203118,0,0,OCUPADO,0,28,55,120,1,1
1790188205118,sala01,6222,1790188205118,0,0,OCUPADO,1,28,55,120,1,1
1790188207118,sala01,6223,1790188207118,0,0,OCUPADO,1,28,55,120,1,1
1790188209118,sala01,6224,1790188209118,0,0,OCUPADO,1,28,55,120,1,1
1790188211118,sala01,6225,1790188211118,0,0,OCUPADO,0,28,55,120,1,1
1790188213118,sala01,6226,1790188213118,0,0,OCUPADO,1,28,55,120,1,1
1790188215118,sala01,6227,1790188215118,0,0,OCUPADO,1,28,55,120,1,1
1790188217118,sala01,6228,1790188217118,0,0,OCUPADO,1,28,55,120,1,1
1790188219118,sala01,6229,1790188219118,0,0,OCUPADO,0,28,55,120,1,1
1790188221118,sala01,6230,1790188221118,0,0,OCUPADO,1,28,55,120,1,1
1790188223118,sala01,6231,1790188223118,0,0,OCUPADO,1,28,55,120,1,1
1790188225118,sala01,6232,1790188225118,0,0,OCUPADO,1,28,55,120,1,1
1790188227118,sala01,6233,1790188227118,0,0,OCUPADO,0,28,55,120,1,1
1790188229118,sala01,6234,1790188229118,0,0,OCUPADO,1,28,55,120,1,1
1790188231118,sala01,6235,1790188231118,0,0,OCUPADO,1,28,55,120,1,1
1790188233118,sala01,6236,1790188233118,0,0,OCUPADO,1,28,55,120,1,1
1790188235118,sala01,6237,1790188235118,0,0,OCUPADO,0,28,55,120,1,1
1790188237118,sala01,6238,1790188237118,0,0,OCUPADO,1,28,55,120,1,1
1790188239118,sala01,6239,1790188239118,0,0,OCUPADO,1,28,55,120,1,1
1790188241118,sala01,6240,1790188241118,0,0,OCUPADO,1,28,55,120,1,1
1790188243118,sala01,6241,1790188243118,0,0,OCUPADO,0,28,55,120,1,1
1790188245118,sala01,6242,1790188245118,0,0,OCUPADO,1,28,55,120,1,1
1790188247118,sala01,6243,1790188247118,0,0,OCUPADO,1,28,55,120,1,1
1790188249118,sala01,6244,1790188249118,0,0,OCUPADO,1,28,55,120,1,1
1790188251118,sala01,6245,1790188251118,0,0,OCUPADO,0,28,55,120,1,1
1790188253118,sala01,6246,1790188253118,0,0,OCUPADO,1,28,55,120,1,1
1790188255118,sala01,6247,1790188255118,0,0,OCUPADO,1,28,55,120,1,1
1790188257118,sala01,6248,1790188257118,0,0,OCUPADO,1,28,55,120,1,1
1790188259118,sala01,6249,1790188259118,0,0,OCUPADO,0,28,55,120,1,1
1790188261118,sala01,6250,1790188261118,0,0,OCUPADO,1,28,55,120,1,1
1790188263118,sala01,6251,1790188263118,0,0,OCUPADO,1,28,55,120,1,1
1790188265118,sala01,6252,1790188265118,0,0,OCUPADO,1,28,55,120,1,1
1790188267118,sala01,6253,1790188267118,0,0,OCUPADO,0,28,55,120,1,1
1790188269118,sala01,6254,1790188269118,0,0,OCUPADO,1,28,55,120,1,1
1790188271118,sala01,6255,1790188271118,0,0,OCUPADO,1,28,55,120,1,1
1790188273118,sala01,6256,1790188273118,0,0,OCUPADO,1,28,55,120,1,1
1790188275118,sala01,6257,1790188275118,0,0,OCUPADO,0,28,55,120,1,1
1790188277118,sala01,6258,1790188277118,0,0,OCUPADO,1,28,55,120,1,1
1790188279118,sala01,6259,1790188279118,0,0,OCUPADO,1,28,55,120,1,1
1790188281118,sala01,6260,1790188281118,0,0,OCUPADO,1,28,55,120,1,1
1790188283118,sala01,6261,1790188283118,0,0,OCUPADO,0,28,55,120,1,1
1790188285118,sala01,6262,1790188285118,0,0,OCUPADO,1,28,55,120,1,1
1790188287118,sala01,6263,1790188287118,0,0,OCUPADO,1,28,55,120,1,1
1790188289118,sala01,6264,1790188289118,0,0,OCUPADO,1,28,55,120,1,1
1790188291118,sala01,6265,1790188291118,0,0,OCUPADO,0,28,55,120,1,1
1790188293118,sala01,6266,1790188293118,0,0,OCUPADO,1,28,55,120,1,1
1790188295118,sala01,6267,1790188295118,0,0,OCUPADO,1,28,55,120,1,1
1790188297118,sala01,6268,1790188297118,0,0,OCUPADO,1,28,55,120,1,1
1790188299118,sala01,6269,1790188299118,0,0,OCUPADO,0,28,55,120,1,1
1790188301118,sala01,6270,1790188301118,0,0,OCUPADO,1,28,55,120,1,1
1790188303118,sala01,6271,1790188303118,0,0,OCUPADO,1,28,55,120,1,1
1790188305118,sala01,6272,1790188305118,0,0,OCUPADO,1,28,55,120,1,1
1790188307118,sala01,6273,1790188307118,0,0,OCUPADO,0,28,55,120,1,1
1790188309118,sala01,6274,1790188309118,0,0,OCUPADO,1,28,55,120,1,1
1790188311118,sala01,6275,1790188311118,0,0,OCUPADO,1,28,55,120,1,1
1790188313118,sala01,6276,1790188313118,0,0,OCUPADO,1,28,55,120,1,1
1790188315118,sala01,6277,1790188315118,0,0,OCUPADO,0,28,55,120,1,1
1790188317118,sala01,6278,1790188317118,0,0,OCUPADO,1,28,55,120,1,1
1790188319118,sala01,6279,1790188319118,0,0,OCUPADO,1,28,55,120,1,1
1790188321118,sala01,6280,1790188321118,0,0,OCUPADO,1,28,55,120,1,1
1790188323118,sala01,6281,1790188323118,0,0,OCUPADO,0,28,55,120,1,1
1790188325118,sala01,6282,1790188325118,0,0,OCUPADO,1,28,55,120,1,1
1790188327118,sala01,6283,1790188327118,0,0,OCUPADO,1,28,55,120,1,1
1790188329118,sala01,6284,1790188329118,0,0,OCUPADO,1,28,55,120,1,1
1790188331118,sala01,6285,1790188331118,0,0,OCUPADO,0,28,55,120,1,1
1790188333118,sala01,6286,1790188333118,0,0,OCUPADO,1,28,55,120,1,1
1790188335118,sala01,6287,1790188335118,0,0,OCUPADO,1,28,55,120,1,1
1790188337118,sala01,6288,1790188337118,0,0,OCUPADO,1,28,55,120,1,1
1790188339118,sala01,6289,1790188339118,0,0,OCUPADO,0,28,55,120,1,1
1790188341118,sala01,6290,1790188341118,0,0,OCUPADO,1,28,55,120,1,1
1790188343118,sala01,6291,1790188343118,0,0,OCUPADO,1,28,55,120,1,1
1790188345118,sala01,6292,1790188345118,0,0,OCUPADO,1,28,55,120,1,1
1790188347118,sala01,6293,1790188347118,0,0,OCUPADO,0,28,55,120,1,1
1790188349118,sala01,6294,1790188349118,0,0,OCUPADO,1,28,55,120,1,1
1790188351118,sala01,6295,1790188351118,0,0,OCUPADO,1,28,55,120,1,1
1790188353118,sala01,6296,1790188353118,0,0,OCUPADO,1,28,55,120,1,1
1790188355118,sala01,6297,1790188355118,0,0,OCUPADO,0,28,55,120,1,1
1790188357118,sala01,6298,1790188357118,0,0,OCUPADO,1,28,55,120,1,1
1790188359118,sala01,6299,1790188359118,0,0,OCUPADO,1,28,55,120,1,1
1790188361118,sala01,6300,1790188361118,0,0,OCUPADO,1,28,55,120,1,1
1790188363118,sala01,6301,1790188363118,0,0,OCUPADO,0,28,55,120,1,1
1790188365118,sala01,6302,1790188365118,0,0,OCUPADO,1,28,55,120,1,1
1790188367118,sala01,6303,1790188367118,0,0,OCUPADO,1,28,55,120,1,1
1790188369118,sala01,6304,1790188369118,0,0,OCUPADO,1,28,55,120,1,1
1790188371118,sala01,6305,1790188371118,0,0,OCUPADO,0,28,55,120,1,1
1790188373118,sala01,6306,1790188373118,0,0,OCUPADO,1,28,55,120,1,1
1790188375118,sala01,6307,1790188375118,0,0,OCUPADO,1,28,55,120,1,1
1790188377118,sala01,6308,1790188377118,0,0,OCUPADO,1,28,55,120,1,1
1790188379118,sala01,6309,1790188379118,0,0,OCUPADO,0,28,55,120,1,1
1790188381118,sala01,6310,1790188381118,0,0,OCUPADO,1,28,55,120,1,1
1790188383118,sala01,6311,1790188383118,0,0,OCUPADO,1,28,55,120,1,1
1790188385118,sala01,6312,1790188385118,0,0,OCUPADO,1,28,55,120,1,1
1790188387118,sala01,6313,1790188387118,0,0,OCUPADO,0,28,55,120,1,1
1790188389118,sala01,6314,1790188389118,0,0,OCUPADO,1,28,55,120,1,1
1790188391118,sala01,6315,1790188391118,0,0,OCUPADO,1,28,55,120,1,1
1790188393118,sala01,6316,1790188393118,0,0,OCUPADO,1,28,55,120,1,1
1790188395118,sala01,6317,1790188395118,0,0,OCUPADO,0,28,55,120,1,1
1790188397118,sala01,6318,1790188397118,0,0,OCUPADO,1,28,55,120,1,1
1790188399118,sala01,6319,1790188399118,0,0,OCUPADO,1,28,55,120,1,1
1790188401118,sala01,6320,1790188401118,0,0,OCUPADO,1,28,55,120,1,1
1790188403118,sala01,6321,1790188403118,0,0,OCUPADO,0,28,55,120,1,1
1790188405118,sala01,6322,1790188405118,0,0,OCUPADO,1,28,55,120,1,1
1790188407118,sala01,6323,1790188407118,0,0,OCUPADO,1,28,55,120,1,1
1790188409118,sala01,6324,1790188409118,0,0,OCUPADO,1,28,55,120,1,1
1790188411118,sala01,6325,1790188411118,0,0,OCUPADO,0,28,55,120,1,1
1790188413118,sala01,6326,1790188413118,0,0,OCUPADO,1,28,55,120,1,1
1790188415118,sala01,6327,1790188415118,0,0,OCUPADO,1,28,55,120,1,1
1790188417118,sala01,6328,1790188417118,0,0,OCUPADO,1,28,55,120,1,1
1790188419118,sala01,6329,1790188419118,0,0,OCUPADO,0,28,55,120,1,1
1790188421118,sala01,6330,1790188421118,0,0,OCUPADO,1,28,55,120,1,1
1790188423118,sala01,6331,1790188423118,0,0,OCUPADO,1,28,55,120,1,1
1790188425118,sala01,6332,1790188425118,0,0,OCUPADO,1,28,55,120,1,1
1790188427118,sala01,6333,1790188427118,0,0,OCUPADO,0,28,55,120,1,1
1790188429118,sala01,6334,1790188429118,0,0,OCUPADO,1,28,55,120,1,1
1790188431118,sala01,6335,1790188431118,0,0,OCUPADO,1,28,55,120,1,1
1790188433118,sala01,6336,1790188433118,0,0,OCUPADO,1,28,55,120,1,1
1790188435118,sala01,6337,1790188435118,0,0,OCUPADO,0,28,55,120,1,1
1790188437118,sala01,6338,1790188437118,0,0,OCUPADO,1,28,55,120,1,1
1790188439118,sala01,6339,1790188439118,0,0,OCUPADO,1,28,55,120,1,1
1790188441118,sala01,6340,1790188441118,0,0,OCUPADO,1,28,55,120,1,1
1790188443118,sala01,6341,1790188443118,0,0,OCUPADO,0,28,55,120,1,1
1790188445118,sala01,6342,1790188445118,0,0,OCUPADO,1,28,55,120,1,1
1790188447118,sala01,6343,1790188447118,0,0,OCUPADO,1,28,55,120,1,1
1790188449118,sala01,6344,1790188449118,0,0,OCUPADO,1,28,55,120,1,1
1790188451118,sala01,6345,1790188451118,0,0,OCUPADO,0,28,55,120,1,1
1790188453118,sala01,6346,1790188453118,0,0,OCUPADO,1,28,55,120,1,1
1790188455118,sala01,6347,1790188455118,0,0,OCUPADO,1,28,55,120,1,1
1790188457118,sala01,6348,1790188457118,0,0,OCUPADO,1,28,55,120,1,1
1790188459118,sala01,6349,1790188459118,0,0,OCUPADO,0,28,55,120,1,1
1790188461118,sala01,6350,1790188461118,0,0,OCUPADO,1,28,55,120,1,1
1790188463118,sala01,6351,1790188463118,0,0,OCUPADO,1,28,55,120,1,1
1790188465118,sala01,6352,1790188465118,0,0,OCUPADO,1,28,55,120,1,1
1790188467118,sala01,6353,1790188467118,0,0,OCUPADO,0,28,55,120,1,1
1790188469118,sala01,6354,1790188469118,0,0,OCUPADO,1,28,55,120,1,1
1790188471118,sala01,6355,1790188471118,0,0,OCUPADO,1,28,55,120,1,1
1790188473118,sala01,6356,1790188473118,0,0,OCUPADO,1,28,55,120,1,1
1790188475118,sala01,6357,1790188475118,0,0,OCUPADO,0,28,55,120,1,1
1790188477118,sala01,6358,1790188477118,0,0,OCUPADO,1,28,55,120,1,1
1790188479118,sala01,6359,1790188479118,0,0,OCUPADO,1,28,55,120,1,1
1790188481118,sala01,6360,1790188481118,0,0,OCUPADO,1,28,55,120,1,1
1790188483118,sala01,6361,1790188483118,0,0,OCUPADO,0,28,55,120,1,1
1790188485118,sala01,6362,1790188485118,0,0,OCUPADO,1,28,55,120,1,1
1790188487118,sala01,6363,1790188487118,0,0,OCUPADO,1,28,55,120,1,1
1790188489118,sala01,6364,1790188489118,0,0,OCUPADO,1,28,55,120,1,1
1790188491118,sala01,6365,1790188491118,0,0,OCUPADO,0,28,55,120,1,1
1790188493118,sala01,6366,1790188493118,0,0,OCUPADO,1,28,55,120,1,1
1790188495118,sala01,6367,1790188495118,0,0,OCUPADO,1,28,55,120,1,1
1790188497118,sala01,6368,1790188497118,0,0,OCUPADO,1,28,55,120,1,1
1790188499118,sala01,6369,1790188499118,0,0,OCUPADO,0,28,55,120,1,1
1790188501118,sala01,6370,1790188501118,0,0,OCUPADO,1,28,55,120,1,1
1790188503118,sala01,6371,1790188503118,0,0,OCUPADO,1,28,55,120,1,1
1790188505118,sala01,6372,1790188505118,0,0,OCUPADO,1,28,55,120,1,1
1790188507118,sala01,6373,1790188507118,0,0,OCUPADO,0,28,55,120,1,1
1790188509118,sala01,6374,1790188509118,0,0,OCUPADO,1,28,55,120,1,1
1790188511118,sala01,6375,1790188511118,0,0,OCUPADO,1,28,55,120,1,1
1790188513118,sala01,6376,1790188513118,0,0,OCUPADO,1,28,55,120,1,1
1790188515118,sala01,6377,1790188515118,0,0,OCUPADO,0,28,55,120,1,1
1790188517118,sala01,6378,1790188517118,0,0,OCUPADO,1,28,55,120,1,1
1790188519118,sala01,6379,1790188519118,0,0,OCUPADO,1,28,55,120,1,1
1790188521118,sala01,6380,1790188521118,0,0,OCUPADO,1,28,55,120,1,1
1790188523118,sala01,6381,1790188523118,0,0,OCUPADO,0,28,55,120,1,1
1790188525118,sala01,6382,1790188525118,0,0,OCUPADO,1,28,55,120,1,1
1790188527118,sala01,6383,1790188527118,0,0,OCUPADO,1,28,55,120,1,1
1790188529118,sala01,6384,1790188529118,0,0,OCUPADO,1,28,55,120,1,1
1790188531118,sala01,6385,1790188531118,0,0,OCUPADO,0,28,55,120,1,1
1790188533118,sala01,6386,1790188533118,0,0,OCUPADO,1,28,55,120,1,1
1790188535118,sala01,6387,1790188535118,0,0,OCUPADO,1,28,55,120,1,1
1790188537118,sala01,6388,1790188537118,0,0,OCUPADO,1,28,55,120,1,1
1790188539118,sala01,6389,1790188539118,0,0,OCUPADO,0,28,55,120,1,1
1790188541118,sala01,6390,1790188541118,0,0,OCUPADO,1,28,55,120,1,1
1790188543118,sala01,6391,1790188543118,0,0,OCUPADO,1,28,55,120,1,1
1790188545118,sala01,6392,1790188545118,0,0,OCUPADO,1,28,55,120,1,1
1790188547118,sala01,6393,1790188547118,0,0,OCUPADO,0,28,55,120,1,1
1790188549118,sala01,6394,1790188549118,0,0,OCUPADO,1,28,55,120,1,1
1790188551118,sala01,6395,1790188551118,0,0,OCUPADO,1,28,55,120,1,1
1790188553118,sala01,6396,1790188553118,0,0,OCUPADO,1,28,55,120,1,1
1790188555118,sala01,6397,1790188555118,0,0,OCUPADO,0,28,55,120,1,1
1790188557118,sala01,6398,1790188557118,0,0,OCUPADO,1,28,55,120,1,1
1790188559118,sala01,6399,1790188559118,0,0,OCUPADO,1,28,55,120,1,1
1790188561118,sala01,6400,1790188561118,0,0,OCUPADO,1,28,55,120,1,1
1790188563118,sala01,6401,1790188563118,0,0,OCUPADO,0,28,55,120,1,1
1790188565118,sala01,6402,1790188565118,0,0,OCUPADO,1,28,55,120,1,1
1790188567118,sala01,6403,1790188567118,0,0,OCUPADO,1,28,55,120,1,1
1790188569118,sala01,6404,1790188569118,0,0,OCUPADO,1,28,55,120,1,1
1790188571118,sala01,6405,1790188571118,0,0,OCUPADO,0,28,55,120,1,1
1790188573118,sala01,6406,1790188573118,0,0,OCUPADO,1,28,55,120,1,1
1790188575118,sala01,6407,1790188575118,0,0,OCUPADO,1,28,55,120,1,1
1790188577118,sala01,6408,1790188577118,0,0,OCUPADO,1,28,55,120,1,1
1790188579118,sala01,6409,1790188579118,0,0,OCUPADO,0,28,55,120,1,1
1790188581118,sala01,6410,1790188581118,0,0,OCUPADO,1,28,55,120,1,1
1790188583118,sala01,6411,1790188583118,0,0,OCUPADO,1,28,55,120,1,1
1790188585118,sala01,6412,1790188585118,0,0,OCUPADO,1,28,55,120,1,1
1790188587118,sala01,6413,1790188587118,0,0,OCUPADO,0,28,55,120,1,1
1790188589118,sala01,6414,1790188589118,0,0,OCUPADO,1,28,55,120,1,1
1790188591118,sala01,6415,1790188591118,0,0,OCUPADO,1,28,55,120,1,1
1790188593118,sala01,6416,1790188593118,0,0,OCUPADO,1,28,55,120,1,1
1790188595118,sala01,6417,1790188595118,0,0,OCUPADO,0,28,55,120,1,1
1790188597118,sala01,6418,1790188597118,0,0,OCUPADO,1,28,55,120,1,1
1790188599118,sala01,6419,1790188599118,0,0,OCUPADO,1,28,55,120,1,1
1790188601118,sala01,6420,1790188601118,0,0,OCUPADO,1,28,55,120,1,1
1790188603118,sala01,6421,1790188603118,0,0,OCUPADO,0,28,55,120,1,1
1790188605118,sala01,6422,1790188605118,0,0,OCUPADO,1,28,55,120,1,1
1790188607118,sala01,6423,1790188607118,0,0,OCUPADO,1,28,55,120,1,1
1790188609118,sala01,6424,1790188609118,0,0,OCUPADO,1,28,55,120,1,1
1790188611118,sala01,6425,1790188611118,0,0,OCUPADO,0,28,55,120,1,1
1790188613118,sala01,6426,1790188613118,0,0,OCUPADO,1,28,55,120,1,1
1790188615118,sala01,6427,1790188615118,0,0,OCUPADO,1,28,55,120,1,1
1790188617118,sala01,6428,1790188617118,0,0,OCUPADO,1,28,55,120,1,1
1790188619118,sala01,6429,1790188619118,0,0,OCUPADO,0,28,55,120,1,1
1790188621118,sala01,6430,1790188621118,0,0,OCUPADO,1,28,55,120,1,1
1790188623118,sala01,6431,1790188623118,0,0,OCUPADO,1,28,55,120,1,1
1790188625118,sala01,6432,1790188625118,0,0,OCUPADO,1,28,55,120,1,1
1790188627118,sala01,6433,1790188627118,0,0,OCUPADO,0,28,55,120,1,1
1790188629118,sala01,6434,1790188629118,0,0,OCUPADO,1,28,55,120,1,1
1790188631118,sala01,6435,1790188631118,0,0,OCUPADO,1,28,55,120,1,1
1790188633118,sala01,6436,1790188633118,0,0,OCUPADO,1,28,55,120,1,1
1790188635118,sala01,6437,1790188635118,0,0,OCUPADO,0,28,55,120,1,1
1790188637118,sala01,6438,1790188637118,0,0,OCUPADO,1,28,55,120,1,1
1790188639118,sala01,6439,1790188639118,0,0,OCUPADO,1,28,55,120,1,1
1790188641118,sala01,6440,1790188641118,0,0,OCUPADO,1,28,55,120,1,1
1790188643118,sala01,6441,1790188643118,0,0,OCUPADO,0,28,55,120,1,1
1790188645118,sala01,6442,1790188645118,0,0,OCUPADO,1,28,55,120,1,1
1790188647118,sala01,6443,1790188647118,0,0,OCUPADO,1,28,55,120,1,1
1790188649118,sala01,6444,1790188649118,0,0,OCUPADO,1,28,55,120,1,1
1790188651118,sala01,6445,1790188651118,0,0,OCUPADO,0,28,55,120,1,1
1790188653118,sala01,6446,1790188653118,0,0,OCUPADO,1,28,55,120,1,1
1790188655118,sala01,6447,1790188655118,0,0,OCUPADO,1,28,55,120,1,1
1790188657118,sala01,6448,1790188657118,0,0,OCUPADO,1,28,55,120,1,1
1790188659118,sala01,6449,1790188659118,0,0,OCUPADO,0,28,55,120,1,1
1790188661118,sala01,6450,1790188661118,0,0,OCUPADO,1,28,55,120,1,1
1790188663118,sala01,6451,1790188663118,0,0,OCUPADO,1,28,55,120,1,1
1790188665118,sala01,6452,1790188665118,0,0,OCUPADO,1,28,55,120,1,1
1790188667118,sala01,6453,1790188667118,0,0,OCUPADO,0,28,55,120,1,1
1790188669118,sala01,6454,1790188669118,0,0,OCUPADO,1,28,55,120,1,1
1790188671118,sala01,6455,1790188671118,0,0,OCUPADO,1,28,55,120,1,1
1790188673118,sala01,6456,1790188673118,0,0,OCUPADO,1,28,55,120,1,1
1790188675118,sala01,6457,1790188675118,0,0,OCUPADO,0,28,55,120,1,1
1790188677118,sala01,6458,1790188677118,0,0,OCUPADO,1,28,55,120,1,1
1790188679118,sala01,6459,1790188679118,0,0,OCUPADO,1,28,55,120,1,1
1790188681118,sala01,6460,1790188681118,0,0,OCUPADO,1,28,55,120,1,1
1790188683118,sala01,6461,1790188683118,0,0,OCUPADO,0,28,55,120,1,1
1790188685118,sala01,6462,1790188685118,0,0,OCUPADO,1,28,55,120,1,1
1790188687118,sala01,6463,1790188687118,0,0,OCUPADO,1,28,55,120,1,1
1790188689118,sala01,6464,1790188689118,0,0,OCUPADO,1,28,55,120,1,1
1790188691118,sala01,6465,1790188691118,0,0,OCUPADO,0,28,55,120,1,1
1790188693118,sala01,6466,1790188693118,0,0,OCUPADO,1,28,55,120,1,1
1790188695118,sala01,6467,1790188695118,0,0,OCUPADO,1,28,55,120,1,1
1790188697118,sala01,6468,1790188697118,0,0,OCUPADO,1,28,55,120,1,1
1790188699118,sala01,6469,1790188699118,0,0,OCUPADO,0,28,55,120,1,1
1790188701118,sala01,6470,1790188701118,0,0,OCUPADO,1,28,55,120,1,1
1790188703118,sala01,6471,1790188703118,0,0,OCUPADO,1,28,55,120,1,1
1790188705118,sala01,6472,1790188705118,0,0,OCUPADO,1,28,55,120,1,1
1790188707118,sala01,6473,1790188707118,0,0,OCUPADO,0,28,55,120,1,1
1790188709118,sala01,6474,1790188709118,0,0,OCUPADO,1,28,55,120,1,1
1790188711118,sala01,6475,1790188711118,0,0,OCUPADO,1,28,55,120,1,1
1790188713118,sala01,6476,1790188713118,0,0,OCUPADO,1,28,55,120,1,1
1790188715118,sala01,6477,1790188715118,0,0,OCUPADO,0,28,55,120,1,1
1790188717118,sala01,6478,1790188717118,0,0,OCUPADO,1,28,55,120,1,1
1790188719118,sala01,6479,1790188719118,0,0,OCUPADO,1,28,55,120,1,1
1790188721118,sala01,6480,1790188721118,0,0,OCUPADO,1,28,55,120,1,1
1790188723118,sala01,6481,1790188723118,0,0,OCUPADO,0,28,55,120,1,1
1790188725118,sala01,6482,1790188725118,0,0,OCUPADO,1,28,55,120,1,1
1790188727118,sala01,6483,1790188727118,0,0,OCUPADO,1,28,55,120,1,1
1790188729118,sala01,6484,1790188729118,0,0,OCUPADO,1,28,55,120,1,1
1790188731118,sala01,6485,1790188731118,0,0,OCUPADO,0,28,55,120,1,1
1790188733118,sala01,6486,1790188733118,0,0,OCUPADO,1,28,55,120,1,1
1790188735118,sala01,6487,1790188735118,0,0,OCUPADO,1,28,55,120,1,1
1790188737118,sala01,6488,1790188737118,0,0,OCUPADO,1,28,55,120,1,1
1790188739118,sala01,6489,1790188739118,0,0,OCUPADO,0,28,55,120,1,1
1790188741118,sala01,6490,1790188741118,0,0,OCUPADO,1,28,55,120,1,1
1790188743118,sala01,6491,1790188743118,0,0,OCUPADO,1,28,55,120,1,1
1790188745118,sala01,6492,1790188745118,0,0,OCUPADO,1,28,55,120,1,1
1790188747118,sala01,6493,1790188747118,0,0,OCUPADO,0,28,55,120,1,1
1790188749118,sala01,6494,1790188749118,0,0,OCUPADO,1,28,55,120,1,1
1790188751118,sala01,6495,1790188751118,0,0,OCUPADO,1,28,55,120,1,1
1790188753118,sala01,6496,1790188753118,0,0,OCUPADO,1,28,55,120,1,1
1790188755118,sala01,6497,1790188755118,0,0,OCUPADO,0,28,55,120,1,1
1790188757118,sala01,6498,1790188757118,0,0,OCUPADO,1,28,55,120,1,1
1790188759118,sala01,6499,1790188759118,0,0,OCUPADO,1,28,55,120,1,1
1790188761118,sala01,6500,1790188761118,0,0,OCUPADO,1,28,55,120,1,1
1790188763118,sala01,6501,1790188763118,0,0,OCUPADO,0,28,55,120,1,1
1790188765118,sala01,6502,1790188765118,0,0,OCUPADO,1,28,55,120,1,1
1790188767118,sala01,6503,1790188767118,0,0,OCUPADO,1,28,55,120,1,1
1790188769118,sala01,6504,1790188769118,0,0,OCUPADO,1,28,55,120,1,1
1790188771118,sala01,6505,1790188771118,0,0,OCUPADO,0,28,55,120,1,1
1790188773118,sala01,6506,1790188773118,0,0,OCUPADO,1,28,55,120,1,1
1790188775118,sala01,6507,1790188775118,0,0,OCUPADO,1,28,55,120,1,1
1790188777118,sala01,6508,1790188777118,0,0,OCUPADO,1,28,55,120,1,1
1790188779118,sala01,6509,1790188779118,0,0,OCUPADO,0,28,55,120,1,1
1790188781118,sala01,6510,1790188781118,0,0,OCUPADO,1,28,55,120,1,1
1790188783118,sala01,6511,1790188783118,0,0,OCUPADO,1,28,55,120,1,1
1790188785118,sala01,6512,1790188785118,0,0,OCUPADO,1,28,55,120,1,1
1790188787118,sala01,6513,1790188787118,0,0,OCUPADO,0,28,55,120,1,1
1790188789118,sala01,6514,1790188789118,0,0,OCUPADO,1,28,55,120,1,1
1790188791118,sala01,6515,1790188791118,0,0,OCUPADO,1,28,55,120,1,1
1790188793118,sala01,6516,1790188793118,0,0,OCUPADO,1,28,55,120,1,1
1790188795118,sala01,6517,1790188795118,0,0,OCUPADO,0,28,55,120,1,1
1790188797118,sala01,6518,1790188797118,0,0,OCUPADO,1,28,55,120,1,1
1790188799118,sala01,6519,1790188799118,0,0,OCUPADO,1,28,55,120,1,1
1790188801118,sala01,6520,1790188801118,0,0,OCUPADO,1,28,55,120,1,1
1790188803118,sala01,6521,1790188803118,0,0,OCUPADO,0,28,55,120,1,1
1790188805118,sala01,6522,1790188805118,0,0,OCUPADO,1,28,55,120,1,1
1790188807118,sala01,6523,1790188807118,0,0,OCUPADO,1,28,55,120,1,1
1790188809118,sala01,6524,1790188809118,0,0,OCUPADO,1,28,55,120,1,1
1790188811118,sala01,6525,1790188811118,0,0,OCUPADO,0,28,55,120,1,1
1790188813118,sala01,6526,1790188813118,0,0,OCUPADO,1,28,55,120,1,1
1790188815118,sala01,6527,1790188815118,0,0,OCUPADO,1,28,55,120,1,1
1790188817118,sala01,6528,1790188817118,0,0,OCUPADO,1,28,55,120,1,1
1790188819118,sala01,6529,1790188819118,0,0,OCUPADO,0,28,55,120,1,1
1790188821118,sala01,6530,1790188821118,0,0,OCUPADO,1,28,55,120,1,1
1790188823118,sala01,6531,1790188823118,0,0,OCUPADO,1,28,55,120,1,1
1790188825118,sala01,6532,1790188825118,0,0,OCUPADO,1,28,55,120,1,1
1790188827118,sala01,6533,1790188827118,0,0,OCUPADO,0,28,55,120,1,1
1790188829118,sala01,6534,1790188829118,0,0,OCUPADO,1,28,55,120,1,1
1790188831118,sala01,6535,1790188831118,0,0,OCUPADO,1,28,55,120,1,1
1790188833118,sala01,6536,1790188833118,0,0,OCUPADO,1,28,55,120,1,1
1790188835118,sala01,6537,1790188835118,0,0,OCUPADO,0,28,55,120,1,1
1790188837118,sala01,6538,1790188837118,0,0,OCUPADO,1,28,55,120,1,1
1790188839118,sala01,6539,1790188839118,0,0,OCUPADO,1,28,55,120,1,1
1790188841118,sala01,6540,1790188841118,0,0,OCUPADO,1,28,55,120,1,1
1790188843118,sala01,6541,1790188843118,0,0,OCUPADO,0,28,55,120,1,1
1790188845118,sala01,6542,1790188845118,0,0,OCUPADO,1,28,55,120,1,1
1790188847118,sala01,6543,1790188847118,0,0,OCUPADO,1,28,55,120,1,1
1790188849118,sala01,6544,1790188849118,0,0,OCUPADO,1,28,55,120,1,1
1790188851118,sala01,6545,1790188851118,0,0,OCUPADO,0,28,55,120,1,1
1790188853118,sala01,6546,1790188853118,0,0,OCUPADO,1,28,55,120,1,1
1790188855118,sala01,6547,1790188855118,0,0,OCUPADO,1,28,55,120,1,1
1790188857118,sala01,6548,1790188857118,0,0,OCUPADO,1,28,55,120,1,1
1790188859118,sala01,6549,1790188859118,0,0,OCUPADO,0,28,55,120,1,1
1790188861118,sala01,6550,1790188861118,0,0,OCUPADO,1,28,55,120,1,1
1790188863118,sala01,6551,1790188863118,0,0,OCUPADO,1,28,55,120,1,1
1790188865118,sala01,6552,1790188865118,0,0,OCUPADO,1,28,55,120,1,1
1790188867118,sala01,6553,1790188867118,0,0,OCUPADO,0,28,55,120,1,1
1790188869118,sala01,6554,1790188869118,0,0,OCUPADO,1,28,55,120,1,1
1790188871118,sala01,6555,1790188871118,0,0,OCUPADO,1,28,55,120,1,1
1790188873118,sala01,6556,1790188873118,0,0,OCUPADO,1,28,55,120,1,1
1790188875118,sala01,6557,1790188875118,0,0,OCUPADO,0,28,55,120,1,1
1790188877118,sala01,6558,1790188877118,0,0,OCUPADO,1,28,55,120,1,1
1790188879118,sala01,6559,1790188879118,0,0,OCUPADO,1,28,55,120,1,1
1790188881118,sala01,6560,1790188881118,0,0,OCUPADO,1,28,55,120,1,1
1790188883118,sala01,6561,1790188883118,0,0,OCUPADO,0,28,55,120,1,1
1790188885118,sala01,6562,1790188885118,0,0,OCUPADO,1,28,55,120,1,1
1790188887118,sala01,6563,1790188887118,0,0,OCUPADO,1,28,55,120,1,1
1790188889118,sala01,6564,1790188889118,0,0,OCUPADO,1,28,55,120,1,1
1790188891118,sala01,6565,1790188891118,0,0,OCUPADO,0,28,55,120,1,1
1790188893118,sala01,6566,1790188893118,0,0,OCUPADO,1,28,55,120,1,1
1790188895118,sala01,6567,1790188895118,0,0,OCUPADO,1,28,55,120,1,1
1790188897118,sala01,6568,1790188897118,0,0,OCUPADO,1,28,55,120,1,1
1790188899118,sala01,6569,1790188899118,0,0,OCUPADO,0,28,55,120,1,1
1790188901118,sala01,6570,1790188901118,0,0,OCUPADO,1,28,55,120,1,1
1790188903118,sala01,6571,1790188903118,0,0,OCUPADO,1,28,55,120,1,1
1790188905118,sala01,6572,1790188905118,0,0,OCUPADO,1,28,55,120,1,1
1790188907118,sala01,6573,1790188907118,0,0,OCUPADO,0,28,55,120,1,1
1790188909118,sala01,6574,1790188909118,0,0,OCUPADO,1,28,55,120,1,1
1790188911118,sala01,6575,1790188911118,0,0,OCUPADO,1,28,55,120,1,1
1790188913118,sala01,6576,1790188913118,0,0,OCUPADO,1,28,55,120,1,1
1790188915118,sala01,6577,1790188915118,0,0,OCUPADO,0,28,55,120,1,1
1790188917118,sala01,6578,1790188917118,0,0,OCUPADO,1,28,55,120,1,1
1790188919118,sala01,6579,1790188919118,0,0,OCUPADO,1,28,55,120,1,1
1790188921118,sala01,6580,1790188921118,0,0,OCUPADO,1,28,55,120,1,1
1790188923118,sala01,6581,1790188923118,0,0,OCUPADO,0,28,55,120,1,1
1790188925118,sala01,6582,1790188925118,0,0,OCUPADO,1,28,55,120,1,1
1790188927118,sala01,6583,1790188927118,0,0,OCUPADO,1,28,55,120,1,1
1790188929118,sala01,6584,1790188929118,0,0,OCUPADO,1,28,55,120,1,1
1790188931118,sala01,6585,1790188931118,0,0,OCUPADO,0,28,55,120,1,1
1790188933118,sala01,6586,1790188933118,0,0,OCUPADO,1,28,55,120,1,1
1790188935118,sala01,6587,1790188935118,0,0,OCUPADO,1,28,55,120,1,1
1790188937118,sala01,6588,1790188937118,0,0,OCUPADO,1,28,55,120,1,1
1790188939118,sala01,6589,1790188939118,0,0,OCUPADO,0,28,55,120,1,1
1790188941118,sala01,6590,1790188941118,0,0,OCUPADO,1,28,55,120,1,1
1790188943118,sala01,6591,1790188943118,0,0,OCUPADO,1,28,55,120,1,1
1790188945118,sala01,6592,1790188945118,0,0,OCUPADO,1,28,55,120,1,1
1790188947118,sala01,6593,1790188947118,0,0,OCUPADO,0,28,55,120,1,1
1790188949118,sala01,6594,1790188949118,0,0,OCUPADO,1,28,55,120,1,1
1790188951118,sala01,6595,1790188951118,0,0,OCUPADO,1,28,55,120,1,1
1790188953118,sala01,6596,1790188953118,0,0,OCUPADO,1,28,55,120,1,1
1790188955118,sala01,6597,1790188955118,0,0,OCUPADO,0,28,55,120,1,1
1790188957118,sala01,6598,1790188957118,0,0,OCUPADO,1,28,55,120,1,1
1790188959118,sala01,6599,1790188959118,0,0,OCUPADO,1,28,55,120,1,1
1790188961118,sala01,6600,1790188961118,0,0,OCUPADO,1,28,55,120,1,1
1790188963118,sala01,6601,1790188963118,0,0,OCUPADO,0,28,55,120,1,1
1790188965118,sala01,6602,1790188965118,0,0,OCUPADO,1,28,55,120,1,1
1790188967118,sala01,6603,1790188967118,0,0,OCUPADO,1,28,55,120,1,1
1790188969118,sala01,6604,1790188969118,0,0,OCUPADO,1,28,55,120,1,1
1790188971118,sala01,6605,1790188971118,0,0,OCUPADO,0,28,55,120,1,1
1790188973118,sala01,6606,1790188973118,0,0,OCUPADO,1,28,55,120,1,1
1790188975118,sala01,6607,1790188975118,0,0,OCUPADO,1,28,55,120,1,1
1790188977118,sala01,6608,1790188977118,0,0,OCUPADO,1,28,55,120,1,1
1790188979118,sala01,6609,1790188979118,0,0,OCUPADO,0,28,55,120,1,1
1790188981118,sala01,6610,1790188981118,0,0,OCUPADO,1,28,55,120,1,1
1790188983118,sala01,6611,1790188983118,0,0,OCUPADO,1,28,55,120,1,1
1790188985118,sala01,6612,1790188985118,0,0,OCUPADO,1,28,55,120,1,1
1790188987118,sala01,6613,1790188987118,0,0,OCUPADO,0,28,55,120,1,1
1790188989118,sala01,6614,1790188989118,0,0,OCUPADO,1,28,55,120,1,1
1790188991118,sala01,6615,1790188991118,0,0,OCUPADO,1,28,55,120,1,1
1790188993118,sala01,6616,1790188993118,0,0,OCUPADO,1,28,55,120,1,1
1790188995118,sala01,6617,1790188995118,0,0,OCUPADO,0,28,55,120,1,1
1790188997118,sala01,6618,1790188997118,0,0,OCUPADO,1,28,55,120,1,1
1790188999118,sala01,6619,1790188999118,0,0,OCUPADO,1,28,55,120,1,1
1790189001118,sala01,6620,1790189001118,0,0,OCUPADO,1,28,55,120,1,1
1790189003118,sala01,6621,1790189003118,0,0,OCUPADO,0,28,55,120,1,1
1790189005118,sala01,6622,1790189005118,0,0,OCUPADO,1,28,55,120,1,1
1790189007118,sala01,6623,1790189007118,0,0,OCUPADO,1,28,55,120,1,1
1790189009118,sala01,6624,1790189009118,0,0,OCUPADO,1,28,55,120,1,1
1790189011118,sala01,6625,1790189011118,0,0,OCUPADO,0,28,55,120,1,1
1790189013118,sala01,6626,1790189013118,0,0,OCUPADO,1,28,55,120,1,1
1790189015118,sala01,6627,1790189015118,0,0,OCUPADO,1,28,55,120,1,1
1790189017118,sala01,6628,1790189017118,0,0,OCUPADO,1,28,55,120,1,1
1790189019118,sala01,6629,1790189019118,0,0,OCUPADO,0,28,55,120,1,1
1790189021118,sala01,6630,1790189021118,0,0,OCUPADO,1,28,55,120,1,1
1790189023118,sala01,6631,1790189023118,0,0,OCUPADO,1,28,55,120,1,1
1790189025118,sala01,6632,1790189025118,0,0,OCUPADO,1,28,55,120,1,1
1790189027118,sala01,6633,1790189027118,0,0,OCUPADO,0,28,55,120,1,1
1790189029118,sala01,6634,1790189029118,0,0,OCUPADO,1,28,55,120,1,1
1790189031118,sala01,6635,1790189031118,0,0,OCUPADO,1,28,55,120,1,1
1790189033118,sala01,6636,1790189033118,0,0,OCUPADO,1,28,55,120,1,1
1790189035118,sala01,6637,1790189035118,0,0,OCUPADO,0,28,55,120,1,1
1790189037118,sala01,6638,1790189037118,0,0,OCUPADO,1,28,55,120,1,1
1790189039118,sala01,6639,1790189039118,0,0,OCUPADO,1,28,55,120,1,1
1790189041118,sala01,6640,1790189041118,0,0,OCUPADO,1,28,55,120,1,1
1790189043118,sala01,6641,1790189043118,0,0,OCUPADO,0,28,55,120,1,1
1790189045118,sala01,6642,1790189045118,0,0,OCUPADO,1,28,55,120,1,1
1790189047118,sala01,6643,1790189047118,0,0,OCUPADO,1,28,55,120,1,1
1790189049118,sala01,6644,1790189049118,0,0,OCUPADO,1,28,55,120,1,1
1790189051118,sala01,6645,1790189051118,0,0,OCUPADO,0,28,55,120,1,1
1790189053118,sala01,6646,1790189053118,0,0,OCUPADO,1,28,55,120,1,1
1790189055118,sala01,6647,1790189055118,0,0,OCUPADO,1,28,55,120,1,1
1790189057118,sala01,6648,1790189057118,0,0,OCUPADO,1,28,55,120,1,1
1790189059118,sala01,6649,1790189059118,0,0,OCUPADO,0,28,55,120,1,1
1790189061118,sala01,6650,1790189061118,0,0,OCUPADO,1,28,55,120,1,1
1790189063118,sala01,6651,1790189063118,0,0,OCUPADO,1,28,55,120,1,1
1790189065118,sala01,6652,1790189065118,0,0,OCUPADO,1,28,55,120,1,1
1790189067118,sala01,6653,1790189067118,0,0,OCUPADO,0,28,55,120,1,1
1790189069118,sala01,6654,1790189069118,0,0,OCUPADO,1,28,55,120,1,1
1790189071118,sala01,6655,1790189071118,0,0,OCUPADO,1,28,55,120,1,1
1790189073118,sala01,6656,1790189073118,0,0,OCUPADO,1,28,55,120,1,1
1790189075118,sala01,6657,1790189075118,0,0,OCUPADO,0,28,55,120,1,1
1790189077118,sala01,6658,1790189077118,0,0,OCUPADO,1,28,55,120,1,1
1790189079118,sala01,6659,1790189079118,0,0,OCUPADO,1,28,55,120,1,1
1790189081118,sala01,6660,1790189081118,0,0,OCUPADO,1,28,55,120,1,1
1790189083118,sala01,6661,1790189083118,0,0,OCUPADO,0,28,55,120,1,1
1790189085118,sala01,6662,1790189085118,0,0,OCUPADO,1,28,55,120,1,1
1790189087118,sala01,6663,1790189087118,0,0,OCUPADO,1,28,55,120,1,1
1790189089118,sala01,6664,1790189089118,0,0,OCUPADO,1,28,55,120,1,1
1790189091118,sala01,6665,1790189091118,0,0,OCUPADO,0,28,55,120,1,1
1790189093118,sala01,6666,1790189093118,0,0,OCUPADO,1,28,55,120,1,1
1790189095118,sala01,6667,1790189095118,0,0,OCUPADO,1,28,55,120,1,1
1790189097118,sala01,6668,1790189097118,0,0,OCUPADO,1,28,55,120,1,1
1790189099118,sala01,6669,1790189099118,0,0,OCUPADO,0,28,55,120,1,1
1790189101118,sala01,6670,1790189101118,0,0,OCUPADO,1,28,55,120,1,1
1790189103118,sala01,6671,1790189103118,0,0,OCUPADO,1,28,55,120,1,1
1790189105118,sala01,6672,1790189105118,0,0,OCUPADO,1,28,55,120,1,1
1790189107118,sala01,6673,1790189107118,0,0,OCUPADO,0,28,55,120,1,1
1790189109118,sala01,6674,1790189109118,0,0,OCUPADO,1,28,55,120,1,1
1790189111118,sala01,6675,1790189111118,0,0,OCUPADO,1,28,55,120,1,1
1790189113118,sala01,6676,1790189113118,0,0,OCUPADO,1,28,55,120,1,1
1790189115118,sala01,6677,1790189115118,0,0,OCUPADO,0,28,55,120,1,1
1790189117118,sala01,6678,1790189117118,0,0,OCUPADO,1,28,55,120,1,1
1790189119118,sala01,6679,1790189119118,0,0,OCUPADO,1,28,55,120,1,1
1790189121118,sala01,6680,1790189121118,0,0,OCUPADO,1,28,55,120,1,1
1790189123118,sala01,6681,1790189123118,0,0,OCUPADO,0,28,55,120,1,1
1790189125118,sala01,6682,1790189125118,0,0,OCUPADO,1,28,55,120,1,1
1790189127118,sala01,6683,1790189127118,0,0,OCUPADO,1,28,55,120,1,1
1790189129118,sala01,6684,1790189129118,0,0,OCUPADO,1,28,55,120,1,1
1790189131118,sala01,6685,1790189131118,0,0,OCUPADO,0,28,55,120,1,1
1790189133118,sala01,6686,1790189133118,0,0,OCUPADO,1,28,55,120,1,1
1790189135118,sala01,6687,1790189135118,0,0,OCUPADO,1,28,55,120,1,1
1790189137118,sala01,6688,1790189137118,0,0,OCUPADO,1,28,55,120,1,1
1790189139118,sala01,6689,1790189139118,0,0,OCUPADO,0,28,55,120,1,1
1790189141118,sala01,6690,1790189141118,0,0,OCUPADO,1,28,55,120,1,1
1790189143118,sala01,6691,1790189143118,0,0,OCUPADO,1,28,55,120,1,1
1790189145118,sala01,6692,1790189145118,0,0,OCUPADO,1,28,55,120,1,1
1790189147118,sala01,6693,1790189147118,0,0,OCUPADO,0,28,55,120,1,1
1790189149118,sala01,6694,1790189149118,0,0,OCUPADO,1,28,55,120,1,1
1790189151118,sala01,6695,1790189151118,0,0,OCUPADO,1,28,55,120,1,1
1790189153118,sala01,6696,1790189153118,0,0,OCUPADO,1,28,55,120,1,1
1790189155118,sala01,6697,1790189155118,0,0,OCUPADO,0,28,55,120,1,1
1790189157118,sala01,6698,1790189157118,0,0,OCUPADO,1,28,55,120,1,1
1790189159118,sala01,6699,1790189159118,0,0,OCUPADO,1,28,55,120,1,1
1790189161118,sala01,6700,1790189161118,0,0,OCUPADO,1,28,55,120,1,1
1790189163118,sala01,6701,1790189163118,0,0,OCUPADO,0,28,55,120,1,1
1790189165118,sala01,6702,1790189165118,0,0,OCUPADO,1,28,55,120,1,1
1790189167118,sala01,6703,1790189167118,0,0,OCUPADO,1,28,55,120,1,1
1790189169118,sala01,6704,1790189169118,0,0,OCUPADO,1,28,55,120,1,1
1790189171118,sala01,6705,1790189171118,0,0,OCUPADO,0,28,55,120,1,1
1790189173118,sala01,6706,1790189173118,0,0,OCUPADO,1,28,55,120,1,1
1790189175118,sala01,6707,1790189175118,0,0,OCUPADO,1,28,55,120,1,1
1790189177118,sala01,6708,1790189177118,0,0,OCUPADO,1,28,55,120,1,1
1790189179118,sala01,6709,1790189179118,0,0,OCUPADO,0,28,55,120,1,1
1790189181118,sala01,6710,1790189181118,0,0,OCUPADO,1,28,55,120,1,1
1790189183118,sala01,6711,1790189183118,0,0,OCUPADO,1,28,55,120,1,1
1790189185118,sala01,6712,1790189185118,0,0,OCUPADO,1,28,55,120,1,1
1790189187118,sala01,6713,1790189187118,0,0,OCUPADO,0,28,55,120,1,1
1790189189118,sala01,6714,1790189189118,0,0,OCUPADO,1,28,55,120,1,1
1790189191118,sala01,6715,1790189191118,0,0,OCUPADO,1,28,55,120,1,1
1790189193118,sala01,6716,1790189193118,0,0,OCUPADO,1,28,55,120,1,1
1790189195118,sala01,6717,1790189195118,0,0,OCUPADO,0,28,55,120,1,1
1790189197118,sala01,6718,1790189197118,0,0,OCUPADO,1,28,55,120,1,1
1790189199118,sala01,6719,1790189199118,0,0,OCUPADO,1,28,55,120,1,1
1790189201118,sala01,6720,1790189201118,0,0,OCUPADO,1,28,55,120,1,1
1790189203118,sala01,6721,1790189203118,0,0,OCUPADO,0,28,55,120,1,1
1790189205118,sala01,6722,1790189205118,0,0,OCUPADO,1,28,55,120,1,1
1790189207118,sala01,6723,1790189207118,0,0,OCUPADO,1,28,55,120,1,1
1790189209118,sala01,6724,1790189209118,0,0,OCUPADO,1,28,55,120,1,1
1790189211118,sala01,6725,1790189211118,0,0,OCUPADO,0,28,55,120,1,1
1790189213118,sala01,6726,1790189213118,0,0,OCUPADO,1,28,55,120,1,1
1790189215118,sala01,6727,1790189215118,0,0,OCUPADO,1,28,55,120,1,1
1790189217118,sala01,6728,1790189217118,0,0,OCUPADO,1,28,55,120,1,1
1790189219118,sala01,6729,1790189219118,0,0,OCUPADO,0,28,55,120,1,1
1790189221118,sala01,6730,1790189221118,0,0,OCUPADO,1,28,55,120,1,1
1790189223118,sala01,6731,1790189223118,0,0,OCUPADO,1,28,55,120,1,1
1790189225118,sala01,6732,1790189225118,0,0,OCUPADO,1,28,55,120,1,1
1790189227118,sala01,6733,1790189227118,0,0,OCUPADO,0,28,55,120,1,1
1790189229118,sala01,6734,1790189229118,0,0,OCUPADO,1,28,55,120,1,1
1790189231118,sala01,6735,1790189231118,0,0,OCUPADO,1,28,55,120,1,1
1790189233118,sala01,6736,1790189233118,0,0,OCUPADO,1,28,55,120,1,1
1790189235118,sala01,6737,1790189235118,0,0,OCUPADO,0,28,55,120,1,1
1790189237118,sala01,6738,1790189237118,0,0,OCUPADO,1,28,55,120,1,1
1790189239118,sala01,6739,1790189239118,0,0,OCUPADO,1,28,55,120,1,1
1790189241118,sala01,6740,1790189241118,0,0,OCUPADO,1,28,55,120,1,1
1790189243118,sala01,6741,1790189243118,0,0,OCUPADO,0,28,55,120,1,1
1790189245118,sala01,6742,1790189245118,0,0,OCUPADO,1,28,55,120,1,1
1790189247118,sala01,6743,1790189247118,0,0,OCUPADO,1,28,55,120,1,1
1790189249118,sala01,6744,1790189249118,0,0,OCUPADO,1,28,55,120,1,1
1790189251118,sala01,6745,1790189251118,0,0,OCUPADO,0,28,55,120,1,1
1790189253118,sala01,6746,1790189253118,0,0,OCUPADO,1,28,55,120,1,1
1790189255118,sala01,6747,1790189255118,0,0,OCUPADO,1,28,55,120,1,1
1790189257118,sala01,6748,1790189257118,0,0,OCUPADO,1,28,55,120,1,1
1790189259118,sala01,6749,1790189259118,0,0,OCUPADO,0,28,55,120,1,1
1790189261118,sala01,6750,1790189261118,0,0,OCUPADO,1,28,55,120,1,1
1790189263118,sala01,6751,1790189263118,0,0,OCUPADO,1,28,55,120,1,1
1790189265118,sala01,6752,1790189265118,0,0,OCUPADO,1,28,55,120,1,1
1790189267118,sala01,6753,1790189267118,0,0,OCUPADO,0,28,55,120,1,1
1790189269118,sala01,6754,1790189269118,0,0,OCUPADO,1,28,55,120,1,1
1790189271118,sala01,6755,1790189271118,0,0,OCUPADO,1,28,55,120,1,1
1790189273118,sala01,6756,1790189273118,0,0,OCUPADO,1,28,55,120,1,1
1790189275118,sala01,6757,1790189275118,0,0,OCUPADO,0,28,55,120,1,1
1790189277118,sala01,6758,1790189277118,0,0,OCUPADO,1,28,55,120,1,1
1790189279118,sala01,6759,1790189279118,0,0,OCUPADO,1,28,55,120,1,1
1790189281118,sala01,6760,1790189281118,0,0,OCUPADO,1,28,55,120,1,1
1790189283118,sala01,6761,1790189283118,0,0,OCUPADO,0,28,55,120,1,1
1790189285118,sala01,6762,1790189285118,0,0,OCUPADO,1,28,55,120,1,1
1790189287118,sala01,6763,1790189287118,0,0,OCUPADO,1,28,55,120,1,1
1790189289118,sala01,6764,1790189289118,0,0,OCUPADO,1,28,55,120,1,1
1790189291118,sala01,6765,1790189291118,0,0,OCUPADO,0,28,55,120,1,1
1790189293118,sala01,6766,1790189293118,0,0,OCUPADO,1,28,55,120,1,1
1790189295118,sala01,6767,1790189295118,0,0,OCUPADO,1,28,55,120,1,1
1790189297118,sala01,6768,1790189297118,0,0,OCUPADO,1,28,55,120,1,1
1790189299118,sala01,6769,1790189299118,0,0,OCUPADO,0,28,55,120,1,1
1790189301118,sala01,6770,1790189301118,0,0,OCUPADO,1,28,55,120,1,1
1790189303118,sala01,6771,1790189303118,0,0,OCUPADO,1,28,55,120,1,1
1790189305118,sala01,6772,1790189305118,0,0,OCUPADO,1,28,55,120,1,1
1790189307118,sala01,6773,1790189307118,0,0,OCUPADO,0,28,55,120,1,1
1790189309118,sala01,6774,1790189309118,0,0,OCUPADO,1,28,55,120,1,1
1790189311118,sala01,6775,1790189311118,0,0,OCUPADO,1,28,55,120,1,1
1790189313118,sala01,6776,1790189313118,0,0,OCUPADO,1,28,55,120,1,1
1790189315118,sala01,6777,1790189315118,0,0,OCUPADO,0,28,55,120,1,1
1790189317118,sala01,6778,1790189317118,0,0,OCUPADO,1,28,55,120,1,1
1790189319118,sala01,6779,1790189319118,0,0,OCUPADO,1,28,55,120,1,1
1790189321118,sala01,6780,1790189321118,0,0,OCUPADO,1,28,55,120,1,1
1790189323118,sala01,6781,1790189323118,0,0,OCUPADO,0,28,55,120,1,1
1790189325118,sala01,6782,1790189325118,0,0,OCUPADO,1,28,55,120,1,1
1790189327118,sala01,6783,1790189327118,0,0,OCUPADO,1,28,55,120,1,1
1790189329118,sala01,6784,1790189329118,0,0,OCUPADO,1,28,55,120,1,1
1790189331118,sala01,6785,1790189331118,0,0,OCUPADO,0,28,55,120,1,1
1790189333118,sala01,6786,1790189333118,0,0,OCUPADO,1,28,55,120,1,1
1790189335118,sala01,6787,1790189335118,0,0,OCUPADO,1,28,55,120,1,1
1790189337118,sala01,6788,1790189337118,0,0,OCUPADO,1,28,55,120,1,1
1790189339118,sala01,6789,1790189339118,0,0,OCUPADO,0,28,55,120,1,1
1790189341118,sala01,6790,1790189341118,0,0,OCUPADO,1,28,55,120,1,1
1790189343118,sala01,6791,1790189343118,0,0,OCUPADO,1,28,55,120,1,1
1790189345118,sala01,6792,1790189345118,0,0,OCUPADO,1,28,55,120,1,1
1790189347118,sala01,6793,1790189347118,0,0,OCUPADO,0,28,55,120,1,1
1790189349118,sala01,6794,1790189349118,0,0,OCUPADO,1,28,55,120,1,1
1790189351118,sala01,6795,1790189351118,0,0,OCUPADO,1,28,55,120,1,1
1790189353118,sala01,6796,1790189353118,0,0,OCUPADO,1,28,55,120,1,1
1790189355118,sala01,6797,1790189355118,0,0,OCUPADO,0,28,55,120,1,1
1790189357118,sala01,6798,1790189357118,0,0,OCUPADO,1,28,55,120,1,1
1790189359118,sala01,6799,1790189359118,0,0,OCUPADO,1,28,55,120,1,1
1790189361118,sala01,6800,1790189361118,0,0,OCUPADO,1,28,55,120,1,1
1790189363118,sala01,6801,1790189363118,0,0,OCUPADO,0,28,55,120,1,1
1790189365118,sala01,6802,1790189365118,0,0,OCUPADO,1,28,55,120,1,1
1790189367118,sala01,6803,1790189367118,0,0,OCUPADO,1,28,55,120,1,1
1790189369118,sala01,6804,1790189369118,0,0,OCUPADO,1,28,55,120,1,1
1790189371118,sala01,6805,1790189371118,0,0,OCUPADO,0,28,55,120,1,1
1790189373118,sala01,6806,1790189373118,0,0,OCUPADO,1,28,55,120,1,1
1790189375118,sala01,6807,1790189375118,0,0,OCUPADO,1,28,55,120,1,1
1790189377118,sala01,6808,1790189377118,0,0,OCUPADO,1,28,55,120,1,1
1790189379118,sala01,6809,1790189379118,0,0,OCUPADO,0,28,55,120,1,1
1790189381118,sala01,6810,1790189381118,0,0,OCUPADO,1,28,55,120,1,1
1790189383118,sala01,6811,1790189383118,0,0,OCUPADO,1,28,55,120,1,1
1790189385118,sala01,6812,1790189385118,0,0,OCUPADO,1,28,55,120,1,1
1790189387118,sala01,6813,1790189387118,0,0,OCUPADO,0,28,55,120,1,1
1790189389118,sala01,6814,1790189389118,0,0,OCUPADO,1,28,55,120,1,1
1790189391118,sala01,6815,1790189391118,0,0,OCUPADO,1,28,55,120,1,1
1790189393118,sala01,6816,1790189393118,0,0,OCUPADO,1,28,55,120,1,1
1790189395118,sala01,6817,1790189395118,0,0,OCUPADO,0,28,55,120,1,1
1790189397118,sala01,6818,1790189397118,0,0,OCUPADO,1,28,55,120,1,1
1790189399118,sala01,6819,1790189399118,0,0,OCUPADO,1,28,55,120,1,1
1790189401118,sala01,6820,1790189401118,0,0,OCUPADO,1,28,55,120,1,1
1790189403118,sala01,6821,1790189403118,0,0,OCUPADO,0,28,55,120,1,1
1790189405118,sala01,6822,1790189405118,0,0,OCUPADO,1,28,55,120,1,1
1790189407118,sala01,6823,1790189407118,0,0,OCUPADO,1,28,55,120,1,1
1790189409118,sala01,6824,1790189409118,0,0,OCUPADO,1,28,55,120,1,1
1790189411118,sala01,6825,1790189411118,0,0,OCUPADO,0,28,55,120,1,1
1790189413118,sala01,6826,1790189413118,0,0,OCUPADO,1,28,55,120,1,1
1790189415118,sala01,6827,1790189415118,0,0,OCUPADO,1,28,55,120,1,1
1790189417118,sala01,6828,1790189417118,0,0,OCUPADO,1,28,55,120,1,1
1790189419118,sala01,6829,1790189419118,0,0,OCUPADO,0,28,55,120,1,1
1790189421118,sala01,6830,1790189421118,0,0,OCUPADO,1,28,55,120,1,1
1790189423118,sala01,6831,1790189423118,0,0,OCUPADO,1,28,55,120,1,1
1790189425118,sala01,6832,1790189425118,0,0,OCUPADO,1,28,55,120,1,1
1790189427118,sala01,6833,1790189427118,0,0,OCUPADO,0,28,55,120,1,1
1790189429118,sala01,6834,1790189429118,0,0,OCUPADO,1,28,55,120,1,1
1790189431118,sala01,6835,1790189431118,0,0,OCUPADO,1,28,55,120,1,1
1790189433118,sala01,6836,1790189433118,0,0,OCUPADO,1,28,55,120,1,1
1790189435118,sala01,6837,1790189435118,0,0,OCUPADO,0,28,55,120,1,1
1790189437118,sala01,6838,1790189437118,0,0,OCUPADO,1,28,55,120,1,1
1790189439118,sala01,6839,1790189439118,0,0,OCUPADO,1,28,55,120,1,1
1790189441118,sala01,6840,1790189441118,0,0,OCUPADO,1,28,55,120,1,1
1790189443118,sala01,6841,1790189443118,0,0,OCUPADO,0,28,55,120,1,1
1790189445118,sala01,6842,1790189445118,0,0,OCUPADO,1,28,55,120,1,1
1790189447118,sala01,6843,1790189447118,0,0,OCUPADO,1,28,55,120,1,1
1790189449118,sala01,6844,1790189449118,0,0,OCUPADO,1,28,55,120,1,1
1790189451118,sala01,6845,1790189451118,0,0,OCUPADO,0,28,55,120,1,1
1790189453118,sala01,6846,1790189453118,0,0,OCUPADO,1,28,55,120,1,1
1790189455118,sala01,6847,1790189455118,0,0,OCUPADO,1,28,55,120,1,1
1790189457118,sala01,6848,1790189457118,0,0,OCUPADO,1,28,55,120,1,1
1790189459118,sala01,6849,1790189459118,0,0,OCUPADO,0,28,55,120,1,1
1790189461118,sala01,6850,1790189461118,0,0,OCUPADO,1,28,55,120,1,1
1790189463118,sala01,6851,1790189463118,0,0,OCUPADO,1,28,55,120,1,1
1790189465118,sala01,6852,1790189465118,0,0,OCUPADO,1,28,55,120,1,1
1790189467118,sala01,6853,1790189467118,0,0,OCUPADO,0,28,55,120,1,1
1790189469118,sala01,6854,1790189469118,0,0,OCUPADO,1,28,55,120,1,1
1790189471118,sala01,6855,1790189471118,0,0,OCUPADO,1,28,55,120,1,1
1790189473118,sala01,6856,1790189473118,0,0,OCUPADO,1,28,55,120,1,1
1790189475118,sala01,6857,1790189475118,0,0,OCUPADO,0,28,55,120,1,1
1790189477118,sala01,6858,1790189477118,0,0,OCUPADO,1,28,55,120,1,1
1790189479118,sala01,6859,1790189479118,0,0,OCUPADO,1,28,55,120,1,1
1790189481118,sala01,6860,1790189481118,0,0,OCUPADO,1,28,55,120,1,1
1790189483118,sala01,6861,1790189483118,0,0,OCUPADO,0,28,55,120,1,1
1790189485118,sala01,6862,1790189485118,0,0,OCUPADO,1,28,55,120,1,1
1790189487118,sala01,6863,1790189487118,0,0,OCUPADO,1,28,55,120,1,1
1790189489118,sala01,6864,1790189489118,0,0,OCUPADO,1,28,55,120,1,1
1790189491118,sala01,6865,1790189491118,0,0,OCUPADO,0,28,55,120,1,1
1790189493118,sala01,6866,1790189493118,0,0,OCUPADO,1,28,55,120,1,1
1790189495118,sala01,6867,1790189495118,0,0,OCUPADO,1,28,55,120,1,1
1790189497118,sala01,6868,1790189497118,0,0,OCUPADO,1,28,55,120,1,1
1790189499118,sala01,6869,1790189499118,0,0,OCUPADO,0,28,55,120,1,1
1790189501118,sala01,6870,1790189501118,0,0,OCUPADO,1,28,55,120,1,1
1790189503118,sala01,6871,1790189503118,0,0,OCUPADO,1,28,55,120,1,1
1790189505118,sala01,6872,1790189505118,0,0,OCUPADO,1,28,55,120,1,1
1790189507118,sala01,6873,1790189507118,0,0,OCUPADO,0,28,55,120,1,1
1790189509118,sala01,6874,1790189509118,0,0,OCUPADO,1,28,55,120,1,1
1790189511118,sala01,6875,1790189511118,0,0,OCUPADO,1,28,55,120,1,1
1790189513118,sala01,6876,1790189513118,0,0,OCUPADO,1,28,55,120,1,1
1790189515118,sala01,6877,1790189515118,0,0,OCUPADO,0,28,55,120,1,1
1790189517118,sala01,6878,1790189517118,0,0,OCUPADO,1,28,55,120,1,1
1790189519118,sala01,6879,1790189519118,0,0,OCUPADO,1,28,55,120,1,1
1790189521118,sala01,6880,1790189521118,0,0,OCUPADO,1,28,55,120,1,1
1790189523118,sala01,6881,1790189523118,0,0,OCUPADO,0,28,55,120,1,1
1790189525118,sala01,6882,1790189525118,0,0,OCUPADO,1,28,55,120,1,1
1790189527118,sala01,6883,1790189527118,0,0,OCUPADO,1,28,55,120,1,1
1790189529118,sala01,6884,1790189529118,0,0,OCUPADO,1,28,55,120,1,1
1790189531118,sala01,6885,1790189531118,0,0,OCUPADO,0,28,55,120,1,1
1790189533118,sala01,6886,1790189533118,0,0,OCUPADO,1,28,55,120,1,1
1790189535118,sala01,6887,1790189535118,0,0,OCUPADO,1,28,55,120,1,1
1790189537118,sala01,6888,1790189537118,0,0,OCUPADO,1,28,55,120,1,1
1790189539118,sala01,6889,1790189539118,0,0,OCUPADO,0,28,55,120,1,1
1790189541118,sala01,6890,1790189541118,0,0,OCUPADO,1,28,55,120,1,1
1790189543118,sala01,6891,1790189543118,0,0,OCUPADO,1,28,55,120,1,1
1790189545118,sala01,6892,1790189545118,0,0,OCUPADO,1,28,55,120,1,1
1790189547118,sala01,6893,1790189547118,0,0,OCUPADO,0,28,55,120,1,1
1790189549118,sala01,6894,1790189549118,0,0,OCUPADO,1,28,55,120,1,1
1790189551118,sala01,6895,1790189551118,0,0,OCUPADO,1,28,55,120,1,1
1790189553118,sala01,6896,1790189553118,0,0,OCUPADO,1,28,55,120,1,1
1790189555118,sala01,6897,1790189555118,0,0,OCUPADO,0,28,55,120,1,1
1790189557118,sala01,6898,1790189557118,0,0,OCUPADO,1,28,55,120,1,1
1790189559118,sala01,6899,1790189559118,0,0,OCUPADO,1,28,55,120,1,1
1790189561118,sala01,6900,1790189561118,0,0,OCUPADO,1,28,55,120,1,1
1790189563118,sala01,6901,1790189563118,0,0,OCUPADO,0,28,55,120,1,1
1790189565118,sala01,6902,1790189565118,0,0,OCUPADO,1,28,55,120,1,1
1790189567118,sala01,6903,1790189567118,0,0,OCUPADO,1,28,55,120,1,1
1790189569118,sala01,6904,1790189569118,0,0,OCUPADO,1,28,55,120,1,1
1790189571118,sala01,6905,1790189571118,0,0,OCUPADO,0,28,55,120,1,1
1790189573118,sala01,6906,1790189573118,0,0,OCUPADO,1,28,55,120,1,1
1790189575118,sala01,6907,1790189575118,0,0,OCUPADO,1,28,55,120,1,1
1790189577118,sala01,6908,1790189577118,0,0,OCUPADO,1,28,55,120,1,1
1790189579118,sala01,6909,1790189579118,0,0,OCUPADO,0,28,55,120,1,1
1790189581118,sala01,6910,1790189581118,0,0,OCUPADO,1,28,55,120,1,1
1790189583118,sala01,6911,1790189583118,0,0,OCUPADO,1,28,55,120,1,1
1790189585118,sala01,6912,1790189585118,0,0,OCUPADO,1,28,55,120,1,1
1790189587118,sala01,6913,1790189587118,0,0,OCUPADO,0,28,55,120,1,1
1790189589118,sala01,6914,1790189589118,0,0,OCUPADO,1,28,55,120,1,1
1790189591118,sala01,6915,1790189591118,0,0,OCUPADO,1,28,55,120,1,1
1790189593118,sala01,6916,1790189593118,0,0,OCUPADO,1,28,55,120,1,1
1790189595118,sala01,6917,1790189595118,0,0,OCUPADO,0,28,55,120,1,1
1790189597118,sala01,6918,1790189597118,0,0,OCUPADO,1,28,55,120,1,1
1790189599118,sala01,6919,1790189599118,0,0,OCUPADO,1,28,55,120,1,1
1790189601118,sala01,6920,1790189601118,0,0,OCUPADO,1,28,55,120,1,1
1790189603118,sala01,6921,1790189603118,0,0,OCUPADO,0,28,55,120,1,1
1790189605118,sala01,6922,1790189605118,0,0,OCUPADO,1,28,55,120,1,1
1790189607118,sala01,6923,1790189607118,0,0,OCUPADO,1,28,55,120,1,1
1790189609118,sala01,6924,1790189609118,0,0,OCUPADO,1,28,55,120,1,1
1790189611118,sala01,6925,1790189611118,0,0,OCUPADO,0,28,55,120,1,1
1790189613118,sala01,6926,1790189613118,0,0,OCUPADO,1,28,55,120,1,1
1790189615118,sala01,6927,1790189615118,0,0,OCUPADO,1,28,55,120,1,1
1790189617118,sala01,6928,1790189617118,0,0,OCUPADO,1,28,55,120,1,1
1790189619118,sala01,6929,1790189619118,0,0,OCUPADO,0,28,55,120,1,1
1790189621118,sala01,6930,1790189621118,0,0,OCUPADO,1,28,55,120,1,1
1790189623118,sala01,6931,1790189623118,0,0,OCUPADO,1,28,55,120,1,1
1790189625118,sala01,6932,1790189625118,0,0,OCUPADO,1,28,55,120,1,1
1790189627118,sala01,6933,1790189627118,0,0,OCUPADO,0,28,55,120,1,1
1790189629118,sala01,6934,1790189629118,0,0,OCUPADO,1,28,55,120,1,1
1790189631118,sala01,6935,1790189631118,0,0,OCUPADO,1,28,55,120,1,1
1790189633118,sala01,6936,1790189633118,0,0,OCUPADO,1,28,55,120,1,1
1790189635118,sala01,6937,1790189635118,0,0,OCUPADO,0,28,55,120,1,1
1790189637118,sala01,6938,1790189637118,0,0,OCUPADO,1,28,55,120,1,1
1790189639118,sala01,6939,1790189639118,0,0,OCUPADO,1,28,55,120,1,1
1790189641118,sala01,6940,1790189641118,0,0,OCUPADO,1,28,55,120,1,1
1790189643118,sala01,6941,1790189643118,0,0,OCUPADO,0,28,55,120,1,1
1790189645118,sala01,6942,1790189645118,0,0,OCUPADO,1,28,55,120,1,1
1790189647118,sala01,6943,1790189647118,0,0,OCUPADO,1,28,55,120,1,1
1790189649118,sala01,6944,1790189649118,0,0,OCUPADO,1,28,55,120,1,1
1790189651118,sala01,6945,1790189651118,0,0,OCUPADO,0,28,55,120,1,1
1790189653118,sala01,6946,1790189653118,0,0,OCUPADO,1,28,55,120,1,1
1790189655118,sala01,6947,1790189655118,0,0,OCUPADO,1,28,55,120,1,1
1790189657118,sala01,6948,1790189657118,0,0,OCUPADO,1,28,55,120,1,1
1790189659118,sala01,6949,1790189659118,0,0,OCUPADO,0,28,55,120,1,1
1790189661118,sala01,6950,1790189661118,0,0,OCUPADO,1,28,55,120,1,1
1790189663118,sala01,6951,1790189663118,0,0,OCUPADO,1,28,55,120,1,1
1790189665118,sala01,6952,1790189665118,0,0,OCUPADO,1,28,55,120,1,1
1790189667118,sala01,6953,1790189667118,0,0,OCUPADO,0,28,55,120,1,1
1790189669118,sala01,6954,1790189669118,0,0,OCUPADO,1,28,55,120,1,1
1790189671118,sala01,6955,1790189671118,0,0,OCUPADO,1,28,55,120,1,1
1790189673118,sala01,6956,1790189673118,0,0,OCUPADO,1,28,55,120,1,1
1790189675118,sala01,6957,1790189675118,0,0,OCUPADO,0,28,55,120,1,1
1790189677118,sala01,6958,1790189677118,0,0,OCUPADO,1,28,55,120,1,1
1790189679118,sala01,6959,1790189679118,0,0,OCUPADO,1,28,55,120,1,1
1790189681118,sala01,6960,1790189681118,0,0,OCUPADO,1,28,55,120,1,1
1790189683118,sala01,6961,1790189683118,0,0,OCUPADO,0,28,55,120,1,1
1790189685118,sala01,6962,1790189685118,0,0,OCUPADO,1,28,55,120,1,1
1790189687118,sala01,6963,1790189687118,0,0,OCUPADO,1,28,55,120,1,1
1790189689118,sala01,6964,1790189689118,0,0,OCUPADO,1,28,55,120,1,1
1790189691118,sala01,6965,1790189691118,0,0,OCUPADO,0,28,55,120,1,1
1790189693118,sala01,6966,1790189693118,0,0,OCUPADO,1,28,55,120,1,1
1790189695118,sala01,6967,1790189695118,0,0,OCUPADO,1,28,55,120,1,1
1790189697118,sala01,6968,1790189697118,0,0,OCUPADO,1,28,55,120,1,1
1790189699118,sala01,6969,1790189699118,0,0,OCUPADO,0,28,55,120,1,1
1790189701118,sala01,6970,1790189701118,0,0,OCUPADO,1,28,55,120,1,1
1790189703118,sala01,6971,1790189703118,0,0,OCUPADO,1,28,55,120,1,1
1790189705118,sala01,6972,1790189705118,0,0,OCUPADO,1,28,55,120,1,1
1790189707118,sala01,6973,1790189707118,0,0,OCUPADO,0,28,55,120,1,1
1790189709118,sala01,6974,1790189709118,0,0,OCUPADO,1,28,55,120,1,1
1790189711118,sala01,6975,1790189711118,0,0,OCUPADO,1,28,55,120,1,1
1790189713118,sala01,6976,1790189713118,0,0,OCUPADO,1,28,55,120,1,1
1790189715118,sala01,6977,1790189715118,0,0,OCUPADO,0,28,55,120,1,1
1790189717118,sala01,6978,1790189717118,0,0,OCUPADO,1,28,55,120,1,1
1790189719118,sala01,6979,1790189719118,0,0,OCUPADO,1,28,55,120,1,1
1790189721118,sala01,6980,1790189721118,0,0,OCUPADO,1,28,55,120,1,1
1790189723118,sala01,6981,1790189723118,0,0,OCUPADO,0,28,55,120,1,1
1790189725118,sala01,6982,1790189725118,0,0,OCUPADO,1,28,55,120,1,1
1790189727118,sala01,6983,1790189727118,0,0,OCUPADO,1,28,55,120,1,1
1790189729118,sala01,6984,1790189729118,0,0,OCUPADO,1,28,55,120,1,1
1790189731118,sala01,6985,1790189731118,0,0,OCUPADO,0,28,55,120,1,1
1790189733118,sala01,6986,1790189733118,0,0,OCUPADO,1,28,55,120,1,1
1790189735118,sala01,6987,1790189735118,0,0,OCUPADO,1,28,55,120,1,1
1790189737118,sala01,6988,1790189737118,0,0,OCUPADO,1,28,55,120,1,1
1790189739118,sala01,6989,1790189739118,0,0,OCUPADO,0,28,55,120,1,1
1790189741118,sala01,6990,1790189741118,0,0,OCUPADO,1,28,55,120,1,1
1790189743118,sala01,6991,1790189743118,0,0,OCUPADO,1,28,55,120,1,1
1790189745118,sala01,6992,1790189745118,0,0,OCUPADO,1,28,55,120,1,1
1790189747118,sala01,6993,1790189747118,0,0,OCUPADO,0,28,55,120,1,1
1790189749118,sala01,6994,1790189749118,0,0,OCUPADO,1,28,55,120,1,1
1790189751118,sala01,6995,1790189751118,0,0,OCUPADO,1,28,55,120,1,1
1790189753118,sala01,6996,1790189753118,0,0,OCUPADO,1,28,55,120,1,1
1790189755118,sala01,6997,1790189755118,0,0,OCUPADO,0,28,55,120,1,1
1790189757118,sala01,6998,1790189757118,0,0,OCUPADO,1,28,55,120,1,1
1790189759118,sala01,6999,1790189759118,0,0,OCUPADO,1,28,55,120,1,1
1790189761118,sala01,7000,1790189761118,0,0,OCUPADO,1,28,55,120,1,1
1790189763118,sala01,7001,1790189763118,0,0,OCUPADO,0,28,55,120,1,1
1790189765118,sala01,7002,1790189765118,0,0,OCUPADO,1,28,55,120,1,1
1790189767118,sala01,7003,1790189767118,0,0,OCUPADO,1,28,55,120,1,1
1790189769118,sala01,7004,1790189769118,0,0,OCUPADO,1,28,55,120,1,1
1790189771118,sala01,7005,1790189771118,0,0,OCUPADO,0,28,55,120,1,1
1790189773118,sala01,7006,1790189773118,0,0,OCUPADO,1,28,55,120,1,1
1790189775118,sala01,7007,1790189775118,0,0,OCUPADO,1,28,55,120,1,1
1790189777118,sala01,7008,1790189777118,0,0,OCUPADO,1,28,55,120,1,1
1790189779118,sala01,7009,1790189779118,0,0,OCUPADO,0,28,55,120,1,1
1790189781118,sala01,7010,1790189781118,0,0,OCUPADO,1,28,55,120,1,1
1790189783118,sala01,7011,1790189783118,0,0,OCUPADO,1,28,55,120,1,1
1790189785118,sala01,7012,1790189785118,0,0,OCUPADO,1,28,55,120,1,1
1790189787118,sala01,7013,1790189787118,0,0,OCUPADO,0,28,55,120,1,1
1790189789118,sala01,7014,1790189789118,0,0,OCUPADO,1,28,55,120,1,1
1790189791118,sala01,7015,1790189791118,0,0,OCUPADO,1,28,55,120,1,1
1790189793118,sala01,7016,1790189793118,0,0,OCUPADO,1,28,55,120,1,1
1790189795118,sala01,7017,1790189795118,0,0,OCUPADO,0,28,55,120,1,1
1790189797118,sala01,7018,1790189797118,0,0,OCUPADO,1,28,55,120,1,1
1790189799118,sala01,7019,1790189799118,0,0,OCUPADO,1,28,55,120,1,1
1790189801118,sala01,7020,1790189801118,0,0,OCUPADO,1,28,55,120,1,1
1790189803118,sala01,7021,1790189803118,0,0,OCUPADO,0,28,55,120,1,1
1790189805118,sala01,7022,1790189805118,0,0,OCUPADO,1,28,55,120,1,1
1790189807118,sala01,7023,1790189807118,0,0,OCUPADO,1,28,55,120,1,1
1790189809118,sala01,7024,1790189809118,0,0,OCUPADO,1,28,55,120,1,1
1790189811118,sala01,7025,1790189811118,0,0,OCUPADO,0,28,55,120,1,1
1790189813118,sala01,7026,1790189813118,0,0,OCUPADO,1,28,55,120,1,1
1790189815118,sala01,7027,1790189815118,0,0,OCUPADO,1,28,55,120,1,1
1790189817118,sala01,7028,1790189817118,0,0,OCUPADO,1,28,55,120,1,1
1790189819118,sala01,7029,1790189819118,0,0,OCUPADO,0,28,55,120,1,1
1790189821118,sala01,7030,1790189821118,0,0,OCUPADO,1,28,55,120,1,1
1790189823118,sala01,7031,1790189823118,0,0,OCUPADO,1,28,55,120,1,1
1790189825118,sala01,7032,1790189825118,0,0,OCUPADO,1,28,55,120,1,1
1790189827118,sala01,7033,1790189827118,0,0,OCUPADO,0,28,55,120,1,1
1790189829118,sala01,7034,1790189829118,0,0,OCUPADO,1,28,55,120,1,1
1790189831118,sala01,7035,1790189831118,0,0,OCUPADO,1,28,55,120,1,1
1790189833118,sala01,7036,1790189833118,0,0,OCUPADO,1,28,55,120,1,1
1790189835118,sala01,7037,1790189835118,0,0,OCUPADO,0,28,55,120,1,1
1790189837118,sala01,7038,1790189837118,0,0,OCUPADO,1,28,55,120,1,1
1790189839118,sala01,7039,1790189839118,0,0,OCUPADO,1,28,55,120,1,1
1790189841118,sala01,7040,1790189841118,0,0,OCUPADO,1,28,55,120,1,1
1790189843118,sala01,7041,1790189843118,0,0,OCUPADO,0,28,55,120,1,1
1790189845118,sala01,7042,1790189845118,0,0,OCUPADO,1,28,55,120,1,1
1790189847118,sala01,7043,1790189847118,0,0,OCUPADO,1,28,55,120,1,1
1790189849118,sala01,7044,1790189849118,0,0,OCUPADO,1,28,55,120,1,1
1790189851118,sala01,7045,1790189851118,0,0,OCUPADO,0,28,55,120,1,1
1790189853118,sala01,7046,1790189853118,0,0,OCUPADO,1,28,55,120,1,1
1790189855118,sala01,7047,1790189855118,0,0,OCUPADO,1,28,55,120,1,1
1790189857118,sala01,7048,1790189857118,0,0,OCUPADO,1,28,55,120,1,1
1790189859118,sala01,7049,1790189859118,0,0,OCUPADO,0,28,55,120,1,1
1790189861118,sala01,7050,1790189861118,0,0,OCUPADO,1,28,55,120,1,1
1790189863118,sala01,7051,1790189863118,0,0,OCUPADO,1,28,55,120,1,1
1790189865118,sala01,7052,1790189865118,0,0,OCUPADO,1,28,55,120,1,1
1790189867118,sala01,7053,1790189867118,0,0,OCUPADO,0,28,55,120,1,1
1790189869118,sala01,7054,1790189869118,0,0,OCUPADO,1,28,55,120,1,1
1790189871118,sala01,7055,1790189871118,0,0,OCUPADO,1,28,55,120,1,1
1790189873118,sala01,7056,1790189873118,0,0,OCUPADO,1,28,55,120,1,1
1790189875118,sala01,7057,1790189875118,0,0,OCUPADO,0,28,55,120,1,1
1790189877118,sala01,7058,1790189877118,0,0,OCUPADO,1,28,55,120,1,1
1790189879118,sala01,7059,1790189879118,0,0,OCUPADO,1,28,55,120,1,1
1790189881118,sala01,7060,1790189881118,0,0,OCUPADO,1,28,55,120,1,1
1790189883118,sala01,7061,1790189883118,0,0,OCUPADO,0,28,55,120,1,1
1790189885118,sala01,7062,1790189885118,0,0,OCUPADO,1,28,55,120,1,1
1790189887118,sala01,7063,1790189887118,0,0,OCUPADO,1,28,55,120,1,1
1790189889118,sala01,7064,1790189889118,0,0,OCUPADO,1,28,55,120,1,1
1790189891118,sala01,7065,1790189891118,0,0,OCUPADO,0,28,55,120,1,1
1790189893118,sala01,7066,1790189893118,0,0,OCUPADO,1,28,55,120,1,1
1790189895118,sala01,7067,1790189895118,0,0,OCUPADO,1,28,55,120,1,1
1790189897118,sala01,7068,1790189897118,0,0,OCUPADO,1,28,55,120,1,1
1790189899118,sala01,7069,1790189899118,0,0,OCUPADO,0,28,55,120,1,1
1790189901118,sala01,7070,1790189901118,0,0,OCUPADO,1,28,55,120,1,1
1790189903118,sala01,7071,1790189903118,0,0,OCUPADO,1,28,55,120,1,1
1790189905118,sala01,7072,1790189905118,0,0,OCUPADO,1,28,55,120,1,1
1790189907118,sala01,7073,1790189907118,0,0,OCUPADO,0,28,55,120,1,1
1790189909118,sala01,7074,1790189909118,0,0,OCUPADO,1,28,55,120,1,1
1790189911118,sala01,7075,1790189911118,0,0,OCUPADO,1,28,55,120,1,1
1790189913118,sala01,7076,1790189913118,0,0,OCUPADO,1,28,55,120,1,1
1790189915118,sala01,7077,1790189915118,0,0,OCUPADO,0,28,55,120,1,1
1790189917118,sala01,7078,1790189917118,0,0,OCUPADO,1,28,55,120,1,1
1790189919118,sala01,7079,1790189919118,0,0,OCUPADO,1,28,55,120,1,1
1790189921118,sala01,7080,1790189921118,0,0,OCUPADO,1,28,55,120,1,1
1790189923118,sala01,7081,1790189923118,0,0,OCUPADO,0,28,55,120,1,1
1790189925118,sala01,7082,1790189925118,0,0,OCUPADO,1,28,55,120,1,1
1790189927118,sala01,7083,1790189927118,0,0,OCUPADO,1,28,55,120,1,1
1790189929118,sala01,7084,1790189929118,0,0,OCUPADO,1,28,55,120,1,1
1790189931118,sala01,7085,1790189931118,0,0,OCUPADO,0,28,55,120,1,1
1790189933118,sala01,7086,1790189933118,0,0,OCUPADO,1,28,55,120,1,1
1790189935118,sala01,7087,1790189935118,0,0,OCUPADO,1,28,55,120,1,1
1790189937118,sala01,7088,1790189937118,0,0,OCUPADO,1,28,55,120,1,1
1790189939118,sala01,7089,1790189939118,0,0,OCUPADO,0,28,55,120,1,1
1790189941118,sala01,7090,1790189941118,0,0,OCUPADO,1,28,55,120,1,1
1790189943118,sala01,7091,1790189943118,0,0,OCUPADO,1,28,55,120,1,1
1790189945118,sala01,7092,1790189945118,0,0,OCUPADO,1,28,55,120,1,1
1790189947118,sala01,7093,1790189947118,0,0,OCUPADO,0,28,55,120,1,1
1790189949118,sala01,7094,1790189949118,0,0,OCUPADO,1,28,55,120,1,1
1790189951118,sala01,7095,1790189951118,0,0,OCUPADO,1,28,55,120,1,1
1790189953118,sala01,7096,1790189953118,0,0,OCUPADO,1,28,55,120,1,1
1790189955118,sala01,7097,1790189955118,0,0,OCUPADO,0,28,55,120,1,1
1790189957118,sala01,7098,1790189957118,0,0,OCUPADO,1,28,55,120,1,1
1790189959118,sala01,7099,1790189959118,0,0,OCUPADO,1,28,55,120,1,1
1790189961118,sala01,7100,1790189961118,0,0,OCUPADO,1,28,55,120,1,1
1790189963118,sala01,7101,1790189963118,0,0,OCUPADO,0,28,55,120,1,1
1790189965118,sala01,7102,1790189965118,0,0,OCUPADO,1,28,55,120,1,1
1790189967118,sala01,7103,1790189967118,0,0,OCUPADO,1,28,55,120,1,1
1790189969118,sala01,7104,1790189969118,0,0,OCUPADO,1,28,55,120,1,1
1790189971118,sala01,7105,1790189971118,0,0,OCUPADO,0,28,55,120,1,1
1790189973118,sala01,7106,1790189973118,0,0,OCUPADO,1,28,55,120,1,1
1790189975118,sala01,7107,1790189975118,0,0,OCUPADO,1,28,55,120,1,1
1790189977118,sala01,7108,1790189977118,0,0,OCUPADO,1,28,55,120,1,1
1790189979118,sala01,7109,1790189979118,0,0,OCUPADO,0,28,55,120,1,1
1790189981118,sala01,7110,1790189981118,0,0,OCUPADO,1,28,55,120,1,1
1790189983118,sala01,7111,1790189983118,0,0,OCUPADO,1,28,55,120,1,1
1790189985118,sala01,7112,1790189985118,0,0,OCUPADO,1,28,55,120,1,1
1790189987118,sala01,7113,1790189987118,0,0,OCUPADO,0,28,55,120,1,1
1790189989118,sala01,7114,1790189989118,0,0,OCUPADO,1,28,55,120,1,1
1790189991118,sala01,7115,1790189991118,0,0,OCUPADO,1,28,55,120,1,1
1790189993118,sala01,7116,1790189993118,0,0,OCUPADO,1,28,55,120,1,1
1790189995118,sala01,7117,1790189995118,0,0,OCUPADO,0,28,55,120,1,1
1790189997118,sala01,7118,1790189997118,0,0,OCUPADO,1,28,55,120,1,1
1790189999118,sala01,7119,1790189999118,0,0,OCUPADO,1,28,55,120,1,1
1790190001118,sala01,7120,1790190001118,0,0,OCUPADO,1,28,55,120,1,1
1790190003118,sala01,7121,1790190003118,0,0,OCUPADO,0,28,55,120,1,1
1790190005118,sala01,7122,1790190005118,0,0,OCUPADO,1,28,55,120,1,1
1790190007118,sala01,7123,1790190007118,0,0,OCUPADO,1,28,55,120,1,1
1790190009118,sala01,7124,1790190009118,0,0,OCUPADO,1,28,55,120,1,1
1790190011118,sala01,7125,1790190011118,0,0,OCUPADO,0,28,55,120,1,1
1790190013118,sala01,7126,1790190013118,0,0,OCUPADO,1,28,55,120,1,1
1790190015118,sala01,7127,1790190015118,0,0,OCUPADO,1,28,55,120,1,1
1790190017118,sala01,7128,1790190017118,0,0,OCUPADO,1,28,55,120,1,1
1790190019118,sala01,7129,1790190019118,0,0,OCUPADO,0,28,55,120,1,1
1790190021118,sala01,7130,1790190021118,0,0,OCUPADO,1,28,55,120,1,1
1790190023118,sala01,7131,1790190023118,0,0,OCUPADO,1,28,55,120,1,1
1790190025118,sala01,7132,1790190025118,0,0,OCUPADO,1,28,55,120,1,1
1790190027118,sala01,7133,1790190027118,0,0,OCUPADO,0,28,55,120,1,1
1790190029118,sala01,7134,1790190029118,0,0,OCUPADO,1,28,55,120,1,1
1790190031118,sala01,7135,1790190031118,0,0,OCUPADO,1,28,55,120,1,1
1790190033118,sala01,7136,1790190033118,0,0,OCUPADO,1,28,55,120,1,1
1790190035118,sala01,7137,1790190035118,0,0,OCUPADO,0,28,55,120,1,1
1790190037118,sala01,7138,1790190037118,0,0,OCUPADO,1,28,55,120,1,1
1790190039118,sala01,7139,1790190039118,0,0,OCUPADO,1,28,55,120,1,1
1790190041118,sala01,7140,1790190041118,0,0,OCUPADO,1,28,55,120,1,1
1790190043118,sala01,7141,1790190043118,0,0,OCUPADO,0,28,55,120,1,1
1790190045118,sala01,7142,1790190045118,0,0,OCUPADO,1,28,55,120,1,1
1790190047118,sala01,7143,1790190047118,0,0,OCUPADO,1,28,55,120,1,1
1790190049118,sala01,7144,1790190049118,0,0,OCUPADO,1,28,55,120,1,1
1790190051118,sala01,7145,1790190051118,0,0,OCUPADO,0,28,55,120,1,1
1790190053118,sala01,7146,1790190053118,0,0,OCUPADO,1,28,55,120,1,1
1790190055118,sala01,7147,1790190055118,0,0,OCUPADO,1,28,55,120,1,1
1790190057118,sala01,7148,1790190057118,0,0,OCUPADO,1,28,55,120,1,1
1790190059118,sala01,7149,1790190059118,0,0,OCUPADO,0,28,55,120,1,1
1790190061118,sala01,7150,1790190061118,0,0,OCUPADO,1,28,55,120,1,1
1790190063118,sala01,7151,1790190063118,0,0,OCUPADO,1,28,55,120,1,1
1790190065118,sala01,7152,1790190065118,0,0,OCUPADO,1,28,55,120,1,1
1790190067118,sala01,7153,1790190067118,0,0,OCUPADO,0,28,55,120,1,1
1790190069118,sala01,7154,1790190069118,0,0,OCUPADO,1,28,55,120,1,1
1790190071118,sala01,7155,1790190071118,0,0,OCUPADO,1,28,55,120,1,1
1790190073118,sala01,7156,1790190073118,0,0,OCUPADO,1,28,55,120,1,1
1790190075118,sala01,7157,1790190075118,0,0,OCUPADO,0,28,55,120,1,1
1790190077118,sala01,7158,1790190077118,0,0,OCUPADO,1,28,55,120,1,1
1790190079118,sala01,7159,1790190079118,0,0,OCUPADO,1,28,55,120,1,1
1790190081118,sala01,7160,1790190081118,0,0,OCUPADO,1,28,55,120,1,1
1790190083118,sala01,7161,1790190083118,0,0,OCUPADO,0,28,55,120,1,1
1790190085118,sala01,7162,1790190085118,0,0,OCUPADO,1,28,55,120,1,1
1790190087118,sala01,7163,1790190087118,0,0,OCUPADO,1,28,55,120,1,1
1790190089118,sala01,7164,1790190089118,0,0,OCUPADO,1,28,55,120,1,1
1790190091118,sala01,7165,1790190091118,0,0,OCUPADO,0,28,55,120,1,1
1790190093118,sala01,7166,1790190093118,0,0,OCUPADO,1,28,55,120,1,1
1790190095118,sala01,7167,1790190095118,0,0,OCUPADO,1,28,55,120,1,1
1790190097118,sala01,7168,1790190097118,0,0,OCUPADO,1,28,55,120,1,1
1790190099118,sala01,7169,1790190099118,0,0,OCUPADO,0,28,55,120,1,1
1790190101118,sala01,7170,1790190101118,0,0,OCUPADO,1,28,55,120,1,1
1790190103118,sala01,7171,1790190103118,0,0,OCUPADO,1,28,55,120,1,1
1790190105118,sala01,7172,1790190105118,0,0,OCUPADO,1,28,55,120,1,1
1790190107118,sala01,7173,1790190107118,0,0,OCUPADO,0,28,55,120,1,1
1790190109118,sala01,7174,1790190109118,0,0,OCUPADO,1,28,55,120,1,1
1790190111118,sala01,7175,1790190111118,0,0,OCUPADO,1,28,55,120,1,1
1790190113118,sala01,7176,1790190113118,0,0,OCUPADO,1,28,55,120,1,1
1790190115118,sala01,7177,1790190115118,0,0,OCUPADO,0,28,55,120,1,1
1790190117118,sala01,7178,1790190117118,0,0,OCUPADO,1,28,55,120,1,1
1790190119118,sala01,7179,1790190119118,0,0,OCUPADO,1,28,55,120,1,1
1790190121118,sala01,7180,1790190121118,0,0,OCUPADO,1,28,55,120,1,1
1790190123118,sala01,7181,1790190123118,0,0,OCUPADO,0,28,55,120,1,1
1790190125118,sala01,7182,1790190125118,0,0,OCUPADO,1,28,55,120,1,1
1790190127118,sala01,7183,1790190127118,0,0,OCUPADO,1,28,55,120,1,1
1790190129118,sala01,7184,1790190129118,0,0,OCUPADO,1,28,55,120,1,1
1790190131118,sala01,7185,1790190131118,0,0,OCUPADO,0,28,55,120,1,1
1790190133118,sala01,7186,1790190133118,0,0,OCUPADO,1,28,55,120,1,1
1790190135118,sala01,7187,1790190135118,0,0,OCUPADO,1,28,55,120,1,1
1790190137118,sala01,7188,1790190137118,0,0,OCUPADO,1,28,55,120,1,1
1790190139118,sala01,7189,1790190139118,0,0,OCUPADO,0,28,55,120,1,1
1790190141118,sala01,7190,1790190141118,0,0,OCUPADO,1,28,55,120,1,1
1790190143118,sala01,7191,1790190143118,0,0,OCUPADO,1,28,55,120,1,1
1790190145118,sala01,7192,1790190145118,0,0,OCUPADO,1,28,55,120,1,1
1790190147118,sala01,7193,1790190147118,0,0,OCUPADO,0,28,55,120,1,1
1790190149118,sala01,7194,1790190149118,0,0,OCUPADO,1,28,55,120,1,1
1790190151118,sala01,7195,1790190151118,0,0,OCUPADO,1,28,55,120,1,1
1790190153118,sala01,7196,1790190153118,0,0,OCUPADO,1,28,55,120,1,1
1790190155118,sala01,7197,1790190155118,0,0,OCUPADO,0,28,55,120,1,1
1790190157118,sala01,7198,1790190157118,0,0,OCUPADO,1,28,55,120,1,1
1790190159118,sala01,7199,1790190159118,0,0,OCUPADO,1,28,55,120,1,1
1790190161118,sala01,7200,1790190161118,0,0,OCUPADO,1,28,55,120,1,1
1790190163118,sala01,7201,1790190163118,0,0,OCUPADO,0,28,55,120,1,1
1790190165118,sala01,7202,1790190165118,0,0,OCUPADO,0,28,55,120,1,1
1790190167118,sala01,7203,1790190167118,0,0,OCUPADO,0,28,55,120,1,1
1790190169118,sala01,7204,1790190169118,0,0,OCUPADO,0,28,55,120,1,1
1790190171118,sala01,7205,1790190171118,0,0,OCUPADO,0,28,55,120,1,1
1790190173118,sala01,7206,1790190173118,0,0,OCUPADO,0,28,55,120,1,1
1790190175118,sala01,7207,1790190175118,0,0,OCUPADO,0,28,55,120,1,1
1790190177118,sala01,7208,1790190177118,0,0,OCUPADO,0,28,55,120,1,1
1790190179118,sala01,7209,1790190179118,0,0,OCUPADO,0,28,55,120,1,1
1790190181118,sala01,7210,1790190181118,0,0,OCUPADO,0,28,55,120,1,1
1790190183118,sala01,7211,1790190183118,0,0,OCUPADO,0,28,55,120,1,1
1790190185118,sala01,7212,1790190185118,0,0,OCUPADO,0,28,55,120,1,1
1790190187118,sala01,7213,1790190187118,0,0,OCUPADO,0,28,55,120,1,1
1790190189118,sala01,7214,1790190189118,0,0,OCUPADO,0,28,55,120,1,1
1790190191118,sala01,7215,1790190191118,0,0,OCUPADO,0,28,55,120,1,1
1790190192118,sala01,7216,1790190192118,0,0,DESOCUPADO,0,28,55,120,0,0
1790190194118,sala01,7217,1790190194118,0,0,DESOCUPADO,0,28,55,120,0,0
1790190196118,sala01,7218,1790190196118,0,0,DESOCUPADO,0,28,55,120,0,0
1790190198118,sala01,7219,1790190198118,0,0,DESOCUPADO,0,28,55,120,0,0
1790190200118,sala01,7220,1790190200118,0,0,DESOCUPADO,0,28,55,120,0,0
1790190202118,sala01,7221,1790190202118,0,0,DESOCUPADO,0,28,55,120,0,0
1790190204118,sala01,7222,1790190204118,0,0,DESOCUPADO,0,28,55,120,0,0
1790190206118,sala01,7223,1790190206118,0,0,DESOCUPADO,0,28,55,120,0,0
1790190208118,sala01,7224,1790190208118,0,0,DESOCUPADO,0,28,55,120,0,0
1790190210118,sala01,7225,1790190210118,0,0,DESOCUPADO,0,28,55,120,0,0
1790190212118,sala01,7226,1790190212118,0,0,DESOCUPADO,0,28,55,120,0,0
1790190214118,sala01,7227,1790190214118,0,0,DESOCUPADO,0,28,55,120,0,0
1790190216118,sala01,7228,1790190216118,0,0,DESOCUPADO,0,28,55,120,0,0
1790190218118,sala01,7229,1790190218118,0,0,DESOCUPADO,0,28,55,120,0,0
1790190220118,sala01,7230,1790190220118,0,0,DESOCUPADO,0,28,55,120,0,0
1790190222118,sala01,7231,1790190222118,0,0,DESOCUPADO,0,28,55,120,0,0
1790190224118,sala01,7232,1790190224118,0,0,DESOCUPADO,0,28,55,120,0,0
1790190226118,sala01,7233,1790190226118,0,0,DESOCUPADO,0,28,55,120,0,0
1790190228118,sala01,7234,1790190228118,0,0,DESOCUPADO,0,28,55,120,0,0
1790190230118,sala01,7235,1790190230118,0,0,DESOCUPADO,0,28,55,120,0,0
1790190232118,sala01,7236,1790190232118,0,0,DESOCUPADO,0,28,55,120,0,0
1790190234118,sala01,7237,1790190234118,0,0,DESOCUPADO,0,28,55,120,0,0
1790190236118,sala01,7238,1790190236118,0,0,DESOCUPADO,0,28,55,120,0,0
1790190238118,sala01,7239,1790190238118,0,0,DESOCUPADO,0,28,55,120,0,0
1790190240118,sala01,7240,1790190240118,0,0,DESOCUPADO,0,28,55,120,0,0
1790190242118,sala01,7241,1790190242118,0,0,DESOCUPADO,0,28,55,120,0,0
1790190244118,sala01,7242,1790190244118,0,0,DESOCUPADO,0,28,55,120,0,0
1790190246118,sala01,7243,1790190246118,0,0,DESOCUPADO,0,28,55,120,0,0
1790190248118,sala01,7244,1790190248118,0,0,DESOCUPADO,0,28,55,120,0,0
1790190250118,sala01,7245,1790190250118,0,0,DESOCUPADO,0,28,55,120,0,0
1790190252118,sala01,7246,1790190252118,0,0,DESOCUPADO,0,28,55,120,0,0
1790190254118,sala01,7247,1790190254118,0,0,DESOCUPADO,0,28,55,120,0,0
1790190256118,sala01,7248,1790190256118,0,0,DESOCUPADO,0,28,55,120,0,0
1790190258118,sala01,7249,1790190258118,0,0,DESOCUPADO,0,28,55,120,0,0
1790190260118,sala01,7250,1790190260118,0,0,DESOCUPADO,0,28,55,120,0,0
1790190262118,sala01,7251,1790190262118,0,0,DESOCUPADO,0,28,55,120,0,0
1790190264118,sala01,7252,1790190264118,0,0,DESOCUPADO,0,28,55,120,0,0
1790190266118,sala01,7253,1790190266118,0,0,DESOCUPADO,0,28,55,120,0,0
1790190268118,sala01,7254,1790190268118,0,0,DESOCUPADO,0,28,55,120,0,0
1790190270118,sala01,7255,1790190270118,0,0,DESOCUPADO,0,28,55,120,0,0
1790190272118,sala01,7256,1790190272118,0,0,DESOCUPADO,0,28,55,120,0,0
1790190274118,sala01,7257,1790190274118,0,0,DESOCUPADO,0,28,55,120,0,0
1790190276118,sala01,7258,1790190276118,0,0,DESOCUPADO,0,28,55,120,0,0
1790190278118,sala01,7259,1790190278118,0,0,DESOCUPADO,0,28,55,120,0,0
1790190280118,sala01,7260,1790190280118,0,0,DESOCUPADO,0,28,55,120,0,0
1790190282118,sala01,7261,1790190282118,0,0,DESOCUPADO,0,28,55,120,0,0
1790190284118,sala01,7262,1790190284118,0,0,DESOCUPADO,0,28,55,120,0,0
1790190286118,sala01,7263,1790190286118,0,0,DESOCUPADO,0,28,55,120,0,0
1790190288118,sala01,7264,1790190288118,0,0,DESOCUPADO,0,28,55,120,0,0
1790190290118,sala01,7265,1790190290118,0,0,DESOCUPADO,0,28,55,120,0,0
1790190292118,sala01,7266,1790190292118,0,0,DESOCUPADO,0,28,55,120,0,0
1790190294118,sala01,7267,1790190294118,0,0,DESOCUPADO,0,28,55,120,0,0
1790190296118,sala01,7268,1790190296118,0,0,DESOCUPADO,0,28,55,120,0,0
1790190298118,sala01,7269,1790190298118,0,0,DESOCUPADO,0,28,55,120,0,0
1790190300118,sala01,7270,1790190300118,0,0,DESOCUPADO,0,28,55,120,0,0
1790190302118,sala01,7271,1790190302118,0,0,DESOCUPADO,0,28,55,120,0,0
1790190304118,sala01,7272,1790190304118,0,0,DESOCUPADO,0,28,55,120,0,0
1790190306118,sala01,7273,1790190306118,0,0,DESOCUPADO,0,28,55,120,0,0
1790190308118,sala01,7274,1790190308118,0,0,DESOCUPADO,0,28,55,120,0,0
1790190310118,sala01,7275,1790190310118,0,0,DESOCUPADO,0,28,55,120,0,0
1790190312118,sala01,7276,1790190312118,0,0,DESOCUPADO,0,28,55,120,0,0
1790190314118,sala01,7277,1790190314118,0,0,DESOCUPADO,0,28,55,120,0,0
1790190316118,sala01,7278,1790190316118,0,0,DESOCUPADO,0,28,55,120,0,0
1790190318118,sala01,7279,1790190318118,0,0,DESOCUPADO,0,28,55,120,0,0
1790190320118,sala01,7280,1790190320118,0,0,DESOCUPADO,0,28,55,120,0,0
1790190322118,sala01,7281,1790190322118,0,0,DESOCUPADO,0,28,55,120,0,0
1790190324118,sala01,7282,1790190324118,0,0,DESOCUPADO,0,28,55,120,0,0
1790190326118,sala01,7283,1790190326118,0,0,DESOCUPADO,0,28,55,120,0,0
1790190328118,sala01,7284,1790190328118,0,0,DESOCUPADO,0,28,55,120,0,0
1790190330118,sala01,7285,1790190330118,0,0,DESOCUPADO,0,28,55,120,0,0
1790190332118,sala01,7286,1790190332118,0,0,DESOCUPADO,0,28,55,120,0,0
1790190334118,sala01,7287,1790190334118,0,0,DESOCUPADO,0,28,55,120,0,0
1790190336118,sala01,7288,1790190336118,0,0,DESOCUPADO,0,28,55,120,0,0
1790190338118,sala01,7289,1790190338118,0,0,DESOCUPADO,0,28,55,120,0,0
1790190340118,sala01,7290,1790190340118,0,0,DESOCUPADO,0,28,55,120,0,0
1790190342118,sala01,7291,1790190342118,0,0,DESOCUPADO,0,28,55,120,0,0
1790190344118,sala01,7292,1790190344118,0,0,DESOCUPADO,0,28,55,120,0,0
1790190346118,sala01,7293,1790190346118,0,0,DESOCUPADO,0,28,55,120,0,0
1790190348118,sala01,7294,1790190348118,0,0,DESOCUPADO,0,28,55,120,0,0
1790190350118,sala01,7295,1790190350118,0,0,DESOCUPADO,0,28,55,120,0,0
1790190352118,sala01,7296,1790190352118,0,0,DESOCUPADO,0,28,55,120,0,0
1790190354118,sala01,7297,1790190354118,0,0,DESOCUPADO,0,28,55,120,0,0
1790190356118,sala01,7298,1790190356118,0,0,DESOCUPADO,0,28,55,120,0,0
1790190358118,sala01,7299,1790190358118,0,0,DESOCUPADO,0,28,55,120,0,0
1790190360118,sala01,7300,1790190360118,0,0,DESOCUPADO,0,28,55,120,0,0
1790190362118,sala01,7301,1790190362118,0,0,DESOCUPADO,0,28,55,120,0,0
1790190364118,sala01,7302,1790190364118,0,0,DESOCUPADO,0,28,55,120,0,0
1790190366118,sala01,7303,1790190366118,0,0,DESOCUPADO,0,28,55,120,0,0
1790190368118,sala01,7304,1790190368118,0,0,DESOCUPADO,0,28,55,120,0,0
1790190370118,sala01,7305,1790190370118,0,0,DESOCUPADO,0,28,55,120,0,0
1790190372118,sala01,7306,1790190372118,0,0,DESOCUPADO,0,28,55,120,0,0
1790190374118,sala01,7307,1790190374118,0,0,DESOCUPADO,0,28,55,120,0,0
1790190376118,sala01,7308,1790190376118,0,0,DESOCUPADO,0,28,55,120,0,0
1790190378118,sala01,7309,1790190378118,0,0,DESOCUPADO,0,28,55,120,0,0
1790190380118,sala01,7310,1790190380118,0,0,DESOCUPADO,0,28,55,120,0,0
1790190382118,sala01,7311,1790190382118,0,0,DESOCUPADO,0,28,55,120,0,0
1790190384118,sala01,7312,1790190384118,0,0,DESOCUPADO,0,28,55,120,0,0
1790190386118,sala01,7313,1790190386118,0,0,DESOCUPADO,0,28,55,120,0,0
1790190388118,sala01,7314,1790190388118,0,0,DESOCUPADO,0,28,55,120,0,0
1790190390118,sala01,7315,1790190390118,0,0,DESOCUPADO,0,28,55,120,0,0
1790190392118,sala01,7316,1790190392118,0,0,DESOCUPADO,0,28,55,120,0,0
1790190394118,sala01,7317,1790190394118,0,0,DESOCUPADO,0,28,55,120,0,0
1790190396118,sala01,7318,1790190396118,0,0,DESOCUPADO,0,28,55,120,0,0
1790190398118,sala01,7319,1790190398118,0,0,DESOCUPADO,0,28,55,120,0,0
1790190400118,sala01,7320,1790190400118,0,0,DESOCUPADO,0,28,55,120,0,0
1790190402118,sala01,7321,1790190402118,0,0,DESOCUPADO,0,28,55,120,0,0
1790190404118,sala01,7322,1790190404118,0,0,DESOCUPADO,0,28,55,120,0,0
1790190406118,sala01,7323,1790190406118,0,0,DESOCUPADO,0,28,55,120,0,0
1790190408118,sala01,7324,1790190408118,0,0,DESOCUPADO,0,28,55,120,0,0
1790190410118,sala01,7325,1790190410118,0,0,DESOCUPADO,0,28,55,120,0,0
1790190412118,sala01,7326,1790190412118,0,0,DESOCUPADO,0,28,55,120,0,0
1790190414118,sala01,7327,1790190414118,0,0,DESOCUPADO,0,28,55,120,0,0
1790190416118,sala01,7328,1790190416118,0,0,DESOCUPADO,0,28,55,120,0,0
1790190418118,sala01,7329,1790190418118,0,0,DESOCUPADO,0,28,55,120,0,0
1790190420118,sala01,7330,1790190420118,0,0,DESOCUPADO,0,28,55,120,0,0
1790190422118,sala01,7331,1790190422118,0,0,DESOCUPADO,0,28,55,120,0,0
1790190424118,sala01,7332,1790190424118,0,0,DESOCUPADO,0,28,55,120,0,0
1790190426118,sala01,7333,1790190426118,0,0,DESOCUPADO,0,28,55,120,0,0
1790190428118,sala01,7334,1790190428118,0,0,DESOCUPADO,0,28,55,120,0,0
1790190430118,sala01,7335,1790190430118,0,0,DESOCUPADO,0,28,55,120,0,0
1790190432118,sala01,7336,1790190432118,0,0,DESOCUPADO,0,28,55,120,0,0
1790190434118,sala01,7337,1790190434118,0,0,DESOCUPADO,0,28,55,120,0,0
1790190436118,sala01,7338,1790190436118,0,0,DESOCUPADO,0,28,55,120,0,0
1790190438118,sala01,7339,1790190438118,0,0,DESOCUPADO,0,28,55,120,0,0
1790190440118,sala01,7340,1790190440118,0,0,DESOCUPADO,0,28,55,120,0,0
1790190442118,sala01,7341,1790190442118,0,0,DESOCUPADO,0,28,55,120,0,0
1790190444118,sala01,7342,1790190444118,0,0,DESOCUPADO,0,28,55,120,0,0
1790190446118,sala01,7343,1790190446118,0,0,DESOCUPADO,0,28,55,120,0,0
1790190448118,sala01,7344,1790190448118,0,0,DESOCUPADO,0,28,55,120,0,0
1790190450118,sala01,7345,1790190450118,0,0,DESOCUPADO,0,28,55,120,0,0
1790190452118,sala01,7346,1790190452118,0,0,DESOCUPADO,0,28,55,120,0,0
1790190454118,sala01,7347,1790190454118,0,0,DESOCUPADO,0,28,55,120,0,0
1790190456118,sala01,7348,1790190456118,0,0,DESOCUPADO,0,28,55,120,0,0
1790190458118,sala01,7349,1790190458118,0,0,DESOCUPADO,0,28,55,120,0,0
1790190460118,sala01,7350,1790190460118,0,0,DESOCUPADO,0,28,55,120,0,0
1790190462118,sala01,7351,1790190462118,0,0,DESOCUPADO,0,28,55,120,0,0
1790190464118,sala01,7352,1790190464118,0,0,DESOCUPADO,0,28,55,120,0,0
1790190466118,sala01,7353,1790190466118,0,0,DESOCUPADO,0,28,55,120,0,0
1790190468118,sala01,7354,1790190468118,0,0,DESOCUPADO,0,28,55,120,0,0
1790190470118,sala01,7355,1790190470118,0,0,DESOCUPADO,0,28,55,120,0,0
1790190472118,sala01,7356,1790190472118,0,0,DESOCUPADO,0,28,55,120,0,0
1790190474118,sala01,7357,1790190474118,0,0,DESOCUPADO,0,28,55,120,0,0
1790190476118,sala01,7358,1790190476118,0,0,DESOCUPADO,0,28,55,120,0,0
1790190478118,sala01,7359,1790190478118,0,0,DESOCUPADO,0,28,55,120,0,0
1790190480118,sala01,7360,1790190480118,0,0,DESOCUPADO,0,28,55,120,0,0
1790190482118,sala01,7361,1790190482118,0,0,DESOCUPADO,0,28,55,120,0,0
1790190484118,sala01,7362,1790190484118,0,0,DESOCUPADO,0,28,55,120,0,0
1790190486118,sala01,7363,1790190486118,0,0,DESOCUPADO,0,28,55,120,0,0
1790190488118,sala01,7364,1790190488118,0,0,DESOCUPADO,0,28,55,120,0,0
1790190490118,sala01,7365,1790190490118,0,0,DESOCUPADO,0,28,55,120,0,0
1790190492118,sala01,7366,1790190492118,0,0,DESOCUPADO,0,28,55,120,0,0
1790190494118,sala01,7367,1790190494118,0,0,DESOCUPADO,0,28,55,120,0,0
1790190496118,sala01,7368,1790190496118,0,0,DESOCUPADO,0,28,55,120,0,0
1790190498118,sala01,7369,1790190498118,0,0,DESOCUPADO,0,28,55,120,0,0
1790190500118,sala01,7370,1790190500118,0,0,DESOCUPADO,0,28,55,120,0,0
1790190502118,sala01,7371,1790190502118,0,0,DESOCUPADO,0,28,55,120,0,0
1790190504118,sala01,7372,1790190504118,0,0,DESOCUPADO,0,28,55,120,0,0
1790190506118,sala01,7373,1790190506118,0,0,DESOCUPADO,0,28,55,120,0,0
1790190508118,sala01,7374,1790190508118,0,0,DESOCUPADO,0,28,55,120,0,0
1790190510118,sala01,7375,1790190510118,0,0,DESOCUPADO,0,28,55,120,0,0
1790190512118,sala01,7376,1790190512118,0,0,DESOCUPADO,0,28,55,120,0,0
1790190514118,sala01,7377,1790190514118,0,0,DESOCUPADO,0,28,55,120,0,0
1790190516118,sala01,7378,1790190516118,0,0,DESOCUPADO,0,28,55,120,0,0
1790190518118,sala01,7379,1790190518118,0,0,DESOCUPADO,0,28,55,120,0,0
1790190520118,sala01,7380,1790190520118,0,0,DESOCUPADO,0,28,55,120,0,0
1790190522118,sala01,7381,1790190522118,0,0,DESOCUPADO,0,28,55,120,0,0
1790190524118,sala01,7382,1790190524118,0,0,DESOCUPADO,0,28,55,120,0,0
1790190526118,sala01,7383,1790190526118,0,0,DESOCUPADO,0,28,55,120,0,0
1790190528118,sala01,7384,1790190528118,0,0,DESOCUPADO,0,28,55,120,0,0
1790190530118,sala01,7385,1790190530118,0,0,DESOCUPADO,0,28,55,120,0,0
1790190532118,sala01,7386,1790190532118,0,0,DESOCUPADO,0,28,55,120,0,0
1790190534118,sala01,7387,1790190534118,0,0,DESOCUPADO,0,28,55,120,0,0
1790190536118,sala01,7388,1790190536118,0,0,DESOCUPADO,0,28,55,120,0,0
1790190538118,sala01,7389,1790190538118,0,0,DESOCUPADO,0,28,55,120,0,0
1790190540118,sala01,7390,1790190540118,0,0,DESOCUPADO,0,28,55,120,0,0
1790190542118,sala01,7391,1790190542118,0,0,DESOCUPADO,0,28,55,120,0,0
1790190544118,sala01,7392,1790190544118,0,0,DESOCUPADO,0,28,55,120,0,0
1790190546118,sala01,7393,1790190546118,0,0,DESOCUPADO,0,28,55,120,0,0
1790190548118,sala01,7394,1790190548118,0,0,DESOCUPADO,0,28,55,120,0,0
1790190550118,sala01,7395,1790190550118,0,0,DESOCUPADO,0,28,55,120,0,0
1790190552118,sala01,7396,1790190552118,0,0,DESOCUPADO,0,28,55,120,0,0
1790190554118,sala01,7397,1790190554118,0,0,DESOCUPADO,0,28,55,120,0,0
1790190556118,sala01,7398,1790190556118,0,0,DESOCUPADO,0,28,55,120,0,0
1790190558118,sala01,7399,1790190558118,0,0,DESOCUPADO,0,28,55,120,0,0
1790190560118,sala01,7400,1790190560118,0,0,DESOCUPADO,0,28,55,120,0,0
1790190562118,sala01,7401,1790190562118,0,0,DESOCUPADO,0,28,55,120,0,0
1790190564118,sala01,7402,1790190564118,0,0,DESOCUPADO,0,28,55,120,0,0
1790190566118,sala01,7403,1790190566118,0,0,DESOCUPADO,0,28,55,120,0,0
1790190568118,sala01,7404,1790190568118,0,0,DESOCUPADO,0,28,55,120,0,0
1790190570118,sala01,7405,1790190570118,0,0,DESOCUPADO,0,28,55,120,0,0
1790190572118,sala01,7406,1790190572118,0,0,DESOCUPADO,0,28,55,120,0,0
1790190574118,sala01,7407,1790190574118,0,0,DESOCUPADO,0,28,55,120,0,0
1790190576118,sala01,7408,1790190576118,0,0,DESOCUPADO,0,28,55,120,0,0
1790190578118,sala01,7409,1790190578118,0,0,DESOCUPADO,0,28,55,120,0,0
1790190580118,sala01,7410,1790190580118,0,0,DESOCUPADO,0,28,55,120,0,0
1790190582118,sala01,7411,1790190582118,0,0,DESOCUPADO,0,28,55,120,0,0
1790190584118,sala01,7412,1790190584118,0,0,DESOCUPADO,0,28,55,120,0,0
1790190586118,sala01,7413,1790190586118,0,0,DESOCUPADO,0,28,55,120,0,0
1790190588118,sala01,7414,1790190588118,0,0,DESOCUPADO,0,28,55,120,0,0
1790190590118,sala01,7415,1790190590118,0,0,DESOCUPADO,0,28,55,120,0,0
1790190592118,sala01,7416,1790190592118,0,0,DESOCUPADO,0,28,55,120,0,0
1790190594118,sala01,7417,1790190594118,0,0,DESOCUPADO,0,28,55,120,0,0
1790190596118,sala01,7418,1790190596118,0,0,DESOCUPADO,0,28,55,120,0,0
1790190598118,sala01,7419,1790190598118,0,0,DESOCUPADO,0,28,55,120,0,0
1790190600118,sala01,7420,1790190600118,0,0,DESOCUPADO,0,28,55,120,0,0
1790190602118,sala01,7421,1790190602118,0,0,DESOCUPADO,0,28,55,120,0,0
1790190604118,sala01,7422,1790190604118,0,0,DESOCUPADO,0,28,55,120,0,0
1790190606118,sala01,7423,1790190606118,0,0,DESOCUPADO,0,28,55,120,0,0
1790190608118,sala01,7424,1790190608118,0,0,DESOCUPADO,0,28,55,120,0,0
1790190610118,sala01,7425,1790190610118,0,0,DESOCUPADO,0,28,55,120,0,0
1790190612118,sala01,7426,1790190612118,0,0,DESOCUPADO,0,28,55,120,0,0
1790190614118,sala01,7427,1790190614118,0,0,DESOCUPADO,0,28,55,120,0,0
1790190616118,sala01,7428,1790190616118,0,0,DESOCUPADO,0,28,55,120,0,0
1790190618118,sala01,7429,1790190618118,0,0,DESOCUPADO,0,28,55,120,0,0
1790190620118,sala01,7430,1790190620118,0,0,DESOCUPADO,0,28,55,120,0,0
1790190622118,sala01,7431,1790190622118,0,0,DESOCUPADO,0,28,55,120,0,0
1790190624118,sala01,7432,1790190624118,0,0,DESOCUPADO,0,28,55,120,0,0
1790190626118,sala01,7433,1790190626118,0,0,DESOCUPADO,0,28,55,120,0,0
1790190628118,sala01,7434,1790190628118,0,0,DESOCUPADO,0,28,55,120,0,0
1790190630118,sala01,7435,1790190630118,0,0,DESOCUPADO,0,28,55,120,0,0
1790190632118,sala01,7436,1790190632118,0,0,DESOCUPADO,0,28,55,120,0,0
1790190634118,sala01,7437,1790190634118,0,0,DESOCUPADO,0,28,55,120,0,0
1790190636118,sala01,7438,1790190636118,0,0,DESOCUPADO,0,28,55,120,0,0
1790190638118,sala01,7439,1790190638118,0,0,DESOCUPADO,0,28,55,120,0,0
1790190640118,sala01,7440,1790190640118,0,0,DESOCUPADO,0,28,55,120,0,0
1790190642118,sala01,7441,1790190642118,0,0,DESOCUPADO,0,28,55,120,0,0
1790190644118,sala01,7442,1790190644118,0,0,DESOCUPADO,0,28,55,120,0,0
1790190646118,sala01,7443,1790190646118,0,0,DESOCUPADO,0,28,55,120,0,0
1790190648118,sala01,7444,1790190648118,0,0,DESOCUPADO,0,28,55,120,0,0
1790190650118,sala01,7445,1790190650118,0,0,DESOCUPADO,0,28,55,120,0,0
1790190652118,sala01,7446,1790190652118,0,0,DESOCUPADO,0,28,55,120,0,0
1790190654118,sala01,7447,1790190654118,0,0,DESOCUPADO,0,28,55,120,0,0
1790190656118,sala01,7448,1790190656118,0,0,DESOCUPADO,0,28,55,120,0,0
1790190658118,sala01,7449,1790190658118,0,0,DESOCUPADO,0,28,55,120,0,0
1790190660118,sala01,7450,1790190660118,0,0,DESOCUPADO,0,28,55,120,0,0
1790190662118,sala01,7451,1790190662118,0,0,DESOCUPADO,0,28,55,120,0,0
1790190664118,sala01,7452,1790190664118,0,0,DESOCUPADO,0,28,55,120,0,0
1790190666118,sala01,7453,1790190666118,0,0,DESOCUPADO,0,28,55,120,0,0
1790190668118,sala01,7454,1790190668118,0,0,DESOCUPADO,0,28,55,120,0,0
1790190670118,sala01,7455,1790190670118,0,0,DESOCUPADO,0,28,55,120,0,0
1790190672118,sala01,7456,1790190672118,0,0,DESOCUPADO,0,28,55,120,0,0
1790190674118,sala01,7457,1790190674118,0,0,DESOCUPADO,0,28,55,120,0,0
1790190676118,sala01,7458,1790190676118,0,0,DESOCUPADO,0,28,55,120,0,0
1790190678118,sala01,7459,1790190678118,0,0,DESOCUPADO,0,28,55,120,0,0
1790190680118,sala01,7460,1790190680118,0,0,DESOCUPADO,0,28,55,120,0,0
1790190682118,sala01,7461,1790190682118,0,0,DESOCUPADO,0,28,55,120,0,0
1790190684118,sala01,7462,1790190684118,0,0,DESOCUPADO,0,28,55,120,0,0
1790190686118,sala01,7463,1790190686118,0,0,DESOCUPADO,0,28,55,120,0,0
1790190688118,sala01,7464,1790190688118,0,0,DESOCUPADO,0,28,55,120,0,0
1790190690118,sala01,7465,1790190690118,0,0,DESOCUPADO,0,28,55,120,0,0
1790190692118,sala01,7466,1790190692118,0,0,DESOCUPADO,0,28,55,120,0,0
1790190694118,sala01,7467,1790190694118,0,0,DESOCUPADO,0,28,55,120,0,0
1790190696118,sala01,7468,1790190696118,0,0,DESOCUPADO,0,28,55,120,0,0
1790190698118,sala01,7469,1790190698118,0,0,DESOCUPADO,0,28,55,120,0,0
1790190700118,sala01,7470,1790190700118,0,0,DESOCUPADO,0,28,55,120,0,0
1790190702118,sala01,7471,1790190702118,0,0,DESOCUPADO,0,28,55,120,0,0
1790190704118,sala01,7472,1790190704118,0,0,DESOCUPADO,0,28,55,120,0,0
1790190706118,sala01,7473,1790190706118,0,0,DESOCUPADO,0,28,55,120,0,0
1790190708118,sala01,7474,1790190708118,0,0,DESOCUPADO,0,28,55,120,0,0
1790190710118,sala01,7475,1790190710118,0,0,DESOCUPADO,0,28,55,120,0,0
1790190712118,sala01,7476,1790190712118,0,0,DESOCUPADO,0,28,55,120,0,0
1790190714118,sala01,7477,1790190714118,0,0,DESOCUPADO,0,28,55,120,0,0
1790190716118,sala01,7478,1790190716118,0,0,DESOCUPADO,0,28,55,120,0,0
1790190718118,sala01,7479,1790190718118,0,0,DESOCUPADO,0,28,55,120,0,0
1790190720118,sala01,7480,1790190720118,0,0,DESOCUPADO,0,28,55,120,0,0
1790190722118,sala01,7481,1790190722118,0,0,DESOCUPADO,0,28,55,120,0,0
1790190724118,sala01,7482,1790190724118,0,0,DESOCUPADO,0,28,55,120,0,0
1790190726118,sala01,7483,1790190726118,0,0,DESOCUPADO,0,28,55,120,0,0
1790190728118,sala01,7484,1790190728118,0,0,DESOCUPADO,0,28,55,120,0,0
1790190730118,sala01,7485,1790190730118,0,0,DESOCUPADO,0,28,55,120,0,0
1790190732118,sala01,7486,1790190732118,0,0,DESOCUPADO,0,28,55,120,0,0
1790190734118,sala01,7487,1790190734118,0,0,DESOCUPADO,0,28,55,120,0,0
1790190736118,sala01,7488,1790190736118,0,0,DESOCUPADO,0,28,55,120,0,0
1790190738118,sala01,7489,1790190738118,0,0,DESOCUPADO,0,28,55,120,0,0
1790190740118,sala01,7490,1790190740118,0,0,DESOCUPADO,0,28,55,120,0,0
1790190742118,sala01,7491,1790190742118,0,0,DESOCUPADO,0,28,55,120,0,0
1790190744118,sala01,7492,1790190744118,0,0,DESOCUPADO,0,28,55,120,0,0
1790190746118,sala01,7493,1790190746118,0,0,DESOCUPADO,0,28,55,120,0,0
1790190748118,sala01,7494,1790190748118,0,0,DESOCUPADO,0,28,55,120,0,0
1790190750118,sala01,7495,1790190750118,0,0,DESOCUPADO,0,28,55,120,0,0
1790190752118,sala01,7496,1790190752118,0,0,DESOCUPADO,0,28,55,120,0,0
1790190754118,sala01,7497,1790190754118,0,0,DESOCUPADO,0,28,55,120,0,0
1790190756118,sala01,7498,1790190756118,0,0,DESOCUPADO,0,28,55,120,0,0
1790190758118,sala01,7499,1790190758118,0,0,DESOCUPADO,0,28,55,120,0,0
1790190760118,sala01,7500,1790190760118,0,0,DESOCUPADO,0,28,55,120,0,0
1790190762118,sala01,7501,1790190762118,0,0,DESOCUPADO,0,28,55,120,0,0
1790190764118,sala01,7502,1790190764118,0,0,DESOCUPADO,0,28,55,120,0,0
1790190766118,sala01,7503,1790190766118,0,0,DESOCUPADO,0,28,55,120,0,0
1790190768118,sala01,7504,1790190768118,0,0,DESOCUPADO,0,28,55,120,0,0
1790190770118,sala01,7505,1790190770118,0,0,DESOCUPADO,0,28,55,120,0,0
1790190772118,sala01,7506,1790190772118,0,0,DESOCUPADO,0,28,55,120,0,0
1790190774118,sala01,7507,1790190774118,0,0,DESOCUPADO,0,28,55,120,0,0
1790190776118,sala01,7508,1790190776118,0,0,DESOCUPADO,0,28,55,120,0,0
1790190778118,sala01,7509,1790190778118,0,0,DESOCUPADO,0,28,55,120,0,0
1790190780118,sala01,7510,1790190780118,0,0,DESOCUPADO,0,28,55,120,0,0
1790190782118,sala01,7511,1790190782118,0,0,DESOCUPADO,0,28,55,120,0,0
1790190784118,sala01,7512,1790190784118,0,0,DESOCUPADO,0,28,55,120,0,0
1790190786118,sala01,7513,1790190786118,0,0,DESOCUPADO,0,28,55,120,0,0
1790190788118,sala01,7514,1790190788118,0,0,DESOCUPADO,0,28,55,120,0,0
1790190790118,sala01,7515,1790190790118,0,0,DESOCUPADO,0,28,55,120,0,0
1790190792118,sala01,7516,1790190792118,0,0,DESOCUPADO,0,28,55,120,0,0
1790190794118,sala01,7517,1790190794118,0,0,DESOCUPADO,0,28,55,120,0,0
1790190796118,sala01,7518,1790190796118,0,0,DESOCUPADO,0,28,55,120,0,0
1790190798118,sala01,7519,1790190798118,0,0,DESOCUPADO,0,28,55,120,0,0
1790190800118,sala01,7520,1790190800118,0,0,DESOCUPADO,0,28,55,120,0,0
1790190802118,sala01,7521,1790190802118,0,0,DESOCUPADO,0,28,55,120,0,0
1790190804118,sala01,7522,1790190804118,0,0,DESOCUPADO,0,28,55,120,0,0
1790190806118,sala01,7523,1790190806118,0,0,DESOCUPADO,0,28,55,120,0,0
1790190808118,sala01,7524,1790190808118,0,0,DESOCUPADO,0,28,55,120,0,0
1790190810118,sala01,7525,1790190810118,0,0,DESOCUPADO,0,28,55,120,0,0
1790190812118,sala01,7526,1790190812118,0,0,DESOCUPADO,0,28,55,120,0,0
1790190814118,sala01,7527,1790190814118,0,0,DESOCUPADO,0,28,55,120,0,0
1790190816118,sala01,7528,1790190816118,0,0,DESOCUPADO,0,28,55,120,0,0
1790190818118,sala01,7529,1790190818118,0,0,DESOCUPADO,0,28,55,120,0,0
1790190820118,sala01,7530,1790190820118,0,0,DESOCUPADO,0,28,55,120,0,0
1790190822118,sala01,7531,1790190822118,0,0,DESOCUPADO,0,28,55,120,0,0
1790190824118,sala01,7532,1790190824118,0,0,DESOCUPADO,0,28,55,120,0,0
1790190826118,sala01,7533,1790190826118,0,0,DESOCUPADO,0,28,55,120,0,0
1790190828118,sala01,7534,1790190828118,0,0,DESOCUPADO,0,28,55,120,0,0
1790190830118,sala01,7535,1790190830118,0,0,DESOCUPADO,0,28,55,120,0,0
1790190832118,sala01,7536,1790190832118,0,0,DESOCUPADO,0,28,55,120,0,0
1790190834118,sala01,7537,1790190834118,0,0,DESOCUPADO,0,28,55,120,0,0
1790190836118,sala01,7538,1790190836118,0,0,DESOCUPADO,0,28,55,120,0,0
1790190838118,sala01,7539,1790190838118,0,0,DESOCUPADO,0,28,55,120,0,0
1790190840118,sala01,7540,1790190840118,0,0,DESOCUPADO,0,28,55,120,0,0
1790190842118,sala01,7541,1790190842118,0,0,DESOCUPADO,0,28,55,120,0,0
1790190844118,sala01,7542,1790190844118,0,0,DESOCUPADO,0,28,55,120,0,0
1790190846118,sala01,7543,1790190846118,0,0,DESOCUPADO,0,28,55,120,0,0
1790190848118,sala01,7544,1790190848118,0,0,DESOCUPADO,0,28,55,120,0,0
1790190850118,sala01,7545,1790190850118,0,0,DESOCUPADO,0,28,55,120,0,0
1790190852118,sala01,7546,1790190852118,0,0,DESOCUPADO,0,28,55,120,0,0
1790190854118,sala01,7547,1790190854118,0,0,DESOCUPADO,0,28,55,120,0,0
1790190856118,sala01,7548,1790190856118,0,0,DESOCUPADO,0,28,55,120,0,0
1790190858118,sala01,7549,1790190858118,0,0,DESOCUPADO,0,28,55,120,0,0
1790190860118,sala01,7550,1790190860118,0,0,DESOCUPADO,0,28,55,120,0,0
1790190862118,sala01,7551,1790190862118,0,0,DESOCUPADO,0,28,55,120,0,0
1790190864118,sala01,7552,1790190864118,0,0,DESOCUPADO,0,28,55,120,0,0
1790190866118,sala01,7553,1790190866118,0,0,DESOCUPADO,0,28,55,120,0,0
1790190868118,sala01,7554,1790190868118,0,0,DESOCUPADO,0,28,55,120,0,0
1790190870118,sala01,7555,1790190870118,0,0,DESOCUPADO,0,28,55,120,0,0
1790190872118,sala01,7556,1790190872118,0,0,DESOCUPADO,0,28,55,120,0,0
1790190874118,sala01,7557,1790190874118,0,0,DESOCUPADO,0,28,55,120,0,0
1790190876118,sala01,7558,1790190876118,0,0,DESOCUPADO,0,28,55,120,0,0
1790190878118,sala01,7559,1790190878118,0,0,DESOCUPADO,0,28,55,120,0,0
1790190880118,sala01,7560,1790190880118,0,0,DESOCUPADO,0,28,55,120,0,0
1790190882118,sala01,7561,1790190882118,0,0,DESOCUPADO,0,28,55,120,0,0
1790190884118,sala01,7562,1790190884118,0,0,DESOCUPADO,0,28,55,120,0,0
1790190886118,sala01,7563,1790190886118,0,0,DESOCUPADO,0,28,55,120,0,0
1790190888118,sala01,7564,1790190888118,0,0,DESOCUPADO,0,28,55,120,0,0
1790190890118,sala01,7565,1790190890118,0,0,DESOCUPADO,0,28,55,120,0,0
1790190892118,sala01,7566,1790190892118,0,0,DESOCUPADO,0,28,55,120,0,0
1790190894118,sala01,7567,1790190894118,0,0,DESOCUPADO,0,28,55,120,0,0
1790190896118,sala01,7568,1790190896118,0,0,DESOCUPADO,0,28,55,120,0,0
1790190898118,sala01,7569,1790190898118,0,0,DESOCUPADO,0,28,55,120,0,0
1790190900118,sala01,7570,1790190900118,0,0,DESOCUPADO,0,28,55,120,0,0
1790190902118,sala01,7571,1790190902118,0,0,DESOCUPADO,0,28,55,120,0,0
1790190904118,sala01,7572,1790190904118,0,0,DESOCUPADO,0,28,55,120,0,0
1790190906118,sala01,7573,1790190906118,0,0,DESOCUPADO,0,28,55,120,0,0
1790190908118,sala01,7574,1790190908118,0,0,DESOCUPADO,0,28,55,120,0,0
1790190910118,sala01,7575,1790190910118,0,0,DESOCUPADO,0,28,55,120,0,0
1790190912118,sala01,7576,1790190912118,0,0,DESOCUPADO,0,28,55,120,0,0
1790190914118,sala01,7577,1790190914118,0,0,DESOCUPADO,0,28,55,120,0,0
1790190916118,sala01,7578,1790190916118,0,0,DESOCUPADO,0,28,55,120,0,0
1790190918118,sala01,7579,1790190918118,0,0,DESOCUPADO,0,28,55,120,0,0
1790190920118,sala01,7580,1790190920118,0,0,DESOCUPADO,0,28,55,120,0,0
1790190922118,sala01,7581,1790190922118,0,0,DESOCUPADO,0,28,55,120,0,0
1790190924118,sala01,7582,1790190924118,0,0,DESOCUPADO,0,28,55,120,0,0
1790190926118,sala01,7583,1790190926118,0,0,DESOCUPADO,0,28,55,120,0,0
1790190928118,sala01,7584,1790190928118,0,0,DESOCUPADO,0,28,55,120,0,0
1790190930118,sala01,7585,1790190930118,0,0,DESOCUPADO,0,28,55,120,0,0
1790190932118,sala01,7586,1790190932118,0,0,DESOCUPADO,0,28,55,120,0,0
1790190934118,sala01,7587,1790190934118,0,0,DESOCUPADO,0,28,55,120,0,0
1790190936118,sala01,7588,1790190936118,0,0,DESOCUPADO,0,28,55,120,0,0
1790190938118,sala01,7589,1790190938118,0,0,DESOCUPADO,0,28,55,120,0,0
1790190940118,sala01,7590,1790190940118,0,0,DESOCUPADO,0,28,55,120,0,0
1790190942118,sala01,7591,1790190942118,0,0,DESOCUPADO,0,28,55,120,0,0
1790190944118,sala01,7592,1790190944118,0,0,DESOCUPADO,0,28,55,120,0,0
1790190946118,sala01,7593,1790190946118,0,0,DESOCUPADO,0,28,55,120,0,0
1790190948118,sala01,7594,1790190948118,0,0,DESOCUPADO,0,28,55,120,0,0
1790190950118,sala01,7595,1790190950118,0,0,DESOCUPADO,0,28,55,120,0,0
1790190952118,sala01,7596,1790190952118,0,0,DESOCUPADO,0,28,55,120,0,0
1790190954118,sala01,7597,1790190954118,0,0,DESOCUPADO,0,28,55,120,0,0
1790190956118,sala01,7598,1790190956118,0,0,DESOCUPADO,0,28,55,120,0,0
1790190958118,sala01,7599,1790190958118,0,0,DESOCUPADO,0,28,55,120,0,0
1790190960118,sala01,7600,1790190960118,0,0,DESOCUPADO,0,28,55,120,0,0
1790190962118,sala01,7601,1790190962118,0,0,DESOCUPADO,0,28,55,120,0,0
1790190964118,sala01,7602,1790190964118,0,0,DESOCUPADO,0,28,55,120,0,0
1790190966118,sala01,7603,1790190966118,0,0,DESOCUPADO,0,28,55,120,0,0
1790190968118,sala01,7604,1790190968118,0,0,DESOCUPADO,0,28,55,120,0,0
1790190970118,sala01,7605,1790190970118,0,0,DESOCUPADO,0,28,55,120,0,0
1790190972118,sala01,7606,1790190972118,0,0,DESOCUPADO,0,28,55,120,0,0
1790190974118,sala01,7607,1790190974118,0,0,DESOCUPADO,0,28,55,120,0,0
1790190976118,sala01,7608,1790190976118,0,0,DESOCUPADO,0,28,55,120,0,0
1790190978118,sala01,7609,1790190978118,0,0,DESOCUPADO,0,28,55,120,0,0
1790190980118,sala01,7610,1790190980118,0,0,DESOCUPADO,0,28,55,120,0,0
1790190982118,sala01,7611,1790190982118,0,0,DESOCUPADO,0,28,55,120,0,0
1790190984118,sala01,7612,1790190984118,0,0,DESOCUPADO,0,28,55,120,0,0
1790190986118,sala01,7613,1790190986118,0,0,DESOCUPADO,0,28,55,120,0,0
1790190988118,sala01,7614,1790190988118,0,0,DESOCUPADO,0,28,55,120,0,0
1790190990118,sala01,7615,1790190990118,0,0,DESOCUPADO,0,28,55,120,0,0
1790190992118,sala01,7616,1790190992118,0,0,DESOCUPADO,0,28,55,120,0,0
1790190994118,sala01,7617,1790190994118,0,0,DESOCUPADO,0,28,55,120,0,0
1790190996118,sala01,7618,1790190996118,0,0,DESOCUPADO,0,28,55,120,0,0
1790190998118,sala01,7619,1790190998118,0,0,DESOCUPADO,0,28,55,120,0,0
1790191000118,sala01,7620,1790191000118,0,0,DESOCUPADO,0,28,55,120,0,0
1790191002118,sala01,7621,1790191002118,0,0,DESOCUPADO,0,28,55,120,0,0
1790191004118,sala01,7622,1790191004118,0,0,DESOCUPADO,0,28,55,120,0,0
1790191006118,sala01,7623,1790191006118,0,0,DESOCUPADO,0,28,55,120,0,0
1790191008118,sala01,7624,1790191008118,0,0,DESOCUPADO,0,28,55,120,0,0
1790191010118,sala01,7625,1790191010118,0,0,DESOCUPADO,0,28,55,120,0,0
1790191012118,sala01,7626,1790191012118,0,0,DESOCUPADO,0,28,55,120,0,0
1790191014118,sala01,7627,1790191014118,0,0,DESOCUPADO,0,28,55,120,0,0
1790191016118,sala01,7628,1790191016118,0,0,DESOCUPADO,0,28,55,120,0,0
1790191018118,sala01,7629,1790191018118,0,0,DESOCUPADO,0,28,55,120,0,0
1790191020118,sala01,7630,1790191020118,0,0,DESOCUPADO,0,28,55,120,0,0
1790191022118,sala01,7631,1790191022118,0,0,DESOCUPADO,0,28,55,120,0,0
1790191024118,sala01,7632,1790191024118,0,0,DESOCUPADO,0,28,55,120,0,0
1790191026118,sala01,7633,1790191026118,0,0,DESOCUPADO,0,28,55,120,0,0
1790191028118,sala01,7634,1790191028118,0,0,DESOCUPADO,0,28,55,120,0,0
1790191030118,sala01,7635,1790191030118,0,0,DESOCUPADO,0,28,55,120,0,0
1790191032118,sala01,7636,1790191032118,0,0,DESOCUPADO,0,28,55,120,0,0
1790191034118,sala01,7637,1790191034118,0,0,DESOCUPADO,0,28,55,120,0,0
1790191036118,sala01,7638,1790191036118,0,0,DESOCUPADO,0,28,55,120,0,0
1790191038118,sala01,7639,1790191038118,0,0,DESOCUPADO,0,28,55,120,0,0
1790191040118,sala01,7640,1790191040118,0,0,DESOCUPADO,0,28,55,120,0,0
1790191042118,sala01,7641,1790191042118,0,0,DESOCUPADO,0,28,55,120,0,0
1790191044118,sala01,7642,1790191044118,0,0,DESOCUPADO,0,28,55,120,0,0
1790191046118,sala01,7643,1790191046118,0,0,DESOCUPADO,0,28,55,120,0,0
1790191048118,sala01,7644,1790191048118,0,0,DESOCUPADO,0,28,55,120,0,0
1790191050118,sala01,7645,1790191050118,0,0,DESOCUPADO,0,28,55,120,0,0
1790191052118,sala01,7646,1790191052118,0,0,DESOCUPADO,0,28,55,120,0,0
1790191054118,sala01,7647,1790191054118,0,0,DESOCUPADO,0,28,55,120,0,0
1790191056118,sala01,7648,1790191056118,0,0,DESOCUPADO,0,28,55,120,0,0
1790191058118,sala01,7649,1790191058118,0,0,DESOCUPADO,0,28,55,120,0,0
1790191060118,sala01,7650,1790191060118,0,0,DESOCUPADO,0,28,55,120,0,0
1790191062118,sala01,7651,1790191062118,0,0,DESOCUPADO,0,28,55,120,0,0
1790191064118,sala01,7652,1790191064118,0,0,DESOCUPADO,0,28,55,120,0,0
1790191066118,sala01,7653,1790191066118,0,0,DESOCUPADO,0,28,55,120,0,0
1790191068118,sala01,7654,1790191068118,0,0,DESOCUPADO,0,28,55,120,0,0
1790191070118,sala01,7655,1790191070118,0,0,DESOCUPADO,0,28,55,120,0,0
1790191072118,sala01,7656,1790191072118,0,0,DESOCUPADO,0,28,55,120,0,0
1790191074118,sala01,7657,1790191074118,0,0,DESOCUPADO,0,28,55,120,0,0
1790191076118,sala01,7658,1790191076118,0,0,DESOCUPADO,0,28,55,120,0,0
1790191078118,sala01,7659,1790191078118,0,0,DESOCUPADO,0,28,55,120,0,0
1790191080118,sala01,7660,1790191080118,0,0,DESOCUPADO,0,28,55,120,0,0
1790191082118,sala01,7661,1790191082118,0,0,DESOCUPADO,0,28,55,120,0,0
1790191084118,sala01,7662,1790191084118,0,0,DESOCUPADO,0,28,55,120,0,0
1790191086118,sala01,7663,1790191086118,0,0,DESOCUPADO,0,28,55,120,0,0
1790191088118,sala01,7664,1790191088118,0,0,DESOCUPADO,0,28,55,120,0,0
1790191090118,sala01,7665,1790191090118,0,0,DESOCUPADO,0,28,55,120,0,0
1790191092118,sala01,7666,1790191092118,0,0,DESOCUPADO,0,28,55,120,0,0
1790191094118,sala01,7667,1790191094118,0,0,DESOCUPADO,0,28,55,120,0,0
1790191096118,sala01,7668,1790191096118,0,0,DESOCUPADO,0,28,55,120,0,0
1790191098118,sala01,7669,1790191098118,0,0,DESOCUPADO,0,28,55,120,0,0
1790191100118,sala01,7670,1790191100118,0,0,DESOCUPADO,0,28,55,120,0,0
1790191102118,sala01,7671,1790191102118,0,0,DESOCUPADO,0,28,55,120,0,0
1790191104118,sala01,7672,1790191104118,0,0,DESOCUPADO,0,28,55,120,0,0
1790191106118,sala01,7673,1790191106118,0,0,DESOCUPADO,0,28,55,120,0,0
1790191108118,sala01,7674,1790191108118,0,0,DESOCUPADO,0,28,55,120,0,0
1790191110118,sala01,7675,1790191110118,0,0,DESOCUPADO,0,28,55,120,0,0
1790191112118,sala01,7676,1790191112118,0,0,DESOCUPADO,0,28,55,120,0,0
1790191114118,sala01,7677,1790191114118,0,0,DESOCUPADO,0,28,55,120,0,0
1790191116118,sala01,7678,1790191116118,0,0,DESOCUPADO,0,28,55,120,0,0
1790191118118,sala01,7679,1790191118118,0,0,DESOCUPADO,0,28,55,120,0,0
1790191120118,sala01,7680,1790191120118,0,0,DESOCUPADO,0,28,55,120,0,0
1790191122118,sala01,7681,1790191122118,0,0,DESOCUPADO,0,28,55,120,0,0
1790191124118,sala01,7682,1790191124118,0,0,DESOCUPADO,0,28,55,120,0,0
1790191126118,sala01,7683,1790191126118,0,0,DESOCUPADO,0,28,55,120,0,0
1790191128118,sala01,7684,1790191128118,0,0,DESOCUPADO,0,28,55,120,0,0
1790191130118,sala01,7685,1790191130118,0,0,DESOCUPADO,0,28,55,120,0,0
1790191132118,sala01,7686,1790191132118,0,0,DESOCUPADO,0,28,55,120,0,0
1790191134118,sala01,7687,1790191134118,0,0,DESOCUPADO,0,28,55,120,0,0
1790191136118,sala01,7688,1790191136118,0,0,DESOCUPADO,0,28,55,120,0,0
1790191138118,sala01,7689,1790191138118,0,0,DESOCUPADO,0,28,55,120,0,0
1790191140118,sala01,7690,1790191140118,0,0,DESOCUPADO,0,28,55,120,0,0
1790191142118,sala01,7691,1790191142118,0,0,DESOCUPADO,0,28,55,120,0,0
1790191144118,sala01,7692,1790191144118,0,0,DESOCUPADO,0,28,55,120,0,0
1790191146118,sala01,7693,1790191146118,0,0,DESOCUPADO,0,28,55,120,0,0
1790191148118,sala01,7694,1790191148118,0,0,DESOCUPADO,0,28,55,120,0,0
1790191150118,sala01,7695,1790191150118,0,0,DESOCUPADO,0,28,55,120,0,0
1790191152118,sala01,7696,1790191152118,0,0,DESOCUPADO,0,28,55,120,0,0
1790191154118,sala01,7697,1790191154118,0,0,DESOCUPADO,0,28,55,120,0,0
1790191156118,sala01,7698,1790191156118,0,0,DESOCUPADO,0,28,55,120,0,0
1790191158118,sala01,7699,1790191158118,0,0,DESOCUPADO,0,28,55,120,0,0
1790191160118,sala01,7700,1790191160118,0,0,DESOCUPADO,0,28,55,120,0,0
1790191162118,sala01,7701,1790191162118,0,0,DESOCUPADO,0,28,55,120,0,0
1790191164118,sala01,7702,1790191164118,0,0,DESOCUPADO,0,28,55,120,0,0
1790191166118,sala01,7703,1790191166118,0,0,DESOCUPADO,0,28,55,120,0,0
1790191168118,sala01,7704,1790191168118,0,0,DESOCUPADO,0,28,55,120,0,0
1790191170118,sala01,7705,1790191170118,0,0,DESOCUPADO,0,28,55,120,0,0
1790191172118,sala01,7706,1790191172118,0,0,DESOCUPADO,0,28,55,120,0,0
1790191174118,sala01,7707,1790191174118,0,0,DESOCUPADO,0,28,55,120,0,0
1790191176118,sala01,7708,1790191176118,0,0,DESOCUPADO,0,28,55,120,0,0
1790191178118,sala01,7709,1790191178118,0,0,DESOCUPADO,0,28,55,120,0,0
1790191180118,sala01,7710,1790191180118,0,0,DESOCUPADO,0,28,55,120,0,0
1790191182118,sala01,7711,1790191182118,0,0,DESOCUPADO,0,28,55,120,0,0
1790191184118,sala01,7712,1790191184118,0,0,DESOCUPADO,0,28,55,120,0,0
1790191186118,sala01,7713,1790191186118,0,0,DESOCUPADO,0,28,55,120,0,0
1790191188118,sala01,7714,1790191188118,0,0,DESOCUPADO,0,28,55,120,0,0
1790191190118,sala01,7715,1790191190118,0,0,DESOCUPADO,0,28,55,120,0,0
1790191192118,sala01,7716,1790191192118,0,0,DESOCUPADO,0,28,55,120,0,0
1790191194118,sala01,7717,1790191194118,0,0,DESOCUPADO,0,28,55,120,0,0
1790191196118,sala01,7718,1790191196118,0,0,DESOCUPADO,0,28,55,120,0,0
1790191198118,sala01,7719,1790191198118,0,0,DESOCUPADO,0,28,55,120,0,0
1790191200118,sala01,7720,1790191200118,0,0,DESOCUPADO,0,28,55,120,0,0
1790191202118,sala01,7721,1790191202118,0,0,DESOCUPADO,0,28,55,120,0,0
1790191204118,sala01,7722,1790191204118,0,0,DESOCUPADO,0,28,55,120,0,0
1790191206118,sala01,7723,1790191206118,0,0,DESOCUPADO,0,28,55,120,0,0
1790191208118,sala01,7724,1790191208118,0,0,DESOCUPADO,0,28,55,120,0,0
1790191210118,sala01,7725,1790191210118,0,0,DESOCUPADO,0,28,55,120,0,0
1790191212118,sala01,7726,1790191212118,0,0,DESOCUPADO,0,28,55,120,0,0
1790191214118,sala01,7727,1790191214118,0,0,DESOCUPADO,0,28,55,120,0,0
1790191216118,sala01,7728,1790191216118,0,0,DESOCUPADO,0,28,55,120,0,0
1790191218118,sala01,7729,1790191218118,0,0,DESOCUPADO,0,28,55,120,0,0
1790191220118,sala01,7730,1790191220118,0,0,DESOCUPADO,0,28,55,120,0,0
1790191222118,sala01,7731,1790191222118,0,0,DESOCUPADO,0,28,55,120,0,0
1790191224118,sala01,7732,1790191224118,0,0,DESOCUPADO,0,28,55,120,0,0
1790191226118,sala01,7733,1790191226118,0,0,DESOCUPADO,0,28,55,120,0,0
1790191228118,sala01,7734,1790191228118,0,0,DESOCUPADO,0,28,55,120,0,0
1790191230118,sala01,7735,1790191230118,0,0,DESOCUPADO,0,28,55,120,0,0
1790191232118,sala01,7736,1790191232118,0,0,DESOCUPADO,0,28,55,120,0,0
1790191234118,sala01,7737,1790191234118,0,0,DESOCUPADO,0,28,55,120,0,0
1790191236118,sala01,7738,1790191236118,0,0,DESOCUPADO,0,28,55,120,0,0
1790191238118,sala01,7739,1790191238118,0,0,DESOCUPADO,0,28,55,120,0,0
1790191240118,sala01,7740,1790191240118,0,0,DESOCUPADO,0,28,55,120,0,0
1790191242118,sala01,7741,1790191242118,0,0,DESOCUPADO,0,28,55,120,0,0
1790191244118,sala01,7742,1790191244118,0,0,DESOCUPADO,0,28,55,120,0,0
1790191246118,sala01,7743,1790191246118,0,0,DESOCUPADO,0,28,55,120,0,0
1790191248118,sala01,7744,1790191248118,0,0,DESOCUPADO,0,28,55,120,0,0
1790191250118,sala01,7745,1790191250118,0,0,DESOCUPADO,0,28,55,120,0,0
1790191252118,sala01,7746,1790191252118,0,0,DESOCUPADO,0,28,55,120,0,0
1790191254118,sala01,7747,1790191254118,0,0,DESOCUPADO,0,28,55,120,0,0
1790191256118,sala01,7748,1790191256118,0,0,DESOCUPADO,0,28,55,120,0,0
1790191258118,sala01,7749,1790191258118,0,0,DESOCUPADO,0,28,55,120,0,0
1790191260118,sala01,7750,1790191260118,0,0,DESOCUPADO,0,28,55,120,0,0
1790191262118,sala01,7751,1790191262118,0,0,DESOCUPADO,0,28,55,120,0,0
1790191264118,sala01,7752,1790191264118,0,0,DESOCUPADO,0,28,55,120,0,0
1790191266118,sala01,7753,1790191266118,0,0,DESOCUPADO,0,28,55,120,0,0
1790191268118,sala01,7754,1790191268118,0,0,DESOCUPADO,0,28,55,120,0,0
1790191270118,sala01,7755,1790191270118,0,0,DESOCUPADO,0,28,55,120,0,0
1790191272118,sala01,7756,1790191272118,0,0,DESOCUPADO,0,28,55,120,0,0
1790191274118,sala01,7757,1790191274118,0,0,DESOCUPADO,0,28,55,120,0,0
1790191276118,sala01,7758,1790191276118,0,0,DESOCUPADO,0,28,55,120,0,0
1790191278118,sala01,7759,1790191278118,0,0,DESOCUPADO,0,28,55,120,0,0
1790191280118,sala01,7760,1790191280118,0,0,DESOCUPADO,0,28,55,120,0,0
1790191282118,sala01,7761,1790191282118,0,0,DESOCUPADO,0,28,55,120,0,0
1790191284118,sala01,7762,1790191284118,0,0,DESOCUPADO,0,28,55,120,0,0
1790191286118,sala01,7763,1790191286118,0,0,DESOCUPADO,0,28,55,120,0,0
1790191288118,sala01,7764,1790191288118,0,0,DESOCUPADO,0,28,55,120,0,0
1790191290118,sala01,7765,1790191290118,0,0,DESOCUPADO,0,28,55,120,0,0
1790191292118,sala01,7766,1790191292118,0,0,DESOCUPADO,0,28,55,120,0,0
1790191294118,sala01,7767,1790191294118,0,0,DESOCUPADO,0,28,55,120,0,0
1790191296118,sala01,7768,1790191296118,0,0,DESOCUPADO,0,28,55,120,0,0
1790191298118,sala01,7769,1790191298118,0,0,DESOCUPADO,0,28,55,120,0,0
1790191300118,sala01,7770,1790191300118,0,0,DESOCUPADO,0,28,55,120,0,0
1790191302118,sala01,7771,1790191302118,0,0,DESOCUPADO,0,28,55,120,0,0
1790191304118,sala01,7772,1790191304118,0,0,DESOCUPADO,0,28,55,120,0,0
1790191306118,sala01,7773,1790191306118,0,0,DESOCUPADO,0,28,55,120,0,0
1790191308118,sala01,7774,1790191308118,0,0,DESOCUPADO,0,28,55,120,0,0
1790191310118,sala01,7775,1790191310118,0,0,DESOCUPADO,0,28,55,120,0,0
1790191312118,sala01,7776,1790191312118,0,0,DESOCUPADO,0,28,55,120,0,0
1790191314118,sala01,7777,1790191314118,0,0,DESOCUPADO,0,28,55,120,0,0
1790191316118,sala01,7778,1790191316118,0,0,DESOCUPADO,0,28,55,120,0,0
1790191318118,sala01,7779,1790191318118,0,0,DESOCUPADO,0,28,55,120,0,0
1790191320118,sala01,7780,1790191320118,0,0,DESOCUPADO,0,28,55,120,0,0
1790191322118,sala01,7781,1790191322118,0,0,DESOCUPADO,0,28,55,120,0,0
1790191324118,sala01,7782,1790191324118,0,0,DESOCUPADO,0,28,55,120,0,0
1790191326118,sala01,7783,1790191326118,0,0,DESOCUPADO,0,28,55,120,0,0
1790191328118,sala01,7784,1790191328118,0,0,DESOCUPADO,0,28,55,120,0,0
1790191330118,sala01,7785,1790191330118,0,0,DESOCUPADO,0,28,55,120,0,0
1790191332118,sala01,7786,1790191332118,0,0,DESOCUPADO,0,28,55,120,0,0
1790191334118,sala01,7787,1790191334118,0,0,DESOCUPADO,0,28,55,120,0,0
1790191336118,sala01,7788,1790191336118,0,0,DESOCUPADO,0,28,55,120,0,0
1790191338118,sala01,7789,1790191338118,0,0,DESOCUPADO,0,28,55,120,0,0
1790191340118,sala01,7790,1790191340118,0,0,DESOCUPADO,0,28,55,120,0,0
1790191342118,sala01,7791,1790191342118,0,0,DESOCUPADO,0,28,55,120,0,0
1790191344118,sala01,7792,1790191344118,0,0,DESOCUPADO,0,28,55,120,0,0
1790191346118,sala01,7793,1790191346118,0,0,DESOCUPADO,0,28,55,120,0,0
1790191348118,sala01,7794,1790191348118,0,0,DESOCUPADO,0,28,55,120,0,0
1790191350118,sala01,7795,1790191350118,0,0,DESOCUPADO,0,28,55,120,0,0
1790191352118,sala01,7796,1790191352118,0,0,DESOCUPADO,0,28,55,120,0,0
1790191354118,sala01,7797,1790191354118,0,0,DESOCUPADO,0,28,55,120,0,0
1790191356118,sala01,7798,1790191356118,0,0,DESOCUPADO,0,28,55,120,0,0
1790191358118,sala01,7799,1790191358118,0,0,DESOCUPADO,0,28,55,120,0,0
1790191360118,sala01,7800,1790191360118,0,0,DESOCUPADO,0,28,55,120,0,0
1790191362118,sala01,7801,1790191362118,0,0,DESOCUPADO,0,28,55,120,0,0
1790191364118,sala01,7802,1790191364118,0,0,DESOCUPADO,0,28,55,120,0,0
1790191366118,sala01,7803,1790191366118,0,0,DESOCUPADO,0,28,55,120,0,0
1790191368118,sala01,7804,1790191368118,0,0,DESOCUPADO,0,28,55,120,0,0
1790191370118,sala01,7805,1790191370118,0,0,DESOCUPADO,0,28,55,120,0,0
1790191372118,sala01,7806,1790191372118,0,0,DESOCUPADO,0,28,55,120,0,0
1790191374118,sala01,7807,1790191374118,0,0,DESOCUPADO,0,28,55,120,0,0
1790191376118,sala01,7808,1790191376118,0,0,DESOCUPADO,0,28,55,120,0,0
1790191378118,sala01,7809,1790191378118,0,0,DESOCUPADO,0,28,55,120,0,0
1790191380118,sala01,7810,1790191380118,0,0,DESOCUPADO,0,28,55,120,0,0
1790191382118,sala01,7811,1790191382118,0,0,DESOCUPADO,0,28,55,120,0,0
1790191384118,sala01,7812,1790191384118,0,0,DESOCUPADO,0,28,55,120,0,0
1790191386118,sala01,7813,1790191386118,0,0,DESOCUPADO,0,28,55,120,0,0
1790191388118,sala01,7814,1790191388118,0,0,DESOCUPADO,0,28,55,120,0,0
1790191390118,sala01,7815,1790191390118,0,0,DESOCUPADO,0,28,55,120,0,0
1790191392118,sala01,7816,1790191392118,0,0,DESOCUPADO,0,28,55,120,0,0
1790191394118,sala01,7817,1790191394118,0,0,DESOCUPADO,0,28,55,120,0,0
1790191396118,sala01,7818,1790191396118,0,0,DESOCUPADO,0,28,55,120,0,0
1790191398118,sala01,7819,1790191398118,0,0,DESOCUPADO,0,28,55,120,0,0
1790191400118,sala01,7820,1790191400118,0,0,DESOCUPADO,0,28,55,120,0,0
1790191402118,sala01,7821,1790191402118,0,0,DESOCUPADO,0,28,55,120,0,0
1790191404118,sala01,7822,1790191404118,0,0,DESOCUPADO,0,28,55,120,0,0
1790191406118,sala01,7823,1790191406118,0,0,DESOCUPADO,0,28,55,120,0,0
1790191408118,sala01,7824,1790191408118,0,0,DESOCUPADO,0,28,55,120,0,0
1790191410118,sala01,7825,1790191410118,0,0,DESOCUPADO,0,28,55,120,0,0
1790191412118,sala01,7826,1790191412118,0,0,DESOCUPADO,0,28,55,120,0,0
1790191414118,sala01,7827,1790191414118,0,0,DESOCUPADO,0,28,55,120,0,0
1790191416118,sala01,7828,1790191416118,0,0,DESOCUPADO,0,28,55,120,0,0
1790191418118,sala01,7829,1790191418118,0,0,DESOCUPADO,0,28,55,120,0,0
1790191420118,sala01,7830,1790191420118,0,0,DESOCUPADO,0,28,55,120,0,0
1790191422118,sala01,7831,1790191422118,0,0,DESOCUPADO,0,28,55,120,0,0
1790191424118,sala01,7832,1790191424118,0,0,DESOCUPADO,0,28,55,120,0,0
1790191426118,sala01,7833,1790191426118,0,0,DESOCUPADO,0,28,55,120,0,0
1790191428118,sala01,7834,1790191428118,0,0,DESOCUPADO,0,28,55,120,0,0
1790191430118,sala01,7835,1790191430118,0,0,DESOCUPADO,0,28,55,120,0,0
1790191432118,sala01,7836,1790191432118,0,0,DESOCUPADO,0,28,55,120,0,0
1790191434118,sala01,7837,1790191434118,0,0,DESOCUPADO,0,28,55,120,0,0
1790191436118,sala01,7838,1790191436118,0,0,DESOCUPADO,0,28,55,120,0,0
1790191438118,sala01,7839,1790191438118,0,0,DESOCUPADO,0,28,55,120,0,0
1790191440118,sala01,7840,1790191440118,0,0,DESOCUPADO,0,28,55,120,0,0
1790191442118,sala01,7841,1790191442118,0,0,DESOCUPADO,0,28,55,120,0,0
1790191444118,sala01,7842,1790191444118,0,0,DESOCUPADO,0,28,55,120,0,0
1790191446118,sala01,7843,1790191446118,0,0,DESOCUPADO,0,28,55,120,0,0
1790191448118,sala01,7844,1790191448118,0,0,DESOCUPADO,0,28,55,120,0,0
1790191450118,sala01,7845,1790191450118,0,0,DESOCUPADO,0,28,55,120,0,0
1790191452118,sala01,7846,1790191452118,0,0,DESOCUPADO,0,28,55,120,0,0
1790191454118,sala01,7847,1790191454118,0,0,DESOCUPADO,0,28,55,120,0,0
1790191456118,sala01,7848,1790191456118,0,0,DESOCUPADO,0,28,55,120,0,0
1790191458118,sala01,7849,1790191458118,0,0,DESOCUPADO,0,28,55,120,0,0
1790191460118,sala01,7850,1790191460118,0,0,DESOCUPADO,0,28,55,120,0,0
1790191462118,sala01,7851,1790191462118,0,0,DESOCUPADO,0,28,55,120,0,0
1790191464118,sala01,7852,1790191464118,0,0,DESOCUPADO,0,28,55,120,0,0
1790191466118,sala01,7853,1790191466118,0,0,DESOCUPADO,0,28,55,120,0,0
1790191468118,sala01,7854,1790191468118,0,0,DESOCUPADO,0,28,55,120,0,0
1790191470118,sala01,7855,1790191470118,0,0,DESOCUPADO,0,28,55,120,0,0
1790191472118,sala01,7856,1790191472118,0,0,DESOCUPADO,0,28,55,120,0,0
1790191474118,sala01,7857,1790191474118,0,0,DESOCUPADO,0,28,55,120,0,0
1790191476118,sala01,7858,1790191476118,0,0,DESOCUPADO,0,28,55,120,0,0
1790191478118,sala01,7859,1790191478118,0,0,DESOCUPADO,0,28,55,120,0,0
1790191480118,sala01,7860,1790191480118,0,0,DESOCUPADO,0,28,55,120,0,0
1790191482118,sala01,7861,1790191482118,0,0,DESOCUPADO,0,28,55,120,0,0
1790191484118,sala01,7862,1790191484118,0,0,DESOCUPADO,0,28,55,120,0,0
1790191486118,sala01,7863,1790191486118,0,0,DESOCUPADO,0,28,55,120,0,0
1790191488118,sala01,7864,1790191488118,0,0,DESOCUPADO,0,28,55,120,0,0
1790191490118,sala01,7865,1790191490118,0,0,DESOCUPADO,0,28,55,120,0,0
1790191492118,sala01,7866,1790191492118,0,0,DESOCUPADO,0,28,55,120,0,0
1790191494118,sala01,7867,1790191494118,0,0,DESOCUPADO,0,28,55,120,0,0
1790191496118,sala01,7868,1790191496118,0,0,DESOCUPADO,0,28,55,120,0,0
1790191498118,sala01,7869,1790191498118,0,0,DESOCUPADO,0,28,55,120,0,0
1790191500118,sala01,7870,1790191500118,0,0,DESOCUPADO,0,28,55,120,0,0
1790191502118,sala01,7871,1790191502118,0,0,DESOCUPADO,0,28,55,120,0,0
1790191504118,sala01,7872,1790191504118,0,0,DESOCUPADO,0,28,55,120,0,0
1790191506118,sala01,7873,1790191506118,0,0,DESOCUPADO,0,28,55,120,0,0
1790191508118,sala01,7874,1790191508118,0,0,DESOCUPADO,0,28,55,120,0,0
1790191510118,sala01,7875,1790191510118,0,0,DESOCUPADO,0,28,55,120,0,0
1790191512118,sala01,7876,1790191512118,0,0,DESOCUPADO,0,28,55,120,0,0
1790191514118,sala01,7877,1790191514118,0,0,DESOCUPADO,0,28,55,120,0,0
1790191516118,sala01,7878,1790191516118,0,0,DESOCUPADO,0,28,55,120,0,0
1790191518118,sala01,7879,1790191518118,0,0,DESOCUPADO,0,28,55,120,0,0
1790191520118,sala01,7880,1790191520118,0,0,DESOCUPADO,0,28,55,120,0,0
1790191522118,sala01,7881,1790191522118,0,0,DESOCUPADO,0,28,55,120,0,0
1790191524118,sala01,7882,1790191524118,0,0,DESOCUPADO,0,28,55,120,0,0
1790191526118,sala01,7883,1790191526118,0,0,DESOCUPADO,0,28,55,120,0,0
1790191528118,sala01,7884,1790191528118,0,0,DESOCUPADO,0,28,55,120,0,0
1790191530118,sala01,7885,1790191530118,0,0,DESOCUPADO,0,28,55,120,0,0
1790191532118,sala01,7886,1790191532118,0,0,DESOCUPADO,0,28,55,120,0,0
1790191534118,sala01,7887,1790191534118,0,0,DESOCUPADO,0,28,55,120,0,0
1790191536118,sala01,7888,1790191536118,0,0,DESOCUPADO,0,28,55,120,0,0
1790191538118,sala01,7889,1790191538118,0,0,DESOCUPADO,0,28,55,120,0,0
1790191540118,sala01,7890,1790191540118,0,0,DESOCUPADO,0,28,55,120,0,0
1790191542118,sala01,7891,1790191542118,0,0,DESOCUPADO,0,28,55,120,0,0
1790191544118,sala01,7892,1790191544118,0,0,DESOCUPADO,0,28,55,120,0,0
1790191546118,sala01,7893,1790191546118,0,0,DESOCUPADO,0,28,55,120,0,0
1790191548118,sala01,7894,1790191548118,0,0,DESOCUPADO,0,28,55,120,0,0
1790191550118,sala01,7895,1790191550118,0,0,DESOCUPADO,0,28,55,120,0,0
1790191552118,sala01,7896,1790191552118,0,0,DESOCUPADO,0,28,55,120,0,0
1790191554118,sala01,7897,1790191554118,0,0,DESOCUPADO,0,28,55,120,0,0
1790191556118,sala01,7898,1790191556118,0,0,DESOCUPADO,0,28,55,120,0,0
1790191558118,sala01,7899,1790191558118,0,0,DESOCUPADO,0,28,55,120,0,0
1790191560118,sala01,7900,1790191560118,0,0,DESOCUPADO,0,28,55,120,0,0
1790191562118,sala01,7901,1790191562118,0,0,DESOCUPADO,0,28,55,120,0,0
1790191564118,sala01,7902,1790191564118,0,0,DESOCUPADO,0,28,55,120,0,0
1790191566118,sala01,7903,1790191566118,0,0,DESOCUPADO,0,28,55,120,0,0
1790191568118,sala01,7904,1790191568118,0,0,DESOCUPADO,0,28,55,120,0,0
1790191570118,sala01,7905,1790191570118,0,0,DESOCUPADO,0,28,55,120,0,0
1790191572118,sala01,7906,1790191572118,0,0,DESOCUPADO,0,28,55,120,0,0
1790191574118,sala01,7907,1790191574118,0,0,DESOCUPADO,0,28,55,120,0,0
1790191576118,sala01,7908,1790191576118,0,0,DESOCUPADO,0,28,55,120,0,0
1790191578118,sala01,7909,1790191578118,0,0,DESOCUPADO,0,28,55,120,0,0
1790191580118,sala01,7910,1790191580118,0,0,DESOCUPADO,0,28,55,120,0,0
1790191582118,sala01,7911,1790191582118,0,0,DESOCUPADO,0,28,55,120,0,0
1790191584118,sala01,7912,1790191584118,0,0,DESOCUPADO,0,28,55,120,0,0
1790191586118,sala01,7913,1790191586118,0,0,DESOCUPADO,0,28,55,120,0,0
1790191588118,sala01,7914,1790191588118,0,0,DESOCUPADO,0,28,55,120,0,0
1790191590118,sala01,7915,1790191590118,0,0,DESOCUPADO,0,28,55,120,0,0
1790191592118,sala01,7916,1790191592118,0,0,DESOCUPADO,0,28,55,120,0,0
1790191594118,sala01,7917,1790191594118,0,0,DESOCUPADO,0,28,55,120,0,0
1790191596118,sala01,7918,1790191596118,0,0,DESOCUPADO,0,28,55,120,0,0
1790191598118,sala01,7919,1790191598118,0,0,DESOCUPADO,0,28,55,120,0,0
1790191600118,sala01,7920,1790191600118,0,0,DESOCUPADO,0,28,55,120,0,0
1790191602118,sala01,7921,1790191602118,0,0,DESOCUPADO,0,28,55,120,0,0
1790191604118,sala01,7922,1790191604118,0,0,DESOCUPADO,0,28,55,120,0,0
1790191606118,sala01,7923,1790191606118,0,0,DESOCUPADO,0,28,55,120,0,0
1790191608118,sala01,7924,1790191608118,0,0,DESOCUPADO,0,28,55,120,0,0
1790191610118,sala01,7925,1790191610118,0,0,DESOCUPADO,0,28,55,120,0,0
1790191612118,sala01,7926,1790191612118,0,0,DESOCUPADO,0,28,55,120,0,0
1790191614118,sala01,7927,1790191614118,0,0,DESOCUPADO,0,28,55,120,0,0
1790191616118,sala01,7928,1790191616118,0,0,DESOCUPADO,0,28,55,120,0,0
1790191618118,sala01,7929,1790191618118,0,0,DESOCUPADO,0,28,55,120,0,0
1790191620118,sala01,7930,1790191620118,0,0,DESOCUPADO,0,28,55,120,0,0
1790191622118,sala01,7931,1790191622118,0,0,DESOCUPADO,0,28,55,120,0,0
1790191624118,sala01,7932,1790191624118,0,0,DESOCUPADO,0,28,55,120,0,0
1790191626118,sala01,7933,1790191626118,0,0,DESOCUPADO,0,28,55,120,0,0
1790191628118,sala01,7934,1790191628118,0,0,DESOCUPADO,0,28,55,120,0,0
1790191630118,sala01,7935,1790191630118,0,0,DESOCUPADO,0,28,55,120,0,0
1790191632118,sala01,7936,1790191632118,0,0,DESOCUPADO,0,28,55,120,0,0
1790191634118,sala01,7937,1790191634118,0,0,DESOCUPADO,0,28,55,120,0,0
1790191636118,sala01,7938,1790191636118,0,0,DESOCUPADO,0,28,55,120,0,0
1790191638118,sala01,7939,1790191638118,0,0,DESOCUPADO,0,28,55,120,0,0
1790191640118,sala01,7940,1790191640118,0,0,DESOCUPADO,0,28,55,120,0,0
1790191642118,sala01,7941,1790191642118,0,0,DESOCUPADO,0,28,55,120,0,0
1790191644118,sala01,7942,1790191644118,0,0,DESOCUPADO,0,28,55,120,0,0
1790191646118,sala01,7943,1790191646118,0,0,DESOCUPADO,0,28,55,120,0,0
1790191648118,sala01,7944,1790191648118,0,0,DESOCUPADO,0,28,55,120,0,0
1790191650118,sala01,7945,1790191650118,0,0,DESOCUPADO,0,28,55,120,0,0
1790191652118,sala01,7946,1790191652118,0,0,DESOCUPADO,0,28,55,120,0,0
1790191654118,sala01,7947,1790191654118,0,0,DESOCUPADO,0,28,55,120,0,0
1790191656118,sala01,7948,1790191656118,0,0,DESOCUPADO,0,28,55,120,0,0
1790191658118,sala01,7949,1790191658118,0,0,DESOCUPADO,0,28,55,120,0,0
1790191660118,sala01,7950,1790191660118,0,0,DESOCUPADO,0,28,55,120,0,0
1790191662118,sala01,7951,1790191662118,0,0,DESOCUPADO,0,28,55,120,0,0
1790191664118,sala01,7952,1790191664118,0,0,DESOCUPADO,0,28,55,120,0,0
1790191666118,sala01,7953,1790191666118,0,0,DESOCUPADO,0,28,55,120,0,0
1790191668118,sala01,7954,1790191668118,0,0,DESOCUPADO,0,28,55,120,0,0
1790191670118,sala01,7955,1790191670118,0,0,DESOCUPADO,0,28,55,120,0,0
1790191672118,sala01,7956,1790191672118,0,0,DESOCUPADO,0,28,55,120,0,0
1790191674118,sala01,7957,1790191674118,0,0,DESOCUPADO,0,28,55,120,0,0
1790191676118,sala01,7958,1790191676118,0,0,DESOCUPADO,0,28,55,120,0,0
1790191678118,sala01,7959,1790191678118,0,0,DESOCUPADO,0,28,55,120,0,0
1790191680118,sala01,7960,1790191680118,0,0,DESOCUPADO,0,28,55,120,0,0
1790191682118,sala01,7961,1790191682118,0,0,DESOCUPADO,0,28,55,120,0,0
1790191684118,sala01,7962,1790191684118,0,0,DESOCUPADO,0,28,55,120,0,0
1790191686118,sala01,7963,1790191686118,0,0,DESOCUPADO,0,28,55,120,0,0
1790191688118,sala01,7964,1790191688118,0,0,DESOCUPADO,0,28,55,120,0,0
1790191690118,sala01,7965,1790191690118,0,0,DESOCUPADO,0,28,55,120,0,0
1790191692118,sala01,7966,1790191692118,0,0,DESOCUPADO,0,28,55,120,0,0
1790191694118,sala01,7967,1790191694118,0,0,DESOCUPADO,0,28,55,120,0,0
1790191696118,sala01,7968,1790191696118,0,0,DESOCUPADO,0,28,55,120,0,0
1790191698118,sala01,7969,1790191698118,0,0,DESOCUPADO,0,28,55,120,0,0
1790191700118,sala01,7970,1790191700118,0,0,DESOCUPADO,0,28,55,120,0,0
1790191702118,sala01,7971,1790191702118,0,0,DESOCUPADO,0,28,55,120,0,0
1790191704118,sala01,7972,1790191704118,0,0,DESOCUPADO,0,28,55,120,0,0
1790191706118,sala01,7973,1790191706118,0,0,DESOCUPADO,0,28,55,120,0,0
1790191708118,sala01,7974,1790191708118,0,0,DESOCUPADO,0,28,55,120,0,0
1790191710118,sala01,7975,1790191710118,0,0,DESOCUPADO,0,28,55,120,0,0
1790191712118,sala01,7976,1790191712118,0,0,DESOCUPADO,0,28,55,120,0,0
1790191714118,sala01,7977,1790191714118,0,0,DESOCUPADO,0,28,55,120,0,0
1790191716118,sala01,7978,1790191716118,0,0,DESOCUPADO,0,28,55,120,0,0
1790191718118,sala01,7979,1790191718118,0,0,DESOCUPADO,0,28,55,120,0,0
1790191720118,sala01,7980,1790191720118,0,0,DESOCUPADO,0,28,55,120,0,0
1790191722118,sala01,7981,1790191722118,0,0,DESOCUPADO,0,28,55,120,0,0
1790191724118,sala01,7982,1790191724118,0,0,DESOCUPADO,0,28,55,120,0,0
1790191726118,sala01,7983,1790191726118,0,0,DESOCUPADO,0,28,55,120,0,0
1790191728118,sala01,7984,1790191728118,0,0,DESOCUPADO,0,28,55,120,0,0
1790191730118,sala01,7985,1790191730118,0,0,DESOCUPADO,0,28,55,120,0,0
1790191732118,sala01,7986,1790191732118,0,0,DESOCUPADO,0,28,55,120,0,0
1790191734118,sala01,7987,1790191734118,0,0,DESOCUPADO,0,28,55,120,0,0
1790191736118,sala01,7988,1790191736118,0,0,DESOCUPADO,0,28,55,120,0,0
1790191738118,sala01,7989,1790191738118,0,0,DESOCUPADO,0,28,55,120,0,0
1790191740118,sala01,7990,1790191740118,0,0,DESOCUPADO,0,28,55,120,0,0
1790191742118,sala01,7991,1790191742118,0,0,DESOCUPADO,0,28,55,120,0,0
1790191744118,sala01,7992,1790191744118,0,0,DESOCUPADO,0,28,55,120,0,0
1790191746118,sala01,7993,1790191746118,0,0,DESOCUPADO,0,28,55,120,0,0
1790191748118,sala01,7994,1790191748118,0,0,DESOCUPADO,0,28,55,120,0,0
1790191750118,sala01,7995,1790191750118,0,0,DESOCUPADO,0,28,55,120,0,0
1790191752118,sala01,7996,1790191752118,0,0,DESOCUPADO,0,28,55,120,0,0
1790191754118,sala01,7997,1790191754118,0,0,DESOCUPADO,0,28,55,120,0,0
1790191756118,sala01,7998,1790191756118,0,0,DESOCUPADO,0,28,55,120,0,0
1790191758118,sala01,7999,1790191758118,0,0,DESOCUPADO,0,28,55,120,0,0
1790191760118,sala01,8000,1790191760118,0,0,DESOCUPADO,0,28,55,120,0,0
1790191762118,sala01,8001,1790191762118,0,0,DESOCUPADO,0,28,55,120,0,0
1790191764118,sala01,8002,1790191764118,0,0,DESOCUPADO,0,28,55,120,0,0
1790191766118,sala01,8003,1790191766118,0,0,DESOCUPADO,0,28,55,120,0,0
1790191768118,sala01,8004,1790191768118,0,0,DESOCUPADO,0,28,55,120,0,0
1790191770118,sala01,8005,1790191770118,0,0,DESOCUPADO,0,28,55,120,0,0
1790191772118,sala01,8006,1790191772118,0,0,DESOCUPADO,0,28,55,120,0,0
1790191774118,sala01,8007,1790191774118,0,0,DESOCUPADO,0,28,55,120,0,0
1790191776118,sala01,8008,1790191776118,0,0,DESOCUPADO,0,28,55,120,0,0
1790191778118,sala01,8009,1790191778118,0,0,DESOCUPADO,0,28,55,120,0,0
1790191780118,sala01,8010,1790191780118,0,0,DESOCUPADO,0,28,55,120,0,0
1790191782118,sala01,8011,1790191782118,0,0,DESOCUPADO,0,28,55,120,0,0
1790191784118,sala01,8012,1790191784118,0,0,DESOCUPADO,0,28,55,120,0,0
1790191786118,sala01,8013,1790191786118,0,0,DESOCUPADO,0,28,55,120,0,0
1790191788118,sala01,8014,1790191788118,0,0,DESOCUPADO,0,28,55,120,0,0
1790191790118,sala01,8015,1790191790118,0,0,DESOCUPADO,0,28,55,120,0,0
1790191792118,sala01,8016,1790191792118,0,0,DESOCUPADO,0,28,55,120,0,0
1790191794118,sala01,8017,1790191794118,0,0,DESOCUPADO,0,28,55,120,0,0
1790191796118,sala01,8018,1790191796118,0,0,DESOCUPADO,0,28,55,120,0,0
1790191798118,sala01,8019,1790191798118,0,0,DESOCUPADO,0,28,55,120,0,0
1790191800118,sala01,8020,1790191800118,0,0,DESOCUPADO,0,28,55,120,0,0
1790191802118,sala01,8021,1790191802118,0,0,DESOCUPADO,0,28,55,120,0,0
1790191804118,sala01,8022,1790191804118,0,0,DESOCUPADO,0,28,55,120,0,0
1790191806118,sala01,8023,1790191806118,0,0,DESOCUPADO,0,28,55,120,0,0
1790191808118,sala01,8024,1790191808118,0,0,DESOCUPADO,0,28,55,120,0,0
1790191810118,sala01,8025,1790191810118,0,0,DESOCUPADO,0,28,55,120,0,0
1790191812118,sala01,8026,1790191812118,0,0,DESOCUPADO,0,28,55,120,0,0
1790191814118,sala01,8027,1790191814118,0,0,DESOCUPADO,0,28,55,120,0,0
1790191816118,sala01,8028,1790191816118,0,0,DESOCUPADO,0,28,55,120,0,0
1790191818118,sala01,8029,1790191818118,0,0,DESOCUPADO,0,28,55,120,0,0
1790191820118,sala01,8030,1790191820118,0,0,DESOCUPADO,0,28,55,120,0,0
1790191822118,sala01,8031,1790191822118,0,0,DESOCUPADO,0,28,55,120,0,0
1790191824118,sala01,8032,1790191824118,0,0,DESOCUPADO,0,28,55,120,0,0
1790191826118,sala01,8033,1790191826118,0,0,DESOCUPADO,0,28,55,120,0,0
1790191828118,sala01,8034,1790191828118,0,0,DESOCUPADO,0,28,55,120,0,0
1790191830118,sala01,8035,1790191830118,0,0,DESOCUPADO,0,28,55,120,0,0
1790191832118,sala01,8036,1790191832118,0,0,DESOCUPADO,0,28,55,120,0,0
1790191834118,sala01,8037,1790191834118,0,0,DESOCUPADO,0,28,55,120,0,0
1790191836118,sala01,8038,1790191836118,0,0,DESOCUPADO,0,28,55,120,0,0
1790191838118,sala01,8039,1790191838118,0,0,DESOCUPADO,0,28,55,120,0,0
1790191840118,sala01,8040,1790191840118,0,0,DESOCUPADO,0,28,55,120,0,0
1790191842118,sala01,8041,1790191842118,0,0,DESOCUPADO,0,28,55,120,0,0
1790191844118,sala01,8042,1790191844118,0,0,DESOCUPADO,0,28,55,120,0,0
1790191846118,sala01,8043,1790191846118,0,0,DESOCUPADO,0,28,55,120,0,0
1790191848118,sala01,8044,1790191848118,0,0,DESOCUPADO,0,28,55,120,0,0
1790191850118,sala01,8045,1790191850118,0,0,DESOCUPADO,0,28,55,120,0,0
1790191852118,sala01,8046,1790191852118,0,0,DESOCUPADO,0,28,55,120,0,0
1790191854118,sala01,8047,1790191854118,0,0,DESOCUPADO,0,28,55,120,0,0
1790191856118,sala01,8048,1790191856118,0,0,DESOCUPADO,0,28,55,120,0,0
1790191858118,sala01,8049,1790191858118,0,0,DESOCUPADO,0,28,55,120,0,0
1790191860118,sala01,8050,1790191860118,0,0,DESOCUPADO,0,28,55,120,0,0
1790191862118,sala01,8051,1790191862118,0,0,DESOCUPADO,0,28,55,120,0,0
1790191864118,sala01,8052,1790191864118,0,0,DESOCUPADO,0,28,55,120,0,0
1790191866118,sala01,8053,1790191866118,0,0,DESOCUPADO,0,28,55,120,0,0
1790191868118,sala01,8054,1790191868118,0,0,DESOCUPADO,0,28,55,120,0,0
1790191870118,sala01,8055,1790191870118,0,0,DESOCUPADO,0,28,55,120,0,0
1790191872118,sala01,8056,1790191872118,0,0,DESOCUPADO,0,28,55,120,0,0
1790191874118,sala01,8057,1790191874118,0,0,DESOCUPADO,0,28,55,120,0,0
1790191876118,sala01,8058,1790191876118,0,0,DESOCUPADO,0,28,55,120,0,0
1790191878118,sala01,8059,1790191878118,0,0,DESOCUPADO,0,28,55,120,0,0
1790191880118,sala01,8060,1790191880118,0,0,DESOCUPADO,0,28,55,120,0,0
1790191882118,sala01,8061,1790191882118,0,0,DESOCUPADO,0,28,55,120,0,0
1790191884118,sala01,8062,1790191884118,0,0,DESOCUPADO,0,28,55,120,0,0
1790191886118,sala01,8063,1790191886118,0,0,DESOCUPADO,0,28,55,120,0,0
1790191888118,sala01,8064,1790191888118,0,0,DESOCUPADO,0,28,55,120,0,0
1790191890118,sala01,8065,1790191890118,0,0,DESOCUPADO,0,28,55,120,0,0
1790191892118,sala01,8066,1790191892118,0,0,DESOCUPADO,0,28,55,120,0,0
1790191894118,sala01,8067,1790191894118,0,0,DESOCUPADO,0,28,55,120,0,0
1790191896118,sala01,8068,1790191896118,0,0,DESOCUPADO,0,28,55,120,0,0
1790191898118,sala01,8069,1790191898118,0,0,DESOCUPADO,0,28,55,120,0,0
1790191900118,sala01,8070,1790191900118,0,0,DESOCUPADO,0,28,55,120,0,0
1790191902118,sala01,8071,1790191902118,0,0,DESOCUPADO,0,28,55,120,0,0
1790191904118,sala01,8072,1790191904118,0,0,DESOCUPADO,0,28,55,120,0,0
1790191906118,sala01,8073,1790191906118,0,0,DESOCUPADO,0,28,55,120,0,0
1790191908118,sala01,8074,1790191908118,0,0,DESOCUPADO,0,28,55,120,0,0
1790191910118,sala01,8075,1790191910118,0,0,DESOCUPADO,0,28,55,120,0,0
1790191912118,sala01,8076,1790191912118,0,0,DESOCUPADO,0,28,55,120,0,0
1790191914118,sala01,8077,1790191914118,0,0,DESOCUPADO,0,28,55,120,0,0
1790191916118,sala01,8078,1790191916118,0,0,DESOCUPADO,0,28,55,120,0,0
1790191918118,sala01,8079,1790191918118,0,0,DESOCUPADO,0,28,55,120,0,0
1790191920118,sala01,8080,1790191920118,0,0,DESOCUPADO,0,28,55,120,0,0
1790191922118,sala01,8081,1790191922118,0,0,DESOCUPADO,0,28,55,120,0,0
1790191924118,sala01,8082,1790191924118,0,0,DESOCUPADO,0,28,55,120,0,0
1790191926118,sala01,8083,1790191926118,0,0,DESOCUPADO,0,28,55,120,0,0
1790191928118,sala01,8084,1790191928118,0,0,DESOCUPADO,0,28,55,120,0,0
1790191930118,sala01,8085,1790191930118,0,0,DESOCUPADO,0,28,55,120,0,0
1790191932118,sala01,8086,1790191932118,0,0,DESOCUPADO,0,28,55,120,0,0
1790191934118,sala01,8087,1790191934118,0,0,DESOCUPADO,0,28,55,120,0,0
1790191936118,sala01,8088,1790191936118,0,0,DESOCUPADO,0,28,55,120,0,0
1790191938118,sala01,8089,1790191938118,0,0,DESOCUPADO,0,28,55,120,0,0
1790191940118,sala01,8090,1790191940118,0,0,DESOCUPADO,0,28,55,120,0,0
1790191942118,sala01,8091,1790191942118,0,0,DESOCUPADO,0,28,55,120,0,0
1790191944118,sala01,8092,1790191944118,0,0,DESOCUPADO,0,28,55,120,0,0
1790191946118,sala01,8093,1790191946118,0,0,DESOCUPADO,0,28,55,120,0,0
1790191948118,sala01,8094,1790191948118,0,0,DESOCUPADO,0,28,55,120,0,0
1790191950118,sala01,8095,1790191950118,0,0,DESOCUPADO,0,28,55,120,0,0
1790191952118,sala01,8096,1790191952118,0,0,DESOCUPADO,0,28,55,120,0,0
1790191954118,sala01,8097,1790191954118,0,0,DESOCUPADO,0,28,55,120,0,0
1790191956118,sala01,8098,1790191956118,0,0,DESOCUPADO,0,28,55,120,0,0
1790191958118,sala01,8099,1790191958118,0,0,DESOCUPADO,0,28,55,120,0,0
1790191960118,sala01,8100,1790191960118,0,0,DESOCUPADO,0,28,55,120,0,0
1790191962118,sala01,8101,1790191962118,0,0,DESOCUPADO,0,28,55,120,0,0
1790191964118,sala01,8102,1790191964118,0,0,DESOCUPADO,0,28,55,120,0,0
1790191965118,sala01,8103,1790191965118,0,0,OCUPADO,1,28,55,120,1,1
1790191967118,sala01,8104,1790191967118,0,0,OCUPADO,1,28,55,120,1,1
1790191969118,sala01,8105,1790191969118,0,0,OCUPADO,1,28,55,120,1,1
1790191971118,sala01,8106,1790191971118,0,0,OCUPADO,0,28,55,120,1,1
1790191973118,sala01,8107,1790191973118,0,0,OCUPADO,1,28,55,120,1,1
1790191975118,sala01,8108,1790191975118,0,0,OCUPADO,1,28,55,120,1,1
1790191977118,sala01,8109,1790191977118,0,0,OCUPADO,1,28,55,120,1,1
1790191979118,sala01,8110,1790191979118,0,0,OCUPADO,0,28,55,120,1,1
1790191981118,sala01,8111,1790191981118,0,0,OCUPADO,1,28,55,120,1,1
1790191983118,sala01,8112,1790191983118,0,0,OCUPADO,1,28,55,120,1,1
1790191985118,sala01,8113,1790191985118,0,0,OCUPADO,1,28,55,120,1,1
1790191987118,sala01,8114,1790191987118,0,0,OCUPADO,0,28,55,120,1,1
1790191989118,sala01,8115,1790191989118,0,0,OCUPADO,1,28,55,120,1,1
1790191991118,sala01,8116,1790191991118,0,0,OCUPADO,1,28,55,120,1,1
1790191993118,sala01,8117,1790191993118,0,0,OCUPADO,1,28,55,120,1,1
1790191995118,sala01,8118,1790191995118,0,0,OCUPADO,0,28,55,120,1,1
1790191997118,sala01,8119,1790191997118,0,0,OCUPADO,1,28,55,120,1,1
1790191999118,sala01,8120,1790191999118,0,0,OCUPADO,1,28,55,120,1,1
1790192001118,sala01,8121,1790192001118,0,0,OCUPADO,1,28,55,120,1,1
1790192003118,sala01,8122,1790192003118,0,0,OCUPADO,0,28,55,120,1,1
1790192005118,sala01,8123,1790192005118,0,0,OCUPADO,1,28,55,120,1,1
1790192007118,sala01,8124,1790192007118,0,0,OCUPADO,1,28,55,120,1,1
1790192009118,sala01,8125,1790192009118,0,0,OCUPADO,1,28,55,120,1,1
1790192011118,sala01,8126,1790192011118,0,0,OCUPADO,0,28,55,120,1,1
1790192013118,sala01,8127,1790192013118,0,0,OCUPADO,1,28,55,120,1,1
1790192015118,sala01,8128,1790192015118,0,0,OCUPADO,1,28,55,120,1,1
1790192017118,sala01,8129,1790192017118,0,0,OCUPADO,1,28,55,120,1,1
1790192019118,sala01,8130,1790192019118,0,0,OCUPADO,0,28,55,120,1,1
1790192021118,sala01,8131,1790192021118,0,0,OCUPADO,1,28,55,120,1,1
1790192023118,sala01,8132,1790192023118,0,0,OCUPADO,1,28,55,120,1,1
1790192025118,sala01,8133,1790192025118,0,0,OCUPADO,1,28,55,120,1,1
1790192027118,sala01,8134,1790192027118,0,0,OCUPADO,0,28,55,120,1,1
1790192029118,sala01,8135,1790192029118,0,0,OCUPADO,1,28,55,120,1,1
1790192031118,sala01,8136,1790192031118,0,0,OCUPADO,1,28,55,120,1,1
1790192033118,sala01,8137,1790192033118,0,0,OCUPADO,1,28,55,120,1,1
1790192035118,sala01,8138,1790192035118,0,0,OCUPADO,0,28,55,120,1,1
1790192037118,sala01,8139,1790192037118,0,0,OCUPADO,1,28,55,120,1,1
1790192039118,sala01,8140,1790192039118,0,0,OCUPADO,1,28,55,120,1,1
1790192041118,sala01,8141,1790192041118,0,0,OCUPADO,1,28,55,120,1,1
1790192043118,sala01,8142,1790192043118,0,0,OCUPADO,0,28,55,120,1,1
1790192045118,sala01,8143,1790192045118,0,0,OCUPADO,1,28,55,120,1,1
1790192047118,sala01,8144,1790192047118,0,0,OCUPADO,1,28,55,120,1,1
1790192049118,sala01,8145,1790192049118,0,0,OCUPADO,1,28,55,120,1,1
1790192051118,sala01,8146,1790192051118,0,0,OCUPADO,0,28,55,120,1,1
1790192053118,sala01,8147,1790192053118,0,0,OCUPADO,1,28,55,120,1,1
1790192055118,sala01,8148,1790192055118,0,0,OCUPADO,1,28,55,120,1,1
1790192057118,sala01,8149,1790192057118,0,0,OCUPADO,1,28,55,120,1,1
1790192059118,sala01,8150,1790192059118,0,0,OCUPADO,0,28,55,120,1,1
1790192061118,sala01,8151,1790192061118,0,0,OCUPADO,1,28,55,120,1,1
1790192063118,sala01,8152,1790192063118,0,0,OCUPADO,1,28,55,120,1,1
1790192065118,sala01,8153,1790192065118,0,0,OCUPADO,1,28,55,120,1,1
1790192067118,sala01,8154,1790192067118,0,0,OCUPADO,0,28,55,120,1,1
1790192069118,sala01,8155,1790192069118,0,0,OCUPADO,1,28,55,120,1,1
1790192071118,sala01,8156,1790192071118,0,0,OCUPADO,1,28,55,120,1,1
1790192073118,sala01,8157,1790192073118,0,0,OCUPADO,1,28,55,120,1,1
1790192075118,sala01,8158,1790192075118,0,0,OCUPADO,0,28,55,120,1,1
1790192077118,sala01,8159,1790192077118,0,0,OCUPADO,1,28,55,120,1,1
1790192079118,sala01,8160,1790192079118,0,0,OCUPADO,1,28,55,120,1,1
1790192081118,sala01,8161,1790192081118,0,0,OCUPADO,1,28,55,120,1,1
1790192083118,sala01,8162,1790192083118,0,0,OCUPADO,0,28,55,120,1,1
1790192085118,sala01,8163,1790192085118,0,0,OCUPADO,1,28,55,120,1,1
1790192087118,sala01,8164,1790192087118,0,0,OCUPADO,1,28,55,120,1,1
1790192089118,sala01,8165,1790192089118,0,0,OCUPADO,1,28,55,120,1,1
1790192091118,sala01,8166,1790192091118,0,0,OCUPADO,0,28,55,120,1,1
1790192093118,sala01,8167,1790192093118,0,0,OCUPADO,1,28,55,120,1,1
1790192095118,sala01,8168,1790192095118,0,0,OCUPADO,1,28,55,120,1,1
1790192097118,sala01,8169,1790192097118,0,0,OCUPADO,1,28,55,120,1,1
1790192099118,sala01,8170,1790192099118,0,0,OCUPADO,0,28,55,120,1,1
1790192101118,sala01,8171,1790192101118,0,0,OCUPADO,1,28,55,120,1,1
1790192103118,sala01,8172,1790192103118,0,0,OCUPADO,1,28,55,120,1,1
1790192105118,sala01,8173,1790192105118,0,0,OCUPADO,1,28,55,120,1,1
1790192107118,sala01,8174,1790192107118,0,0,OCUPADO,0,28,55,120,1,1
1790192109118,sala01,8175,1790192109118,0,0,OCUPADO,1,28,55,120,1,1
1790192111118,sala01,8176,1790192111118,0,0,OCUPADO,1,28,55,120,1,1
1790192113118,sala01,8177,1790192113118,0,0,OCUPADO,1,28,55,120,1,1
1790192115118,sala01,8178,1790192115118,0,0,OCUPADO,0,28,55,120,1,1
1790192117118,sala01,8179,1790192117118,0,0,OCUPADO,1,28,55,120,1,1
1790192119118,sala01,8180,1790192119118,0,0,OCUPADO,1,28,55,120,1,1
1790192121118,sala01,8181,1790192121118,0,0,OCUPADO,1,28,55,120,1,1
1790192123118,sala01,8182,1790192123118,0,0,OCUPADO,0,28,55,120,1,1
1790192125118,sala01,8183,1790192125118,0,0,OCUPADO,1,28,55,120,1,1
1790192127118,sala01,8184,1790192127118,0,0,OCUPADO,1,28,55,120,1,1
1790192129118,sala01,8185,1790192129118,0,0,OCUPADO,1,28,55,120,1,1
1790192131118,sala01,8186,1790192131118,0,0,OCUPADO,0,28,55,120,1,1
1790192133118,sala01,8187,1790192133118,0,0,OCUPADO,1,28,55,120,1,1
1790192135118,sala01,8188,1790192135118,0,0,OCUPADO,1,28,55,120,1,1
1790192137118,sala01,8189,1790192137118,0,0,OCUPADO,1,28,55,120,1,1
1790192139118,sala01,8190,1790192139118,0,0,OCUPADO,0,28,55,120,1,1
1790192141118,sala01,8191,1790192141118,0,0,OCUPADO,1,28,55,120,1,1
1790192143118,sala01,8192,1790192143118,0,0,OCUPADO,1,28,55,120,1,1
1790192145118,sala01,8193,1790192145118,0,0,OCUPADO,1,28,55,120,1,1
1790192147118,sala01,8194,1790192147118,0,0,OCUPADO,0,28,55,120,1,1
1790192149118,sala01,8195,1790192149118,0,0,OCUPADO,1,28,55,120,1,1
1790192151118,sala01,8196,1790192151118,0,0,OCUPADO,1,28,55,120,1,1
1790192153118,sala01,8197,1790192153118,0,0,OCUPADO,1,28,55,120,1,1
1790192155118,sala01,8198,1790192155118,0,0,OCUPADO,0,28,55,120,1,1
1790192157118,sala01,8199,1790192157118,0,0,OCUPADO,1,28,55,120,1,1
1790192159118,sala01,8200,1790192159118,0,0,OCUPADO,1,28,55,120,1,1
1790192161118,sala01,8201,1790192161118,0,0,OCUPADO,1,28,55,120,1,1
1790192163118,sala01,8202,1790192163118,0,0,OCUPADO,0,28,55,120,1,1
1790192165118,sala01,8203,1790192165118,0,0,OCUPADO,1,28,55,120,1,1
1790192167118,sala01,8204,1790192167118,0,0,OCUPADO,1,28,55,120,1,1
1790192169118,sala01,8205,1790192169118,0,0,OCUPADO,1,28,55,120,1,1
1790192171118,sala01,8206,1790192171118,0,0,OCUPADO,0,28,55,120,1,1
1790192173118,sala01,8207,1790192173118,0,0,OCUPADO,1,28,55,120,1,1
1790192175118,sala01,8208,1790192175118,0,0,OCUPADO,1,28,55,120,1,1
1790192177118,sala01,8209,1790192177118,0,0,OCUPADO,1,28,55,120,1,1
1790192179118,sala01,8210,1790192179118,0,0,OCUPADO,0,28,55,120,1,1
1790192181118,sala01,8211,1790192181118,0,0,OCUPADO,1,28,55,120,1,1
1790192183118,sala01,8212,1790192183118,0,0,OCUPADO,1,28,55,120,1,1
1790192185118,sala01,8213,1790192185118,0,0,OCUPADO,1,28,55,120,1,1
1790192187118,sala01,8214,1790192187118,0,0,OCUPADO,0,28,55,120,1,1
1790192189118,sala01,8215,1790192189118,0,0,OCUPADO,1,28,55,120,1,1
1790192191118,sala01,8216,1790192191118,0,0,OCUPADO,1,28,55,120,1,1
1790192193118,sala01,8217,1790192193118,0,0,OCUPADO,1,28,55,120,1,1
1790192195118,sala01,8218,1790192195118,0,0,OCUPADO,0,28,55,120,1,1
1790192197118,sala01,8219,1790192197118,0,0,OCUPADO,1,28,55,120,1,1
1790192199118,sala01,8220,1790192199118,0,0,OCUPADO,1,28,55,120,1,1
1790192201118,sala01,8221,1790192201118,0,0,OCUPADO,1,28,55,120,1,1
1790192203118,sala01,8222,1790192203118,0,0,OCUPADO,0,28,55,120,1,1
1790192205118,sala01,8223,1790192205118,0,0,OCUPADO,1,28,55,120,1,1
1790192207118,sala01,8224,1790192207118,0,0,OCUPADO,1,28,55,120,1,1
1790192209118,sala01,8225,1790192209118,0,0,OCUPADO,1,28,55,120,1,1
1790192211118,sala01,8226,1790192211118,0,0,OCUPADO,0,28,55,120,1,1
1790192213118,sala01,8227,1790192213118,0,0,OCUPADO,1,28,55,120,1,1
1790192215118,sala01,8228,1790192215118,0,0,OCUPADO,1,28,55,120,1,1
1790192217118,sala01,8229,1790192217118,0,0,OCUPADO,1,28,55,120,1,1
1790192219118,sala01,8230,1790192219118,0,0,OCUPADO,0,28,55,120,1,1
1790192221118,sala01,8231,1790192221118,0,0,OCUPADO,1,28,55,120,1,1
1790192223118,sala01,8232,1790192223118,0,0,OCUPADO,1,28,55,120,1,1
1790192225118,sala01,8233,1790192225118,0,0,OCUPADO,1,28,55,120,1,1
1790192227118,sala01,8234,1790192227118,0,0,OCUPADO,0,28,55,120,1,1
1790192229118,sala01,8235,1790192229118,0,0,OCUPADO,1,28,55,120,1,1
1790192231118,sala01,8236,1790192231118,0,0,OCUPADO,1,28,55,120,1,1
1790192233118,sala01,8237,1790192233118,0,0,OCUPADO,1,28,55,120,1,1
1790192235118,sala01,8238,1790192235118,0,0,OCUPADO,0,28,55,120,1,1
1790192237118,sala01,8239,1790192237118,0,0,OCUPADO,1,28,55,120,1,1
1790192239118,sala01,8240,1790192239118,0,0,OCUPADO,1,28,55,120,1,1
1790192241118,sala01,8241,1790192241118,0,0,OCUPADO,1,28,55,120,1,1
1790192243118,sala01,8242,1790192243118,0,0,OCUPADO,0,28,55,120,1,1
1790192245118,sala01,8243,1790192245118,0,0,OCUPADO,1,28,55,120,1,1
1790192247118,sala01,8244,1790192247118,0,0,OCUPADO,1,28,55,120,1,1
1790192249118,sala01,8245,1790192249118,0,0,OCUPADO,1,28,55,120,1,1
1790192251118,sala01,8246,1790192251118,0,0,OCUPADO,0,28,55,120,1,1
1790192253118,sala01,8247,1790192253118,0,0,OCUPADO,1,28,55,120,1,1
1790192255118,sala01,8248,1790192255118,0,0,OCUPADO,1,28,55,120,1,1
1790192257118,sala01,8249,1790192257118,0,0,OCUPADO,1,28,55,120,1,1
1790192259118,sala01,8250,1790192259118,0,0,OCUPADO,0,28,55,120,1,1
1790192261118,sala01,8251,1790192261118,0,0,OCUPADO,1,28,55,120,1,1
1790192263118,sala01,8252,1790192263118,0,0,OCUPADO,1,28,55,120,1,1
1790192265118,sala01,8253,1790192265118,0,0,OCUPADO,1,28,55,120,1,1
1790192267118,sala01,8254,1790192267118,0,0,OCUPADO,0,28,55,120,1,1
1790192269118,sala01,8255,1790192269118,0,0,OCUPADO,1,28,55,120,1,1
1790192271118,sala01,8256,1790192271118,0,0,OCUPADO,1,28,55,120,1,1
1790192273118,sala01,8257,1790192273118,0,0,OCUPADO,1,28,55,120,1,1
1790192275118,sala01,8258,1790192275118,0,0,OCUPADO,0,28,55,120,1,1
1790192277118,sala01,8259,1790192277118,0,0,OCUPADO,1,28,55,120,1,1
1790192279118,sala01,8260,1790192279118,0,0,OCUPADO,1,28,55,120,1,1
1790192281118,sala01,8261,1790192281118,0,0,OCUPADO,1,28,55,120,1,1
1790192283118,sala01,8262,1790192283118,0,0,OCUPADO,0,28,55,120,1,1
1790192285118,sala01,8263,1790192285118,0,0,OCUPADO,1,28,55,120,1,1
1790192287118,sala01,8264,1790192287118,0,0,OCUPADO,1,28,55,120,1,1
1790192289118,sala01,8265,1790192289118,0,0,OCUPADO,1,28,55,120,1,1
1790192291118,sala01,8266,1790192291118,0,0,OCUPADO,0,28,55,120,1,1
1790192293118,sala01,8267,1790192293118,0,0,OCUPADO,1,28,55,120,1,1
1790192295118,sala01,8268,1790192295118,0,0,OCUPADO,1,28,55,120,1,1
1790192297118,sala01,8269,1790192297118,0,0,OCUPADO,1,28,55,120,1,1
1790192299118,sala01,8270,1790192299118,0,0,OCUPADO,0,28,55,120,1,1
1790192301118,sala01,8271,1790192301118,0,0,OCUPADO,1,28,55,120,1,1
1790192303118,sala01,8272,1790192303118,0,0,OCUPADO,1,28,55,120,1,1
1790192305118,sala01,8273,1790192305118,0,0,OCUPADO,1,28,55,120,1,1
1790192307118,sala01,8274,1790192307118,0,0,OCUPADO,0,28,55,120,1,1
1790192309118,sala01,8275,1790192309118,0,0,OCUPADO,1,28,55,120,1,1
1790192311118,sala01,8276,1790192311118,0,0,OCUPADO,1,28,55,120,1,1
1790192313118,sala01,8277,1790192313118,0,0,OCUPADO,1,28,55,120,1,1
1790192315118,sala01,8278,1790192315118,0,0,OCUPADO,0,28,55,120,1,1
1790192317118,sala01,8279,1790192317118,0,0,OCUPADO,1,28,55,120,1,1
1790192319118,sala01,8280,1790192319118,0,0,OCUPADO,1,28,55,120,1,1
1790192321118,sala01,8281,1790192321118,0,0,OCUPADO,1,28,55,120,1,1
1790192323118,sala01,8282,1790192323118,0,0,OCUPADO,0,28,55,120,1,1
1790192325118,sala01,8283,1790192325118,0,0,OCUPADO,1,28,55,120,1,1
1790192327118,sala01,8284,1790192327118,0,0,OCUPADO,1,28,55,120,1,1
1790192329118,sala01,8285,1790192329118,0,0,OCUPADO,1,28,55,120,1,1
1790192331118,sala01,8286,1790192331118,0,0,OCUPADO,0,28,55,120,1,1
1790192333118,sala01,8287,1790192333118,0,0,OCUPADO,1,28,55,120,1,1
1790192335118,sala01,8288,1790192335118,0,0,OCUPADO,1,28,55,120,1,1
1790192337118,sala01,8289,1790192337118,0,0,OCUPADO,1,28,55,120,1,1
1790192339118,sala01,8290,1790192339118,0,0,OCUPADO,0,28,55,120,1,1
1790192341118,sala01,8291,1790192341118,0,0,OCUPADO,1,28,55,120,1,1
1790192343118,sala01,8292,1790192343118,0,0,OCUPADO,1,28,55,120,1,1
1790192345118,sala01,8293,1790192345118,0,0,OCUPADO,1,28,55,120,1,1
1790192347118,sala01,8294,1790192347118,0,0,OCUPADO,0,28,55,120,1,1
1790192349118,sala01,8295,1790192349118,0,0,OCUPADO,1,28,55,120,1,1
1790192351118,sala01,8296,1790192351118,0,0,OCUPADO,1,28,55,120,1,1
1790192353118,sala01,8297,1790192353118,0,0,OCUPADO,1,28,55,120,1,1
1790192355118,sala01,8298,1790192355118,0,0,OCUPADO,0,28,55,120,1,1
1790192357118,sala01,8299,1790192357118,0,0,OCUPADO,1,28,55,120,1,1
1790192359118,sala01,8300,1790192359118,0,0,OCUPADO,1,28,55,120,1,1
1790192361118,sala01,8301,1790192361118,0,0,OCUPADO,1,28,55,120,1,1
1790192363118,sala01,8302,1790192363118,0,0,OCUPADO,0,28,55,120,1,1
1790192365118,sala01,8303,1790192365118,0,0,OCUPADO,1,28,55,120,1,1
1790192367118,sala01,8304,1790192367118,0,0,OCUPADO,1,28,55,120,1,1
1790192369118,sala01,8305,1790192369118,0,0,OCUPADO,1,28,55,120,1,1
1790192371118,sala01,8306,1790192371118,0,0,OCUPADO,0,28,55,120,1,1
1790192373118,sala01,8307,1790192373118,0,0,OCUPADO,1,28,55,120,1,1
1790192375118,sala01,8308,1790192375118,0,0,OCUPADO,1,28,55,120,1,1
1790192377118,sala01,8309,1790192377118,0,0,OCUPADO,1,28,55,120,1,1
1790192379118,sala01,8310,1790192379118,0,0,OCUPADO,0,28,55,120,1,1
1790192381118,sala01,8311,1790192381118,0,0,OCUPADO,1,28,55,120,1,1
1790192383118,sala01,8312,1790192383118,0,0,OCUPADO,1,28,55,120,1,1
1790192385118,sala01,8313,1790192385118,0,0,OCUPADO,1,28,55,120,1,1
1790192387118,sala01,8314,1790192387118,0,0,OCUPADO,0,28,55,120,1,1
1790192389118,sala01,8315,1790192389118,0,0,OCUPADO,1,28,55,120,1,1
1790192391118,sala01,8316,1790192391118,0,0,OCUPADO,1,28,55,120,1,1
1790192393118,sala01,8317,1790192393118,0,0,OCUPADO,1,28,55,120,1,1
1790192395118,sala01,8318,1790192395118,0,0,OCUPADO,0,28,55,120,1,1
1790192397118,sala01,8319,1790192397118,0,0,OCUPADO,1,28,55,120,1,1
1790192399118,sala01,8320,1790192399118,0,0,OCUPADO,1,28,55,120,1,1
1790192401118,sala01,8321,1790192401118,0,0,OCUPADO,1,28,55,120,1,1
1790192403118,sala01,8322,1790192403118,0,0,OCUPADO,0,28,55,120,1,1
1790192405118,sala01,8323,1790192405118,0,0,OCUPADO,1,28,55,120,1,1
1790192407118,sala01,8324,1790192407118,0,0,OCUPADO,1,28,55,120,1,1
1790192409118,sala01,8325,1790192409118,0,0,OCUPADO,1,28,55,120,1,1
1790192411118,sala01,8326,1790192411118,0,0,OCUPADO,0,28,55,120,1,1
1790192413118,sala01,8327,1790192413118,0,0,OCUPADO,1,28,55,120,1,1
1790192415118,sala01,8328,1790192415118,0,0,OCUPADO,1,28,55,120,1,1
1790192417118,sala01,8329,1790192417118,0,0,OCUPADO,1,28,55,120,1,1
1790192419118,sala01,8330,1790192419118,0,0,OCUPADO,0,28,55,120,1,1
1790192421118,sala01,8331,1790192421118,0,0,OCUPADO,1,28,55,120,1,1
1790192423118,sala01,8332,1790192423118,0,0,OCUPADO,1,28,55,120,1,1
1790192425118,sala01,8333,1790192425118,0,0,OCUPADO,1,28,55,120,1,1
1790192427118,sala01,8334,1790192427118,0,0,OCUPADO,0,28,55,120,1,1
1790192429118,sala01,8335,1790192429118,0,0,OCUPADO,1,28,55,120,1,1
1790192431118,sala01,8336,1790192431118,0,0,OCUPADO,1,28,55,120,1,1
1790192433118,sala01,8337,1790192433118,0,0,OCUPADO,1,28,55,120,1,1
1790192435118,sala01,8338,1790192435118,0,0,OCUPADO,0,28,55,120,1,1
1790192437118,sala01,8339,1790192437118,0,0,OCUPADO,1,28,55,120,1,1
1790192439118,sala01,8340,1790192439118,0,0,OCUPADO,1,28,55,120,1,1
1790192441118,sala01,8341,1790192441118,0,0,OCUPADO,1,28,55,120,1,1
1790192443118,sala01,8342,1790192443118,0,0,OCUPADO,0,28,55,120,1,1
1790192445118,sala01,8343,1790192445118,0,0,OCUPADO,1,28,55,120,1,1
1790192447118,sala01,8344,1790192447118,0,0,OCUPADO,1,28,55,120,1,1
1790192449118,sala01,8345,1790192449118,0,0,OCUPADO,1,28,55,120,1,1
1790192451118,sala01,8346,1790192451118,0,0,OCUPADO,0,28,55,120,1,1
1790192453118,sala01,8347,1790192453118,0,0,OCUPADO,1,28,55,120,1,1
1790192455118,sala01,8348,1790192455118,0,0,OCUPADO,1,28,55,120,1,1
1790192457118,sala01,8349,1790192457118,0,0,OCUPADO,1,28,55,120,1,1
1790192459118,sala01,8350,1790192459118,0,0,OCUPADO,0,28,55,120,1,1
1790192461118,sala01,8351,1790192461118,0,0,OCUPADO,1,28,55,120,1,1
1790192463118,sala01,8352,1790192463118,0,0,OCUPADO,1,28,55,120,1,1
1790192465118,sala01,8353,1790192465118,0,0,OCUPADO,1,28,55,120,1,1
1790192467118,sala01,8354,1790192467118,0,0,OCUPADO,0,28,55,120,1,1
1790192469118,sala01,8355,1790192469118,0,0,OCUPADO,1,28,55,120,1,1
1790192471118,sala01,8356,1790192471118,0,0,OCUPADO,1,28,55,120,1,1
1790192473118,sala01,8357,1790192473118,0,0,OCUPADO,1,28,55,120,1,1
1790192475118,sala01,8358,1790192475118,0,0,OCUPADO,0,28,55,120,1,1
1790192477118,sala01,8359,1790192477118,0,0,OCUPADO,1,28,55,120,1,1
1790192479118,sala01,8360,1790192479118,0,0,OCUPADO,1,28,55,120,1,1
1790192481118,sala01,8361,1790192481118,0,0,OCUPADO,1,28,55,120,1,1
1790192483118,sala01,8362,1790192483118,0,0,OCUPADO,0,28,55,120,1,1
1790192485118,sala01,8363,1790192485118,0,0,OCUPADO,1,28,55,120,1,1
1790192487118,sala01,8364,1790192487118,0,0,OCUPADO,1,28,55,120,1,1
1790192489118,sala01,8365,1790192489118,0,0,OCUPADO,1,28,55,120,1,1
1790192491118,sala01,8366,1790192491118,0,0,OCUPADO,0,28,55,120,1,1
1790192493118,sala01,8367,1790192493118,0,0,OCUPADO,1,28,55,120,1,1
1790192495118,sala01,8368,1790192495118,0,0,OCUPADO,1,28,55,120,1,1
1790192497118,sala01,8369,1790192497118,0,0,OCUPADO,1,28,55,120,1,1
1790192499118,sala01,8370,1790192499118,0,0,OCUPADO,0,28,55,120,1,1
1790192501118,sala01,8371,1790192501118,0,0,OCUPADO,1,28,55,120,1,1
1790192503118,sala01,8372,1790192503118,0,0,OCUPADO,1,28,55,120,1,1
1790192505118,sala01,8373,1790192505118,0,0,OCUPADO,1,28,55,120,1,1
1790192507118,sala01,8374,1790192507118,0,0,OCUPADO,0,28,55,120,1,1
1790192509118,sala01,8375,1790192509118,0,0,OCUPADO,1,28,55,120,1,1
1790192511118,sala01,8376,1790192511118,0,0,OCUPADO,1,28,55,120,1,1
1790192513118,sala01,8377,1790192513118,0,0,OCUPADO,1,28,55,120,1,1
1790192515118,sala01,8378,1790192515118,0,0,OCUPADO,0,28,55,120,1,1
1790192517118,sala01,8379,1790192517118,0,0,OCUPADO,1,28,55,120,1,1
1790192519118,sala01,8380,1790192519118,0,0,OCUPADO,1,28,55,120,1,1
1790192521118,sala01,8381,1790192521118,0,0,OCUPADO,1,28,55,120,1,1
1790192523118,sala01,8382,1790192523118,0,0,OCUPADO,0,28,55,120,1,1
1790192525118,sala01,8383,1790192525118,0,0,OCUPADO,1,28,55,120,1,1
1790192527118,sala01,8384,1790192527118,0,0,OCUPADO,1,28,55,120,1,1
1790192529118,sala01,8385,1790192529118,0,0,OCUPADO,1,28,55,120,1,1
1790192531118,sala01,8386,1790192531118,0,0,OCUPADO,0,28,55,120,1,1
1790192533118,sala01,8387,1790192533118,0,0,OCUPADO,1,28,55,120,1,1
1790192535118,sala01,8388,1790192535118,0,0,OCUPADO,1,28,55,120,1,1
1790192537118,sala01,8389,1790192537118,0,0,OCUPADO,1,28,55,120,1,1
1790192539118,sala01,8390,1790192539118,0,0,OCUPADO,0,28,55,120,1,1
1790192541118,sala01,8391,1790192541118,0,0,OCUPADO,1,28,55,120,1,1
1790192543118,sala01,8392,1790192543118,0,0,OCUPADO,1,28,55,120,1,1
1790192545118,sala01,8393,1790192545118,0,0,OCUPADO,1,28,55,120,1,1
1790192547118,sala01,8394,1790192547118,0,0,OCUPADO,0,28,55,120,1,1
1790192549118,sala01,8395,1790192549118,0,0,OCUPADO,1,28,55,120,1,1
1790192551118,sala01,8396,1790192551118,0,0,OCUPADO,1,28,55,120,1,1
1790192553118,sala01,8397,1790192553118,0,0,OCUPADO,1,28,55,120,1,1
1790192555118,sala01,8398,1790192555118,0,0,OCUPADO,0,28,55,120,1,1
1790192557118,sala01,8399,1790192557118,0,0,OCUPADO,1,28,55,120,1,1
1790192559118,sala01,8400,1790192559118,0,0,OCUPADO,1,28,55,120,1,1
1790192561118,sala01,8401,1790192561118,0,0,OCUPADO,1,28,55,120,1,1
1790192563118,sala01,8402,1790192563118,0,0,OCUPADO,0,28,55,120,1,1
1790192565118,sala01,8403,1790192565118,0,0,OCUPADO,1,28,55,120,1,1
1790192567118,sala01,8404,1790192567118,0,0,OCUPADO,1,28,55,120,1,1
1790192569118,sala01,8405,1790192569118,0,0,OCUPADO,1,28,55,120,1,1
1790192571118,sala01,8406,1790192571118,0,0,OCUPADO,0,28,55,120,1,1
1790192573118,sala01,8407,1790192573118,0,0,OCUPADO,1,28,55,120,1,1
1790192575118,sala01,8408,1790192575118,0,0,OCUPADO,1,28,55,120,1,1
1790192577118,sala01,8409,1790192577118,0,0,OCUPADO,1,28,55,120,1,1
1790192579118,sala01,8410,1790192579118,0,0,OCUPADO,0,28,55,120,1,1
1790192581118,sala01,8411,1790192581118,0,0,OCUPADO,1,28,55,120,1,1
1790192583118,sala01,8412,1790192583118,0,0,OCUPADO,1,28,55,120,1,1
1790192585118,sala01,8413,1790192585118,0,0,OCUPADO,1,28,55,120,1,1
1790192587118,sala01,8414,1790192587118,0,0,OCUPADO,0,28,55,120,1,1
1790192589118,sala01,8415,1790192589118,0,0,OCUPADO,1,28,55,120,1,1
1790192591118,sala01,8416,1790192591118,0,0,OCUPADO,1,28,55,120,1,1
1790192593118,sala01,8417,1790192593118,0,0,OCUPADO,1,28,55,120,1,1
1790192595118,sala01,8418,1790192595118,0,0,OCUPADO,0,28,55,120,1,1
1790192597118,sala01,8419,1790192597118,0,0,OCUPADO,1,28,55,120,1,1
1790192599118,sala01,8420,1790192599118,0,0,OCUPADO,1,28,55,120,1,1
1790192601118,sala01,8421,1790192601118,0,0,OCUPADO,1,28,55,120,1,1
1790192603118,sala01,8422,1790192603118,0,0,OCUPADO,0,28,55,120,1,1
1790192605118,sala01,8423,1790192605118,0,0,OCUPADO,1,28,55,120,1,1
1790192607118,sala01,8424,1790192607118,0,0,OCUPADO,1,28,55,120,1,1
1790192609118,sala01,8425,1790192609118,0,0,OCUPADO,1,28,55,120,1,1
1790192611118,sala01,8426,1790192611118,0,0,OCUPADO,0,28,55,120,1,1
1790192613118,sala01,8427,1790192613118,0,0,OCUPADO,1,28,55,120,1,1
1790192615118,sala01,8428,1790192615118,0,0,OCUPADO,1,28,55,120,1,1
1790192617118,sala01,8429,1790192617118,0,0,OCUPADO,1,28,55,120,1,1
1790192619118,sala01,8430,1790192619118,0,0,OCUPADO,0,28,55,120,1,1
1790192621118,sala01,8431,1790192621118,0,0,OCUPADO,1,28,55,120,1,1
1790192623118,sala01,8432,1790192623118,0,0,OCUPADO,1,28,55,120,1,1
1790192625118,sala01,8433,1790192625118,0,0,OCUPADO,1,28,55,120,1,1
1790192627118,sala01,8434,1790192627118,0,0,OCUPADO,0,28,55,120,1,1
1790192629118,sala01,8435,1790192629118,0,0,OCUPADO,1,28,55,120,1,1
1790192631118,sala01,8436,1790192631118,0,0,OCUPADO,1,28,55,120,1,1
1790192633118,sala01,8437,1790192633118,0,0,OCUPADO,1,28,55,120,1,1
1790192635118,sala01,8438,1790192635118,0,0,OCUPADO,0,28,55,120,1,1
1790192637118,sala01,8439,1790192637118,0,0,OCUPADO,1,28,55,120,1,1
1790192639118,sala01,8440,1790192639118,0,0,OCUPADO,1,28,55,120,1,1
1790192641118,sala01,8441,1790192641118,0,0,OCUPADO,1,28,55,120,1,1
1790192643118,sala01,8442,1790192643118,0,0,OCUPADO,0,28,55,120,1,1
1790192645118,sala01,8443,1790192645118,0,0,OCUPADO,1,28,55,120,1,1
1790192647118,sala01,8444,1790192647118,0,0,OCUPADO,1,28,55,120,1,1
1790192649118,sala01,8445,1790192649118,0,0,OCUPADO,1,28,55,120,1,1
1790192651118,sala01,8446,1790192651118,0,0,OCUPADO,0,28,55,120,1,1
1790192653118,sala01,8447,1790192653118,0,0,OCUPADO,1,28,55,120,1,1
1790192655118,sala01,8448,1790192655118,0,0,OCUPADO,1,28,55,120,1,1
1790192657118,sala01,8449,1790192657118,0,0,OCUPADO,1,28,55,120,1,1
1790192659118,sala01,8450,1790192659118,0,0,OCUPADO,0,28,55,120,1,1
1790192661118,sala01,8451,1790192661118,0,0,OCUPADO,1,28,55,120,1,1
1790192663118,sala01,8452,1790192663118,0,0,OCUPADO,1,28,55,120,1,1
1790192665118,sala01,8453,1790192665118,0,0,OCUPADO,1,28,55,120,1,1
1790192667118,sala01,8454,1790192667118,0,0,OCUPADO,0,28,55,120,1,1
1790192669118,sala01,8455,1790192669118,0,0,OCUPADO,1,28,55,120,1,1
1790192671118,sala01,8456,1790192671118,0,0,OCUPADO,1,28,55,120,1,1
1790192673118,sala01,8457,1790192673118,0,0,OCUPADO,1,28,55,120,1,1
1790192675118,sala01,8458,1790192675118,0,0,OCUPADO,0,28,55,120,1,1
1790192677118,sala01,8459,1790192677118,0,0,OCUPADO,1,28,55,120,1,1
1790192679118,sala01,8460,1790192679118,0,0,OCUPADO,1,28,55,120,1,1
1790192681118,sala01,8461,1790192681118,0,0,OCUPADO,1,28,55,120,1,1
1790192683118,sala01,8462,1790192683118,0,0,OCUPADO,0,28,55,120,1,1
1790192685118,sala01,8463,1790192685118,0,0,OCUPADO,1,28,55,120,1,1
1790192687118,sala01,8464,1790192687118,0,0,OCUPADO,1,28,55,120,1,1
1790192689118,sala01,8465,1790192689118,0,0,OCUPADO,1,28,55,120,1,1
1790192691118,sala01,8466,1790192691118,0,0,OCUPADO,0,28,55,120,1,1
1790192693118,sala01,8467,1790192693118,0,0,OCUPADO,1,28,55,120,1,1
1790192695118,sala01,8468,1790192695118,0,0,OCUPADO,1,28,55,120,1,1
1790192697118,sala01,8469,1790192697118,0,0,OCUPADO,1,28,55,120,1,1
1790192699118,sala01,8470,1790192699118,0,0,OCUPADO,0,28,55,120,1,1
1790192701118,sala01,8471,1790192701118,0,0,OCUPADO,1,28,55,120,1,1
1790192703118,sala01,8472,1790192703118,0,0,OCUPADO,1,28,55,120,1,1
1790192705118,sala01,8473,1790192705118,0,0,OCUPADO,1,28,55,120,1,1
1790192707118,sala01,8474,1790192707118,0,0,OCUPADO,0,28,55,120,1,1
1790192709118,sala01,8475,1790192709118,0,0,OCUPADO,1,28,55,120,1,1
1790192711118,sala01,8476,1790192711118,0,0,OCUPADO,1,28,55,120,1,1
1790192713118,sala01,8477,1790192713118,0,0,OCUPADO,1,28,55,120,1,1
1790192715118,sala01,8478,1790192715118,0,0,OCUPADO,0,28,55,120,1,1
1790192717118,sala01,8479,1790192717118,0,0,OCUPADO,1,28,55,120,1,1
1790192719118,sala01,8480,1790192719118,0,0,OCUPADO,1,28,55,120,1,1
1790192721118,sala01,8481,1790192721118,0,0,OCUPADO,1,28,55,120,1,1
1790192723118,sala01,8482,1790192723118,0,0,OCUPADO,0,28,55,120,1,1
1790192725118,sala01,8483,1790192725118,0,0,OCUPADO,1,28,55,120,1,1
1790192727118,sala01,8484,1790192727118,0,0,OCUPADO,1,28,55,120,1,1
1790192729118,sala01,8485,1790192729118,0,0,OCUPADO,1,28,55,120,1,1
1790192731118,sala01,8486,1790192731118,0,0,OCUPADO,0,28,55,120,1,1
1790192733118,sala01,8487,1790192733118,0,0,OCUPADO,1,28,55,120,1,1
1790192735118,sala01,8488,1790192735118,0,0,OCUPADO,1,28,55,120,1,1
1790192737118,sala01,8489,1790192737118,0,0,OCUPADO,1,28,55,120,1,1
1790192739118,sala01,8490,1790192739118,0,0,OCUPADO,0,28,55,120,1,1
1790192741118,sala01,8491,1790192741118,0,0,OCUPADO,1,28,55,120,1,1
1790192743118,sala01,8492,1790192743118,0,0,OCUPADO,1,28,55,120,1,1
1790192745118,sala01,8493,1790192745118,0,0,OCUPADO,1,28,55,120,1,1
1790192747118,sala01,8494,1790192747118,0,0,OCUPADO,0,28,55,120,1,1
1790192749118,sala01,8495,1790192749118,0,0,OCUPADO,1,28,55,120,1,1
1790192751118,sala01,8496,1790192751118,0,0,OCUPADO,1,28,55,120,1,1
1790192753118,sala01,8497,1790192753118,0,0,OCUPADO,1,28,55,120,1,1
1790192755118,sala01,8498,1790192755118,0,0,OCUPADO,0,28,55,120,1,1
1790192757118,sala01,8499,1790192757118,0,0,OCUPADO,1,28,55,120,1,1
1790192759118,sala01,8500,1790192759118,0,0,OCUPADO,1,28,55,120,1,1
1790192761118,sala01,8501,1790192761118,0,0,OCUPADO,1,28,55,120,1,1
1790192763118,sala01,8502,1790192763118,0,0,OCUPADO,0,28,55,120,1,1
1790192765118,sala01,8503,1790192765118,0,0,OCUPADO,1,28,55,120,1,1
1790192767118,sala01,8504,1790192767118,0,0,OCUPADO,1,28,55,120,1,1
1790192769118,sala01,8505,1790192769118,0,0,OCUPADO,1,28,55,120,1,1
1790192771118,sala01,8506,1790192771118,0,0,OCUPADO,0,28,55,120,1,1
1790192773118,sala01,8507,1790192773118,0,0,OCUPADO,1,28,55,120,1,1
1790192775118,sala01,8508,1790192775118,0,0,OCUPADO,1,28,55,120,1,1
1790192777118,sala01,8509,1790192777118,0,0,OCUPADO,1,28,55,120,1,1
1790192779118,sala01,8510,1790192779118,0,0,OCUPADO,0,28,55,120,1,1
1790192781118,sala01,8511,1790192781118,0,0,OCUPADO,1,28,55,120,1,1
1790192783118,sala01,8512,1790192783118,0,0,OCUPADO,1,28,55,120,1,1
1790192785118,sala01,8513,1790192785118,0,0,OCUPADO,1,28,55,120,1,1
1790192787118,sala01,8514,1790192787118,0,0,OCUPADO,0,28,55,120,1,1
1790192789118,sala01,8515,1790192789118,0,0,OCUPADO,1,28,55,120,1,1
1790192791118,sala01,8516,1790192791118,0,0,OCUPADO,1,28,55,120,1,1
1790192793118,sala01,8517,1790192793118,0,0,OCUPADO,1,28,55,120,1,1
1790192795118,sala01,8518,1790192795118,0,0,OCUPADO,0,28,55,120,1,1
1790192797118,sala01,8519,1790192797118,0,0,OCUPADO,1,28,55,120,1,1
1790192799118,sala01,8520,1790192799118,0,0,OCUPADO,1,28,55,120,1,1
1790192801118,sala01,8521,1790192801118,0,0,OCUPADO,1,28,55,120,1,1
1790192803118,sala01,8522,1790192803118,0,0,OCUPADO,0,28,55,120,1,1
1790192805118,sala01,8523,1790192805118,0,0,OCUPADO,1,28,55,120,1,1
1790192807118,sala01,8524,1790192807118,0,0,OCUPADO,1,28,55,120,1,1
1790192809118,sala01,8525,1790192809118,0,0,OCUPADO,1,28,55,120,1,1
1790192811118,sala01,8526,1790192811118,0,0,OCUPADO,0,28,55,120,1,1
1790192813118,sala01,8527,1790192813118,0,0,OCUPADO,1,28,55,120,1,1
1790192815118,sala01,8528,1790192815118,0,0,OCUPADO,1,28,55,120,1,1
1790192817118,sala01,8529,1790192817118,0,0,OCUPADO,1,28,55,120,1,1
1790192819118,sala01,8530,1790192819118,0,0,OCUPADO,0,28,55,120,1,1
1790192821118,sala01,8531,1790192821118,0,0,OCUPADO,1,28,55,120,1,1
1790192823118,sala01,8532,1790192823118,0,0,OCUPADO,1,28,55,120,1,1
1790192825118,sala01,8533,1790192825118,0,0,OCUPADO,1,28,55,120,1,1
1790192827118,sala01,8534,1790192827118,0,0,OCUPADO,0,28,55,120,1,1
1790192829118,sala01,8535,1790192829118,0,0,OCUPADO,1,28,55,120,1,1
1790192831118,sala01,8536,1790192831118,0,0,OCUPADO,1,28,55,120,1,1
1790192833118,sala01,8537,1790192833118,0,0,OCUPADO,1,28,55,120,1,1
1790192835118,sala01,8538,1790192835118,0,0,OCUPADO,0,28,55,120,1,1
1790192837118,sala01,8539,1790192837118,0,0,OCUPADO,1,28,55,120,1,1
1790192839118,sala01,8540,1790192839118,0,0,OCUPADO,1,28,55,120,1,1
1790192841118,sala01,8541,1790192841118,0,0,OCUPADO,1,28,55,120,1,1
1790192843118,sala01,8542,1790192843118,0,0,OCUPADO,0,28,55,120,1,1
1790192845118,sala01,8543,1790192845118,0,0,OCUPADO,1,28,55,120,1,1
1790192847118,sala01,8544,1790192847118,0,0,OCUPADO,1,28,55,120,1,1
1790192849118,sala01,8545,1790192849118,0,0,OCUPADO,1,28,55,120,1,1
1790192851118,sala01,8546,1790192851118,0,0,OCUPADO,0,28,55,120,1,1
1790192853118,sala01,8547,1790192853118,0,0,OCUPADO,1,28,55,120,1,1
1790192855118,sala01,8548,1790192855118,0,0,OCUPADO,1,28,55,120,1,1
1790192857118,sala01,8549,1790192857118,0,0,OCUPADO,1,28,55,120,1,1
1790192859118,sala01,8550,1790192859118,0,0,OCUPADO,0,28,55,120,1,1
1790192861118,sala01,8551,1790192861118,0,0,OCUPADO,1,28,55,120,1,1
1790192863118,sala01,8552,1790192863118,0,0,OCUPADO,1,28,55,120,1,1
1790192865118,sala01,8553,1790192865118,0,0,OCUPADO,1,28,55,120,1,1
1790192867118,sala01,8554,1790192867118,0,0,OCUPADO,0,28,55,120,1,1
1790192869118,sala01,8555,1790192869118,0,0,OCUPADO,1,28,55,120,1,1
1790192871118,sala01,8556,1790192871118,0,0,OCUPADO,1,28,55,120,1,1
1790192873118,sala01,8557,1790192873118,0,0,OCUPADO,1,28,55,120,1,1
1790192875118,sala01,8558,1790192875118,0,0,OCUPADO,0,28,55,120,1,1
1790192877118,sala01,8559,1790192877118,0,0,OCUPADO,1,28,55,120,1,1
1790192879118,sala01,8560,1790192879118,0,0,OCUPADO,1,28,55,120,1,1
1790192881118,sala01,8561,1790192881118,0,0,OCUPADO,1,28,55,120,1,1
1790192883118,sala01,8562,1790192883118,0,0,OCUPADO,0,28,55,120,1,1
1790192885118,sala01,8563,1790192885118,0,0,OCUPADO,1,28,55,120,1,1
1790192887118,sala01,8564,1790192887118,0,0,OCUPADO,1,28,55,120,1,1
1790192889118,sala01,8565,1790192889118,0,0,OCUPADO,1,28,55,120,1,1
1790192891118,sala01,8566,1790192891118,0,0,OCUPADO,0,28,55,120,1,1
1790192893118,sala01,8567,1790192893118,0,0,OCUPADO,1,28,55,120,1,1
1790192895118,sala01,8568,1790192895118,0,0,OCUPADO,1,28,55,120,1,1
1790192897118,sala01,8569,1790192897118,0,0,OCUPADO,1,28,55,120,1,1
1790192899118,sala01,8570,1790192899118,0,0,OCUPADO,0,28,55,120,1,1
1790192901118,sala01,8571,1790192901118,0,0,OCUPADO,1,28,55,120,1,1
1790192903118,sala01,8572,1790192903118,0,0,OCUPADO,1,28,55,120,1,1
1790192905118,sala01,8573,1790192905118,0,0,OCUPADO,1,28,55,120,1,1
1790192907118,sala01,8574,1790192907118,0,0,OCUPADO,0,28,55,120,1,1
1790192909118,sala01,8575,1790192909118,0,0,OCUPADO,1,28,55,120,1,1
1790192911118,sala01,8576,1790192911118,0,0,OCUPADO,1,28,55,120,1,1
1790192913118,sala01,8577,1790192913118,0,0,OCUPADO,1,28,55,120,1,1
1790192915118,sala01,8578,1790192915118,0,0,OCUPADO,0,28,55,120,1,1
1790192917118,sala01,8579,1790192917118,0,0,OCUPADO,1,28,55,120,1,1
1790192919118,sala01,8580,1790192919118,0,0,OCUPADO,1,28,55,120,1,1
1790192921118,sala01,8581,1790192921118,0,0,OCUPADO,1,28,55,120,1,1
1790192923118,sala01,8582,1790192923118,0,0,OCUPADO,0,28,55,120,1,1
1790192925118,sala01,8583,1790192925118,0,0,OCUPADO,1,28,55,120,1,1
1790192927118,sala01,8584,1790192927118,0,0,OCUPADO,1,28,55,120,1,1
1790192929118,sala01,8585,1790192929118,0,0,OCUPADO,1,28,55,120,1,1
1790192931118,sala01,8586,1790192931118,0,0,OCUPADO,0,28,55,120,1,1
1790192933118,sala01,8587,1790192933118,0,0,OCUPADO,1,28,55,120,1,1
1790192935118,sala01,8588,1790192935118,0,0,OCUPADO,1,28,55,120,1,1
1790192937118,sala01,8589,1790192937118,0,0,OCUPADO,1,28,55,120,1,1
1790192939118,sala01,8590,1790192939118,0,0,OCUPADO,0,28,55,120,1,1
1790192941118,sala01,8591,1790192941118,0,0,OCUPADO,1,28,55,120,1,1
1790192943118,sala01,8592,1790192943118,0,0,OCUPADO,1,28,55,120,1,1
1790192945118,sala01,8593,1790192945118,0,0,OCUPADO,1,28,55,120,1,1
1790192947118,sala01,8594,1790192947118,0,0,OCUPADO,0,28,55,120,1,1
1790192949118,sala01,8595,1790192949118,0,0,OCUPADO,1,28,55,120,1,1
1790192951118,sala01,8596,1790192951118,0,0,OCUPADO,1,28,55,120,1,1
1790192953118,sala01,8597,1790192953118,0,0,OCUPADO,1,28,55,120,1,1
1790192955118,sala01,8598,1790192955118,0,0,OCUPADO,0,28,55,120,1,1
1790192957118,sala01,8599,1790192957118,0,0,OCUPADO,1,28,55,120,1,1
1790192959118,sala01,8600,1790192959118,0,0,OCUPADO,1,28,55,120,1,1
1790192961118,sala01,8601,1790192961118,0,0,OCUPADO,1,28,55,120,1,1
1790192963118,sala01,8602,1790192963118,0,0,OCUPADO,0,28,55,120,1,1
1790192965118,sala01,8603,1790192965118,0,0,OCUPADO,1,28,55,120,1,1
1790192967118,sala01,8604,1790192967118,0,0,OCUPADO,1,28,55,120,1,1
1790192969118,sala01,8605,1790192969118,0,0,OCUPADO,1,28,55,120,1,1
1790192971118,sala01,8606,1790192971118,0,0,OCUPADO,0,28,55,120,1,1
1790192973118,sala01,8607,1790192973118,0,0,OCUPADO,1,28,55,120,1,1
1790192975118,sala01,8608,1790192975118,0,0,OCUPADO,1,28,55,120,1,1
1790192977118,sala01,8609,1790192977118,0,0,OCUPADO,1,28,55,120,1,1
1790192979118,sala01,8610,1790192979118,0,0,OCUPADO,0,28,55,120,1,1
1790192981118,sala01,8611,1790192981118,0,0,OCUPADO,1,28,55,120,1,1
1790192983118,sala01,8612,1790192983118,0,0,OCUPADO,1,28,55,120,1,1
1790192985118,sala01,8613,1790192985118,0,0,OCUPADO,1,28,55,120,1,1
1790192987118,sala01,8614,1790192987118,0,0,OCUPADO,0,28,55,120,1,1
1790192989118,sala01,8615,1790192989118,0,0,OCUPADO,1,28,55,120,1,1
1790192991118,sala01,8616,1790192991118,0,0,OCUPADO,1,28,55,120,1,1
1790192993118,sala01,8617,1790192993118,0,0,OCUPADO,1,28,55,120,1,1
1790192995118,sala01,8618,1790192995118,0,0,OCUPADO,0,28,55,120,1,1
1790192997118,sala01,8619,1790192997118,0,0,OCUPADO,1,28,55,120,1,1
1790192999118,sala01,8620,1790192999118,0,0,OCUPADO,1,28,55,120,1,1
1790193001118,sala01,8621,1790193001118,0,0,OCUPADO,1,28,55,120,1,1
1790193003118,sala01,8622,1790193003118,0,0,OCUPADO,0,28,55,120,1,1
1790193005118,sala01,8623,1790193005118,0,0,OCUPADO,1,28,55,120,1,1
1790193007118,sala01,8624,1790193007118,0,0,OCUPADO,1,28,55,120,1,1
1790193009118,sala01,8625,1790193009118,0,0,OCUPADO,1,28,55,120,1,1
1790193011118,sala01,8626,1790193011118,0,0,OCUPADO,0,28,55,120,1,1
1790193013118,sala01,8627,1790193013118,0,0,OCUPADO,1,28,55,120,1,1
1790193015118,sala01,8628,1790193015118,0,0,OCUPADO,1,28,55,120,1,1
1790193017118,sala01,8629,1790193017118,0,0,OCUPADO,1,28,55,120,1,1
1790193019118,sala01,8630,1790193019118,0,0,OCUPADO,0,28,55,120,1,1
1790193021118,sala01,8631,1790193021118,0,0,OCUPADO,1,28,55,120,1,1
1790193023118,sala01,8632,1790193023118,0,0,OCUPADO,1,28,55,120,1,1
1790193025118,sala01,8633,1790193025118,0,0,OCUPADO,1,28,55,120,1,1
1790193027118,sala01,8634,1790193027118,0,0,OCUPADO,0,28,55,120,1,1
1790193029118,sala01,8635,1790193029118,0,0,OCUPADO,1,28,55,120,1,1
1790193031118,sala01,8636,1790193031118,0,0,OCUPADO,1,28,55,120,1,1
1790193033118,sala01,8637,1790193033118,0,0,OCUPADO,1,28,55,120,1,1
1790193035118,sala01,8638,1790193035118,0,0,OCUPADO,0,28,55,120,1,1
1790193037118,sala01,8639,1790193037118,0,0,OCUPADO,1,28,55,120,1,1
1790193039118,sala01,8640,1790193039118,0,0,OCUPADO,1,28,55,120,1,1
1790193041118,sala01,8641,1790193041118,0,0,OCUPADO,1,28,55,120,1,1
1790193043118,sala01,8642,1790193043118,0,0,OCUPADO,0,28,55,120,1,1
1790193045118,sala01,8643,1790193045118,0,0,OCUPADO,1,28,55,120,1,1
1790193047118,sala01,8644,1790193047118,0,0,OCUPADO,1,28,55,120,1,1
1790193049118,sala01,8645,1790193049118,0,0,OCUPADO,1,28,55,120,1,1
1790193051118,sala01,8646,1790193051118,0,0,OCUPADO,0,28,55,120,1,1
1790193053118,sala01,8647,1790193053118,0,0,OCUPADO,1,28,55,120,1,1
1790193055118,sala01,8648,1790193055118,0,0,OCUPADO,1,28,55,120,1,1
1790193057118,sala01,8649,1790193057118,0,0,OCUPADO,1,28,55,120,1,1
1790193059118,sala01,8650,1790193059118,0,0,OCUPADO,0,28,55,120,1,1
1790193061118,sala01,8651,1790193061118,0,0,OCUPADO,1,28,55,120,1,1
1790193063118,sala01,8652,1790193063118,0,0,OCUPADO,1,28,55,120,1,1
1790193065118,sala01,8653,1790193065118,0,0,OCUPADO,1,28,55,120,1,1
1790193067118,sala01,8654,1790193067118,0,0,OCUPADO,0,28,55,120,1,1
1790193069118,sala01,8655,1790193069118,0,0,OCUPADO,1,28,55,120,1,1
1790193071118,sala01,8656,1790193071118,0,0,OCUPADO,1,28,55,120,1,1
1790193073118,sala01,8657,1790193073118,0,0,OCUPADO,1,28,55,120,1,1
1790193075118,sala01,8658,1790193075118,0,0,OCUPADO,0,28,55,120,1,1
1790193077118,sala01,8659,1790193077118,0,0,OCUPADO,1,28,55,120,1,1
1790193079118,sala01,8660,1790193079118,0,0,OCUPADO,1,28,55,120,1,1
1790193081118,sala01,8661,1790193081118,0,0,OCUPADO,1,28,55,120,1,1
1790193083118,sala01,8662,1790193083118,0,0,OCUPADO,0,28,55,120,1,1
1790193085118,sala01,8663,1790193085118,0,0,OCUPADO,1,28,55,120,1,1
1790193087118,sala01,8664,1790193087118,0,0,OCUPADO,1,28,55,120,1,1
1790193089118,sala01,8665,1790193089118,0,0,OCUPADO,1,28,55,120,1,1
1790193091118,sala01,8666,1790193091118,0,0,OCUPADO,0,28,55,120,1,1
1790193093118,sala01,8667,1790193093118,0,0,OCUPADO,1,28,55,120,1,1
1790193095118,sala01,8668,1790193095118,0,0,OCUPADO,1,28,55,120,1,1
1790193097118,sala01,8669,1790193097118,0,0,OCUPADO,1,28,55,120,1,1
1790193099118,sala01,8670,1790193099118,0,0,OCUPADO,0,28,55,120,1,1
1790193101118,sala01,8671,1790193101118,0,0,OCUPADO,1,28,55,120,1,1
1790193103118,sala01,8672,1790193103118,0,0,OCUPADO,1,28,55,120,1,1
1790193105118,sala01,8673,1790193105118,0,0,OCUPADO,1,28,55,120,1,1
1790193107118,sala01,8674,1790193107118,0,0,OCUPADO,0,28,55,120,1,1
1790193109118,sala01,8675,1790193109118,0,0,OCUPADO,1,28,55,120,1,1
1790193111118,sala01,8676,1790193111118,0,0,OCUPADO,1,28,55,120,1,1
1790193113118,sala01,8677,1790193113118,0,0,OCUPADO,1,28,55,120,1,1
1790193115118,sala01,8678,1790193115118,0,0,OCUPADO,0,28,55,120,1,1
1790193117118,sala01,8679,1790193117118,0,0,OCUPADO,1,28,55,120,1,1
1790193119118,sala01,8680,1790193119118,0,0,OCUPADO,1,28,55,120,1,1
1790193121118,sala01,8681,1790193121118,0,0,OCUPADO,1,28,55,120,1,1
1790193123118,sala01,8682,1790193123118,0,0,OCUPADO,0,28,55,120,1,1
1790193125118,sala01,8683,1790193125118,0,0,OCUPADO,1,28,55,120,1,1
1790193127118,sala01,8684,1790193127118,0,0,OCUPADO,1,28,55,120,1,1
1790193129118,sala01,8685,1790193129118,0,0,OCUPADO,1,28,55,120,1,1
1790193131118,sala01,8686,1790193131118,0,0,OCUPADO,0,28,55,120,1,1
1790193133118,sala01,8687,1790193133118,0,0,OCUPADO,1,28,55,120,1,1
1790193135118,sala01,8688,1790193135118,0,0,OCUPADO,1,28,55,120,1,1
1790193137118,sala01,8689,1790193137118,0,0,OCUPADO,1,28,55,120,1,1
1790193139118,sala01,8690,1790193139118,0,0,OCUPADO,0,28,55,120,1,1
1790193141118,sala01,8691,1790193141118,0,0,OCUPADO,1,28,55,120,1,1
1790193143118,sala01,8692,1790193143118,0,0,OCUPADO,1,28,55,120,1,1
1790193145118,sala01,8693,1790193145118,0,0,OCUPADO,1,28,55,120,1,1
1790193147118,sala01,8694,1790193147118,0,0,OCUPADO,0,28,55,120,1,1
1790193149118,sala01,8695,1790193149118,0,0,OCUPADO,1,28,55,120,1,1
1790193151118,sala01,8696,1790193151118,0,0,OCUPADO,1,28,55,120,1,1
1790193153118,sala01,8697,1790193153118,0,0,OCUPADO,1,28,55,120,1,1
1790193155118,sala01,8698,1790193155118,0,0,OCUPADO,0,28,55,120,1,1
1790193157118,sala01,8699,1790193157118,0,0,OCUPADO,1,28,55,120,1,1
1790193159118,sala01,8700,1790193159118,0,0,OCUPADO,1,28,55,120,1,1
1790193161118,sala01,8701,1790193161118,0,0,OCUPADO,1,28,55,120,1,1
1790193163118,sala01,8702,1790193163118,0,0,OCUPADO,0,28,55,120,1,1
1790193165118,sala01,8703,1790193165118,0,0,OCUPADO,1,28,55,120,1,1
1790193167118,sala01,8704,1790193167118,0,0,OCUPADO,1,28,55,120,1,1
1790193169118,sala01,8705,1790193169118,0,0,OCUPADO,1,28,55,120,1,1
1790193171118,sala01,8706,1790193171118,0,0,OCUPADO,0,28,55,120,1,1
1790193173118,sala01,8707,1790193173118,0,0,OCUPADO,1,28,55,120,1,1
1790193175118,sala01,8708,1790193175118,0,0,OCUPADO,1,28,55,120,1,1
1790193177118,sala01,8709,1790193177118,0,0,OCUPADO,1,28,55,120,1,1
1790193179118,sala01,8710,1790193179118,0,0,OCUPADO,0,28,55,120,1,1
1790193181118,sala01,8711,1790193181118,0,0,OCUPADO,1,28,55,120,1,1
1790193183118,sala01,8712,1790193183118,0,0,OCUPADO,1,28,55,120,1,1
1790193185118,sala01,8713,1790193185118,0,0,OCUPADO,1,28,55,120,1,1
1790193187118,sala01,8714,1790193187118,0,0,OCUPADO,0,28,55,120,1,1
1790193189118,sala01,8715,1790193189118,0,0,OCUPADO,1,28,55,120,1,1
1790193191118,sala01,8716,1790193191118,0,0,OCUPADO,1,28,55,120,1,1
1790193193118,sala01,8717,1790193193118,0,0,OCUPADO,1,28,55,120,1,1
1790193195118,sala01,8718,1790193195118,0,0,OCUPADO,0,28,55,120,1,1
1790193197118,sala01,8719,1790193197118,0,0,OCUPADO,1,28,55,120,1,1
1790193199118,sala01,8720,1790193199118,0,0,OCUPADO,1,28,55,120,1,1
1790193201118,sala01,8721,1790193201118,0,0,OCUPADO,1,28,55,120,1,1
1790193203118,sala01,8722,1790193203118,0,0,OCUPADO,0,28,55,120,1,1
1790193205118,sala01,8723,1790193205118,0,0,OCUPADO,1,28,55,120,1,1
1790193207118,sala01,8724,1790193207118,0,0,OCUPADO,1,28,55,120,1,1
1790193209118,sala01,8725,1790193209118,0,0,OCUPADO,1,28,55,120,1,1
1790193211118,sala01,8726,1790193211118,0,0,OCUPADO,0,28,55,120,1,1
1790193213118,sala01,8727,1790193213118,0,0,OCUPADO,1,28,55,120,1,1
1790193215118,sala01,8728,1790193215118,0,0,OCUPADO,1,28,55,120,1,1
1790193217118,sala01,8729,1790193217118,0,0,OCUPADO,1,28,55,120,1,1
1790193219118,sala01,8730,1790193219118,0,0,OCUPADO,0,28,55,120,1,1
1790193221118,sala01,8731,1790193221118,0,0,OCUPADO,1,28,55,120,1,1
1790193223118,sala01,8732,1790193223118,0,0,OCUPADO,1,28,55,120,1,1
1790193225118,sala01,8733,1790193225118,0,0,OCUPADO,1,28,55,120,1,1
1790193227118,sala01,8734,1790193227118,0,0,OCUPADO,0,28,55,120,1,1
1790193229118,sala01,8735,1790193229118,0,0,OCUPADO,1,28,55,120,1,1
1790193231118,sala01,8736,1790193231118,0,0,OCUPADO,1,28,55,120,1,1
1790193233118,sala01,8737,1790193233118,0,0,OCUPADO,1,28,55,120,1,1
1790193235118,sala01,8738,1790193235118,0,0,OCUPADO,0,28,55,120,1,1
1790193237118,sala01,8739,1790193237118,0,0,OCUPADO,1,28,55,120,1,1
1790193239118,sala01,8740,1790193239118,0,0,OCUPADO,1,28,55,120,1,1
1790193241118,sala01,8741,1790193241118,0,0,OCUPADO,1,28,55,120,1,1
1790193243118,sala01,8742,1790193243118,0,0,OCUPADO,0,28,55,120,1,1
1790193245118,sala01,8743,1790193245118,0,0,OCUPADO,1,28,55,120,1,1
1790193247118,sala01,8744,1790193247118,0,0,OCUPADO,1,28,55,120,1,1
1790193249118,sala01,8745,1790193249118,0,0,OCUPADO,1,28,55,120,1,1
1790193251118,sala01,8746,1790193251118,0,0,OCUPADO,0,28,55,120,1,1
1790193253118,sala01,8747,1790193253118,0,0,OCUPADO,1,28,55,120,1,1
1790193255118,sala01,8748,1790193255118,0,0,OCUPADO,1,28,55,120,1,1
1790193257118,sala01,8749,1790193257118,0,0,OCUPADO,1,28,55,120,1,1
1790193259118,sala01,8750,1790193259118,0,0,OCUPADO,0,28,55,120,1,1
1790193261118,sala01,8751,1790193261118,0,0,OCUPADO,1,28,55,120,1,1
1790193263118,sala01,8752,1790193263118,0,0,OCUPADO,1,28,55,120,1,1
1790193265118,sala01,8753,1790193265118,0,0,OCUPADO,1,28,55,120,1,1
1790193267118,sala01,8754,1790193267118,0,0,OCUPADO,0,28,55,120,1,1
1790193269118,sala01,8755,1790193269118,0,0,OCUPADO,1,28,55,120,1,1
1790193271118,sala01,8756,1790193271118,0,0,OCUPADO,1,28,55,120,1,1
1790193273118,sala01,8757,1790193273118,0,0,OCUPADO,1,28,55,120,1,1
1790193275118,sala01,8758,1790193275118,0,0,OCUPADO,0,28,55,120,1,1
1790193277118,sala01,8759,1790193277118,0,0,OCUPADO,1,28,55,120,1,1
1790193279118,sala01,8760,1790193279118,0,0,OCUPADO,1,28,55,120,1,1
1790193281118,sala01,8761,1790193281118,0,0,OCUPADO,1,28,55,120,1,1
1790193283118,sala01,8762,1790193283118,0,0,OCUPADO,0,28,55,120,1,1
1790193285118,sala01,8763,1790193285118,0,0,OCUPADO,1,28,55,120,1,1
1790193287118,sala01,8764,1790193287118,0,0,OCUPADO,1,28,55,120,1,1
1790193289118,sala01,8765,1790193289118,0,0,OCUPADO,1,28,55,120,1,1
1790193291118,sala01,8766,1790193291118,0,0,OCUPADO,0,28,55,120,1,1
1790193293118,sala01,8767,1790193293118,0,0,OCUPADO,1,28,55,120,1,1
1790193295118,sala01,8768,1790193295118,0,0,OCUPADO,1,28,55,120,1,1
1790193297118,sala01,8769,1790193297118,0,0,OCUPADO,1,28,55,120,1,1
1790193299118,sala01,8770,1790193299118,0,0,OCUPADO,0,28,55,120,1,1
1790193301118,sala01,8771,1790193301118,0,0,OCUPADO,1,28,55,120,1,1
1790193303118,sala01,8772,1790193303118,0,0,OCUPADO,1,28,55,120,1,1
1790193305118,sala01,8773,1790193305118,0,0,OCUPADO,1,28,55,120,1,1
1790193307118,sala01,8774,1790193307118,0,0,OCUPADO,0,28,55,120,1,1
1790193309118,sala01,8775,1790193309118,0,0,OCUPADO,1,28,55,120,1,1
1790193311118,sala01,8776,1790193311118,0,0,OCUPADO,1,28,55,120,1,1
1790193313118,sala01,8777,1790193313118,0,0,OCUPADO,1,28,55,120,1,1
1790193315118,sala01,8778,1790193315118,0,0,OCUPADO,0,28,55,120,1,1
1790193317118,sala01,8779,1790193317118,0,0,OCUPADO,1,28,55,120,1,1
1790193319118,sala01,8780,1790193319118,0,0,OCUPADO,1,28,55,120,1,1
1790193321118,sala01,8781,1790193321118,0,0,OCUPADO,1,28,55,120,1,1
1790193323118,sala01,8782,1790193323118,0,0,OCUPADO,0,28,55,120,1,1
1790193325118,sala01,8783,1790193325118,0,0,OCUPADO,1,28,55,120,1,1
1790193327118,sala01,8784,1790193327118,0,0,OCUPADO,1,28,55,120,1,1
1790193329118,sala01,8785,1790193329118,0,0,OCUPADO,1,28,55,120,1,1
1790193331118,sala01,8786,1790193331118,0,0,OCUPADO,0,28,55,120,1,1
1790193333118,sala01,8787,1790193333118,0,0,OCUPADO,1,28,55,120,1,1
1790193335118,sala01,8788,1790193335118,0,0,OCUPADO,1,28,55,120,1,1
1790193337118,sala01,8789,1790193337118,0,0,OCUPADO,1,28,55,120,1,1
1790193339118,sala01,8790,1790193339118,0,0,OCUPADO,0,28,55,120,1,1
1790193341118,sala01,8791,1790193341118,0,0,OCUPADO,1,28,55,120,1,1
1790193343118,sala01,8792,1790193343118,0,0,OCUPADO,1,28,55,120,1,1
1790193345118,sala01,8793,1790193345118,0,0,OCUPADO,1,28,55,120,1,1
1790193347118,sala01,8794,1790193347118,0,0,OCUPADO,0,28,55,120,1,1
1790193349118,sala01,8795,1790193349118,0,0,OCUPADO,1,28,55,120,1,1
1790193351118,sala01,8796,1790193351118,0,0,OCUPADO,1,28,55,120,1,1
1790193353118,sala01,8797,1790193353118,0,0,OCUPADO,1,28,55,120,1,1
1790193355118,sala01,8798,1790193355118,0,0,OCUPADO,0,28,55,120,1,1
1790193357118,sala01,8799,1790193357118,0,0,OCUPADO,1,28,55,120,1,1
1790193359118,sala01,8800,1790193359118,0,0,OCUPADO,1,28,55,120,1,1
1790193361118,sala01,8801,1790193361118,0,0,OCUPADO,1,28,55,120,1,1
1790193363118,sala01,8802,1790193363118,0,0,OCUPADO,0,28,55,120,1,1
1790193365118,sala01,8803,1790193365118,0,0,OCUPADO,1,28,55,120,1,1
1790193367118,sala01,8804,1790193367118,0,0,OCUPADO,1,28,55,120,1,1
1790193369118,sala01,8805,1790193369118,0,0,OCUPADO,1,28,55,120,1,1
1790193371118,sala01,8806,1790193371118,0,0,OCUPADO,0,28,55,120,1,1
1790193373118,sala01,8807,1790193373118,0,0,OCUPADO,1,28,55,120,1,1
1790193375118,sala01,8808,1790193375118,0,0,OCUPADO,1,28,55,120,1,1
1790193377118,sala01,8809,1790193377118,0,0,OCUPADO,1,28,55,120,1,1
1790193379118,sala01,8810,1790193379118,0,0,OCUPADO,0,28,55,120,1,1
1790193381118,sala01,8811,1790193381118,0,0,OCUPADO,1,28,55,120,1,1
1790193383118,sala01,8812,1790193383118,0,0,OCUPADO,1,28,55,120,1,1
1790193385118,sala01,8813,1790193385118,0,0,OCUPADO,1,28,55,120,1,1
1790193387118,sala01,8814,1790193387118,0,0,OCUPADO,0,28,55,120,1,1
1790193389118,sala01,8815,1790193389118,0,0,OCUPADO,1,28,55,120,1,1
1790193391118,sala01,8816,1790193391118,0,0,OCUPADO,1,28,55,120,1,1
1790193393118,sala01,8817,1790193393118,0,0,OCUPADO,1,28,55,120,1,1
1790193395118,sala01,8818,1790193395118,0,0,OCUPADO,0,28,55,120,1,1
1790193397118,sala01,8819,1790193397118,0,0,OCUPADO,1,28,55,120,1,1
1790193399118,sala01,8820,1790193399118,0,0,OCUPADO,1,28,55,120,1,1
1790193401118,sala01,8821,1790193401118,0,0,OCUPADO,1,28,55,120,1,1
1790193403118,sala01,8822,1790193403118,0,0,OCUPADO,0,28,55,120,1,1
1790193405118,sala01,8823,1790193405118,0,0,OCUPADO,1,28,55,120,1,1
1790193407118,sala01,8824,1790193407118,0,0,OCUPADO,1,28,55,120,1,1
1790193409118,sala01,8825,1790193409118,0,0,OCUPADO,1,28,55,120,1,1
1790193411118,sala01,8826,1790193411118,0,0,OCUPADO,0,28,55,120,1,1
1790193413118,sala01,8827,1790193413118,0,0,OCUPADO,1,28,55,120,1,1
1790193415118,sala01,8828,1790193415118,0,0,OCUPADO,1,28,55,120,1,1
1790193417118,sala01,8829,1790193417118,0,0,OCUPADO,1,28,55,120,1,1
1790193419118,sala01,8830,1790193419118,0,0,OCUPADO,0,28,55,120,1,1
1790193421118,sala01,8831,1790193421118,0,0,OCUPADO,1,28,55,120,1,1
1790193423118,sala01,8832,1790193423118,0,0,OCUPADO,1,28,55,120,1,1
1790193425118,sala01,8833,1790193425118,0,0,OCUPADO,1,28,55,120,1,1
1790193427118,sala01,8834,1790193427118,0,0,OCUPADO,0,28,55,120,1,1
1790193429118,sala01,8835,1790193429118,0,0,OCUPADO,1,28,55,120,1,1
1790193431118,sala01,8836,1790193431118,0,0,OCUPADO,1,28,55,120,1,1
1790193433118,sala01,8837,1790193433118,0,0,OCUPADO,1,28,55,120,1,1
1790193435118,sala01,8838,1790193435118,0,0,OCUPADO,0,28,55,120,1,1
1790193437118,sala01,8839,1790193437118,0,0,OCUPADO,1,28,55,120,1,1
1790193439118,sala01,8840,1790193439118,0,0,OCUPADO,1,28,55,120,1,1
1790193441118,sala01,8841,1790193441118,0,0,OCUPADO,1,28,55,120,1,1
1790193443118,sala01,8842,1790193443118,0,0,OCUPADO,0,28,55,120,1,1
1790193445118,sala01,8843,1790193445118,0,0,OCUPADO,1,28,55,120,1,1
1790193447118,sala01,8844,1790193447118,0,0,OCUPADO,1,28,55,120,1,1
1790193449118,sala01,8845,1790193449118,0,0,OCUPADO,1,28,55,120,1,1
1790193451118,sala01,8846,1790193451118,0,0,OCUPADO,0,28,55,120,1,1
1790193453118,sala01,8847,1790193453118,0,0,OCUPADO,1,28,55,120,1,1
1790193455118,sala01,8848,1790193455118,0,0,OCUPADO,1,28,55,120,1,1
1790193457118,sala01,8849,1790193457118,0,0,OCUPADO,1,28,55,120,1,1
1790193459118,sala01,8850,1790193459118,0,0,OCUPADO,0,28,55,120,1,1
1790193461118,sala01,8851,1790193461118,0,0,OCUPADO,1,28,55,120,1,1
1790193463118,sala01,8852,1790193463118,0,0,OCUPADO,1,28,55,120,1,1
1790193465118,sala01,8853,1790193465118,0,0,OCUPADO,1,28,55,120,1,1
1790193467118,sala01,8854,1790193467118,0,0,OCUPADO,0,28,55,120,1,1
1790193469118,sala01,8855,1790193469118,0,0,OCUPADO,1,28,55,120,1,1
1790193471118,sala01,8856,1790193471118,0,0,OCUPADO,1,28,55,120,1,1
1790193473118,sala01,8857,1790193473118,0,0,OCUPADO,1,28,55,120,1,1
1790193475118,sala01,8858,1790193475118,0,0,OCUPADO,0,28,55,120,1,1
1790193477118,sala01,8859,1790193477118,0,0,OCUPADO,1,28,55,120,1,1
1790193479118,sala01,8860,1790193479118,0,0,OCUPADO,1,28,55,120,1,1
1790193481118,sala01,8861,1790193481118,0,0,OCUPADO,1,28,55,120,1,1
1790193483118,sala01,8862,1790193483118,0,0,OCUPADO,0,28,55,120,1,1
1790193485118,sala01,8863,1790193485118,0,0,OCUPADO,1,28,55,120,1,1
1790193487118,sala01,8864,1790193487118,0,0,OCUPADO,1,28,55,120,1,1
1790193489118,sala01,8865,1790193489118,0,0,OCUPADO,1,28,55,120,1,1
1790193491118,sala01,8866,1790193491118,0,0,OCUPADO,0,28,55,120,1,1
1790193493118,sala01,8867,1790193493118,0,0,OCUPADO,1,28,55,120,1,1
1790193495118,sala01,8868,1790193495118,0,0,OCUPADO,1,28,55,120,1,1
1790193497118,sala01,8869,1790193497118,0,0,OCUPADO,1,28,55,120,1,1
1790193499118,sala01,8870,1790193499118,0,0,OCUPADO,0,28,55,120,1,1
1790193501118,sala01,8871,1790193501118,0,0,OCUPADO,1,28,55,120,1,1
1790193503118,sala01,8872,1790193503118,0,0,OCUPADO,1,28,55,120,1,1
1790193505118,sala01,8873,1790193505118,0,0,OCUPADO,1,28,55,120,1,1
1790193507118,sala01,8874,1790193507118,0,0,OCUPADO,0,28,55,120,1,1
1790193509118,sala01,8875,1790193509118,0,0,OCUPADO,1,28,55,120,1,1
1790193511118,sala01,8876,1790193511118,0,0,OCUPADO,1,28,55,120,1,1
1790193513118,sala01,8877,1790193513118,0,0,OCUPADO,1,28,55,120,1,1
1790193515118,sala01,8878,1790193515118,0,0,OCUPADO,0,28,55,120,1,1
1790193517118,sala01,8879,1790193517118,0,0,OCUPADO,1,28,55,120,1,1
1790193519118,sala01,8880,1790193519118,0,0,OCUPADO,1,28,55,120,1,1
1790193521118,sala01,8881,1790193521118,0,0,OCUPADO,1,28,55,120,1,1
1790193523118,sala01,8882,1790193523118,0,0,OCUPADO,0,28,55,120,1,1
1790193525118,sala01,8883,1790193525118,0,0,OCUPADO,1,28,55,120,1,1
1790193527118,sala01,8884,1790193527118,0,0,OCUPADO,1,28,55,120,1,1
1790193529118,sala01,8885,1790193529118,0,0,OCUPADO,1,28,55,120,1,1
1790193531118,sala01,8886,1790193531118,0,0,OCUPADO,0,28,55,120,1,1
1790193533118,sala01,8887,1790193533118,0,0,OCUPADO,1,28,55,120,1,1
1790193535118,sala01,8888,1790193535118,0,0,OCUPADO,1,28,55,120,1,1
1790193537118,sala01,8889,1790193537118,0,0,OCUPADO,1,28,55,120,1,1
1790193539118,sala01,8890,1790193539118,0,0,OCUPADO,0,28,55,120,1,1
1790193541118,sala01,8891,1790193541118,0,0,OCUPADO,1,28,55,120,1,1
1790193543118,sala01,8892,1790193543118,0,0,OCUPADO,1,28,55,120,1,1
1790193545118,sala01,8893,1790193545118,0,0,OCUPADO,1,28,55,120,1,1
1790193547118,sala01,8894,1790193547118,0,0,OCUPADO,0,28,55,120,1,1
1790193549118,sala01,8895,1790193549118,0,0,OCUPADO,1,28,55,120,1,1
1790193551118,sala01,8896,1790193551118,0,0,OCUPADO,1,28,55,120,1,1
1790193553118,sala01,8897,1790193553118,0,0,OCUPADO,1,28,55,120,1,1
1790193555118,sala01,8898,1790193555118,0,0,OCUPADO,0,28,55,120,1,1
1790193557118,sala01,8899,1790193557118,0,0,OCUPADO,1,28,55,120,1,1
1790193559118,sala01,8900,1790193559118,0,0,OCUPADO,1,28,55,120,1,1
1790193561118,sala01,8901,1790193561118,0,0,OCUPADO,1,28,55,120,1,1
1790193563118,sala01,8902,1790193563118,0,0,OCUPADO,0,28,55,120,1,1
1790193565118,sala01,8903,1790193565118,0,0,OCUPADO,1,28,55,120,1,1
1790193567118,sala01,8904,1790193567118,0,0,OCUPADO,1,28,55,120,1,1
1790193569118,sala01,8905,1790193569118,0,0,OCUPADO,1,28,55,120,1,1
1790193571118,sala01,8906,1790193571118,0,0,OCUPADO,0,28,55,120,1,1
1790193573118,sala01,8907,1790193573118,0,0,OCUPADO,1,28,55,120,1,1
1790193575118,sala01,8908,1790193575118,0,0,OCUPADO,1,28,55,120,1,1
1790193577118,sala01,8909,1790193577118,0,0,OCUPADO,1,28,55,120,1,1
1790193579118,sala01,8910,1790193579118,0,0,OCUPADO,0,28,55,120,1,1
1790193581118,sala01,8911,1790193581118,0,0,OCUPADO,1,28,55,120,1,1
1790193583118,sala01,8912,1790193583118,0,0,OCUPADO,1,28,55,120,1,1
1790193585118,sala01,8913,1790193585118,0,0,OCUPADO,1,28,55,120,1,1
1790193587118,sala01,8914,1790193587118,0,0,OCUPADO,0,28,55,120,1,1
1790193589118,sala01,8915,1790193589118,0,0,OCUPADO,1,28,55,120,1,1
1790193591118,sala01,8916,1790193591118,0,0,OCUPADO,1,28,55,120,1,1
1790193593118,sala01,8917,1790193593118,0,0,OCUPADO,1,28,55,120,1,1
1790193595118,sala01,8918,1790193595118,0,0,OCUPADO,0,28,55,120,1,1
1790193597118,sala01,8919,1790193597118,0,0,OCUPADO,1,28,55,120,1,1
1790193599118,sala01,8920,1790193599118,0,0,OCUPADO,1,28,55,120,1,1
1790193601118,sala01,8921,1790193601118,0,0,OCUPADO,1,28,55,120,1,1
1790193603118,sala01,8922,1790193603118,0,0,OCUPADO,0,28,55,120,1,1
1790193605118,sala01,8923,1790193605118,0,0,OCUPADO,1,28,55,120,1,1
1790193607118,sala01,8924,1790193607118,0,0,OCUPADO,1,28,55,120,1,1
1790193609118,sala01,8925,1790193609118,0,0,OCUPADO,1,28,55,120,1,1
1790193611118,sala01,8926,1790193611118,0,0,OCUPADO,0,28,55,120,1,1
1790193613118,sala01,8927,1790193613118,0,0,OCUPADO,1,28,55,120,1,1
1790193615118,sala01,8928,1790193615118,0,0,OCUPADO,1,28,55,120,1,1
1790193617118,sala01,8929,1790193617118,0,0,OCUPADO,1,28,55,120,1,1
1790193619118,sala01,8930,1790193619118,0,0,OCUPADO,0,28,55,120,1,1
1790193621118,sala01,8931,1790193621118,0,0,OCUPADO,1,28,55,120,1,1
1790193623118,sala01,8932,1790193623118,0,0,OCUPADO,1,28,55,120,1,1
1790193625118,sala01,8933,1790193625118,0,0,OCUPADO,1,28,55,120,1,1
1790193627118,sala01,8934,1790193627118,0,0,OCUPADO,0,28,55,120,1,1
1790193629118,sala01,8935,1790193629118,0,0,OCUPADO,1,28,55,120,1,1
1790193631118,sala01,8936,1790193631118,0,0,OCUPADO,1,28,55,120,1,1
1790193633118,sala01,8937,1790193633118,0,0,OCUPADO,1,28,55,120,1,1
1790193635118,sala01,8938,1790193635118,0,0,OCUPADO,0,28,55,120,1,1
1790193637118,sala01,8939,1790193637118,0,0,OCUPADO,1,28,55,120,1,1
1790193639118,sala01,8940,1790193639118,0,0,OCUPADO,1,28,55,120,1,1
1790193641118,sala01,8941,1790193641118,0,0,OCUPADO,1,28,55,120,1,1
1790193643118,sala01,8942,1790193643118,0,0,OCUPADO,0,28,55,120,1,1
1790193645118,sala01,8943,1790193645118,0,0,OCUPADO,1,28,55,120,1,1
1790193647118,sala01,8944,1790193647118,0,0,OCUPADO,1,28,55,120,1,1
1790193649118,sala01,8945,1790193649118,0,0,OCUPADO,1,28,55,120,1,1
1790193651118,sala01,8946,1790193651118,0,0,OCUPADO,0,28,55,120,1,1
1790193653118,sala01,8947,1790193653118,0,0,OCUPADO,1,28,55,120,1,1
1790193655118,sala01,8948,1790193655118,0,0,OCUPADO,1,28,55,120,1,1
1790193657118,sala01,8949,1790193657118,0,0,OCUPADO,1,28,55,120,1,1
1790193659118,sala01,8950,1790193659118,0,0,OCUPADO,0,28,55,120,1,1
1790193661118,sala01,8951,1790193661118,0,0,OCUPADO,1,28,55,120,1,1
1790193663118,sala01,8952,1790193663118,0,0,OCUPADO,1,28,55,120,1,1
1790193665118,sala01,8953,1790193665118,0,0,OCUPADO,1,28,55,120,1,1
1790193667118,sala01,8954,1790193667118,0,0,OCUPADO,0,28,55,120,1,1
1790193669118,sala01,8955,1790193669118,0,0,OCUPADO,1,28,55,120,1,1
1790193671118,sala01,8956,1790193671118,0,0,OCUPADO,1,28,55,120,1,1
1790193673118,sala01,8957,1790193673118,0,0,OCUPADO,1,28,55,120,1,1
1790193675118,sala01,8958,1790193675118,0,0,OCUPADO,0,28,55,120,1,1
1790193677118,sala01,8959,1790193677118,0,0,OCUPADO,1,28,55,120,1,1
1790193679118,sala01,8960,1790193679118,0,0,OCUPADO,1,28,55,120,1,1
1790193681118,sala01,8961,1790193681118,0,0,OCUPADO,1,28,55,120,1,1
1790193683118,sala01,8962,1790193683118,0,0,OCUPADO,0,28,55,120,1,1
1790193685118,sala01,8963,1790193685118,0,0,OCUPADO,1,28,55,120,1,1
1790193687118,sala01,8964,1790193687118,0,0,OCUPADO,1,28,55,120,1,1
1790193689118,sala01,8965,1790193689118,0,0,OCUPADO,1,28,55,120,1,1
1790193691118,sala01,8966,1790193691118,0,0,OCUPADO,0,28,55,120,1,1
1790193693118,sala01,8967,1790193693118,0,0,OCUPADO,1,28,55,120,1,1
1790193695118,sala01,8968,1790193695118,0,0,OCUPADO,1,28,55,120,1,1
1790193697118,sala01,8969,1790193697118,0,0,OCUPADO,1,28,55,120,1,1
1790193699118,sala01,8970,1790193699118,0,0,OCUPADO,0,28,55,120,1,1
1790193701118,sala01,8971,1790193701118,0,0,OCUPADO,1,28,55,120,1,1
1790193703118,sala01,8972,1790193703118,0,0,OCUPADO,1,28,55,120,1,1
1790193705118,sala01,8973,1790193705118,0,0,OCUPADO,1,28,55,120,1,1
1790193707118,sala01,8974,1790193707118,0,0,OCUPADO,0,28,55,120,1,1
1790193709118,sala01,8975,1790193709118,0,0,OCUPADO,1,28,55,120,1,1
1790193711118,sala01,8976,1790193711118,0,0,OCUPADO,1,28,55,120,1,1
1790193713118,sala01,8977,1790193713118,0,0,OCUPADO,1,28,55,120,1,1
1790193715118,sala01,8978,1790193715118,0,0,OCUPADO,0,28,55,120,1,1
1790193717118,sala01,8979,1790193717118,0,0,OCUPADO,1,28,55,120,1,1
1790193719118,sala01,8980,1790193719118,0,0,OCUPADO,1,28,55,120,1,1
1790193721118,sala01,8981,1790193721118,0,0,OCUPADO,1,28,55,120,1,1
1790193723118,sala01,8982,1790193723118,0,0,OCUPADO,0,28,55,120,1,1
1790193725118,sala01,8983,1790193725118,0,0,OCUPADO,1,28,55,120,1,1
1790193727118,sala01,8984,1790193727118,0,0,OCUPADO,1,28,55,120,1,1
1790193729118,sala01,8985,1790193729118,0,0,OCUPADO,1,28,55,120,1,1
1790193731118,sala01,8986,1790193731118,0,0,OCUPADO,0,28,55,120,1,1
1790193733118,sala01,8987,1790193733118,0,0,OCUPADO,1,28,55,120,1,1
1790193735118,sala01,8988,1790193735118,0,0,OCUPADO,1,28,55,120,1,1
1790193737118,sala01,8989,1790193737118,0,0,OCUPADO,1,28,55,120,1,1
1790193739118,sala01,8990,1790193739118,0,0,OCUPADO,0,28,55,120,1,1
1790193741118,sala01,8991,1790193741118,0,0,OCUPADO,1,28,55,120,1,1
1790193743118,sala01,8992,1790193743118,0,0,OCUPADO,1,28,55,120,1,1
1790193745118,sala01,8993,1790193745118,0,0,OCUPADO,1,28,55,120,1,1
1790193747118,sala01,8994,1790193747118,0,0,OCUPADO,0,28,55,120,1,1
1790193749118,sala01,8995,1790193749118,0,0,OCUPADO,1,28,55,120,1,1
1790193751118,sala01,8996,1790193751118,0,0,OCUPADO,1,28,55,120,1,1
1790193753118,sala01,8997,1790193753118,0,0,OCUPADO,1,28,55,120,1,1
1790193755118,sala01,8998,1790193755118,0,0,OCUPADO,0,28,55,120,1,1
1790193757118,sala01,8999,1790193757118,0,0,OCUPADO,1,28,55,120,1,1
1790193759118,sala01,9000,1790193759118,0,0,OCUPADO,1,28,55,120,1,1
1790193761118,sala01,9001,1790193761118,0,0,OCUPADO,1,28,55,120,1,1
1790193763118,sala01,9002,1790193763118,0,0,OCUPADO,0,28,55,120,1,1
1790193765118,sala01,9003,1790193765118,0,0,OCUPADO,1,28,55,120,1,1
1790193767118,sala01,9004,1790193767118,0,0,OCUPADO,1,28,55,120,1,1
1790193769118,sala01,9005,1790193769118,0,0,OCUPADO,1,28,55,120,1,1
1790193771118,sala01,9006,1790193771118,0,0,OCUPADO,0,28,55,120,1,1
1790193773118,sala01,9007,1790193773118,0,0,OCUPADO,1,28,55,120,1,1
1790193775118,sala01,9008,1790193775118,0,0,OCUPADO,1,28,55,120,1,1
1790193777118,sala01,9009,1790193777118,0,0,OCUPADO,1,28,55,120,1,1
1790193779118,sala01,9010,1790193779118,0,0,OCUPADO,0,28,55,120,1,1
1790193781118,sala01,9011,1790193781118,0,0,OCUPADO,1,28,55,120,1,1
1790193783118,sala01,9012,1790193783118,0,0,OCUPADO,1,28,55,120,1,1
1790193785118,sala01,9013,1790193785118,0,0,OCUPADO,1,28,55,120,1,1
1790193787118,sala01,9014,1790193787118,0,0,OCUPADO,0,28,55,120,1,1
1790193789118,sala01,9015,1790193789118,0,0,OCUPADO,1,28,55,120,1,1
1790193791118,sala01,9016,1790193791118,0,0,OCUPADO,1,28,55,120,1,1
1790193793118,sala01,9017,1790193793118,0,0,OCUPADO,1,28,55,120,1,1
1790193795118,sala01,9018,1790193795118,0,0,OCUPADO,0,28,55,120,1,1
1790193797118,sala01,9019,1790193797118,0,0,OCUPADO,1,28,55,120,1,1
1790193799118,sala01,9020,1790193799118,0,0,OCUPADO,1,28,55,120,1,1
1790193801118,sala01,9021,1790193801118,0,0,OCUPADO,1,28,55,120,1,1
1790193803118,sala01,9022,1790193803118,0,0,OCUPADO,0,28,55,120,1,1
1790193805118,sala01,9023,1790193805118,0,0,OCUPADO,1,28,55,120,1,1
1790193807118,sala01,9024,1790193807118,0,0,OCUPADO,1,28,55,120,1,1
1790193809118,sala01,9025,1790193809118,0,0,OCUPADO,1,28,55,120,1,1
1790193811118,sala01,9026,1790193811118,0,0,OCUPADO,0,28,55,120,1,1
1790193813118,sala01,9027,1790193813118,0,0,OCUPADO,1,28,55,120,1,1
1790193815118,sala01,9028,1790193815118,0,0,OCUPADO,1,28,55,120,1,1
1790193817118,sala01,9029,1790193817118,0,0,OCUPADO,1,28,55,120,1,1
1790193819118,sala01,9030,1790193819118,0,0,OCUPADO,0,28,55,120,1,1
1790193821118,sala01,9031,1790193821118,0,0,OCUPADO,1,28,55,120,1,1
1790193823118,sala01,9032,1790193823118,0,0,OCUPADO,1,28,55,120,1,1
1790193825118,sala01,9033,1790193825118,0,0,OCUPADO,1,28,55,120,1,1
1790193827118,sala01,9034,1790193827118,0,0,OCUPADO,0,28,55,120,1,1
1790193829118,sala01,9035,1790193829118,0,0,OCUPADO,1,28,55,120,1,1
1790193831118,sala01,9036,1790193831118,0,0,OCUPADO,1,28,55,120,1,1
1790193833118,sala01,9037,1790193833118,0,0,OCUPADO,1,28,55,120,1,1
1790193835118,sala01,9038,1790193835118,0,0,OCUPADO,0,28,55,120,1,1
1790193837118,sala01,9039,1790193837118,0,0,OCUPADO,1,28,55,120,1,1
1790193839118,sala01,9040,1790193839118,0,0,OCUPADO,1,28,55,120,1,1
1790193841118,sala01,9041,1790193841118,0,0,OCUPADO,1,28,55,120,1,1
1790193843118,sala01,9042,1790193843118,0,0,OCUPADO,0,28,55,120,1,1
1790193845118,sala01,9043,1790193845118,0,0,OCUPADO,1,28,55,120,1,1
1790193847118,sala01,9044,1790193847118,0,0,OCUPADO,1,28,55,120,1,1
1790193849118,sala01,9045,1790193849118,0,0,OCUPADO,1,28,55,120,1,1
1790193851118,sala01,9046,1790193851118,0,0,OCUPADO,0,28,55,120,1,1
1790193853118,sala01,9047,1790193853118,0,0,OCUPADO,1,28,55,120,1,1
1790193855118,sala01,9048,1790193855118,0,0,OCUPADO,1,28,55,120,1,1
1790193857118,sala01,9049,1790193857118,0,0,OCUPADO,1,28,55,120,1,1
1790193859118,sala01,9050,1790193859118,0,0,OCUPADO,0,28,55,120,1,1
1790193861118,sala01,9051,1790193861118,0,0,OCUPADO,1,28,55,120,1,1
1790193863118,sala01,9052,1790193863118,0,0,OCUPADO,1,28,55,120,1,1
1790193865118,sala01,9053,1790193865118,0,0,OCUPADO,1,28,55,120,1,1
1790193867118,sala01,9054,1790193867118,0,0,OCUPADO,0,28,55,120,1,1
1790193869118,sala01,9055,1790193869118,0,0,OCUPADO,1,28,55,120,1,1
1790193871118,sala01,9056,1790193871118,0,0,OCUPADO,1,28,55,120,1,1
1790193873118,sala01,9057,1790193873118,0,0,OCUPADO,1,28,55,120,1,1
1790193875118,sala01,9058,1790193875118,0,0,OCUPADO,0,28,55,120,1,1
1790193877118,sala01,9059,1790193877118,0,0,OCUPADO,1,28,55,120,1,1
1790193879118,sala01,9060,1790193879118,0,0,OCUPADO,1,28,55,120,1,1
1790193881118,sala01,9061,1790193881118,0,0,OCUPADO,1,28,55,120,1,1
1790193883118,sala01,9062,1790193883118,0,0,OCUPADO,0,28,55,120,1,1
1790193885118,sala01,9063,1790193885118,0,0,OCUPADO,1,28,55,120,1,1
1790193887118,sala01,9064,1790193887118,0,0,OCUPADO,1,28,55,120,1,1
1790193889118,sala01,9065,1790193889118,0,0,OCUPADO,1,28,55,120,1,1
1790193891118,sala01,9066,1790193891118,0,0,OCUPADO,0,28,55,120,1,1
1790193893118,sala01,9067,1790193893118,0,0,OCUPADO,1,28,55,120,1,1
1790193895118,sala01,9068,1790193895118,0,0,OCUPADO,1,28,55,120,1,1
1790193897118,sala01,9069,1790193897118,0,0,OCUPADO,1,28,55,120,1,1
1790193899118,sala01,9070,1790193899118,0,0,OCUPADO,0,28,55,120,1,1
1790193901118,sala01,9071,1790193901118,0,0,OCUPADO,1,28,55,120,1,1
1790193903118,sala01,9072,1790193903118,0,0,OCUPADO,1,28,55,120,1,1
1790193905118,sala01,9073,1790193905118,0,0,OCUPADO,1,28,55,120,1,1
1790193907118,sala01,9074,1790193907118,0,0,OCUPADO,0,28,55,120,1,1
1790193909118,sala01,9075,1790193909118,0,0,OCUPADO,1,28,55,120,1,1
1790193911118,sala01,9076,1790193911118,0,0,OCUPADO,1,28,55,120,1,1
1790193913118,sala01,9077,1790193913118,0,0,OCUPADO,1,28,55,120,1,1
1790193915118,sala01,9078,1790193915118,0,0,OCUPADO,0,28,55,120,1,1
1790193917118,sala01,9079,1790193917118,0,0,OCUPADO,1,28,55,120,1,1
1790193919118,sala01,9080,1790193919118,0,0,OCUPADO,1,28,55,120,1,1
1790193921118,sala01,9081,1790193921118,0,0,OCUPADO,1,28,55,120,1,1
1790193923118,sala01,9082,1790193923118,0,0,OCUPADO,0,28,55,120,1,1
1790193925118,sala01,9083,1790193925118,0,0,OCUPADO,1,28,55,120,1,1
1790193927118,sala01,9084,1790193927118,0,0,OCUPADO,1,28,55,120,1,1
1790193929118,sala01,9085,1790193929118,0,0,OCUPADO,1,28,55,120,1,1
1790193931118,sala01,9086,1790193931118,0,0,OCUPADO,0,28,55,120,1,1
1790193933118,sala01,9087,1790193933118,0,0,OCUPADO,1,28,55,120,1,1
1790193935118,sala01,9088,1790193935118,0,0,OCUPADO,1,28,55,120,1,1
1790193937118,sala01,9089,1790193937118,0,0,OCUPADO,1,28,55,120,1,1
1790193939118,sala01,9090,1790193939118,0,0,OCUPADO,0,28,55,120,1,1
1790193941118,sala01,9091,1790193941118,0,0,OCUPADO,1,28,55,120,1,1
1790193943118,sala01,9092,1790193943118,0,0,OCUPADO,1,28,55,120,1,1
1790193945118,sala01,9093,1790193945118,0,0,OCUPADO,1,28,55,120,1,1
1790193947118,sala01,9094,1790193947118,0,0,OCUPADO,0,28,55,120,1,1
1790193949118,sala01,9095,1790193949118,0,0,OCUPADO,1,28,55,120,1,1
1790193951118,sala01,9096,1790193951118,0,0,OCUPADO,1,28,55,120,1,1
1790193953118,sala01,9097,1790193953118,0,0,OCUPADO,1,28,55,120,1,1
1790193955118,sala01,9098,1790193955118,0,0,OCUPADO,0,28,55,120,1,1
1790193957118,sala01,9099,1790193957118,0,0,OCUPADO,1,28,55,120,1,1
1790193959118,sala01,9100,1790193959118,0,0,OCUPADO,1,28,55,120,1,1
1790193961118,sala01,9101,1790193961118,0,0,OCUPADO,1,28,55,120,1,1
1790193963118,sala01,9102,1790193963118,0,0,OCUPADO,0,28,55,120,1,1
1790193965118,sala01,9103,1790193965118,0,0,OCUPADO,1,28,55,120,1,1
1790193967118,sala01,9104,1790193967118,0,0,OCUPADO,1,28,55,120,1,1
1790193969118,sala01,9105,1790193969118,0,0,OCUPADO,1,28,55,120,1,1
1790193971118,sala01,9106,1790193971118,0,0,OCUPADO,0,28,55,120,1,1
1790193973118,sala01,9107,1790193973118,0,0,OCUPADO,1,28,55,120,1,1
1790193975118,sala01,9108,1790193975118,0,0,OCUPADO,1,28,55,120,1,1
1790193977118,sala01,9109,1790193977118,0,0,OCUPADO,1,28,55,120,1,1
1790193979118,sala01,9110,1790193979118,0,0,OCUPADO,0,28,55,120,1,1
1790193981118,sala01,9111,1790193981118,0,0,OCUPADO,1,28,55,120,1,1
1790193983118,sala01,9112,1790193983118,0,0,OCUPADO,1,28,55,120,1,1
1790193985118,sala01,9113,1790193985118,0,0,OCUPADO,1,28,55,120,1,1
1790193987118,sala01,9114,1790193987118,0,0,OCUPADO,0,28,55,120,1,1
1790193989118,sala01,9115,1790193989118,0,0,OCUPADO,1,28,55,120,1,1
1790193991118,sala01,9116,1790193991118,0,0,OCUPADO,1,28,55,120,1,1
1790193993118,sala01,9117,1790193993118,0,0,OCUPADO,1,28,55,120,1,1
1790193995118,sala01,9118,1790193995118,0,0,OCUPADO,0,28,55,120,1,1
1790193997118,sala01,9119,1790193997118,0,0,OCUPADO,1,28,55,120,1,1
1790193999118,sala01,9120,1790193999118,0,0,OCUPADO,1,28,55,120,1,1
1790194001118,sala01,9121,1790194001118,0,0,OCUPADO,1,28,55,120,1,1
1790194003118,sala01,9122,1790194003118,0,0,OCUPADO,0,28,55,120,1,1
1790194005118,sala01,9123,1790194005118,0,0,OCUPADO,1,28,55,120,1,1
1790194007118,sala01,9124,1790194007118,0,0,OCUPADO,1,28,55,120,1,1
1790194009118,sala01,9125,1790194009118,0,0,OCUPADO,1,28,55,120,1,1
1790194011118,sala01,9126,1790194011118,0,0,OCUPADO,0,28,55,120,1,1
1790194013118,sala01,9127,1790194013118,0,0,OCUPADO,1,28,55,120,1,1
1790194015118,sala01,9128,1790194015118,0,0,OCUPADO,1,28,55,120,1,1
1790194017118,sala01,9129,1790194017118,0,0,OCUPADO,1,28,55,120,1,1
1790194019118,sala01,9130,1790194019118,0,0,OCUPADO,0,28,55,120,1,1
1790194021118,sala01,9131,1790194021118,0,0,OCUPADO,1,28,55,120,1,1
1790194023118,sala01,9132,1790194023118,0,0,OCUPADO,1,28,55,120,1,1
1790194025118,sala01,9133,1790194025118,0,0,OCUPADO,1,28,55,120,1,1
1790194027118,sala01,9134,1790194027118,0,0,OCUPADO,0,28,55,120,1,1
1790194029118,sala01,9135,1790194029118,0,0,OCUPADO,1,28,55,120,1,1
1790194031118,sala01,9136,1790194031118,0,0,OCUPADO,1,28,55,120,1,1
1790194033118,sala01,9137,1790194033118,0,0,OCUPADO,1,28,55,120,1,1
1790194035118,sala01,9138,1790194035118,0,0,OCUPADO,0,28,55,120,1,1
1790194037118,sala01,9139,1790194037118,0,0,OCUPADO,1,28,55,120,1,1
1790194039118,sala01,9140,1790194039118,0,0,OCUPADO,1,28,55,120,1,1
1790194041118,sala01,9141,1790194041118,0,0,OCUPADO,1,28,55,120,1,1
1790194043118,sala01,9142,1790194043118,0,0,OCUPADO,0,28,55,120,1,1
1790194045118,sala01,9143,1790194045118,0,0,OCUPADO,1,28,55,120,1,1
1790194047118,sala01,9144,1790194047118,0,0,OCUPADO,1,28,55,120,1,1
1790194049118,sala01,9145,1790194049118,0,0,OCUPADO,1,28,55,120,1,1
1790194051118,sala01,9146,1790194051118,0,0,OCUPADO,0,28,55,120,1,1
1790194053118,sala01,9147,1790194053118,0,0,OCUPADO,1,28,55,120,1,1
1790194055118,sala01,9148,1790194055118,0,0,OCUPADO,1,28,55,120,1,1
1790194057118,sala01,9149,1790194057118,0,0,OCUPADO,1,28,55,120,1,1
1790194059118,sala01,9150,1790194059118,0,0,OCUPADO,0,28,55,120,1,1
1790194061118,sala01,9151,1790194061118,0,0,OCUPADO,1,28,55,120,1,1
1790194063118,sala01,9152,1790194063118,0,0,OCUPADO,1,28,55,120,1,1
1790194065118,sala01,9153,1790194065118,0,0,OCUPADO,1,28,55,120,1,1
1790194067118,sala01,9154,1790194067118,0,0,OCUPADO,0,28,55,120,1,1
1790194069118,sala01,9155,1790194069118,0,0,OCUPADO,1,28,55,120,1,1
1790194071118,sala01,9156,1790194071118,0,0,OCUPADO,1,28,55,120,1,1
1790194073118,sala01,9157,1790194073118,0,0,OCUPADO,1,28,55,120,1,1
1790194075118,sala01,9158,1790194075118,0,0,OCUPADO,0,28,55,120,1,1
1790194077118,sala01,9159,1790194077118,0,0,OCUPADO,1,28,55,120,1,1
1790194079118,sala01,9160,1790194079118,0,0,OCUPADO,1,28,55,120,1,1
1790194081118,sala01,9161,1790194081118,0,0,OCUPADO,1,28,55,120,1,1
1790194083118,sala01,9162,1790194083118,0,0,OCUPADO,0,28,55,120,1,1
1790194085118,sala01,9163,1790194085118,0,0,OCUPADO,1,28,55,120,1,1
1790194087118,sala01,9164,1790194087118,0,0,OCUPADO,1,28,55,120,1,1
1790194089118,sala01,9165,1790194089118,0,0,OCUPADO,1,28,55,120,1,1
1790194091118,sala01,9166,1790194091118,0,0,OCUPADO,0,28,55,120,1,1
1790194093118,sala01,9167,1790194093118,0,0,OCUPADO,1,28,55,120,1,1
1790194095118,sala01,9168,1790194095118,0,0,OCUPADO,1,28,55,120,1,1
1790194097118,sala01,9169,1790194097118,0,0,OCUPADO,1,28,55,120,1,1
1790194099118,sala01,9170,1790194099118,0,0,OCUPADO,0,28,55,120,1,1
1790194101118,sala01,9171,1790194101118,0,0,OCUPADO,1,28,55,120,1,1
1790194103118,sala01,9172,1790194103118,0,0,OCUPADO,1,28,55,120,1,1
1790194105118,sala01,9173,1790194105118,0,0,OCUPADO,1,28,55,120,1,1
1790194107118,sala01,9174,1790194107118,0,0,OCUPADO,0,28,55,120,1,1
1790194109118,sala01,9175,1790194109118,0,0,OCUPADO,1,28,55,120,1,1
1790194111118,sala01,9176,1790194111118,0,0,OCUPADO,1,28,55,120,1,1
1790194113118,sala01,9177,1790194113118,0,0,OCUPADO,1,28,55,120,1,1
1790194115118,sala01,9178,1790194115118,0,0,OCUPADO,0,28,55,120,1,1
1790194117118,sala01,9179,1790194117118,0,0,OCUPADO,1,28,55,120,1,1
1790194119118,sala01,9180,1790194119118,0,0,OCUPADO,1,28,55,120,1,1
1790194121118,sala01,9181,1790194121118,0,0,OCUPADO,1,28,55,120,1,1
1790194123118,sala01,9182,1790194123118,0,0,OCUPADO,0,28,55,120,1,1
1790194125118,sala01,9183,1790194125118,0,0,OCUPADO,1,28,55,120,1,1
1790194127118,sala01,9184,1790194127118,0,0,OCUPADO,1,28,55,120,1,1
1790194129118,sala01,9185,1790194129118,0,0,OCUPADO,1,28,55,120,1,1
1790194131118,sala01,9186,1790194131118,0,0,OCUPADO,0,28,55,120,1,1
1790194133118,sala01,9187,1790194133118,0,0,OCUPADO,1,28,55,120,1,1
1790194135118,sala01,9188,1790194135118,0,0,OCUPADO,1,28,55,120,1,1
1790194137118,sala01,9189,1790194137118,0,0,OCUPADO,1,28,55,120,1,1
1790194139118,sala01,9190,1790194139118,0,0,OCUPADO,0,28,55,120,1,1
1790194141118,sala01,9191,1790194141118,0,0,OCUPADO,1,28,55,120,1,1
1790194143118,sala01,9192,1790194143118,0,0,OCUPADO,1,28,55,120,1,1
1790194145118,sala01,9193,1790194145118,0,0,OCUPADO,1,28,55,120,1,1
1790194147118,sala01,9194,1790194147118,0,0,OCUPADO,0,28,55,120,1,1
1790194149118,sala01,9195,1790194149118,0,0,OCUPADO,1,28,55,120,1,1
1790194151118,sala01,9196,1790194151118,0,0,OCUPADO,1,28,55,120,1,1
1790194153118,sala01,9197,1790194153118,0,0,OCUPADO,1,28,55,120,1,1
1790194155118,sala01,9198,1790194155118,0,0,OCUPADO,0,28,55,120,1,1
1790194157118,sala01,9199,1790194157118,0,0,OCUPADO,1,28,55,120,1,1
1790194159118,sala01,9200,1790194159118,0,0,OCUPADO,1,28,55,120,1,1
1790194161118,sala01,9201,1790194161118,0,0,OCUPADO,1,28,55,120,1,1
1790194163118,sala01,9202,1790194163118,0,0,OCUPADO,0,28,55,120,1,1
1790194165118,sala01,9203,1790194165118,0,0,OCUPADO,1,28,55,120,1,1
1790194167118,sala01,9204,1790194167118,0,0,OCUPADO,1,28,55,120,1,1
1790194169118,sala01,9205,1790194169118,0,0,OCUPADO,1,28,55,120,1,1
1790194171118,sala01,9206,1790194171118,0,0,OCUPADO,0,28,55,120,1,1
1790194173118,sala01,9207,1790194173118,0,0,OCUPADO,1,28,55,120,1,1
1790194175118,sala01,9208,1790194175118,0,0,OCUPADO,1,28,55,120,1,1
1790194177118,sala01,9209,1790194177118,0,0,OCUPADO,1,28,55,120,1,1
1790194179118,sala01,9210,1790194179118,0,0,OCUPADO,0,28,55,120,1,1
1790194181118,sala01,9211,1790194181118,0,0,OCUPADO,1,28,55,120,1,1
1790194183118,sala01,9212,1790194183118,0,0,OCUPADO,1,28,55,120,1,1
1790194185118,sala01,9213,1790194185118,0,0,OCUPADO,1,28,55,120,1,1
1790194187118,sala01,9214,1790194187118,0,0,OCUPADO,0,28,55,120,1,1
1790194189118,sala01,9215,1790194189118,0,0,OCUPADO,1,28,55,120,1,1
1790194191118,sala01,9216,1790194191118,0,0,OCUPADO,1,28,55,120,1,1
1790194193118,sala01,9217,1790194193118,0,0,OCUPADO,1,28,55,120,1,1
1790194195118,sala01,9218,1790194195118,0,0,OCUPADO,0,28,55,120,1,1
1790194197118,sala01,9219,1790194197118,0,0,OCUPADO,1,28,55,120,1,1
1790194199118,sala01,9220,1790194199118,0,0,OCUPADO,1,28,55,120,1,1
1790194201118,sala01,9221,1790194201118,0,0,OCUPADO,1,28,55,120,1,1
1790194203118,sala01,9222,1790194203118,0,0,OCUPADO,0,28,55,120,1,1
1790194205118,sala01,9223,1790194205118,0,0,OCUPADO,1,28,55,120,1,1
1790194207118,sala01,9224,1790194207118,0,0,OCUPADO,1,28,55,120,1,1
1790194209118,sala01,9225,1790194209118,0,0,OCUPADO,1,28,55,120,1,1
1790194211118,sala01,9226,1790194211118,0,0,OCUPADO,0,28,55,120,1,1
1790194213118,sala01,9227,1790194213118,0,0,OCUPADO,1,28,55,120,1,1
1790194215118,sala01,9228,1790194215118,0,0,OCUPADO,1,28,55,120,1,1
1790194217118,sala01,9229,1790194217118,0,0,OCUPADO,1,28,55,120,1,1
1790194219118,sala01,9230,1790194219118,0,0,OCUPADO,0,28,55,120,1,1
1790194221118,sala01,9231,1790194221118,0,0,OCUPADO,1,28,55,120,1,1
1790194223118,sala01,9232,1790194223118,0,0,OCUPADO,1,28,55,120,1,1
1790194225118,sala01,9233,1790194225118,0,0,OCUPADO,1,28,55,120,1,1
1790194227118,sala01,9234,1790194227118,0,0,OCUPADO,0,28,55,120,1,1
1790194229118,sala01,9235,1790194229118,0,0,OCUPADO,1,28,55,120,1,1
1790194231118,sala01,9236,1790194231118,0,0,OCUPADO,1,28,55,120,1,1
1790194233118,sala01,9237,1790194233118,0,0,OCUPADO,1,28,55,120,1,1
1790194235118,sala01,9238,1790194235118,0,0,OCUPADO,0,28,55,120,1,1
1790194237118,sala01,9239,1790194237118,0,0,OCUPADO,1,28,55,120,1,1
1790194239118,sala01,9240,1790194239118,0,0,OCUPADO,1,28,55,120,1,1
1790194241118,sala01,9241,1790194241118,0,0,OCUPADO,1,28,55,120,1,1
1790194243118,sala01,9242,1790194243118,0,0,OCUPADO,0,28,55,120,1,1
1790194245118,sala01,9243,1790194245118,0,0,OCUPADO,1,28,55,120,1,1
1790194247118,sala01,9244,1790194247118,0,0,OCUPADO,1,28,55,120,1,1
1790194249118,sala01,9245,1790194249118,0,0,OCUPADO,1,28,55,120,1,1
1790194251118,sala01,9246,1790194251118,0,0,OCUPADO,0,28,55,120,1,1
1790194253118,sala01,9247,1790194253118,0,0,OCUPADO,1,28,55,120,1,1
1790194255118,sala01,9248,1790194255118,0,0,OCUPADO,1,28,55,120,1,1
1790194257118,sala01,9249,1790194257118,0,0,OCUPADO,1,28,55,120,1,1
1790194259118,sala01,9250,1790194259118,0,0,OCUPADO,0,28,55,120,1,1
1790194261118,sala01,9251,1790194261118,0,0,OCUPADO,1,28,55,120,1,1
1790194263118,sala01,9252,1790194263118,0,0,OCUPADO,1,28,55,120,1,1
1790194265118,sala01,9253,1790194265118,0,0,OCUPADO,1,28,55,120,1,1
1790194267118,sala01,9254,1790194267118,0,0,OCUPADO,0,28,55,120,1,1
1790194269118,sala01,9255,1790194269118,0,0,OCUPADO,1,28,55,120,1,1
1790194271118,sala01,9256,1790194271118,0,0,OCUPADO,1,28,55,120,1,1
1790194273118,sala01,9257,1790194273118,0,0,OCUPADO,1,28,55,120,1,1
1790194275118,sala01,9258,1790194275118,0,0,OCUPADO,0,28,55,120,1,1
1790194277118,sala01,9259,1790194277118,0,0,OCUPADO,1,28,55,120,1,1
1790194279118,sala01,9260,1790194279118,0,0,OCUPADO,1,28,55,120,1,1
1790194281118,sala01,9261,1790194281118,0,0,OCUPADO,1,28,55,120,1,1
1790194283118,sala01,9262,1790194283118,0,0,OCUPADO,0,28,55,120,1,1
1790194285118,sala01,9263,1790194285118,0,0,OCUPADO,1,28,55,120,1,1
1790194287118,sala01,9264,1790194287118,0,0,OCUPADO,1,28,55,120,1,1
1790194289118,sala01,9265,1790194289118,0,0,OCUPADO,1,28,55,120,1,1
1790194291118,sala01,9266,1790194291118,0,0,OCUPADO,0,28,55,120,1,1
1790194293118,sala01,9267,1790194293118,0,0,OCUPADO,1,28,55,120,1,1
1790194295118,sala01,9268,1790194295118,0,0,OCUPADO,1,28,55,120,1,1
1790194297118,sala01,9269,1790194297118,0,0,OCUPADO,1,28,55,120,1,1
1790194299118,sala01,9270,1790194299118,0,0,OCUPADO,0,28,55,120,1,1
1790194301118,sala01,9271,1790194301118,0,0,OCUPADO,1,28,55,120,1,1
1790194303118,sala01,9272,1790194303118,0,0,OCUPADO,1,28,55,120,1,1
1790194305118,sala01,9273,1790194305118,0,0,OCUPADO,1,28,55,120,1,1
1790194307118,sala01,9274,1790194307118,0,0,OCUPADO,0,28,55,120,1,1
1790194309118,sala01,9275,1790194309118,0,0,OCUPADO,1,28,55,120,1,1
1790194311118,sala01,9276,1790194311118,0,0,OCUPADO,1,28,55,120,1,1
1790194313118,sala01,9277,1790194313118,0,0,OCUPADO,1,28,55,120,1,1
1790194315118,sala01,9278,1790194315118,0,0,OCUPADO,0,28,55,120,1,1
1790194317118,sala01,9279,1790194317118,0,0,OCUPADO,1,28,55,120,1,1
1790194319118,sala01,9280,1790194319118,0,0,OCUPADO,1,28,55,120,1,1
1790194321118,sala01,9281,1790194321118,0,0,OCUPADO,1,28,55,120,1,1
1790194323118,sala01,9282,1790194323118,0,0,OCUPADO,0,28,55,120,1,1
1790194325118,sala01,9283,1790194325118,0,0,OCUPADO,1,28,55,120,1,1
1790194327118,sala01,9284,1790194327118,0,0,OCUPADO,1,28,55,120,1,1
1790194329118,sala01,9285,1790194329118,0,0,OCUPADO,1,28,55,120,1,1
1790194331118,sala01,9286,1790194331118,0,0,OCUPADO,0,28,55,120,1,1
1790194333118,sala01,9287,1790194333118,0,0,OCUPADO,1,28,55,120,1,1
1790194335118,sala01,9288,1790194335118,0,0,OCUPADO,1,28,55,120,1,1
1790194337118,sala01,9289,1790194337118,0,0,OCUPADO,1,28,55,120,1,1
1790194339118,sala01,9290,1790194339118,0,0,OCUPADO,0,28,55,120,1,1
1790194341118,sala01,9291,1790194341118,0,0,OCUPADO,1,28,55,120,1,1
1790194343118,sala01,9292,1790194343118,0,0,OCUPADO,1,28,55,120,1,1
1790194345118,sala01,9293,1790194345118,0,0,OCUPADO,1,28,55,120,1,1
1790194347118,sala01,9294,1790194347118,0,0,OCUPADO,0,28,55,120,1,1
1790194349118,sala01,9295,1790194349118,0,0,OCUPADO,1,28,55,120,1,1
1790194351118,sala01,9296,1790194351118,0,0,OCUPADO,1,28,55,120,1,1
1790194353118,sala01,9297,1790194353118,0,0,OCUPADO,1,28,55,120,1,1
1790194355118,sala01,9298,1790194355118,0,0,OCUPADO,0,28,55,120,1,1
1790194357118,sala01,9299,1790194357118,0,0,OCUPADO,1,28,55,120,1,1
1790194359118,sala01,9300,1790194359118,0,0,OCUPADO,1,28,55,120,1,1
1790194361118,sala01,9301,1790194361118,0,0,OCUPADO,1,28,55,120,1,1
1790194363118,sala01,9302,1790194363118,0,0,OCUPADO,0,28,55,120,1,1
1790194365118,sala01,9303,1790194365118,0,0,OCUPADO,1,28,55,120,1,1
1790194367118,sala01,9304,1790194367118,0,0,OCUPADO,1,28,55,120,1,1
1790194369118,sala01,9305,1790194369118,0,0,OCUPADO,1,28,55,120,1,1
1790194371118,sala01,9306,1790194371118,0,0,OCUPADO,0,28,55,120,1,1
1790194373118,sala01,9307,1790194373118,0,0,OCUPADO,1,28,55,120,1,1
1790194375118,sala01,9308,1790194375118,0,0,OCUPADO,1,28,55,120,1,1
1790194377118,sala01,9309,1790194377118,0,0,OCUPADO,1,28,55,120,1,1
1790194379118,sala01,9310,1790194379118,0,0,OCUPADO,0,28,55,120,1,1
1790194381118,sala01,9311,1790194381118,0,0,OCUPADO,1,28,55,120,1,1
1790194383118,sala01,9312,1790194383118,0,0,OCUPADO,1,28,55,120,1,1
1790194385118,sala01,9313,1790194385118,0,0,OCUPADO,1,28,55,120,1,1
1790194387118,sala01,9314,1790194387118,0,0,OCUPADO,0,28,55,120,1,1
1790194389118,sala01,9315,1790194389118,0,0,OCUPADO,1,28,55,120,1,1
1790194391118,sala01,9316,1790194391118,0,0,OCUPADO,1,28,55,120,1,1
1790194393118,sala01,9317,1790194393118,0,0,OCUPADO,1,28,55,120,1,1
1790194395118,sala01,9318,1790194395118,0,0,OCUPADO,0,28,55,120,1,1
1790194397118,sala01,9319,1790194397118,0,0,OCUPADO,1,28,55,120,1,1
1790194399118,sala01,9320,1790194399118,0,0,OCUPADO,1,28,55,120,1,1
1790194401118,sala01,9321,1790194401118,0,0,OCUPADO,1,28,55,120,1,1
1790194403118,sala01,9322,1790194403118,0,0,OCUPADO,0,28,55,120,1,1
1790194405118,sala01,9323,1790194405118,0,0,OCUPADO,1,28,55,120,1,1
1790194407118,sala01,9324,1790194407118,0,0,OCUPADO,1,28,55,120,1,1
1790194409118,sala01,9325,1790194409118,0,0,OCUPADO,1,28,55,120,1,1
1790194411118,sala01,9326,1790194411118,0,0,OCUPADO,0,28,55,120,1,1
1790194413118,sala01,9327,1790194413118,0,0,OCUPADO,1,28,55,120,1,1
1790194415118,sala01,9328,1790194415118,0,0,OCUPADO,1,28,55,120,1,1
1790194417118,sala01,9329,1790194417118,0,0,OCUPADO,1,28,55,120,1,1
1790194419118,sala01,9330,1790194419118,0,0,OCUPADO,0,28,55,120,1,1
1790194421118,sala01,9331,1790194421118,0,0,OCUPADO,1,28,55,120,1,1
1790194423118,sala01,9332,1790194423118,0,0,OCUPADO,1,28,55,120,1,1
1790194425118,sala01,9333,1790194425118,0,0,OCUPADO,1,28,55,120,1,1
1790194427118,sala01,9334,1790194427118,0,0,OCUPADO,0,28,55,120,1,1
1790194429118,sala01,9335,1790194429118,0,0,OCUPADO,1,28,55,120,1,1
1790194431118,sala01,9336,1790194431118,0,0,OCUPADO,1,28,55,120,1,1
1790194433118,sala01,9337,1790194433118,0,0,OCUPADO,1,28,55,120,1,1
1790194435118,sala01,9338,1790194435118,0,0,OCUPADO,0,28,55,120,1,1
1790194437118,sala01,9339,1790194437118,0,0,OCUPADO,1,28,55,120,1,1
1790194439118,sala01,9340,1790194439118,0,0,OCUPADO,1,28,55,120,1,1
1790194441118,sala01,9341,1790194441118,0,0,OCUPADO,1,28,55,120,1,1
1790194443118,sala01,9342,1790194443118,0,0,OCUPADO,0,28,55,120,1,1
1790194445118,sala01,9343,1790194445118,0,0,OCUPADO,1,28,55,120,1,1
1790194447118,sala01,9344,1790194447118,0,0,OCUPADO,1,28,55,120,1,1
1790194449118,sala01,9345,1790194449118,0,0,OCUPADO,1,28,55,120,1,1
1790194451118,sala01,9346,1790194451118,0,0,OCUPADO,0,28,55,120,1,1
1790194453118,sala01,9347,1790194453118,0,0,OCUPADO,1,28,55,120,1,1
1790194455118,sala01,9348,1790194455118,0,0,OCUPADO,1,28,55,120,1,1
1790194457118,sala01,9349,1790194457118,0,0,OCUPADO,1,28,55,120,1,1
1790194459118,sala01,9350,1790194459118,0,0,OCUPADO,0,28,55,120,1,1
1790194461118,sala01,9351,1790194461118,0,0,OCUPADO,1,28,55,120,1,1
1790194463118,sala01,9352,1790194463118,0,0,OCUPADO,1,28,55,120,1,1
1790194465118,sala01,9353,1790194465118,0,0,OCUPADO,1,28,55,120,1,1
1790194467118,sala01,9354,1790194467118,0,0,OCUPADO,0,28,55,120,1,1
1790194469118,sala01,9355,1790194469118,0,0,OCUPADO,1,28,55,120,1,1
1790194471118,sala01,9356,1790194471118,0,0,OCUPADO,1,28,55,120,1,1
1790194473118,sala01,9357,1790194473118,0,0,OCUPADO,1,28,55,120,1,1
1790194475118,sala01,9358,1790194475118,0,0,OCUPADO,0,28,55,120,1,1
1790194477118,sala01,9359,1790194477118,0,0,OCUPADO,1,28,55,120,1,1
1790194479118,sala01,9360,1790194479118,0,0,OCUPADO,1,28,55,120,1,1
1790194481118,sala01,9361,1790194481118,0,0,OCUPADO,1,28,55,120,1,1
1790194483118,sala01,9362,1790194483118,0,0,OCUPADO,0,28,55,120,1,1
1790194485118,sala01,9363,1790194485118,0,0,OCUPADO,1,28,55,120,1,1
1790194487118,sala01,9364,1790194487118,0,0,OCUPADO,1,28,55,120,1,1
1790194489118,sala01,9365,1790194489118,0,0,OCUPADO,1,28,55,120,1,1
1790194491118,sala01,9366,1790194491118,0,0,OCUPADO,0,28,55,120,1,1
1790194493118,sala01,9367,1790194493118,0,0,OCUPADO,1,28,55,120,1,1
1790194495118,sala01,9368,1790194495118,0,0,OCUPADO,1,28,55,120,1,1
1790194497118,sala01,9369,1790194497118,0,0,OCUPADO,1,28,55,120,1,1
1790194499118,sala01,9370,1790194499118,0,0,OCUPADO,0,28,55,120,1,1
1790194501118,sala01,9371,1790194501118,0,0,OCUPADO,1,28,55,120,1,1
1790194503118,sala01,9372,1790194503118,0,0,OCUPADO,1,28,55,120,1,1
1790194505118,sala01,9373,1790194505118,0,0,OCUPADO,1,28,55,120,1,1
1790194507118,sala01,9374,1790194507118,0,0,OCUPADO,0,28,55,120,1,1
1790194509118,sala01,9375,1790194509118,0,0,OCUPADO,1,28,55,120,1,1
1790194511118,sala01,9376,1790194511118,0,0,OCUPADO,1,28,55,120,1,1
1790194513118,sala01,9377,1790194513118,0,0,OCUPADO,1,28,55,120,1,1
1790194515118,sala01,9378,1790194515118,0,0,OCUPADO,0,28,55,120,1,1
1790194517118,sala01,9379,1790194517118,0,0,OCUPADO,1,28,55,120,1,1
1790194519118,sala01,9380,1790194519118,0,0,OCUPADO,1,28,55,120,1,1
1790194521118,sala01,9381,1790194521118,0,0,OCUPADO,1,28,55,120,1,1
1790194523118,sala01,9382,1790194523118,0,0,OCUPADO,0,28,55,120,1,1
1790194525118,sala01,9383,1790194525118,0,0,OCUPADO,1,28,55,120,1,1
1790194527118,sala01,9384,1790194527118,0,0,OCUPADO,1,28,55,120,1,1
1790194529118,sala01,9385,1790194529118,0,0,OCUPADO,1,28,55,120,1,1
1790194531118,sala01,9386,1790194531118,0,0,OCUPADO,0,28,55,120,1,1
1790194533118,sala01,9387,1790194533118,0,0,OCUPADO,1,28,55,120,1,1
1790194535118,sala01,9388,1790194535118,0,0,OCUPADO,1,28,55,120,1,1
1790194537118,sala01,9389,1790194537118,0,0,OCUPADO,1,28,55,120,1,1
1790194539118,sala01,9390,1790194539118,0,0,OCUPADO,0,28,55,120,1,1
1790194541118,sala01,9391,1790194541118,0,0,OCUPADO,1,28,55,120,1,1
1790194543118,sala01,9392,1790194543118,0,0,OCUPADO,1,28,55,120,1,1
1790194545118,sala01,9393,1790194545118,0,0,OCUPADO,1,28,55,120,1,1
1790194547118,sala01,9394,1790194547118,0,0,OCUPADO,0,28,55,120,1,1
1790194549118,sala01,9395,1790194549118,0,0,OCUPADO,1,28,55,120,1,1
1790194551118,sala01,9396,1790194551118,0,0,OCUPADO,1,28,55,120,1,1
1790194553118,sala01,9397,1790194553118,0,0,OCUPADO,1,28,55,120,1,1
1790194555118,sala01,9398,1790194555118,0,0,OCUPADO,0,28,55,120,1,1
1790194557118,sala01,9399,1790194557118,0,0,OCUPADO,1,28,55,120,1,1
1790194559118,sala01,9400,1790194559118,0,0,OCUPADO,1,28,55,120,1,1
1790194561118,sala01,9401,1790194561118,0,0,OCUPADO,1,28,55,120,1,1
1790194563118,sala01,9402,1790194563118,0,0,OCUPADO,0,28,55,120,1,1
1790194565118,sala01,9403,1790194565118,0,0,OCUPADO,1,28,55,120,1,1
1790194567118,sala01,9404,1790194567118,0,0,OCUPADO,1,28,55,120,1,1
1790194569118,sala01,9405,1790194569118,0,0,OCUPADO,1,28,55,120,1,1
1790194571118,sala01,9406,1790194571118,0,0,OCUPADO,0,28,55,120,1,1
1790194573118,sala01,9407,1790194573118,0,0,OCUPADO,1,28,55,120,1,1
1790194575118,sala01,9408,1790194575118,0,0,OCUPADO,1,28,55,120,1,1
1790194577118,sala01,9409,1790194577118,0,0,OCUPADO,1,28,55,120,1,1
1790194579118,sala01,9410,1790194579118,0,0,OCUPADO,0,28,55,120,1,1
1790194581118,sala01,9411,1790194581118,0,0,OCUPADO,1,28,55,120,1,1
1790194583118,sala01,9412,1790194583118,0,0,OCUPADO,1,28,55,120,1,1
1790194585118,sala01,9413,1790194585118,0,0,OCUPADO,1,28,55,120,1,1
1790194587118,sala01,9414,1790194587118,0,0,OCUPADO,0,28,55,120,1,1
1790194589118,sala01,9415,1790194589118,0,0,OCUPADO,1,28,55,120,1,1
1790194591118,sala01,9416,1790194591118,0,0,OCUPADO,1,28,55,120,1,1
1790194593118,sala01,9417,1790194593118,0,0,OCUPADO,1,28,55,120,1,1
1790194595118,sala01,9418,1790194595118,0,0,OCUPADO,0,28,55,120,1,1
1790194597118,sala01,9419,1790194597118,0,0,OCUPADO,1,28,55,120,1,1
1790194599118,sala01,9420,1790194599118,0,0,OCUPADO,1,28,55,120,1,1
1790194601118,sala01,9421,1790194601118,0,0,OCUPADO,1,28,55,120,1,1
1790194603118,sala01,9422,1790194603118,0,0,OCUPADO,0,28,55,120,1,1
1790194605118,sala01,9423,1790194605118,0,0,OCUPADO,1,28,55,120,1,1
1790194607118,sala01,9424,1790194607118,0,0,OCUPADO,1,28,55,120,1,1
1790194609118,sala01,9425,1790194609118,0,0,OCUPADO,1,28,55,120,1,1
1790194611118,sala01,9426,1790194611118,0,0,OCUPADO,0,28,55,120,1,1
1790194613118,sala01,9427,1790194613118,0,0,OCUPADO,1,28,55,120,1,1
1790194615118,sala01,9428,1790194615118,0,0,OCUPADO,1,28,55,120,1,1
1790194617118,sala01,9429,1790194617118,0,0,OCUPADO,1,28,55,120,1,1
1790194619118,sala01,9430,1790194619118,0,0,OCUPADO,0,28,55,120,1,1
1790194621118,sala01,9431,1790194621118,0,0,OCUPADO,1,28,55,120,1,1
1790194623118,sala01,9432,1790194623118,0,0,OCUPADO,1,28,55,120,1,1
1790194625118,sala01,9433,1790194625118,0,0,OCUPADO,1,28,55,120,1,1
1790194627118,sala01,9434,1790194627118,0,0,OCUPADO,0,28,55,120,1,1
1790194629118,sala01,9435,1790194629118,0,0,OCUPADO,1,28,55,120,1,1
1790194631118,sala01,9436,1790194631118,0,0,OCUPADO,1,28,55,120,1,1
1790194633118,sala01,9437,1790194633118,0,0,OCUPADO,1,28,55,120,1,1
1790194635118,sala01,9438,1790194635118,0,0,OCUPADO,0,28,55,120,1,1
1790194637118,sala01,9439,1790194637118,0,0,OCUPADO,1,28,55,120,1,1
1790194639118,sala01,9440,1790194639118,0,0,OCUPADO,1,28,55,120,1,1
1790194641118,sala01,9441,1790194641118,0,0,OCUPADO,1,28,55,120,1,1
1790194643118,sala01,9442,1790194643118,0,0,OCUPADO,0,28,55,120,1,1
1790194645118,sala01,9443,1790194645118,0,0,OCUPADO,1,28,55,120,1,1
1790194647118,sala01,9444,1790194647118,0,0,OCUPADO,1,28,55,120,1,1
1790194649118,sala01,9445,1790194649118,0,0,OCUPADO,1,28,55,120,1,1
1790194651118,sala01,9446,1790194651118,0,0,OCUPADO,0,28,55,120,1,1
1790194653118,sala01,9447,1790194653118,0,0,OCUPADO,1,28,55,120,1,1
1790194655118,sala01,9448,1790194655118,0,0,OCUPADO,1,28,55,120,1,1
1790194657118,sala01,9449,1790194657118,0,0,OCUPADO,1,28,55,120,1,1
1790194659118,sala01,9450,1790194659118,0,0,OCUPADO,0,28,55,120,1,1
1790194661118,sala01,9451,1790194661118,0,0,OCUPADO,1,28,55,120,1,1
1790194663118,sala01,9452,1790194663118,0,0,OCUPADO,1,28,55,120,1,1
1790194665118,sala01,9453,1790194665118,0,0,OCUPADO,1,28,55,120,1,1
1790194667118,sala01,9454,1790194667118,0,0,OCUPADO,0,28,55,120,1,1
1790194669118,sala01,9455,1790194669118,0,0,OCUPADO,1,28,55,120,1,1
1790194671118,sala01,9456,1790194671118,0,0,OCUPADO,1,28,55,120,1,1
1790194673118,sala01,9457,1790194673118,0,0,OCUPADO,1,28,55,120,1,1
1790194675118,sala01,9458,1790194675118,0,0,OCUPADO,0,28,55,120,1,1
1790194677118,sala01,9459,1790194677118,0,0,OCUPADO,1,28,55,120,1,1
1790194679118,sala01,9460,1790194679118,0,0,OCUPADO,1,28,55,120,1,1
1790194681118,sala01,9461,1790194681118,0,0,OCUPADO,1,28,55,120,1,1
1790194683118,sala01,9462,1790194683118,0,0,OCUPADO,0,28,55,120,1,1
1790194685118,sala01,9463,1790194685118,0,0,OCUPADO,1,28,55,120,1,1
1790194687118,sala01,9464,1790194687118,0,0,OCUPADO,1,28,55,120,1,1
1790194689118,sala01,9465,1790194689118,0,0,OCUPADO,1,28,55,120,1,1
1790194691118,sala01,9466,1790194691118,0,0,OCUPADO,0,28,55,120,1,1
1790194693118,sala01,9467,1790194693118,0,0,OCUPADO,1,28,55,120,1,1
1790194695118,sala01,9468,1790194695118,0,0,OCUPADO,1,28,55,120,1,1
1790194697118,sala01,9469,1790194697118,0,0,OCUPADO,1,28,55,120,1,1
1790194699118,sala01,9470,1790194699118,0,0,OCUPADO,0,28,55,120,1,1
1790194701118,sala01,9471,1790194701118,0,0,OCUPADO,1,28,55,120,1,1
1790194703118,sala01,9472,1790194703118,0,0,OCUPADO,1,28,55,120,1,1
1790194705118,sala01,9473,1790194705118,0,0,OCUPADO,1,28,55,120,1,1
1790194707118,sala01,9474,1790194707118,0,0,OCUPADO,0,28,55,120,1,1
1790194709118,sala01,9475,1790194709118,0,0,OCUPADO,1,28,55,120,1,1
1790194711118,sala01,9476,1790194711118,0,0,OCUPADO,1,28,55,120,1,1
1790194713118,sala01,9477,1790194713118,0,0,OCUPADO,1,28,55,120,1,1
1790194715118,sala01,9478,1790194715118,0,0,OCUPADO,0,28,55,120,1,1
1790194717118,sala01,9479,1790194717118,0,0,OCUPADO,1,28,55,120,1,1
1790194719118,sala01,9480,1790194719118,0,0,OCUPADO,1,28,55,120,1,1
1790194721118,sala01,9481,1790194721118,0,0,OCUPADO,1,28,55,120,1,1
1790194723118,sala01,9482,1790194723118,0,0,OCUPADO,0,28,55,120,1,1
1790194725118,sala01,9483,1790194725118,0,0,OCUPADO,1,28,55,120,1,1
1790194727118,sala01,9484,1790194727118,0,0,OCUPADO,1,28,55,120,1,1
1790194729118,sala01,9485,1790194729118,0,0,OCUPADO,1,28,55,120,1,1
1790194731118,sala01,9486,1790194731118,0,0,OCUPADO,0,28,55,120,1,1
1790194733118,sala01,9487,1790194733118,0,0,OCUPADO,1,28,55,120,1,1
1790194735118,sala01,9488,1790194735118,0,0,OCUPADO,1,28,55,120,1,1
1790194737118,sala01,9489,1790194737118,0,0,OCUPADO,1,28,55,120,1,1
1790194739118,sala01,9490,1790194739118,0,0,OCUPADO,0,28,55,120,1,1
1790194741118,sala01,9491,1790194741118,0,0,OCUPADO,1,28,55,120,1,1
1790194743118,sala01,9492,1790194743118,0,0,OCUPADO,1,28,55,120,1,1
1790194745118,sala01,9493,1790194745118,0,0,OCUPADO,1,28,55,120,1,1
1790194747118,sala01,9494,1790194747118,0,0,OCUPADO,0,28,55,120,1,1
1790194749118,sala01,9495,1790194749118,0,0,OCUPADO,1,28,55,120,1,1
1790194751118,sala01,9496,1790194751118,0,0,OCUPADO,1,28,55,120,1,1
1790194753118,sala01,9497,1790194753118,0,0,OCUPADO,1,28,55,120,1,1
1790194755118,sala01,9498,1790194755118,0,0,OCUPADO,0,28,55,120,1,1
1790194757118,sala01,9499,1790194757118,0,0,OCUPADO,1,28,55,120,1,1
1790194759118,sala01,9500,1790194759118,0,0,OCUPADO,1,28,55,120,1,1
1790194761118,sala01,9501,1790194761118,0,0,OCUPADO,1,28,55,120,1,1
1790194763118,sala01,9502,1790194763118,0,0,OCUPADO,0,28,55,120,1,1
1790194765118,sala01,9503,1790194765118,0,0,OCUPADO,1,28,55,120,1,1
1790194767118,sala01,9504,1790194767118,0,0,OCUPADO,1,28,55,120,1,1
1790194769118,sala01,9505,1790194769118,0,0,OCUPADO,1,28,55,120,1,1
1790194771118,sala01,9506,1790194771118,0,0,OCUPADO,0,28,55,120,1,1
1790194773118,sala01,9507,1790194773118,0,0,OCUPADO,1,28,55,120,1,1
1790194775118,sala01,9508,1790194775118,0,0,OCUPADO,1,28,55,120,1,1
1790194777118,sala01,9509,1790194777118,0,0,OCUPADO,1,28,55,120,1,1
1790194779118,sala01,9510,1790194779118,0,0,OCUPADO,0,28,55,120,1,1
1790194781118,sala01,9511,1790194781118,0,0,OCUPADO,1,28,55,120,1,1
1790194783118,sala01,9512,1790194783118,0,0,OCUPADO,1,28,55,120,1,1
1790194785118,sala01,9513,1790194785118,0,0,OCUPADO,1,28,55,120,1,1
1790194787118,sala01,9514,1790194787118,0,0,OCUPADO,0,28,55,120,1,1
1790194789118,sala01,9515,1790194789118,0,0,OCUPADO,1,28,55,120,1,1
1790194791118,sala01,9516,1790194791118,0,0,OCUPADO,1,28,55,120,1,1
1790194793118,sala01,9517,1790194793118,0,0,OCUPADO,1,28,55,120,1,1
1790194795118,sala01,9518,1790194795118,0,0,OCUPADO,0,28,55,120,1,1
1790194797118,sala01,9519,1790194797118,0,0,OCUPADO,1,28,55,120,1,1
1790194799118,sala01,9520,1790194799118,0,0,OCUPADO,1,28,55,120,1,1
1790194801118,sala01,9521,1790194801118,0,0,OCUPADO,1,28,55,120,1,1
1790194803118,sala01,9522,1790194803118,0,0,OCUPADO,0,28,55,120,1,1
1790194805118,sala01,9523,1790194805118,0,0,OCUPADO,1,28,55,120,1,1
1790194807118,sala01,9524,1790194807118,0,0,OCUPADO,1,28,55,120,1,1
1790194809118,sala01,9525,1790194809118,0,0,OCUPADO,1,28,55,120,1,1
1790194811118,sala01,9526,1790194811118,0,0,OCUPADO,0,28,55,120,1,1
1790194813118,sala01,9527,1790194813118,0,0,OCUPADO,1,28,55,120,1,1
1790194815118,sala01,9528,1790194815118,0,0,OCUPADO,1,28,55,120,1,1
1790194817118,sala01,9529,1790194817118,0,0,OCUPADO,1,28,55,120,1,1
1790194819118,sala01,9530,1790194819118,0,0,OCUPADO,0,28,55,120,1,1
1790194821118,sala01,9531,1790194821118,0,0,OCUPADO,1,28,55,120,1,1
1790194823118,sala01,9532,1790194823118,0,0,OCUPADO,1,28,55,120,1,1
1790194825118,sala01,9533,1790194825118,0,0,OCUPADO,1,28,55,120,1,1
1790194827118,sala01,9534,1790194827118,0,0,OCUPADO,0,28,55,120,1,1
1790194829118,sala01,9535,1790194829118,0,0,OCUPADO,1,28,55,120,1,1
1790194831118,sala01,9536,1790194831118,0,0,OCUPADO,1,28,55,120,1,1
1790194833118,sala01,9537,1790194833118,0,0,OCUPADO,1,28,55,120,1,1
1790194835118,sala01,9538,1790194835118,0,0,OCUPADO,0,28,55,120,1,1
1790194837118,sala01,9539,1790194837118,0,0,OCUPADO,1,28,55,120,1,1
1790194839118,sala01,9540,1790194839118,0,0,OCUPADO,1,28,55,120,1,1
1790194841118,sala01,9541,1790194841118,0,0,OCUPADO,1,28,55,120,1,1
1790194843118,sala01,9542,1790194843118,0,0,OCUPADO,0,28,55,120,1,1
1790194845118,sala01,9543,1790194845118,0,0,OCUPADO,1,28,55,120,1,1
1790194847118,sala01,9544,1790194847118,0,0,OCUPADO,1,28,55,120,1,1
1790194849118,sala01,9545,1790194849118,0,0,OCUPADO,1,28,55,120,1,1
1790194851118,sala01,9546,1790194851118,0,0,OCUPADO,0,28,55,120,1,1
1790194853118,sala01,9547,1790194853118,0,0,OCUPADO,1,28,55,120,1,1
1790194855118,sala01,9548,1790194855118,0,0,OCUPADO,1,28,55,120,1,1
1790194857118,sala01,9549,1790194857118,0,0,OCUPADO,1,28,55,120,1,1
1790194859118,sala01,9550,1790194859118,0,0,OCUPADO,0,28,55,120,1,1
1790194861118,sala01,9551,1790194861118,0,0,OCUPADO,1,28,55,120,1,1
1790194863118,sala01,9552,1790194863118,0,0,OCUPADO,1,28,55,120,1,1
1790194865118,sala01,9553,1790194865118,0,0,OCUPADO,1,28,55,120,1,1
1790194867118,sala01,9554,1790194867118,0,0,OCUPADO,0,28,55,120,1,1
1790194869118,sala01,9555,1790194869118,0,0,OCUPADO,1,28,55,120,1,1
1790194871118,sala01,9556,1790194871118,0,0,OCUPADO,1,28,55,120,1,1
1790194873118,sala01,9557,1790194873118,0,0,OCUPADO,1,28,55,120,1,1
1790194875118,sala01,9558,1790194875118,0,0,OCUPADO,0,28,55,120,1,1
1790194877118,sala01,9559,1790194877118,0,0,OCUPADO,1,28,55,120,1,1
1790194879118,sala01,9560,1790194879118,0,0,OCUPADO,1,28,55,120,1,1
1790194881118,sala01,9561,1790194881118,0,0,OCUPADO,1,28,55,120,1,1
1790194883118,sala01,9562,1790194883118,0,0,OCUPADO,0,28,55,120,1,1
1790194885118,sala01,9563,1790194885118,0,0,OCUPADO,1,28,55,120,1,1
1790194887118,sala01,9564,1790194887118,0,0,OCUPADO,1,28,55,120,1,1
1790194889118,sala01,9565,1790194889118,0,0,OCUPADO,1,28,55,120,1,1
1790194891118,sala01,9566,1790194891118,0,0,OCUPADO,0,28,55,120,1,1
1790194893118,sala01,9567,1790194893118,0,0,OCUPADO,1,28,55,120,1,1
1790194895118,sala01,9568,1790194895118,0,0,OCUPADO,1,28,55,120,1,1
1790194897118,sala01,9569,1790194897118,0,0,OCUPADO,1,28,55,120,1,1
1790194899118,sala01,9570,1790194899118,0,0,OCUPADO,0,28,55,120,1,1
1790194901118,sala01,9571,1790194901118,0,0,OCUPADO,1,28,55,120,1,1
1790194903118,sala01,9572,1790194903118,0,0,OCUPADO,1,28,55,120,1,1
1790194905118,sala01,9573,1790194905118,0,0,OCUPADO,1,28,55,120,1,1
1790194907118,sala01,9574,1790194907118,0,0,OCUPADO,0,28,55,120,1,1
1790194909118,sala01,9575,1790194909118,0,0,OCUPADO,1,28,55,120,1,1
1790194911118,sala01,9576,1790194911118,0,0,OCUPADO,1,28,55,120,1,1
1790194913118,sala01,9577,1790194913118,0,0,OCUPADO,1,28,55,120,1,1
1790194915118,sala01,9578,1790194915118,0,0,OCUPADO,0,28,55,120,1,1
1790194917118,sala01,9579,1790194917118,0,0,OCUPADO,1,28,55,120,1,1
1790194919118,sala01,9580,1790194919118,0,0,OCUPADO,1,28,55,120,1,1
1790194921118,sala01,9581,1790194921118,0,0,OCUPADO,1,28,55,120,1,1
1790194923118,sala01,9582,1790194923118,0,0,OCUPADO,0,28,55,120,1,1
1790194925118,sala01,9583,1790194925118,0,0,OCUPADO,1,28,55,120,1,1
1790194927118,sala01,9584,1790194927118,0,0,OCUPADO,1,28,55,120,1,1
1790194929118,sala01,9585,1790194929118,0,0,OCUPADO,1,28,55,120,1,1
1790194931118,sala01,9586,1790194931118,0,0,OCUPADO,0,28,55,120,1,1
1790194933118,sala01,9587,1790194933118,0,0,OCUPADO,1,28,55,120,1,1
1790194935118,sala01,9588,1790194935118,0,0,OCUPADO,1,28,55,120,1,1
1790194937118,sala01,9589,1790194937118,0,0,OCUPADO,1,28,55,120,1,1
1790194939118,sala01,9590,1790194939118,0,0,OCUPADO,0,28,55,120,1,1
1790194941118,sala01,9591,1790194941118,0,0,OCUPADO,1,28,55,120,1,1
1790194943118,sala01,9592,1790194943118,0,0,OCUPADO,1,28,55,120,1,1
1790194945118,sala01,9593,1790194945118,0,0,OCUPADO,1,28,55,120,1,1
1790194947118,sala01,9594,1790194947118,0,0,OCUPADO,0,28,55,120,1,1
1790194949118,sala01,9595,1790194949118,0,0,OCUPADO,1,28,55,120,1,1
1790194951118,sala01,9596,1790194951118,0,0,OCUPADO,1,28,55,120,1,1
1790194953118,sala01,9597,1790194953118,0,0,OCUPADO,1,28,55,120,1,1
1790194955118,sala01,9598,1790194955118,0,0,OCUPADO,0,28,55,120,1,1
1790194957118,sala01,9599,1790194957118,0,0,OCUPADO,1,28,55,120,1,1
1790194959118,sala01,9600,1790194959118,0,0,OCUPADO,1,28,55,120,1,1
1790194961118,sala01,9601,1790194961118,0,0,OCUPADO,1,28,55,120,1,1
1790194963118,sala01,9602,1790194963118,0,0,OCUPADO,0,28,55,120,1,1
1790194965118,sala01,9603,1790194965118,0,0,OCUPADO,1,28,55,120,1,1
1790194967118,sala01,9604,1790194967118,0,0,OCUPADO,1,28,55,120,1,1
1790194969118,sala01,9605,1790194969118,0,0,OCUPADO,1,28,55,120,1,1
1790194971118,sala01,9606,1790194971118,0,0,OCUPADO,0,28,55,120,1,1
1790194973118,sala01,9607,1790194973118,0,0,OCUPADO,1,28,55,120,1,1
1790194975118,sala01,9608,1790194975118,0,0,OCUPADO,1,28,55,120,1,1
1790194977118,sala01,9609,1790194977118,0,0,OCUPADO,1,28,55,120,1,1
1790194979118,sala01,9610,1790194979118,0,0,OCUPADO,0,28,55,120,1,1
1790194981118,sala01,9611,1790194981118,0,0,OCUPADO,1,28,55,120,1,1
1790194983118,sala01,9612,1790194983118,0,0,OCUPADO,1,28,55,120,1,1
1790194985118,sala01,9613,1790194985118,0,0,OCUPADO,1,28,55,120,1,1
1790194987118,sala01,9614,1790194987118,0,0,OCUPADO,0,28,55,120,1,1
1790194989118,sala01,9615,1790194989118,0,0,OCUPADO,1,28,55,120,1,1
1790194991118,sala01,9616,1790194991118,0,0,OCUPADO,1,28,55,120,1,1
1790194993118,sala01,9617,1790194993118,0,0,OCUPADO,1,28,55,120,1,1
1790194995118,sala01,9618,1790194995118,0,0,OCUPADO,0,28,55,120,1,1
1790194997118,sala01,9619,1790194997118,0,0,OCUPADO,1,28,55,120,1,1
1790194999118,sala01,9620,1790194999118,0,0,OCUPADO,1,28,55,120,1,1
1790195001118,sala01,9621,1790195001118,0,0,OCUPADO,1,28,55,120,1,1
1790195003118,sala01,9622,1790195003118,0,0,OCUPADO,0,28,55,120,1,1
1790195005118,sala01,9623,1790195005118,0,0,OCUPADO,1,28,55,120,1,1
1790195007118,sala01,9624,1790195007118,0,0,OCUPADO,1,28,55,120,1,1
1790195009118,sala01,9625,1790195009118,0,0,OCUPADO,1,28,55,120,1,1
1790195011118,sala01,9626,1790195011118,0,0,OCUPADO,0,28,55,120,1,1
1790195013118,sala01,9627,1790195013118,0,0,OCUPADO,1,28,55,120,1,1
1790195015118,sala01,9628,1790195015118,0,0,OCUPADO,1,28,55,120,1,1
1790195017118,sala01,9629,1790195017118,0,0,OCUPADO,1,28,55,120,1,1
1790195019118,sala01,9630,1790195019118,0,0,OCUPADO,0,28,55,120,1,1
1790195021118,sala01,9631,1790195021118,0,0,OCUPADO,1,28,55,120,1,1
1790195023118,sala01,9632,1790195023118,0,0,OCUPADO,1,28,55,120,1,1
1790195025118,sala01,9633,1790195025118,0,0,OCUPADO,1,28,55,120,1,1
1790195027118,sala01,9634,1790195027118,0,0,OCUPADO,0,28,55,120,1,1
1790195029118,sala01,9635,1790195029118,0,0,OCUPADO,1,28,55,120,1,1
1790195031118,sala01,9636,1790195031118,0,0,OCUPADO,1,28,55,120,1,1
1790195033118,sala01,9637,1790195033118,0,0,OCUPADO,1,28,55,120,1,1
1790195035118,sala01,9638,1790195035118,0,0,OCUPADO,0,28,55,120,1,1
1790195037118,sala01,9639,1790195037118,0,0,OCUPADO,1,28,55,120,1,1
1790195039118,sala01,9640,1790195039118,0,0,OCUPADO,1,28,55,120,1,1
1790195041118,sala01,9641,1790195041118,0,0,OCUPADO,1,28,55,120,1,1
1790195043118,sala01,9642,1790195043118,0,0,OCUPADO,0,28,55,120,1,1
1790195045118,sala01,9643,1790195045118,0,0,OCUPADO,1,28,55,120,1,1
1790195047118,sala01,9644,1790195047118,0,0,OCUPADO,1,28,55,120,1,1
1790195049118,sala01,9645,1790195049118,0,0,OCUPADO,1,28,55,120,1,1
1790195051118,sala01,9646,1790195051118,0,0,OCUPADO,0,28,55,120,1,1
1790195053118,sala01,9647,1790195053118,0,0,OCUPADO,1,28,55,120,1,1
1790195055118,sala01,9648,1790195055118,0,0,OCUPADO,1,28,55,120,1,1
1790195057118,sala01,9649,1790195057118,0,0,OCUPADO,1,28,55,120,1,1
1790195059118,sala01,9650,1790195059118,0,0,OCUPADO,0,28,55,120,1,1
1790195061118,sala01,9651,1790195061118,0,0,OCUPADO,1,28,55,120,1,1
1790195063118,sala01,9652,1790195063118,0,0,OCUPADO,1,28,55,120,1,1
1790195065118,sala01,9653,1790195065118,0,0,OCUPADO,1,28,55,120,1,1
1790195067118,sala01,9654,1790195067118,0,0,OCUPADO,0,28,55,120,1,1
1790195069118,sala01,9655,1790195069118,0,0,OCUPADO,1,28,55,120,1,1
1790195071118,sala01,9656,1790195071118,0,0,OCUPADO,1,28,55,120,1,1
1790195073118,sala01,9657,1790195073118,0,0,OCUPADO,1,28,55,120,1,1
1790195075118,sala01,9658,1790195075118,0,0,OCUPADO,0,28,55,120,1,1
1790195077118,sala01,9659,1790195077118,0,0,OCUPADO,1,28,55,120,1,1
1790195079118,sala01,9660,1790195079118,0,0,OCUPADO,1,28,55,120,1,1
1790195081118,sala01,9661,1790195081118,0,0,OCUPADO,1,28,55,120,1,1
1790195083118,sala01,9662,1790195083118,0,0,OCUPADO,0,28,55,120,1,1
1790195085118,sala01,9663,1790195085118,0,0,OCUPADO,1,28,55,120,1,1
1790195087118,sala01,9664,1790195087118,0,0,OCUPADO,1,28,55,120,1,1
1790195089118,sala01,9665,1790195089118,0,0,OCUPADO,1,28,55,120,1,1
1790195091118,sala01,9666,1790195091118,0,0,OCUPADO,0,28,55,120,1,1
1790195093118,sala01,9667,1790195093118,0,0,OCUPADO,1,28,55,120,1,1
1790195095118,sala01,9668,1790195095118,0,0,OCUPADO,1,28,55,120,1,1
1790195097118,sala01,9669,1790195097118,0,0,OCUPADO,1,28,55,120,1,1
1790195099118,sala01,9670,1790195099118,0,0,OCUPADO,0,28,55,120,1,1
1790195101118,sala01,9671,1790195101118,0,0,OCUPADO,1,28,55,120,1,1
1790195103118,sala01,9672,1790195103118,0,0,OCUPADO,1,28,55,120,1,1
1790195105118,sala01,9673,1790195105118,0,0,OCUPADO,1,28,55,120,1,1
1790195107118,sala01,9674,1790195107118,0,0,OCUPADO,0,28,55,120,1,1
1790195109118,sala01,9675,1790195109118,0,0,OCUPADO,1,28,55,120,1,1
1790195111118,sala01,9676,1790195111118,0,0,OCUPADO,1,28,55,120,1,1
1790195113118,sala01,9677,1790195113118,0,0,OCUPADO,1,28,55,120,1,1
1790195115118,sala01,9678,1790195115118,0,0,OCUPADO,0,28,55,120,1,1
1790195117118,sala01,9679,1790195117118,0,0,OCUPADO,1,28,55,120,1,1
1790195119118,sala01,9680,1790195119118,0,0,OCUPADO,1,28,55,120,1,1
1790195121118,sala01,9681,1790195121118,0,0,OCUPADO,1,28,55,120,1,1
1790195123118,sala01,9682,1790195123118,0,0,OCUPADO,0,28,55,120,1,1
1790195125118,sala01,9683,1790195125118,0,0,OCUPADO,1,28,55,120,1,1
1790195127118,sala01,9684,1790195127118,0,0,OCUPADO,1,28,55,120,1,1
1790195129118,sala01,9685,1790195129118,0,0,OCUPADO,1,28,55,120,1,1
1790195131118,sala01,9686,1790195131118,0,0,OCUPADO,0,28,55,120,1,1
1790195133118,sala01,9687,1790195133118,0,0,OCUPADO,1,28,55,120,1,1
1790195135118,sala01,9688,1790195135118,0,0,OCUPADO,1,28,55,120,1,1
1790195137118,sala01,9689,1790195137118,0,0,OCUPADO,1,28,55,120,1,1
1790195139118,sala01,9690,1790195139118,0,0,OCUPADO,0,28,55,120,1,1
1790195141118,sala01,9691,1790195141118,0,0,OCUPADO,1,28,55,120,1,1
1790195143118,sala01,9692,1790195143118,0,0,OCUPADO,1,28,55,120,1,1
1790195145118,sala01,9693,1790195145118,0,0,OCUPADO,1,28,55,120,1,1
1790195147118,sala01,9694,1790195147118,0,0,OCUPADO,0,28,55,120,1,1
1790195149118,sala01,9695,1790195149118,0,0,OCUPADO,1,28,55,120,1,1
1790195151118,sala01,9696,1790195151118,0,0,OCUPADO,1,28,55,120,1,1
1790195153118,sala01,9697,1790195153118,0,0,OCUPADO,1,28,55,120,1,1
1790195155118,sala01,9698,1790195155118,0,0,OCUPADO,0,28,55,120,1,1
1790195157118,sala01,9699,1790195157118,0,0,OCUPADO,1,28,55,120,1,1
1790195159118,sala01,9700,1790195159118,0,0,OCUPADO,1,28,55,120,1,1
1790195161118,sala01,9701,1790195161118,0,0,OCUPADO,1,28,55,120,1,1
1790195163118,sala01,9702,1790195163118,0,0,OCUPADO,0,28,55,120,1,1
1790195165118,sala01,9703,1790195165118,0,0,OCUPADO,1,28,55,120,1,1
1790195167118,sala01,9704,1790195167118,0,0,OCUPADO,1,28,55,120,1,1
1790195169118,sala01,9705,1790195169118,0,0,OCUPADO,1,28,55,120,1,1
1790195171118,sala01,9706,1790195171118,0,0,OCUPADO,0,28,55,120,1,1
1790195173118,sala01,9707,1790195173118,0,0,OCUPADO,1,28,55,120,1,1
1790195175118,sala01,9708,1790195175118,0,0,OCUPADO,1,28,55,120,1,1
1790195177118,sala01,9709,1790195177118,0,0,OCUPADO,1,28,55,120,1,1
1790195179118,sala01,9710,1790195179118,0,0,OCUPADO,0,28,55,120,1,1
1790195181118,sala01,9711,1790195181118,0,0,OCUPADO,1,28,55,120,1,1
1790195183118,sala01,9712,1790195183118,0,0,OCUPADO,1,28,55,120,1,1
1790195185118,sala01,9713,1790195185118,0,0,OCUPADO,1,28,55,120,1,1
1790195187118,sala01,9714,1790195187118,0,0,OCUPADO,0,28,55,120,1,1
1790195189118,sala01,9715,1790195189118,0,0,OCUPADO,1,28,55,120,1,1
1790195191118,sala01,9716,1790195191118,0,0,OCUPADO,1,28,55,120,1,1
1790195193118,sala01,9717,1790195193118,0,0,OCUPADO,1,28,55,120,1,1
1790195195118,sala01,9718,1790195195118,0,0,OCUPADO,0,28,55,120,1,1
1790195197118,sala01,9719,1790195197118,0,0,OCUPADO,1,28,55,120,1,1
1790195199118,sala01,9720,1790195199118,0,0,OCUPADO,1,28,55,120,1,1
1790195201118,sala01,9721,1790195201118,0,0,OCUPADO,1,28,55,120,1,1
1790195203118,sala01,9722,1790195203118,0,0,OCUPADO,0,28,55,120,1,1
1790195205118,sala01,9723,1790195205118,0,0,OCUPADO,1,28,55,120,1,1
1790195207118,sala01,9724,1790195207118,0,0,OCUPADO,1,28,55,120,1,1
1790195209118,sala01,9725,1790195209118,0,0,OCUPADO,1,28,55,120,1,1
1790195211118,sala01,9726,1790195211118,0,0,OCUPADO,0,28,55,120,1,1
1790195213118,sala01,9727,1790195213118,0,0,OCUPADO,1,28,55,120,1,1
1790195215118,sala01,9728,1790195215118,0,0,OCUPADO,1,28,55,120,1,1
1790195217118,sala01,9729,1790195217118,0,0,OCUPADO,1,28,55,120,1,1
1790195219118,sala01,9730,1790195219118,0,0,OCUPADO,0,28,55,120,1,1
1790195221118,sala01,9731,1790195221118,0,0,OCUPADO,1,28,55,120,1,1
1790195223118,sala01,9732,1790195223118,0,0,OCUPADO,1,28,55,120,1,1
1790195225118,sala01,9733,1790195225118,0,0,OCUPADO,1,28,55,120,1,1
1790195227118,sala01,9734,1790195227118,0,0,OCUPADO,0,28,55,120,1,1
1790195229118,sala01,9735,1790195229118,0,0,OCUPADO,1,28,55,120,1,1
1790195231118,sala01,9736,1790195231118,0,0,OCUPADO,1,28,55,120,1,1
1790195233118,sala01,9737,1790195233118,0,0,OCUPADO,1,28,55,120,1,1
1790195235118,sala01,9738,1790195235118,0,0,OCUPADO,0,28,55,120,1,1
1790195237118,sala01,9739,1790195237118,0,0,OCUPADO,1,28,55,120,1,1
1790195239118,sala01,9740,1790195239118,0,0,OCUPADO,1,28,55,120,1,1
1790195241118,sala01,9741,1790195241118,0,0,OCUPADO,1,28,55,120,1,1
1790195243118,sala01,9742,1790195243118,0,0,OCUPADO,0,28,55,120,1,1
1790195245118,sala01,9743,1790195245118,0,0,OCUPADO,1,28,55,120,1,1
1790195247118,sala01,9744,1790195247118,0,0,OCUPADO,1,28,55,120,1,1
1790195249118,sala01,9745,1790195249118,0,0,OCUPADO,1,28,55,120,1,1
1790195251118,sala01,9746,1790195251118,0,0,OCUPADO,0,28,55,120,1,1
1790195253118,sala01,9747,1790195253118,0,0,OCUPADO,1,28,55,120,1,1
1790195255118,sala01,9748,1790195255118,0,0,OCUPADO,1,28,55,120,1,1
1790195257118,sala01,9749,1790195257118,0,0,OCUPADO,1,28,55,120,1,1
1790195259118,sala01,9750,1790195259118,0,0,OCUPADO,0,28,55,120,1,1
1790195261118,sala01,9751,1790195261118,0,0,OCUPADO,1,28,55,120,1,1
1790195263118,sala01,9752,1790195263118,0,0,OCUPADO,1,28,55,120,1,1
1790195265118,sala01,9753,1790195265118,0,0,OCUPADO,1,28,55,120,1,1
1790195267118,sala01,9754,1790195267118,0,0,OCUPADO,0,28,55,120,1,1
1790195269118,sala01,9755,1790195269118,0,0,OCUPADO,1,28,55,120,1,1
1790195271118,sala01,9756,1790195271118,0,0,OCUPADO,1,28,55,120,1,1
1790195273118,sala01,9757,1790195273118,0,0,OCUPADO,1,28,55,120,1,1
1790195275118,sala01,9758,1790195275118,0,0,OCUPADO,0,28,55,120,1,1
1790195277118,sala01,9759,1790195277118,0,0,OCUPADO,1,28,55,120,1,1
1790195279118,sala01,9760,1790195279118,0,0,OCUPADO,1,28,55,120,1,1
1790195281118,sala01,9761,1790195281118,0,0,OCUPADO,1,28,55,120,1,1
1790195283118,sala01,9762,1790195283118,0,0,OCUPADO,0,28,55,120,1,1
1790195285118,sala01,9763,1790195285118,0,0,OCUPADO,1,28,55,120,1,1
1790195287118,sala01,9764,1790195287118,0,0,OCUPADO,1,28,55,120,1,1
1790195289118,sala01,9765,1790195289118,0,0,OCUPADO,1,28,55,120,1,1
1790195291118,sala01,9766,1790195291118,0,0,OCUPADO,0,28,55,120,1,1
1790195293118,sala01,9767,1790195293118,0,0,OCUPADO,1,28,55,120,1,1
1790195295118,sala01,9768,1790195295118,0,0,OCUPADO,1,28,55,120,1,1
1790195297118,sala01,9769,1790195297118,0,0,OCUPADO,1,28,55,120,1,1
1790195299118,sala01,9770,1790195299118,0,0,OCUPADO,0,28,55,120,1,1
1790195301118,sala01,9771,1790195301118,0,0,OCUPADO,1,28,55,120,1,1
1790195303118,sala01,9772,1790195303118,0,0,OCUPADO,1,28,55,120,1,1
1790195305118,sala01,9773,1790195305118,0,0,OCUPADO,1,28,55,120,1,1
1790195307118,sala01,9774,1790195307118,0,0,OCUPADO,0,28,55,120,1,1
1790195309118,sala01,9775,1790195309118,0,0,OCUPADO,1,28,55,120,1,1
1790195311118,sala01,9776,1790195311118,0,0,OCUPADO,1,28,55,120,1,1
1790195313118,sala01,9777,1790195313118,0,0,OCUPADO,1,28,55,120,1,1
1790195315118,sala01,9778,1790195315118,0,0,OCUPADO,0,28,55,120,1,1
1790195317118,sala01,9779,1790195317118,0,0,OCUPADO,1,28,55,120,1,1
1790195319118,sala01,9780,1790195319118,0,0,OCUPADO,1,28,55,120,1,1
1790195321118,sala01,9781,1790195321118,0,0,OCUPADO,1,28,55,120,1,1
1790195323118,sala01,9782,1790195323118,0,0,OCUPADO,0,28,55,120,1,1
1790195325118,sala01,9783,1790195325118,0,0,OCUPADO,1,28,55,120,1,1
1790195327118,sala01,9784,1790195327118,0,0,OCUPADO,1,28,55,120,1,1
1790195329118,sala01,9785,1790195329118,0,0,OCUPADO,1,28,55,120,1,1
1790195331118,sala01,9786,1790195331118,0,0,OCUPADO,0,28,55,120,1,1
1790195333118,sala01,9787,1790195333118,0,0,OCUPADO,1,28,55,120,1,1
1790195335118,sala01,9788,1790195335118,0,0,OCUPADO,1,28,55,120,1,1
1790195337118,sala01,9789,1790195337118,0,0,OCUPADO,1,28,55,120,1,1
1790195339118,sala01,9790,1790195339118,0,0,OCUPADO,0,28,55,120,1,1
1790195341118,sala01,9791,1790195341118,0,0,OCUPADO,1,28,55,120,1,1
1790195343118,sala01,9792,1790195343118,0,0,OCUPADO,1,28,55,120,1,1
1790195345118,sala01,9793,1790195345118,0,0,OCUPADO,1,28,55,120,1,1
1790195347118,sala01,9794,1790195347118,0,0,OCUPADO,0,28,55,120,1,1
1790195349118,sala01,9795,1790195349118,0,0,OCUPADO,1,28,55,120,1,1
1790195351118,sala01,9796,1790195351118,0,0,OCUPADO,1,28,55,120,1,1
1790195353118,sala01,9797,1790195353118,0,0,OCUPADO,1,28,55,120,1,1
1790195355118,sala01,9798,1790195355118,0,0,OCUPADO,0,28,55,120,1,1
1790195357118,sala01,9799,1790195357118,0,0,OCUPADO,1,28,55,120,1,1
1790195359118,sala01,9800,1790195359118,0,0,OCUPADO,1,28,55,120,1,1
1790195361118,sala01,9801,1790195361118,0,0,OCUPADO,1,28,55,120,1,1
1790195363118,sala01,9802,1790195363118,0,0,OCUPADO,0,28,55,120,1,1
1790195365118,sala01,9803,1790195365118,0,0,OCUPADO,1,28,55,120,1,1
1790195367118,sala01,9804,1790195367118,0,0,OCUPADO,1,28,55,120,1,1
1790195369118,sala01,9805,1790195369118,0,0,OCUPADO,1,28,55,120,1,1
1790195371118,sala01,9806,1790195371118,0,0,OCUPADO,0,28,55,120,1,1
1790195373118,sala01,9807,1790195373118,0,0,OCUPADO,1,28,55,120,1,1
1790195375118,sala01,9808,1790195375118,0,0,OCUPADO,1,28,55,120,1,1
1790195377118,sala01,9809,1790195377118,0,0,OCUPADO,1,28,55,120,1,1
1790195379118,sala01,9810,1790195379118,0,0,OCUPADO,0,28,55,120,1,1
1790195381118,sala01,9811,1790195381118,0,0,OCUPADO,1,28,55,120,1,1
1790195383118,sala01,9812,1790195383118,0,0,OCUPADO,1,28,55,120,1,1
1790195385118,sala01,9813,1790195385118,0,0,OCUPADO,1,28,55,120,1,1
1790195387118,sala01,9814,1790195387118,0,0,OCUPADO,0,28,55,120,1,1
1790195389118,sala01,9815,1790195389118,0,0,OCUPADO,1,28,55,120,1,1
1790195391118,sala01,9816,1790195391118,0,0,OCUPADO,1,28,55,120,1,1
1790195393118,sala01,9817,1790195393118,0,0,OCUPADO,1,28,55,120,1,1
1790195395118,sala01,9818,1790195395118,0,0,OCUPADO,0,28,55,120,1,1
1790195397118,sala01,9819,1790195397118,0,0,OCUPADO,1,28,55,120,1,1
1790195399118,sala01,9820,1790195399118,0,0,OCUPADO,1,28,55,120,1,1
1790195401118,sala01,9821,1790195401118,0,0,OCUPADO,1,28,55,120,1,1
1790195403118,sala01,9822,1790195403118,0,0,OCUPADO,0,28,55,120,1,1
1790195405118,sala01,9823,1790195405118,0,0,OCUPADO,1,28,55,120,1,1
1790195407118,sala01,9824,1790195407118,0,0,OCUPADO,1,28,55,120,1,1
1790195409118,sala01,9825,1790195409118,0,0,OCUPADO,1,28,55,120,1,1
1790195411118,sala01,9826,1790195411118,0,0,OCUPADO,0,28,55,120,1,1
1790195413118,sala01,9827,1790195413118,0,0,OCUPADO,1,28,55,120,1,1
1790195415118,sala01,9828,1790195415118,0,0,OCUPADO,1,28,55,120,1,1
1790195417118,sala01,9829,1790195417118,0,0,OCUPADO,1,28,55,120,1,1
1790195419118,sala01,9830,1790195419118,0,0,OCUPADO,0,28,55,120,1,1
1790195421118,sala01,9831,1790195421118,0,0,OCUPADO,1,28,55,120,1,1
1790195423118,sala01,9832,1790195423118,0,0,OCUPADO,1,28,55,120,1,1
1790195425118,sala01,9833,1790195425118,0,0,OCUPADO,1,28,55,120,1,1
1790195427118,sala01,9834,1790195427118,0,0,OCUPADO,0,28,55,120,1,1
1790195429118,sala01,9835,1790195429118,0,0,OCUPADO,1,28,55,120,1,1
1790195431118,sala01,9836,1790195431118,0,0,OCUPADO,1,28,55,120,1,1
1790195433118,sala01,9837,1790195433118,0,0,OCUPADO,1,28,55,120,1,1
1790195435118,sala01,9838,1790195435118,0,0,OCUPADO,0,28,55,120,1,1
1790195437118,sala01,9839,1790195437118,0,0,OCUPADO,1,28,55,120,1,1
1790195439118,sala01,9840,1790195439118,0,0,OCUPADO,1,28,55,120,1,1
1790195441118,sala01,9841,1790195441118,0,0,OCUPADO,1,28,55,120,1,1
1790195443118,sala01,9842,1790195443118,0,0,OCUPADO,0,28,55,120,1,1
1790195445118,sala01,9843,1790195445118,0,0,OCUPADO,1,28,55,120,1,1
1790195447118,sala01,9844,1790195447118,0,0,OCUPADO,1,28,55,120,1,1
1790195449118,sala01,9845,1790195449118,0,0,OCUPADO,1,28,55,120,1,1
1790195451118,sala01,9846,1790195451118,0,0,OCUPADO,0,28,55,120,1,1
1790195453118,sala01,9847,1790195453118,0,0,OCUPADO,1,28,55,120,1,1
1790195455118,sala01,9848,1790195455118,0,0,OCUPADO,1,28,55,120,1,1
1790195457118,sala01,9849,1790195457118,0,0,OCUPADO,1,28,55,120,1,1
1790195459118,sala01,9850,1790195459118,0,0,OCUPADO,0,28,55,120,1,1
1790195461118,sala01,9851,1790195461118,0,0,OCUPADO,1,28,55,120,1,1
1790195463118,sala01,9852,1790195463118,0,0,OCUPADO,1,28,55,120,1,1
1790195465118,sala01,9853,1790195465118,0,0,OCUPADO,1,28,55,120,1,1
1790195467118,sala01,9854,1790195467118,0,0,OCUPADO,0,28,55,120,1,1
1790195469118,sala01,9855,1790195469118,0,0,OCUPADO,1,28,55,120,1,1
1790195471118,sala01,9856,1790195471118,0,0,OCUPADO,1,28,55,120,1,1
1790195473118,sala01,9857,1790195473118,0,0,OCUPADO,1,28,55,120,1,1
1790195475118,sala01,9858,1790195475118,0,0,OCUPADO,0,28,55,120,1,1
1790195477118,sala01,9859,1790195477118,0,0,OCUPADO,1,28,55,120,1,1
1790195479118,sala01,9860,1790195479118,0,0,OCUPADO,1,28,55,120,1,1
1790195481118,sala01,9861,1790195481118,0,0,OCUPADO,1,28,55,120,1,1
1790195483118,sala01,9862,1790195483118,0,0,OCUPADO,0,28,55,120,1,1
1790195485118,sala01,9863,1790195485118,0,0,OCUPADO,1,28,55,120,1,1
1790195487118,sala01,9864,1790195487118,0,0,OCUPADO,1,28,55,120,1,1
1790195489118,sala01,9865,1790195489118,0,0,OCUPADO,1,28,55,120,1,1
1790195491118,sala01,9866,1790195491118,0,0,OCUPADO,0,28,55,120,1,1
1790195493118,sala01,9867,1790195493118,0,0,OCUPADO,1,28,55,120,1,1
1790195495118,sala01,9868,1790195495118,0,0,OCUPADO,1,28,55,120,1,1
1790195497118,sala01,9869,1790195497118,0,0,OCUPADO,1,28,55,120,1,1
1790195499118,sala01,9870,1790195499118,0,0,OCUPADO,0,28,55,120,1,1
1790195501118,sala01,9871,1790195501118,0,0,OCUPADO,1,28,55,120,1,1
1790195503118,sala01,9872,1790195503118,0,0,OCUPADO,1,28,55,120,1,1
1790195505118,sala01,9873,1790195505118,0,0,OCUPADO,1,28,55,120,1,1
1790195507118,sala01,9874,1790195507118,0,0,OCUPADO,0,28,55,120,1,1
1790195509118,sala01,9875,1790195509118,0,0,OCUPADO,1,28,55,120,1,1
1790195511118,sala01,9876,1790195511118,0,0,OCUPADO,1,28,55,120,1,1
1790195513118,sala01,9877,1790195513118,0,0,OCUPADO,1,28,55,120,1,1
1790195515118,sala01,9878,1790195515118,0,0,OCUPADO,0,28,55,120,1,1
1790195517118,sala01,9879,1790195517118,0,0,OCUPADO,1,28,55,120,1,1
1790195519118,sala01,9880,1790195519118,0,0,OCUPADO,1,28,55,120,1,1
1790195521118,sala01,9881,1790195521118,0,0,OCUPADO,1,28,55,120,1,1
1790195523118,sala01,9882,1790195523118,0,0,OCUPADO,0,28,55,120,1,1
1790195525118,sala01,9883,1790195525118,0,0,OCUPADO,1,28,55,120,1,1
1790195527118,sala01,9884,1790195527118,0,0,OCUPADO,1,28,55,120,1,1
1790195529118,sala01,9885,1790195529118,0,0,OCUPADO,1,28,55,120,1,1
1790195531118,sala01,9886,1790195531118,0,0,OCUPADO,0,28,55,120,1,1
1790195533118,sala01,9887,1790195533118,0,0,OCUPADO,1,28,55,120,1,1
1790195535118,sala01,9888,1790195535118,0,0,OCUPADO,1,28,55,120,1,1
1790195537118,sala01,9889,1790195537118,0,0,OCUPADO,1,28,55,120,1,1
1790195539118,sala01,9890,1790195539118,0,0,OCUPADO,0,28,55,120,1,1
1790195541118,sala01,9891,1790195541118,0,0,OCUPADO,1,28,55,120,1,1
1790195543118,sala01,9892,1790195543118,0,0,OCUPADO,1,28,55,120,1,1
1790195545118,sala01,9893,1790195545118,0,0,OCUPADO,1,28,55,120,1,1
1790195547118,sala01,9894,1790195547118,0,0,OCUPADO,0,28,55,120,1,1
1790195549118,sala01,9895,1790195549118,0,0,OCUPADO,1,28,55,120,1,1
1790195551118,sala01,9896,1790195551118,0,0,OCUPADO,1,28,55,120,1,1
1790195553118,sala01,9897,1790195553118,0,0,OCUPADO,1,28,55,120,1,1
1790195555118,sala01,9898,1790195555118,0,0,OCUPADO,0,28,55,120,1,1
1790195557118,sala01,9899,1790195557118,0,0,OCUPADO,1,28,55,120,1,1
1790195559118,sala01,9900,1790195559118,0,0,OCUPADO,1,28,55,120,1,1
1790195561118,sala01,9901,1790195561118,0,0,OCUPADO,1,28,55,120,1,1
1790195563118,sala01,9902,1790195563118,0,0,OCUPADO,0,28,55,120,1,1
1790195565118,sala01,9903,1790195565118,0,0,OCUPADO,1,28,55,120,1,1
1790195567118,sala01,9904,1790195567118,0,0,OCUPADO,1,28,55,120,1,1
1790195569118,sala01,9905,1790195569118,0,0,OCUPADO,1,28,55,120,1,1
1790195571118,sala01,9906,1790195571118,0,0,OCUPADO,0,28,55,120,1,1
1790195573118,sala01,9907,1790195573118,0,0,OCUPADO,1,28,55,120,1,1
1790195575118,sala01,9908,1790195575118,0,0,OCUPADO,1,28,55,120,1,1
1790195577118,sala01,9909,1790195577118,0,0,OCUPADO,1,28,55,120,1,1
1790195579118,sala01,9910,1790195579118,0,0,OCUPADO,0,28,55,120,1,1
1790195581118,sala01,9911,1790195581118,0,0,OCUPADO,1,28,55,120,1,1
1790195583118,sala01,9912,1790195583118,0,0,OCUPADO,1,28,55,120,1,1
1790195585118,sala01,9913,1790195585118,0,0,OCUPADO,1,28,55,120,1,1
1790195587118,sala01,9914,1790195587118,0,0,OCUPADO,0,28,55,120,1,1
1790195589118,sala01,9915,1790195589118,0,0,OCUPADO,1,28,55,120,1,1
1790195591118,sala01,9916,1790195591118,0,0,OCUPADO,1,28,55,120,1,1
1790195593118,sala01,9917,1790195593118,0,0,OCUPADO,1,28,55,120,1,1
1790195595118,sala01,9918,1790195595118,0,0,OCUPADO,0,28,55,120,1,1
1790195597118,sala01,9919,1790195597118,0,0,OCUPADO,1,28,55,120,1,1
1790195599118,sala01,9920,1790195599118,0,0,OCUPADO,1,28,55,120,1,1
1790195601118,sala01,9921,1790195601118,0,0,OCUPADO,1,28,55,120,1,1
1790195603118,sala01,9922,1790195603118,0,0,OCUPADO,0,28,55,120,1,1
1790195605118,sala01,9923,1790195605118,0,0,OCUPADO,1,28,55,120,1,1
1790195607118,sala01,9924,1790195607118,0,0,OCUPADO,1,28,55,120,1,1
1790195609118,sala01,9925,1790195609118,0,0,OCUPADO,1,28,55,120,1,1
1790195611118,sala01,9926,1790195611118,0,0,OCUPADO,0,28,55,120,1,1
1790195613118,sala01,9927,1790195613118,0,0,OCUPADO,1,28,55,120,1,1
1790195615118,sala01,9928,1790195615118,0,0,OCUPADO,1,28,55,120,1,1
1790195617118,sala01,9929,1790195617118,0,0,OCUPADO,1,28,55,120,1,1
1790195619118,sala01,9930,1790195619118,0,0,OCUPADO,0,28,55,120,1,1
1790195621118,sala01,9931,1790195621118,0,0,OCUPADO,1,28,55,120,1,1
1790195623118,sala01,9932,1790195623118,0,0,OCUPADO,1,28,55,120,1,1
1790195625118,sala01,9933,1790195625118,0,0,OCUPADO,1,28,55,120,1,1
1790195627118,sala01,9934,1790195627118,0,0,OCUPADO,0,28,55,120,1,1
1790195629118,sala01,9935,1790195629118,0,0,OCUPADO,1,28,55,120,1,1
1790195631118,sala01,9936,1790195631118,0,0,OCUPADO,1,28,55,120,1,1
1790195633118,sala01,9937,1790195633118,0,0,OCUPADO,1,28,55,120,1,1
1790195635118,sala01,9938,1790195635118,0,0,OCUPADO,0,28,55,120,1,1
1790195637118,sala01,9939,1790195637118,0,0,OCUPADO,1,28,55,120,1,1
1790195639118,sala01,9940,1790195639118,0,0,OCUPADO,1,28,55,120,1,1
1790195641118,sala01,9941,1790195641118,0,0,OCUPADO,1,28,55,120,1,1
1790195643118,sala01,9942,1790195643118,0,0,OCUPADO,0,28,55,120,1,1
1790195645118,sala01,9943,1790195645118,0,0,OCUPADO,1,28,55,120,1,1
1790195647118,sala01,9944,1790195647118,0,0,OCUPADO,1,28,55,120,1,1
1790195649118,sala01,9945,1790195649118,0,0,OCUPADO,1,28,55,120,1,1
1790195651118,sala01,9946,1790195651118,0,0,OCUPADO,0,28,55,120,1,1
1790195653118,sala01,9947,1790195653118,0,0,OCUPADO,1,28,55,120,1,1
1790195655118,sala01,9948,1790195655118,0,0,OCUPADO,1,28,55,120,1,1
1790195657118,sala01,9949,1790195657118,0,0,OCUPADO,1,28,55,120,1,1
1790195659118,sala01,9950,1790195659118,0,0,OCUPADO,0,28,55,120,1,1
1790195661118,sala01,9951,1790195661118,0,0,OCUPADO,1,28,55,120,1,1
1790195663118,sala01,9952,1790195663118,0,0,OCUPADO,1,28,55,120,1,1
1790195665118,sala01,9953,1790195665118,0,0,OCUPADO,1,28,55,120,1,1
1790195667118,sala01,9954,1790195667118,0,0,OCUPADO,0,28,55,120,1,1
1790195669118,sala01,9955,1790195669118,0,0,OCUPADO,1,28,55,120,1,1
1790195671118,sala01,9956,1790195671118,0,0,OCUPADO,1,28,55,120,1,1
1790195673118,sala01,9957,1790195673118,0,0,OCUPADO,1,28,55,120,1,1
1790195675118,sala01,9958,1790195675118,0,0,OCUPADO,0,28,55,120,1,1
1790195677118,sala01,9959,1790195677118,0,0,OCUPADO,1,28,55,120,1,1
1790195679118,sala01,9960,1790195679118,0,0,OCUPADO,1,28,55,120,1,1
1790195681118,sala01,9961,1790195681118,0,0,OCUPADO,1,28,55,120,1,1
1790195683118,sala01,9962,1790195683118,0,0,OCUPADO,0,28,55,120,1,1
1790195685118,sala01,9963,1790195685118,0,0,OCUPADO,1,28,55,120,1,1
1790195687118,sala01,9964,1790195687118,0,0,OCUPADO,1,28,55,120,1,1
1790195689118,sala01,9965,1790195689118,0,0,OCUPADO,1,28,55,120,1,1
1790195691118,sala01,9966,1790195691118,0,0,OCUPADO,0,28,55,120,1,1
1790195693118,sala01,9967,1790195693118,0,0,OCUPADO,1,28,55,120,1,1
1790195695118,sala01,9968,1790195695118,0,0,OCUPADO,1,28,55,120,1,1
1790195697118,sala01,9969,1790195697118,0,0,OCUPADO,1,28,55,120,1,1
1790195699118,sala01,9970,1790195699118,0,0,OCUPADO,0,28,55,120,1,1
1790195701118,sala01,9971,1790195701118,0,0,OCUPADO,1,28,55,120,1,1
1790195703118,sala01,9972,1790195703118,0,0,OCUPADO,1,28,55,120,1,1
1790195705118,sala01,9973,1790195705118,0,0,OCUPADO,1,28,55,120,1,1
1790195707118,sala01,9974,1790195707118,0,0,OCUPADO,0,28,55,120,1,1
1790195709118,sala01,9975,1790195709118,0,0,OCUPADO,1,28,55,120,1,1
1790195711118,sala01,9976,1790195711118,0,0,OCUPADO,1,28,55,120,1,1
1790195713118,sala01,9977,1790195713118,0,0,OCUPADO,1,28,55,120,1,1
1790195715118,sala01,9978,1790195715118,0,0,OCUPADO,0,28,55,120,1,1
1790195717118,sala01,9979,1790195717118,0,0,OCUPADO,1,28,55,120,1,1
1790195719118,sala01,9980,1790195719118,0,0,OCUPADO,1,28,55,120,1,1
1790195721118,sala01,9981,1790195721118,0,0,OCUPADO,1,28,55,120,1,1
1790195723118,sala01,9982,1790195723118,0,0,OCUPADO,0,28,55,120,1,1
1790195725118,sala01,9983,1790195725118,0,0,OCUPADO,1,28,55,120,1,1
1790195727118,sala01,9984,1790195727118,0,0,OCUPADO,1,28,55,120,1,1
1790195729118,sala01,9985,1790195729118,0,0,OCUPADO,1,28,55,120,1,1
1790195731118,sala01,9986,1790195731118,0,0,OCUPADO,0,28,55,120,1,1
1790195733118,sala01,9987,1790195733118,0,0,OCUPADO,1,28,55,120,1,1
1790195735118,sala01,9988,1790195735118,0,0,OCUPADO,1,28,55,120,1,1
1790195737118,sala01,9989,1790195737118,0,0,OCUPADO,1,28,55,120,1,1
1790195739118,sala01,9990,1790195739118,0,0,OCUPADO,0,28,55,120,1,1
1790195741118,sala01,9991,1790195741118,0,0,OCUPADO,1,28,55,120,1,1
1790195743118,sala01,9992,1790195743118,0,0,OCUPADO,1,28,55,120,1,1
1790195745118,sala01,9993,1790195745118,0,0,OCUPADO,1,28,55,120,1,1
1790195747118,sala01,9994,1790195747118,0,0,OCUPADO,0,28,55,120,1,1
1790195749118,sala01,9995,1790195749118,0,0,OCUPADO,1,28,55,120,1,1
1790195751118,sala01,9996,1790195751118,0,0,OCUPADO,1,28,55,120,1,1
1790195753118,sala01,9997,1790195753118,0,0,OCUPADO,1,28,55,120,1,1
1790195755118,sala01,9998,1790195755118,0,0,OCUPADO,0,28,55,120,1,1
1790195757118,sala01,9999,1790195757118,0,0,OCUPADO,1,28,55,120,1,1
1790195759118,sala01,10000,1790195759118,0,0,OCUPADO,1,28,55,120,1,1
1790195761118,sala01,10001,1790195761118,0,0,OCUPADO,1,28,55,120,1,1
1790195763118,sala01,10002,1790195763118,0,0,OCUPADO,0,28,55,120,1,1
1790195765118,sala01,10003,1790195765118,0,0,OCUPADO,1,28,55,120,1,1
1790195767118,sala01,10004,1790195767118,0,0,OCUPADO,1,28,55,120,1,1
1790195769118,sala01,10005,1790195769118,0,0,OCUPADO,1,28,55,120,1,1
1790195771118,sala01,10006,1790195771118,0,0,OCUPADO,0,28,55,120,1,1
1790195773118,sala01,10007,1790195773118,0,0,OCUPADO,1,28,55,120,1,1
1790195775118,sala01,10008,1790195775118,0,0,OCUPADO,1,28,55,120,1,1
1790195777118,sala01,10009,1790195777118,0,0,OCUPADO,1,28,55,120,1,1
1790195779118,sala01,10010,1790195779118,0,0,OCUPADO,0,28,55,120,1,1
1790195781118,sala01,10011,1790195781118,0,0,OCUPADO,1,28,55,120,1,1
1790195783118,sala01,10012,1790195783118,0,0,OCUPADO,1,28,55,120,1,1
1790195785118,sala01,10013,1790195785118,0,0,OCUPADO,1,28,55,120,1,1
1790195787118,sala01,10014,1790195787118,0,0,OCUPADO,0,28,55,120,1,1
1790195789118,sala01,10015,1790195789118,0,0,OCUPADO,1,28,55,120,1,1
1790195791118,sala01,10016,1790195791118,0,0,OCUPADO,1,28,55,120,1,1
1790195793118,sala01,10017,1790195793118,0,0,OCUPADO,1,28,55,120,1,1
1790195795118,sala01,10018,1790195795118,0,0,OCUPADO,0,28,55,120,1,1
1790195797118,sala01,10019,1790195797118,0,0,OCUPADO,1,28,55,120,1,1
1790195799118,sala01,10020,1790195799118,0,0,OCUPADO,1,28,55,120,1,1
1790195801118,sala01,10021,1790195801118,0,0,OCUPADO,1,28,55,120,1,1
1790195803118,sala01,10022,1790195803118,0,0,OCUPADO,0,28,55,120,1,1
1790195805118,sala01,10023,1790195805118,0,0,OCUPADO,1,28,55,120,1,1
1790195807118,sala01,10024,1790195807118,0,0,OCUPADO,1,28,55,120,1,1
1790195809118,sala01,10025,1790195809118,0,0,OCUPADO,1,28,55,120,1,1
1790195811118,sala01,10026,1790195811118,0,0,OCUPADO,0,28,55,120,1,1
1790195813118,sala01,10027,1790195813118,0,0,OCUPADO,1,28,55,120,1,1
1790195815118,sala01,10028,1790195815118,0,0,OCUPADO,1,28,55,120,1,1
1790195817118,sala01,10029,1790195817118,0,0,OCUPADO,1,28,55,120,1,1
1790195819118,sala01,10030,1790195819118,0,0,OCUPADO,0,28,55,120,1,1
1790195821118,sala01,10031,1790195821118,0,0,OCUPADO,1,28,55,120,1,1
1790195823118,sala01,10032,1790195823118,0,0,OCUPADO,1,28,55,120,1,1
1790195825118,sala01,10033,1790195825118,0,0,OCUPADO,1,28,55,120,1,1
1790195827118,sala01,10034,1790195827118,0,0,OCUPADO,0,28,55,120,1,1
1790195829118,sala01,10035,1790195829118,0,0,OCUPADO,1,28,55,120,1,1
1790195831118,sala01,10036,1790195831118,0,0,OCUPADO,1,28,55,120,1,1
1790195833118,sala01,10037,1790195833118,0,0,OCUPADO,1,28,55,120,1,1
1790195835118,sala01,10038,1790195835118,0,0,OCUPADO,0,28,55,120,1,1
1790195837118,sala01,10039,1790195837118,0,0,OCUPADO,1,28,55,120,1,1
1790195839118,sala01,10040,1790195839118,0,0,OCUPADO,1,28,55,120,1,1
1790195841118,sala01,10041,1790195841118,0,0,OCUPADO,1,28,55,120,1,1
1790195843118,sala01,10042,1790195843118,0,0,OCUPADO,0,28,55,120,1,1
1790195845118,sala01,10043,1790195845118,0,0,OCUPADO,1,28,55,120,1,1
1790195847118,sala01,10044,1790195847118,0,0,OCUPADO,1,28,55,120,1,1
1790195849118,sala01,10045,1790195849118,0,0,OCUPADO,1,28,55,120,1,1
1790195851118,sala01,10046,1790195851118,0,0,OCUPADO,0,28,55,120,1,1
1790195853118,sala01,10047,1790195853118,0,0,OCUPADO,1,28,55,120,1,1
1790195855118,sala01,10048,1790195855118,0,0,OCUPADO,1,28,55,120,1,1
1790195857118,sala01,10049,1790195857118,0,0,OCUPADO,1,28,55,120,1,1
1790195859118,sala01,10050,1790195859118,0,0,OCUPADO,0,28,55,120,1,1
1790195861118,sala01,10051,1790195861118,0,0,OCUPADO,1,28,55,120,1,1
1790195863118,sala01,10052,1790195863118,0,0,OCUPADO,1,28,55,120,1,1
1790195865118,sala01,10053,1790195865118,0,0,OCUPADO,1,28,55,120,1,1
1790195867118,sala01,10054,1790195867118,0,0,OCUPADO,0,28,55,120,1,1
1790195869118,sala01,10055,1790195869118,0,0,OCUPADO,1,28,55,120,1,1
1790195871118,sala01,10056,1790195871118,0,0,OCUPADO,1,28,55,120,1,1
1790195873118,sala01,10057,1790195873118,0,0,OCUPADO,1,28,55,120,1,1
1790195875118,sala01,10058,1790195875118,0,0,OCUPADO,0,28,55,120,1,1
1790195877118,sala01,10059,1790195877118,0,0,OCUPADO,1,28,55,120,1,1
1790195879118,sala01,10060,1790195879118,0,0,OCUPADO,1,28,55,120,1,1
1790195881118,sala01,10061,1790195881118,0,0,OCUPADO,1,28,55,120,1,1
1790195883118,sala01,10062,1790195883118,0,0,OCUPADO,0,28,55,120,1,1
1790195885118,sala01,10063,1790195885118,0,0,OCUPADO,1,28,55,120,1,1
1790195887118,sala01,10064,1790195887118,0,0,OCUPADO,1,28,55,120,1,1
1790195889118,sala01,10065,1790195889118,0,0,OCUPADO,1,28,55,120,1,1
1790195891118,sala01,10066,1790195891118,0,0,OCUPADO,0,28,55,120,1,1
1790195893118,sala01,10067,1790195893118,0,0,OCUPADO,1,28,55,120,1,1
1790195895118,sala01,10068,1790195895118,0,0,OCUPADO,1,28,55,120,1,1
1790195897118,sala01,10069,1790195897118,0,0,OCUPADO,1,28,55,120,1,1
1790195899118,sala01,10070,1790195899118,0,0,OCUPADO,0,28,55,120,1,1
1790195901118,sala01,10071,1790195901118,0,0,OCUPADO,1,28,55,120,1,1
1790195903118,sala01,10072,1790195903118,0,0,OCUPADO,1,28,55,120,1,1
1790195905118,sala01,10073,1790195905118,0,0,OCUPADO,1,28,55,120,1,1
1790195907118,sala01,10074,1790195907118,0,0,OCUPADO,0,28,55,120,1,1
1790195909118,sala01,10075,1790195909118,0,0,OCUPADO,1,28,55,120,1,1
1790195911118,sala01,10076,1790195911118,0,0,OCUPADO,1,28,55,120,1,1
1790195913118,sala01,10077,1790195913118,0,0,OCUPADO,1,28,55,120,1,1
1790195915118,sala01,10078,1790195915118,0,0,OCUPADO,0,28,55,120,1,1
1790195917118,sala01,10079,1790195917118,0,0,OCUPADO,1,28,55,120,1,1
1790195919118,sala01,10080,1790195919118,0,0,OCUPADO,1,28,55,120,1,1
1790195921118,sala01,10081,1790195921118,0,0,OCUPADO,1,28,55,120,1,1
1790195923118,sala01,10082,1790195923118,0,0,OCUPADO,0,28,55,120,1,1
1790195925118,sala01,10083,1790195925118,0,0,OCUPADO,1,28,55,120,1,1
1790195927118,sala01,10084,1790195927118,0,0,OCUPADO,1,28,55,120,1,1
1790195929118,sala01,10085,1790195929118,0,0,OCUPADO,1,28,55,120,1,1
1790195931118,sala01,10086,1790195931118,0,0,OCUPADO,0,28,55,120,1,1
1790195933118,sala01,10087,1790195933118,0,0,OCUPADO,1,28,55,120,1,1
1790195935118,sala01,10088,1790195935118,0,0,OCUPADO,1,28,55,120,1,1
1790195937118,sala01,10089,1790195937118,0,0,OCUPADO,1,28,55,120,1,1
1790195939118,sala01,10090,1790195939118,0,0,OCUPADO,0,28,55,120,1,1
1790195941118,sala01,10091,1790195941118,0,0,OCUPADO,1,28,55,120,1,1
1790195943118,sala01,10092,1790195943118,0,0,OCUPADO,1,28,55,120,1,1
1790195945118,sala01,10093,1790195945118,0,0,OCUPADO,1,28,55,120,1,1
1790195947118,sala01,10094,1790195947118,0,0,OCUPADO,0,28,55,120,1,1
1790195949118,sala01,10095,1790195949118,0,0,OCUPADO,1,28,55,120,1,1
1790195951118,sala01,10096,1790195951118,0,0,OCUPADO,1,28,55,120,1,1
1790195953118,sala01,10097,1790195953118,0,0,OCUPADO,1,28,55,120,1,1
1790195955118,sala01,10098,1790195955118,0,0,OCUPADO,0,28,55,120,1,1
1790195957118,sala01,10099,1790195957118,0,0,OCUPADO,1,28,55,120,1,1
1790195959118,sala01,10100,1790195959118,0,0,OCUPADO,1,28,55,120,1,1
1790195961118,sala01,10101,1790195961118,0,0,OCUPADO,1,28,55,120,1,1
1790195963118,sala01,10102,1790195963118,0,0,OCUPADO,0,28,55,120,1,1
1790195965118,sala01,10103,1790195965118,0,0,OCUPADO,1,28,55,120,1,1
1790195967118,sala01,10104,1790195967118,0,0,OCUPADO,1,28,55,120,1,1
1790195969118,sala01,10105,1790195969118,0,0,OCUPADO,1,28,55,120,1,1
1790195971118,sala01,10106,1790195971118,0,0,OCUPADO,0,28,55,120,1,1
1790195973118,sala01,10107,1790195973118,0,0,OCUPADO,1,28,55,120,1,1
1790195975118,sala01,10108,1790195975118,0,0,OCUPADO,1,28,55,120,1,1
1790195977118,sala01,10109,1790195977118,0,0,OCUPADO,1,28,55,120,1,1
1790195979118,sala01,10110,1790195979118,0,0,OCUPADO,0,28,55,120,1,1
1790195981118,sala01,10111,1790195981118,0,0,OCUPADO,1,28,55,120,1,1
1790195983118,sala01,10112,1790195983118,0,0,OCUPADO,1,28,55,120,1,1
1790195985118,sala01,10113,1790195985118,0,0,OCUPADO,1,28,55,120,1,1
1790195987118,sala01,10114,1790195987118,0,0,OCUPADO,0,28,55,120,1,1
1790195989118,sala01,10115,1790195989118,0,0,OCUPADO,1,28,55,120,1,1
1790195991118,sala01,10116,1790195991118,0,0,OCUPADO,1,28,55,120,1,1
1790195993118,sala01,10117,1790195993118,0,0,OCUPADO,1,28,55,120,1,1
1790195995118,sala01,10118,1790195995118,0,0,OCUPADO,0,28,55,120,1,1
1790195997118,sala01,10119,1790195997118,0,0,OCUPADO,1,28,55,120,1,1
1790195999118,sala01,10120,1790195999118,0,0,OCUPADO,1,28,55,120,1,1
1790196001118,sala01,10121,1790196001118,0,0,OCUPADO,1,28,55,120,1,1
1790196003118,sala01,10122,1790196003118,0,0,OCUPADO,0,28,55,120,1,1
1790196005118,sala01,10123,1790196005118,0,0,OCUPADO,1,28,55,120,1,1
1790196007118,sala01,10124,1790196007118,0,0,OCUPADO,1,28,55,120,1,1
1790196009118,sala01,10125,1790196009118,0,0,OCUPADO,1,28,55,120,1,1
1790196011118,sala01,10126,1790196011118,0,0,OCUPADO,0,28,55,120,1,1
1790196013118,sala01,10127,1790196013118,0,0,OCUPADO,1,28,55,120,1,1
1790196015118,sala01,10128,1790196015118,0,0,OCUPADO,1,28,55,120,1,1
1790196017118,sala01,10129,1790196017118,0,0,OCUPADO,1,28,55,120,1,1
1790196019118,sala01,10130,1790196019118,0,0,OCUPADO,0,28,55,120,1,1
1790196021118,sala01,10131,1790196021118,0,0,OCUPADO,1,28,55,120,1,1
1790196023118,sala01,10132,1790196023118,0,0,OCUPADO,1,28,55,120,1,1
1790196025118,sala01,10133,1790196025118,0,0,OCUPADO,1,28,55,120,1,1
1790196027118,sala01,10134,1790196027118,0,0,OCUPADO,0,28,55,120,1,1
1790196029118,sala01,10135,1790196029118,0,0,OCUPADO,1,28,55,120,1,1
1790196031118,sala01,10136,1790196031118,0,0,OCUPADO,1,28,55,120,1,1
1790196033118,sala01,10137,1790196033118,0,0,OCUPADO,1,28,55,120,1,1
1790196035118,sala01,10138,1790196035118,0,0,OCUPADO,0,28,55,120,1,1
1790196037118,sala01,10139,1790196037118,0,0,OCUPADO,1,28,55,120,1,1
1790196039118,sala01,10140,1790196039118,0,0,OCUPADO,1,28,55,120,1,1
1790196041118,sala01,10141,1790196041118,0,0,OCUPADO,1,28,55,120,1,1
1790196043118,sala01,10142,1790196043118,0,0,OCUPADO,0,28,55,120,1,1
1790196045118,sala01,10143,1790196045118,0,0,OCUPADO,1,28,55,120,1,1
1790196047118,sala01,10144,1790196047118,0,0,OCUPADO,1,28,55,120,1,1
1790196049118,sala01,10145,1790196049118,0,0,OCUPADO,1,28,55,120,1,1
1790196051118,sala01,10146,1790196051118,0,0,OCUPADO,0,28,55,120,1,1
1790196053118,sala01,10147,1790196053118,0,0,OCUPADO,1,28,55,120,1,1
1790196055118,sala01,10148,1790196055118,0,0,OCUPADO,1,28,55,120,1,1
1790196057118,sala01,10149,1790196057118,0,0,OCUPADO,1,28,55,120,1,1
1790196059118,sala01,10150,1790196059118,0,0,OCUPADO,0,28,55,120,1,1
1790196061118,sala01,10151,1790196061118,0,0,OCUPADO,1,28,55,120,1,1
1790196063118,sala01,10152,1790196063118,0,0,OCUPADO,1,28,55,120,1,1
1790196065118,sala01,10153,1790196065118,0,0,OCUPADO,1,28,55,120,1,1
1790196067118,sala01,10154,1790196067118,0,0,OCUPADO,0,28,55,120,1,1
1790196069118,sala01,10155,1790196069118,0,0,OCUPADO,1,28,55,120,1,1
1790196071118,sala01,10156,1790196071118,0,0,OCUPADO,1,28,55,120,1,1
1790196073118,sala01,10157,1790196073118,0,0,OCUPADO,1,28,55,120,1,1
1790196075118,sala01,10158,1790196075118,0,0,OCUPADO,0,28,55,120,1,1
1790196077118,sala01,10159,1790196077118,0,0,OCUPADO,1,28,55,120,1,1
1790196079118,sala01,10160,1790196079118,0,0,OCUPADO,1,28,55,120,1,1
1790196081118,sala01,10161,1790196081118,0,0,OCUPADO,1,28,55,120,1,1
1790196083118,sala01,10162,1790196083118,0,0,OCUPADO,0,28,55,120,1,1
1790196085118,sala01,10163,1790196085118,0,0,OCUPADO,1,28,55,120,1,1
1790196087118,sala01,10164,1790196087118,0,0,OCUPADO,1,28,55,120,1,1
1790196089118,sala01,10165,1790196089118,0,0,OCUPADO,1,28,55,120,1,1
1790196091118,sala01,10166,1790196091118,0,0,OCUPADO,0,28,55,120,1,1
1790196093118,sala01,10167,1790196093118,0,0,OCUPADO,1,28,55,120,1,1
1790196095118,sala01,10168,1790196095118,0,0,OCUPADO,1,28,55,120,1,1
1790196097118,sala01,10169,1790196097118,0,0,OCUPADO,1,28,55,120,1,1
1790196099118,sala01,10170,1790196099118,0,0,OCUPADO,0,28,55,120,1,1
1790196101118,sala01,10171,1790196101118,0,0,OCUPADO,1,28,55,120,1,1
1790196103118,sala01,10172,1790196103118,0,0,OCUPADO,1,28,55,120,1,1
1790196105118,sala01,10173,1790196105118,0,0,OCUPADO,1,28,55,120,1,1
1790196107118,sala01,10174,1790196107118,0,0,OCUPADO,0,28,55,120,1,1
1790196109118,sala01,10175,1790196109118,0,0,OCUPADO,1,28,55,120,1,1
1790196111118,sala01,10176,1790196111118,0,0,OCUPADO,1,28,55,120,1,1
1790196113118,sala01,10177,1790196113118,0,0,OCUPADO,1,28,55,120,1,1
1790196115118,sala01,10178,1790196115118,0,0,OCUPADO,0,28,55,120,1,1
1790196117118,sala01,10179,1790196117118,0,0,OCUPADO,1,28,55,120,1,1
1790196119118,sala01,10180,1790196119118,0,0,OCUPADO,1,28,55,120,1,1
1790196121118,sala01,10181,1790196121118,0,0,OCUPADO,1,28,55,120,1,1
1790196123118,sala01,10182,1790196123118,0,0,OCUPADO,0,28,55,120,1,1
1790196125118,sala01,10183,1790196125118,0,0,OCUPADO,1,28,55,120,1,1
1790196127118,sala01,10184,1790196127118,0,0,OCUPADO,1,28,55,120,1,1
1790196129118,sala01,10185,1790196129118,0,0,OCUPADO,1,28,55,120,1,1
1790196131118,sala01,10186,1790196131118,0,0,OCUPADO,0,28,55,120,1,1
1790196133118,sala01,10187,1790196133118,0,0,OCUPADO,1,28,55,120,1,1
1790196135118,sala01,10188,1790196135118,0,0,OCUPADO,1,28,55,120,1,1
1790196137118,sala01,10189,1790196137118,0,0,OCUPADO,1,28,55,120,1,1
1790196139118,sala01,10190,1790196139118,0,0,OCUPADO,0,28,55,120,1,1
1790196141118,sala01,10191,1790196141118,0,0,OCUPADO,1,28,55,120,1,1
1790196143118,sala01,10192,1790196143118,0,0,OCUPADO,1,28,55,120,1,1
1790196145118,sala01,10193,1790196145118,0,0,OCUPADO,1,28,55,120,1,1
1790196147118,sala01,10194,1790196147118,0,0,OCUPADO,0,28,55,120,1,1
1790196149118,sala01,10195,1790196149118,0,0,OCUPADO,1,28,55,120,1,1
1790196151118,sala01,10196,1790196151118,0,0,OCUPADO,1,28,55,120,1,1
1790196153118,sala01,10197,1790196153118,0,0,OCUPADO,1,28,55,120,1,1
1790196155118,sala01,10198,1790196155118,0,0,OCUPADO,0,28,55,120,1,1
1790196157118,sala01,10199,1790196157118,0,0,OCUPADO,1,28,55,120,1,1
1790196159118,sala01,10200,1790196159118,0,0,OCUPADO,1,28,55,120,1,1
1790196161118,sala01,10201,1790196161118,0,0,OCUPADO,1,28,55,120,1,1
1790196163118,sala01,10202,1790196163118,0,0,OCUPADO,0,28,55,120,1,1
1790196165118,sala01,10203,1790196165118,0,0,OCUPADO,1,28,55,120,1,1
1790196167118,sala01,10204,1790196167118,0,0,OCUPADO,1,28,55,120,1,1
1790196169118,sala01,10205,1790196169118,0,0,OCUPADO,1,28,55,120,1,1
1790196171118,sala01,10206,1790196171118,0,0,OCUPADO,0,28,55,120,1,1
1790196173118,sala01,10207,1790196173118,0,0,OCUPADO,1,28,55,120,1,1
1790196175118,sala01,10208,1790196175118,0,0,OCUPADO,1,28,55,120,1,1
1790196177118,sala01,10209,1790196177118,0,0,OCUPADO,1,28,55,120,1,1
1790196179118,sala01,10210,1790196179118,0,0,OCUPADO,0,28,55,120,1,1
1790196181118,sala01,10211,1790196181118,0,0,OCUPADO,1,28,55,120,1,1
1790196183118,sala01,10212,1790196183118,0,0,OCUPADO,1,28,55,120,1,1
1790196185118,sala01,10213,1790196185118,0,0,OCUPADO,1,28,55,120,1,1
1790196187118,sala01,10214,1790196187118,0,0,OCUPADO,0,28,55,120,1,1
1790196189118,sala01,10215,1790196189118,0,0,OCUPADO,1,28,55,120,1,1
1790196191118,sala01,10216,1790196191118,0,0,OCUPADO,1,28,55,120,1,1
1790196193118,sala01,10217,1790196193118,0,0,OCUPADO,1,28,55,120,1,1
1790196195118,sala01,10218,1790196195118,0,0,OCUPADO,0,28,55,120,1,1
1790196197118,sala01,10219,1790196197118,0,0,OCUPADO,1,28,55,120,1,1
1790196199118,sala01,10220,1790196199118,0,0,OCUPADO,1,28,55,120,1,1
1790196201118,sala01,10221,1790196201118,0,0,OCUPADO,1,28,55,120,1,1
1790196203118,sala01,10222,1790196203118,0,0,OCUPADO,0,28,55,120,1,1
1790196205118,sala01,10223,1790196205118,0,0,OCUPADO,1,28,55,120,1,1
1790196207118,sala01,10224,1790196207118,0,0,OCUPADO,1,28,55,120,1,1
1790196209118,sala01,10225,1790196209118,0,0,OCUPADO,1,28,55,120,1,1
1790196211118,sala01,10226,1790196211118,0,0,OCUPADO,0,28,55,120,1,1
1790196213118,sala01,10227,1790196213118,0,0,OCUPADO,1,28,55,120,1,1
1790196215118,sala01,10228,1790196215118,0,0,OCUPADO,1,28,55,120,1,1
1790196217118,sala01,10229,1790196217118,0,0,OCUPADO,1,28,55,120,1,1
1790196219118,sala01,10230,1790196219118,0,0,OCUPADO,0,28,55,120,1,1
1790196221118,sala01,10231,1790196221118,0,0,OCUPADO,1,28,55,120,1,1
1790196223118,sala01,10232,1790196223118,0,0,OCUPADO,1,28,55,120,1,1
1790196225118,sala01,10233,1790196225118,0,0,OCUPADO,1,28,55,120,1,1
1790196227118,sala01,10234,1790196227118,0,0,OCUPADO,0,28,55,120,1,1
1790196229118,sala01,10235,1790196229118,0,0,OCUPADO,1,28,55,120,1,1
1790196231118,sala01,10236,1790196231118,0,0,OCUPADO,1,28,55,120,1,1
1790196233118,sala01,10237,1790196233118,0,0,OCUPADO,1,28,55,120,1,1
1790196235118,sala01,10238,1790196235118,0,0,OCUPADO,0,28,55,120,1,1
1790196237118,sala01,10239,1790196237118,0,0,OCUPADO,1,28,55,120,1,1
1790196239118,sala01,10240,1790196239118,0,0,OCUPADO,1,28,55,120,1,1
1790196241118,sala01,10241,1790196241118,0,0,OCUPADO,1,28,55,120,1,1
1790196243118,sala01,10242,1790196243118,0,0,OCUPADO,0,28,55,120,1,1
1790196245118,sala01,10243,1790196245118,0,0,OCUPADO,1,28,55,120,1,1
1790196247118,sala01,10244,1790196247118,0,0,OCUPADO,1,28,55,120,1,1
1790196249118,sala01,10245,1790196249118,0,0,OCUPADO,1,28,55,120,1,1
1790196251118,sala01,10246,1790196251118,0,0,OCUPADO,0,28,55,120,1,1
1790196253118,sala01,10247,1790196253118,0,0,OCUPADO,1,28,55,120,1,1
1790196255118,sala01,10248,1790196255118,0,0,OCUPADO,1,28,55,120,1,1
1790196257118,sala01,10249,1790196257118,0,0,OCUPADO,1,28,55,120,1,1
1790196259118,sala01,10250,1790196259118,0,0,OCUPADO,0,28,55,120,1,1
1790196261118,sala01,10251,1790196261118,0,0,OCUPADO,1,28,55,120,1,1
1790196263118,sala01,10252,1790196263118,0,0,OCUPADO,1,28,55,120,1,1
1790196265118,sala01,10253,1790196265118,0,0,OCUPADO,1,28,55,120,1,1
1790196267118,sala01,10254,1790196267118,0,0,OCUPADO,0,28,55,120,1,1
1790196269118,sala01,10255,1790196269118,0,0,OCUPADO,1,28,55,120,1,1
1790196271118,sala01,10256,1790196271118,0,0,OCUPADO,1,28,55,120,1,1
1790196273118,sala01,10257,1790196273118,0,0,OCUPADO,1,28,55,120,1,1
1790196275118,sala01,10258,1790196275118,0,0,OCUPADO,0,28,55,120,1,1
1790196277118,sala01,10259,1790196277118,0,0,OCUPADO,1,28,55,120,1,1
1790196279118,sala01,10260,1790196279118,0,0,OCUPADO,1,28,55,120,1,1
1790196281118,sala01,10261,1790196281118,0,0,OCUPADO,1,28,55,120,1,1
1790196283118,sala01,10262,1790196283118,0,0,OCUPADO,0,28,55,120,1,1
1790196285118,sala01,10263,1790196285118,0,0,OCUPADO,1,28,55,120,1,1
1790196287118,sala01,10264,1790196287118,0,0,OCUPADO,1,28,55,120,1,1
1790196289118,sala01,10265,1790196289118,0,0,OCUPADO,1,28,55,120,1,1
1790196291118,sala01,10266,1790196291118,0,0,OCUPADO,0,28,55,120,1,1
1790196293118,sala01,10267,1790196293118,0,0,OCUPADO,1,28,55,120,1,1
1790196295118,sala01,10268,1790196295118,0,0,OCUPADO,1,28,55,120,1,1
1790196297118,sala01,10269,1790196297118,0,0,OCUPADO,1,28,55,120,1,1
1790196299118,sala01,10270,1790196299118,0,0,OCUPADO,0,28,55,120,1,1
1790196301118,sala01,10271,1790196301118,0,0,OCUPADO,1,28,55,120,1,1
1790196303118,sala01,10272,1790196303118,0,0,OCUPADO,1,28,55,120,1,1
1790196305118,sala01,10273,1790196305118,0,0,OCUPADO,1,28,55,120,1,1
1790196307118,sala01,10274,1790196307118,0,0,OCUPADO,0,28,55,120,1,1
1790196309118,sala01,10275,1790196309118,0,0,OCUPADO,1,28,55,120,1,1
1790196311118,sala01,10276,1790196311118,0,0,OCUPADO,1,28,55,120,1,1
1790196313118,sala01,10277,1790196313118,0,0,OCUPADO,1,28,55,120,1,1
1790196315118,sala01,10278,1790196315118,0,0,OCUPADO,0,28,55,120,1,1
1790196317118,sala01,10279,1790196317118,0,0,OCUPADO,1,28,55,120,1,1
1790196319118,sala01,10280,1790196319118,0,0,OCUPADO,1,28,55,120,1,1
1790196321118,sala01,10281,1790196321118,0,0,OCUPADO,1,28,55,120,1,1
1790196323118,sala01,10282,1790196323118,0,0,OCUPADO,0,28,55,120,1,1
1790196325118,sala01,10283,1790196325118,0,0,OCUPADO,1,28,55,120,1,1
1790196327118,sala01,10284,1790196327118,0,0,OCUPADO,1,28,55,120,1,1
1790196329118,sala01,10285,1790196329118,0,0,OCUPADO,1,28,55,120,1,1
1790196331118,sala01,10286,1790196331118,0,0,OCUPADO,0,28,55,120,1,1
1790196333118,sala01,10287,1790196333118,0,0,OCUPADO,1,28,55,120,1,1
1790196335118,sala01,10288,1790196335118,0,0,OCUPADO,1,28,55,120,1,1
1790196337118,sala01,10289,1790196337118,0,0,OCUPADO,1,28,55,120,1,1
1790196339118,sala01,10290,1790196339118,0,0,OCUPADO,0,28,55,120,1,1
1790196341118,sala01,10291,1790196341118,0,0,OCUPADO,1,28,55,120,1,1
1790196343118,sala01,10292,1790196343118,0,0,OCUPADO,1,28,55,120,1,1
1790196345118,sala01,10293,1790196345118,0,0,OCUPADO,1,28,55,120,1,1
1790196347118,sala01,10294,1790196347118,0,0,OCUPADO,0,28,55,120,1,1
1790196349118,sala01,10295,1790196349118,0,0,OCUPADO,1,28,55,120,1,1
1790196351118,sala01,10296,1790196351118,0,0,OCUPADO,1,28,55,120,1,1
1790196353118,sala01,10297,1790196353118,0,0,OCUPADO,1,28,55,120,1,1
1790196355118,sala01,10298,1790196355118,0,0,OCUPADO,0,28,55,120,1,1
1790196357118,sala01,10299,1790196357118,0,0,OCUPADO,1,28,55,120,1,1
1790196359118,sala01,10300,1790196359118,0,0,OCUPADO,1,28,55,120,1,1
1790196361118,sala01,10301,1790196361118,0,0,OCUPADO,1,28,55,120,1,1
1790196363118,sala01,10302,1790196363118,0,0,OCUPADO,0,28,55,120,1,1
1790196365118,sala01,10303,1790196365118,0,0,OCUPADO,1,28,55,120,1,1
1790196367118,sala01,10304,1790196367118,0,0,OCUPADO,1,28,55,120,1,1
1790196369118,sala01,10305,1790196369118,0,0,OCUPADO,1,28,55,120,1,1
1790196371118,sala01,10306,1790196371118,0,0,OCUPADO,0,28,55,120,1,1
1790196373118,sala01,10307,1790196373118,0,0,OCUPADO,1,28,55,120,1,1
1790196375118,sala01,10308,1790196375118,0,0,OCUPADO,1,28,55,120,1,1
1790196377118,sala01,10309,1790196377118,0,0,OCUPADO,1,28,55,120,1,1
1790196379118,sala01,10310,1790196379118,0,0,OCUPADO,0,28,55,120,1,1
1790196381118,sala01,10311,1790196381118,0,0,OCUPADO,1,28,55,120,1,1
1790196383118,sala01,10312,1790196383118,0,0,OCUPADO,1,28,55,120,1,1
1790196385118,sala01,10313,1790196385118,0,0,OCUPADO,1,28,55,120,1,1
1790196387118,sala01,10314,1790196387118,0,0,OCUPADO,0,28,55,120,1,1
1790196389118,sala01,10315,1790196389118,0,0,OCUPADO,1,28,55,120,1,1
1790196391118,sala01,10316,1790196391118,0,0,OCUPADO,1,28,55,120,1,1
1790196393118,sala01,10317,1790196393118,0,0,OCUPADO,1,28,55,120,1,1
1790196395118,sala01,10318,1790196395118,0,0,OCUPADO,0,28,55,120,1,1
1790196397118,sala01,10319,1790196397118,0,0,OCUPADO,1,28,55,120,1,1
1790196399118,sala01,10320,1790196399118,0,0,OCUPADO,1,28,55,120,1,1
1790196401118,sala01,10321,1790196401118,0,0,OCUPADO,1,28,55,120,1,1
1790196403118,sala01,10322,1790196403118,0,0,OCUPADO,0,28,55,120,1,1
1790196405118,sala01,10323,1790196405118,0,0,OCUPADO,1,28,55,120,1,1
1790196407118,sala01,10324,1790196407118,0,0,OCUPADO,1,28,55,120,1,1
1790196409118,sala01,10325,1790196409118,0,0,OCUPADO,1,28,55,120,1,1
1790196411118,sala01,10326,1790196411118,0,0,OCUPADO,0,28,55,120,1,1
1790196413118,sala01,10327,1790196413118,0,0,OCUPADO,1,28,55,120,1,1
1790196415118,sala01,10328,1790196415118,0,0,OCUPADO,1,28,55,120,1,1
1790196417118,sala01,10329,1790196417118,0,0,OCUPADO,1,28,55,120,1,1
1790196419118,sala01,10330,1790196419118,0,0,OCUPADO,0,28,55,120,1,1
1790196421118,sala01,10331,1790196421118,0,0,OCUPADO,1,28,55,120,1,1
1790196423118,sala01,10332,1790196423118,0,0,OCUPADO,1,28,55,120,1,1
1790196425118,sala01,10333,1790196425118,0,0,OCUPADO,1,28,55,120,1,1
1790196427118,sala01,10334,1790196427118,0,0,OCUPADO,0,28,55,120,1,1
1790196429118,sala01,10335,1790196429118,0,0,OCUPADO,1,28,55,120,1,1
1790196431118,sala01,10336,1790196431118,0,0,OCUPADO,1,28,55,120,1,1
1790196433118,sala01,10337,1790196433118,0,0,OCUPADO,1,28,55,120,1,1
1790196435118,sala01,10338,1790196435118,0,0,OCUPADO,0,28,55,120,1,1
1790196437118,sala01,10339,1790196437118,0,0,OCUPADO,1,28,55,120,1,1
1790196439118,sala01,10340,1790196439118,0,0,OCUPADO,1,28,55,120,1,1
1790196441118,sala01,10341,1790196441118,0,0,OCUPADO,1,28,55,120,1,1
1790196443118,sala01,10342,1790196443118,0,0,OCUPADO,0,28,55,120,1,1
1790196445118,sala01,10343,1790196445118,0,0,OCUPADO,1,28,55,120,1,1
1790196447118,sala01,10344,1790196447118,0,0,OCUPADO,1,28,55,120,1,1
1790196449118,sala01,10345,1790196449118,0,0,OCUPADO,1,28,55,120,1,1
1790196451118,sala01,10346,1790196451118,0,0,OCUPADO,0,28,55,120,1,1
1790196453118,sala01,10347,1790196453118,0,0,OCUPADO,1,28,55,120,1,1
1790196455118,sala01,10348,1790196455118,0,0,OCUPADO,1,28,55,120,1,1
1790196457118,sala01,10349,1790196457118,0,0,OCUPADO,1,28,55,120,1,1
1790196459118,sala01,10350,1790196459118,0,0,OCUPADO,0,28,55,120,1,1
1790196461118,sala01,10351,1790196461118,0,0,OCUPADO,1,28,55,120,1,1
1790196463118,sala01,10352,1790196463118,0,0,OCUPADO,1,28,55,120,1,1
1790196465118,sala01,10353,1790196465118,0,0,OCUPADO,1,28,55,120,1,1
1790196467118,sala01,10354,1790196467118,0,0,OCUPADO,0,28,55,120,1,1
1790196469118,sala01,10355,1790196469118,0,0,OCUPADO,1,28,55,120,1,1
1790196471118,sala01,10356,1790196471118,0,0,OCUPADO,1,28,55,120,1,1
1790196473118,sala01,10357,1790196473118,0,0,OCUPADO,1,28,55,120,1,1
1790196475118,sala01,10358,1790196475118,0,0,OCUPADO,0,28,55,120,1,1
1790196477118,sala01,10359,1790196477118,0,0,OCUPADO,1,28,55,120,1,1
1790196479118,sala01,10360,1790196479118,0,0,OCUPADO,1,28,55,120,1,1
1790196481118,sala01,10361,1790196481118,0,0,OCUPADO,1,28,55,120,1,1
1790196483118,sala01,10362,1790196483118,0,0,OCUPADO,0,28,55,120,1,1
1790196485118,sala01,10363,1790196485118,0,0,OCUPADO,1,28,55,120,1,1
1790196487118,sala01,10364,1790196487118,0,0,OCUPADO,1,28,55,120,1,1
1790196489118,sala01,10365,1790196489118,0,0,OCUPADO,1,28,55,120,1,1
1790196491118,sala01,10366,1790196491118,0,0,OCUPADO,0,28,55,120,1,1
1790196493118,sala01,10367,1790196493118,0,0,OCUPADO,1,28,55,120,1,1
1790196495118,sala01,10368,1790196495118,0,0,OCUPADO,1,28,55,120,1,1
1790196497118,sala01,10369,1790196497118,0,0,OCUPADO,1,28,55,120,1,1
1790196499118,sala01,10370,1790196499118,0,0,OCUPADO,0,28,55,120,1,1
1790196501118,sala01,10371,1790196501118,0,0,OCUPADO,1,28,55,120,1,1
1790196503118,sala01,10372,1790196503118,0,0,OCUPADO,1,28,55,120,1,1
1790196505118,sala01,10373,1790196505118,0,0,OCUPADO,1,28,55,120,1,1
1790196507118,sala01,10374,1790196507118,0,0,OCUPADO,0,28,55,120,1,1
1790196509118,sala01,10375,1790196509118,0,0,OCUPADO,1,28,55,120,1,1
1790196511118,sala01,10376,1790196511118,0,0,OCUPADO,1,28,55,120,1,1
1790196513118,sala01,10377,1790196513118,0,0,OCUPADO,1,28,55,120,1,1
1790196515118,sala01,10378,1790196515118,0,0,OCUPADO,0,28,55,120,1,1
1790196517118,sala01,10379,1790196517118,0,0,OCUPADO,1,28,55,120,1,1
1790196519118,sala01,10380,1790196519118,0,0,OCUPADO,1,28,55,120,1,1
1790196521118,sala01,10381,1790196521118,0,0,OCUPADO,1,28,55,120,1,1
1790196523118,sala01,10382,1790196523118,0,0,OCUPADO,0,28,55,120,1,1
1790196525118,sala01,10383,1790196525118,0,0,OCUPADO,1,28,55,120,1,1
1790196527118,sala01,10384,1790196527118,0,0,OCUPADO,1,28,55,120,1,1
1790196529118,sala01,10385,1790196529118,0,0,OCUPADO,1,28,55,120,1,1
1790196531118,sala01,10386,1790196531118,0,0,OCUPADO,0,28,55,120,1,1
1790196533118,sala01,10387,1790196533118,0,0,OCUPADO,1,28,55,120,1,1
1790196535118,sala01,10388,1790196535118,0,0,OCUPADO,1,28,55,120,1,1
1790196537118,sala01,10389,1790196537118,0,0,OCUPADO,1,28,55,120,1,1
1790196539118,sala01,10390,1790196539118,0,0,OCUPADO,0,28,55,120,1,1
1790196541118,sala01,10391,1790196541118,0,0,OCUPADO,1,28,55,120,1,1
1790196543118,sala01,10392,1790196543118,0,0,OCUPADO,1,28,55,120,1,1
1790196545118,sala01,10393,1790196545118,0,0,OCUPADO,1,28,55,120,1,1
1790196547118,sala01,10394,1790196547118,0,0,OCUPADO,0,28,55,120,1,1
1790196549118,sala01,10395,1790196549118,0,0,OCUPADO,1,28,55,120,1,1
1790196551118,sala01,10396,1790196551118,0,0,OCUPADO,1,28,55,120,1,1
1790196553118,sala01,10397,1790196553118,0,0,OCUPADO,1,28,55,120,1,1
1790196555118,sala01,10398,1790196555118,0,0,OCUPADO,0,28,55,120,1,1
1790196557118,sala01,10399,1790196557118,0,0,OCUPADO,1,28,55,120,1,1
1790196559118,sala01,10400,1790196559118,0,0,OCUPADO,1,28,55,120,1,1
1790196561118,sala01,10401,1790196561118,0,0,OCUPADO,1,28,55,120,1,1
1790196563118,sala01,10402,1790196563118,0,0,OCUPADO,0,28,55,120,1,1
1790196565118,sala01,10403,1790196565118,0,0,OCUPADO,1,28,55,120,1,1
1790196567118,sala01,10404,1790196567118,0,0,OCUPADO,1,28,55,120,1,1
1790196569118,sala01,10405,1790196569118,0,0,OCUPADO,1,28,55,120,1,1
1790196571118,sala01,10406,1790196571118,0,0,OCUPADO,0,28,55,120,1,1
1790196573118,sala01,10407,1790196573118,0,0,OCUPADO,1,28,55,120,1,1
1790196575118,sala01,10408,1790196575118,0,0,OCUPADO,1,28,55,120,1,1
1790196577118,sala01,10409,1790196577118,0,0,OCUPADO,1,28,55,120,1,1
1790196579118,sala01,10410,1790196579118,0,0,OCUPADO,0,28,55,120,1,1
1790196581118,sala01,10411,1790196581118,0,0,OCUPADO,1,28,55,120,1,1
1790196583118,sala01,10412,1790196583118,0,0,OCUPADO,1,28,55,120,1,1
1790196585118,sala01,10413,1790196585118,0,0,OCUPADO,1,28,55,120,1,1
1790196587118,sala01,10414,1790196587118,0,0,OCUPADO,0,28,55,120,1,1
1790196589118,sala01,10415,1790196589118,0,0,OCUPADO,1,28,55,120,1,1
1790196591118,sala01,10416,1790196591118,0,0,OCUPADO,1,28,55,120,1,1
1790196593118,sala01,10417,1790196593118,0,0,OCUPADO,1,28,55,120,1,1
1790196595118,sala01,10418,1790196595118,0,0,OCUPADO,0,28,55,120,1,1
1790196597118,sala01,10419,1790196597118,0,0,OCUPADO,1,28,55,120,1,1
1790196599118,sala01,10420,1790196599118,0,0,OCUPADO,1,28,55,120,1,1
1790196601118,sala01,10421,1790196601118,0,0,OCUPADO,1,28,55,120,1,1
1790196603118,sala01,10422,1790196603118,0,0,OCUPADO,0,28,55,120,1,1
1790196605118,sala01,10423,1790196605118,0,0,OCUPADO,1,28,55,120,1,1
1790196607118,sala01,10424,1790196607118,0,0,OCUPADO,1,28,55,120,1,1
1790196609118,sala01,10425,1790196609118,0,0,OCUPADO,1,28,55,120,1,1
1790196611118,sala01,10426,1790196611118,0,0,OCUPADO,0,28,55,120,1,1
1790196613118,sala01,10427,1790196613118,0,0,OCUPADO,1,28,55,120,1,1
1790196615118,sala01,10428,1790196615118,0,0,OCUPADO,1,28,55,120,1,1
1790196617118,sala01,10429,1790196617118,0,0,OCUPADO,1,28,55,120,1,1
1790196619118,sala01,10430,1790196619118,0,0,OCUPADO,0,28,55,120,1,1
1790196621118,sala01,10431,1790196621118,0,0,OCUPADO,1,28,55,120,1,1
1790196623118,sala01,10432,1790196623118,0,0,OCUPADO,1,28,55,120,1,1
1790196625118,sala01,10433,1790196625118,0,0,OCUPADO,1,28,55,120,1,1
1790196627118,sala01,10434,1790196627118,0,0,OCUPADO,0,28,55,120,1,1
1790196629118,sala01,10435,1790196629118,0,0,OCUPADO,1,28,55,120,1,1
1790196631118,sala01,10436,1790196631118,0,0,OCUPADO,1,28,55,120,1,1
1790196633118,sala01,10437,1790196633118,0,0,OCUPADO,1,28,55,120,1,1
1790196635118,sala01,10438,1790196635118,0,0,OCUPADO,0,28,55,120,1,1
1790196637118,sala01,10439,1790196637118,0,0,OCUPADO,1,28,55,120,1,1
1790196639118,sala01,10440,1790196639118,0,0,OCUPADO,1,28,55,120,1,1
1790196641118,sala01,10441,1790196641118,0,0,OCUPADO,1,28,55,120,1,1
1790196643118,sala01,10442,1790196643118,0,0,OCUPADO,0,28,55,120,1,1
1790196645118,sala01,10443,1790196645118,0,0,OCUPADO,1,28,55,120,1,1
1790196647118,sala01,10444,1790196647118,0,0,OCUPADO,1,28,55,120,1,1
1790196649118,sala01,10445,1790196649118,0,0,OCUPADO,1,28,55,120,1,1
1790196651118,sala01,10446,1790196651118,0,0,OCUPADO,0,28,55,120,1,1
1790196653118,sala01,10447,1790196653118,0,0,OCUPADO,1,28,55,120,1,1
1790196655118,sala01,10448,1790196655118,0,0,OCUPADO,1,28,55,120,1,1
1790196657118,sala01,10449,1790196657118,0,0,OCUPADO,1,28,55,120,1,1
1790196659118,sala01,10450,1790196659118,0,0,OCUPADO,0,28,55,120,1,1
1790196661118,sala01,10451,1790196661118,0,0,OCUPADO,1,28,55,120,1,1
1790196663118,sala01,10452,1790196663118,0,0,OCUPADO,1,28,55,120,1,1
1790196665118,sala01,10453,1790196665118,0,0,OCUPADO,1,28,55,120,1,1
1790196667118,sala01,10454,1790196667118,0,0,OCUPADO,0,28,55,120,1,1
1790196669118,sala01,10455,1790196669118,0,0,OCUPADO,1,28,55,120,1,1
1790196671118,sala01,10456,1790196671118,0,0,OCUPADO,1,28,55,120,1,1
1790196673118,sala01,10457,1790196673118,0,0,OCUPADO,1,28,55,120,1,1
1790196675118,sala01,10458,1790196675118,0,0,OCUPADO,0,28,55,120,1,1
1790196677118,sala01,10459,1790196677118,0,0,OCUPADO,1,28,55,120,1,1
1790196679118,sala01,10460,1790196679118,0,0,OCUPADO,1,28,55,120,1,1
1790196681118,sala01,10461,1790196681118,0,0,OCUPADO,1,28,55,120,1,1
1790196683118,sala01,10462,1790196683118,0,0,OCUPADO,0,28,55,120,1,1
1790196685118,sala01,10463,1790196685118,0,0,OCUPADO,1,28,55,120,1,1
1790196687118,sala01,10464,1790196687118,0,0,OCUPADO,1,28,55,120,1,1
1790196689118,sala01,10465,1790196689118,0,0,OCUPADO,1,28,55,120,1,1
1790196691118,sala01,10466,1790196691118,0,0,OCUPADO,0,28,55,120,1,1
1790196693118,sala01,10467,1790196693118,0,0,OCUPADO,1,28,55,120,1,1
1790196695118,sala01,10468,1790196695118,0,0,OCUPADO,1,28,55,120,1,1
1790196697118,sala01,10469,1790196697118,0,0,OCUPADO,1,28,55,120,1,1
1790196699118,sala01,10470,1790196699118,0,0,OCUPADO,0,28,55,120,1,1
1790196701118,sala01,10471,1790196701118,0,0,OCUPADO,1,28,55,120,1,1
1790196703118,sala01,10472,1790196703118,0,0,OCUPADO,1,28,55,120,1,1
1790196705118,sala01,10473,1790196705118,0,0,OCUPADO,1,28,55,120,1,1
1790196707118,sala01,10474,1790196707118,0,0,OCUPADO,0,28,55,120,1,1
1790196709118,sala01,10475,1790196709118,0,0,OCUPADO,1,28,55,120,1,1
1790196711118,sala01,10476,1790196711118,0,0,OCUPADO,1,28,55,120,1,1
1790196713118,sala01,10477,1790196713118,0,0,OCUPADO,1,28,55,120,1,1
1790196715118,sala01,10478,1790196715118,0,0,OCUPADO,0,28,55,120,1,1
1790196717118,sala01,10479,1790196717118,0,0,OCUPADO,1,28,55,120,1,1
1790196719118,sala01,10480,1790196719118,0,0,OCUPADO,1,28,55,120,1,1
1790196721118,sala01,10481,1790196721118,0,0,OCUPADO,1,28,55,120,1,1
1790196723118,sala01,10482,1790196723118,0,0,OCUPADO,0,28,55,120,1,1
1790196725118,sala01,10483,1790196725118,0,0,OCUPADO,1,28,55,120,1,1
1790196727118,sala01,10484,1790196727118,0,0,OCUPADO,1,28,55,120,1,1
1790196729118,sala01,10485,1790196729118,0,0,OCUPADO,1,28,55,120,1,1
1790196731118,sala01,10486,1790196731118,0,0,OCUPADO,0,28,55,120,1,1
1790196733118,sala01,10487,1790196733118,0,0,OCUPADO,1,28,55,120,1,1
1790196735118,sala01,10488,1790196735118,0,0,OCUPADO,1,28,55,120,1,1
1790196737118,sala01,10489,1790196737118,0,0,OCUPADO,1,28,55,120,1,1
1790196739118,sala01,10490,1790196739118,0,0,OCUPADO,0,28,55,120,1,1
1790196741118,sala01,10491,1790196741118,0,0,OCUPADO,1,28,55,120,1,1
1790196743118,sala01,10492,1790196743118,0,0,OCUPADO,1,28,55,120,1,1
1790196745118,sala01,10493,1790196745118,0,0,OCUPADO,1,28,55,120,1,1
1790196747118,sala01,10494,1790196747118,0,0,OCUPADO,0,28,55,120,1,1
1790196749118,sala01,10495,1790196749118,0,0,OCUPADO,1,28,55,120,1,1
1790196751118,sala01,10496,1790196751118,0,0,OCUPADO,1,28,55,120,1,1
1790196753118,sala01,10497,1790196753118,0,0,OCUPADO,1,28,55,120,1,1
1790196755118,sala01,10498,1790196755118,0,0,OCUPADO,0,28,55,120,1,1
1790196757118,sala01,10499,1790196757118,0,0,OCUPADO,1,28,55,120,1,1
1790196759118,sala01,10500,1790196759118,0,0,OCUPADO,1,28,55,120,1,1
1790196761118,sala01,10501,1790196761118,0,0,OCUPADO,1,28,55,120,1,1
1790196763118,sala01,10502,1790196763118,0,0,OCUPADO,0,28,55,120,1,1
1790196765118,sala01,10503,1790196765118,0,0,OCUPADO,1,28,55,120,1,1
1790196767118,sala01,10504,1790196767118,0,0,OCUPADO,1,28,55,120,1,1
1790196769118,sala01,10505,1790196769118,0,0,OCUPADO,1,28,55,120,1,1
1790196771118,sala01,10506,1790196771118,0,0,OCUPADO,0,28,55,120,1,1
1790196773118,sala01,10507,1790196773118,0,0,OCUPADO,1,28,55,120,1,1
1790196775118,sala01,10508,1790196775118,0,0,OCUPADO,1,28,55,120,1,1
1790196777118,sala01,10509,1790196777118,0,0,OCUPADO,1,28,55,120,1,1
1790196779118,sala01,10510,1790196779118,0,0,OCUPADO,0,28,55,120,1,1
1790196781118,sala01,10511,1790196781118,0,0,OCUPADO,1,28,55,120,1,1
1790196783118,sala01,10512,1790196783118,0,0,OCUPADO,1,28,55,120,1,1
1790196785118,sala01,10513,1790196785118,0,0,OCUPADO,1,28,55,120,1,1
1790196787118,sala01,10514,1790196787118,0,0,OCUPADO,0,28,55,120,1,1
1790196789118,sala01,10515,1790196789118,0,0,OCUPADO,1,28,55,120,1,1
1790196791118,sala01,10516,1790196791118,0,0,OCUPADO,1,28,55,120,1,1
1790196793118,sala01,10517,1790196793118,0,0,OCUPADO,1,28,55,120,1,1
1790196795118,sala01,10518,1790196795118,0,0,OCUPADO,0,28,55,120,1,1
1790196797118,sala01,10519,1790196797118,0,0,OCUPADO,1,28,55,120,1,1
1790196799118,sala01,10520,1790196799118,0,0,OCUPADO,1,28,55,120,1,1
1790196801118,sala01,10521,1790196801118,0,0,OCUPADO,1,28,55,120,1,1
1790196803118,sala01,10522,1790196803118,0,0,OCUPADO,0,28,55,120,1,1
1790196805118,sala01,10523,1790196805118,0,0,OCUPADO,1,28,55,120,1,1
1790196807118,sala01,10524,1790196807118,0,0,OCUPADO,1,28,55,120,1,1
1790196809118,sala01,10525,1790196809118,0,0,OCUPADO,1,28,55,120,1,1
1790196811118,sala01,10526,1790196811118,0,0,OCUPADO,0,28,55,120,1,1
1790196813118,sala01,10527,1790196813118,0,0,OCUPADO,1,28,55,120,1,1
1790196815118,sala01,10528,1790196815118,0,0,OCUPADO,1,28,55,120,1,1
1790196817118,sala01,10529,1790196817118,0,0,OCUPADO,1,28,55,120,1,1
1790196819118,sala01,10530,1790196819118,0,0,OCUPADO,0,28,55,120,1,1
1790196821118,sala01,10531,1790196821118,0,0,OCUPADO,1,28,55,120,1,1
1790196823118,sala01,10532,1790196823118,0,0,OCUPADO,1,28,55,120,1,1
1790196825118,sala01,10533,1790196825118,0,0,OCUPADO,1,28,55,120,1,1
1790196827118,sala01,10534,1790196827118,0,0,OCUPADO,0,28,55,120,1,1
1790196829118,sala01,10535,1790196829118,0,0,OCUPADO,1,28,55,120,1,1
1790196831118,sala01,10536,1790196831118,0,0,OCUPADO,1,28,55,120,1,1
1790196833118,sala01,10537,1790196833118,0,0,OCUPADO,1,28,55,120,1,1
1790196835118,sala01,10538,1790196835118,0,0,OCUPADO,0,28,55,120,1,1
1790196837118,sala01,10539,1790196837118,0,0,OCUPADO,1,28,55,120,1,1
1790196839118,sala01,10540,1790196839118,0,0,OCUPADO,1,28,55,120,1,1
1790196841118,sala01,10541,1790196841118,0,0,OCUPADO,1,28,55,120,1,1
1790196843118,sala01,10542,1790196843118,0,0,OCUPADO,0,28,55,120,1,1
1790196845118,sala01,10543,1790196845118,0,0,OCUPADO,1,28,55,120,1,1
1790196847118,sala01,10544,1790196847118,0,0,OCUPADO,1,28,55,120,1,1
1790196849118,sala01,10545,1790196849118,0,0,OCUPADO,1,28,55,120,1,1
1790196851118,sala01,10546,1790196851118,0,0,OCUPADO,0,28,55,120,1,1
1790196853118,sala01,10547,1790196853118,0,0,OCUPADO,1,28,55,120,1,1
1790196855118,sala01,10548,1790196855118,0,0,OCUPADO,1,28,55,120,1,1
1790196857118,sala01,10549,1790196857118,0,0,OCUPADO,1,28,55,120,1,1
1790196859118,sala01,10550,1790196859118,0,0,OCUPADO,0,28,55,120,1,1
1790196861118,sala01,10551,1790196861118,0,0,OCUPADO,1,28,55,120,1,1
1790196863118,sala01,10552,1790196863118,0,0,OCUPADO,1,28,55,120,1,1
1790196865118,sala01,10553,1790196865118,0,0,OCUPADO,1,28,55,120,1,1
1790196867118,sala01,10554,1790196867118,0,0,OCUPADO,0,28,55,120,1,1
1790196869118,sala01,10555,1790196869118,0,0,OCUPADO,1,28,55,120,1,1
1790196871118,sala01,10556,1790196871118,0,0,OCUPADO,1,28,55,120,1,1
1790196873118,sala01,10557,1790196873118,0,0,OCUPADO,1,28,55,120,1,1
1790196875118,sala01,10558,1790196875118,0,0,OCUPADO,0,28,55,120,1,1
1790196877118,sala01,10559,1790196877118,0,0,OCUPADO,1,28,55,120,1,1
1790196879118,sala01,10560,1790196879118,0,0,OCUPADO,1,28,55,120,1,1
1790196881118,sala01,10561,1790196881118,0,0,OCUPADO,1,28,55,120,1,1
1790196883118,sala01,10562,1790196883118,0,0,OCUPADO,0,28,55,120,1,1
1790196885118,sala01,10563,1790196885118,0,0,OCUPADO,1,28,55,120,1,1
1790196887118,sala01,10564,1790196887118,0,0,OCUPADO,1,28,55,120,1,1
1790196889118,sala01,10565,1790196889118,0,0,OCUPADO,1,28,55,120,1,1
1790196891118,sala01,10566,1790196891118,0,0,OCUPADO,0,28,55,120,1,1
1790196893118,sala01,10567,1790196893118,0,0,OCUPADO,1,28,55,120,1,1
1790196895118,sala01,10568,1790196895118,0,0,OCUPADO,1,28,55,120,1,1
1790196897118,sala01,10569,1790196897118,0,0,OCUPADO,1,28,55,120,1,1
1790196899118,sala01,10570,1790196899118,0,0,OCUPADO,0,28,55,120,1,1
1790196901118,sala01,10571,1790196901118,0,0,OCUPADO,1,28,55,120,1,1
1790196903118,sala01,10572,1790196903118,0,0,OCUPADO,1,28,55,120,1,1
1790196905118,sala01,10573,1790196905118,0,0,OCUPADO,1,28,55,120,1,1
1790196907118,sala01,10574,1790196907118,0,0,OCUPADO,0,28,55,120,1,1
1790196909118,sala01,10575,1790196909118,0,0,OCUPADO,1,28,55,120,1,1
1790196911118,sala01,10576,1790196911118,0,0,OCUPADO,1,28,55,120,1,1
1790196913118,sala01,10577,1790196913118,0,0,OCUPADO,1,28,55,120,1,1
1790196915118,sala01,10578,1790196915118,0,0,OCUPADO,0,28,55,120,1,1
1790196917118,sala01,10579,1790196917118,0,0,OCUPADO,1,28,55,120,1,1
1790196919118,sala01,10580,1790196919118,0,0,OCUPADO,1,28,55,120,1,1
1790196921118,sala01,10581,1790196921118,0,0,OCUPADO,1,28,55,120,1,1
1790196923118,sala01,10582,1790196923118,0,0,OCUPADO,0,28,55,120,1,1
1790196925118,sala01,10583,1790196925118,0,0,OCUPADO,1,28,55,120,1,1
1790196927118,sala01,10584,1790196927118,0,0,OCUPADO,1,28,55,120,1,1
1790196929118,sala01,10585,1790196929118,0,0,OCUPADO,1,28,55,120,1,1
1790196931118,sala01,10586,1790196931118,0,0,OCUPADO,0,28,55,120,1,1
1790196933118,sala01,10587,1790196933118,0,0,OCUPADO,1,28,55,120,1,1
1790196935118,sala01,10588,1790196935118,0,0,OCUPADO,1,28,55,120,1,1
1790196937118,sala01,10589,1790196937118,0,0,OCUPADO,1,28,55,120,1,1
1790196939118,sala01,10590,1790196939118,0,0,OCUPADO,0,28,55,120,1,1
1790196941118,sala01,10591,1790196941118,0,0,OCUPADO,1,28,55,120,1,1
1790196943118,sala01,10592,1790196943118,0,0,OCUPADO,1,28,55,120,1,1
1790196945118,sala01,10593,1790196945118,0,0,OCUPADO,1,28,55,120,1,1
1790196947118,sala01,10594,1790196947118,0,0,OCUPADO,0,28,55,120,1,1
1790196949118,sala01,10595,1790196949118,0,0,OCUPADO,1,28,55,120,1,1
1790196951118,sala01,10596,1790196951118,0,0,OCUPADO,1,28,55,120,1,1
1790196953118,sala01,10597,1790196953118,0,0,OCUPADO,1,28,55,120,1,1
1790196955118,sala01,10598,1790196955118,0,0,OCUPADO,0,28,55,120,1,1
1790196957118,sala01,10599,1790196957118,0,0,OCUPADO,1,28,55,120,1,1
1790196959118,sala01,10600,1790196959118,0,0,OCUPADO,1,28,55,120,1,1
1790196961118,sala01,10601,1790196961118,0,0,OCUPADO,1,28,55,120,1,1
1790196963118,sala01,10602,1790196963118,0,0,OCUPADO,0,28,55,120,1,1
1790196965118,sala01,10603,1790196965118,0,0,OCUPADO,1,28,55,120,1,1
1790196967118,sala01,10604,1790196967118,0,0,OCUPADO,1,28,55,120,1,1
1790196969118,sala01,10605,1790196969118,0,0,OCUPADO,1,28,55,120,1,1
1790196971118,sala01,10606,1790196971118,0,0,OCUPADO,0,28,55,120,1,1
1790196973118,sala01,10607,1790196973118,0,0,OCUPADO,1,28,55,120,1,1
1790196975118,sala01,10608,1790196975118,0,0,OCUPADO,1,28,55,120,1,1
1790196977118,sala01,10609,1790196977118,0,0,OCUPADO,1,28,55,120,1,1
1790196979118,sala01,10610,1790196979118,0,0,OCUPADO,0,28,55,120,1,1
1790196981118,sala01,10611,1790196981118,0,0,OCUPADO,1,28,55,120,1,1
1790196983118,sala01,10612,1790196983118,0,0,OCUPADO,1,28,55,120,1,1
1790196985118,sala01,10613,1790196985118,0,0,OCUPADO,1,28,55,120,1,1
1790196987118,sala01,10614,1790196987118,0,0,OCUPADO,0,28,55,120,1,1
1790196989118,sala01,10615,1790196989118,0,0,OCUPADO,1,28,55,120,1,1
1790196991118,sala01,10616,1790196991118,0,0,OCUPADO,1,28,55,120,1,1
1790196993118,sala01,10617,1790196993118,0,0,OCUPADO,1,28,55,120,1,1
1790196995118,sala01,10618,1790196995118,0,0,OCUPADO,0,28,55,120,1,1
1790196997118,sala01,10619,1790196997118,0,0,OCUPADO,1,28,55,120,1,1
1790196999118,sala01,10620,1790196999118,0,0,OCUPADO,1,28,55,120,1,1
1790197001118,sala01,10621,1790197001118,0,0,OCUPADO,1,28,55,120,1,1
1790197003118,sala01,10622,1790197003118,0,0,OCUPADO,0,28,55,120,1,1
1790197005118,sala01,10623,1790197005118,0,0,OCUPADO,1,28,55,120,1,1
1790197007118,sala01,10624,1790197007118,0,0,OCUPADO,1,28,55,120,1,1
1790197009118,sala01,10625,1790197009118,0,0,OCUPADO,1,28,55,120,1,1
1790197011118,sala01,10626,1790197011118,0,0,OCUPADO,0,28,55,120,1,1
1790197013118,sala01,10627,1790197013118,0,0,OCUPADO,1,28,55,120,1,1
1790197015118,sala01,10628,1790197015118,0,0,OCUPADO,1,28,55,120,1,1
1790197017118,sala01,10629,1790197017118,0,0,OCUPADO,1,28,55,120,1,1
1790197019118,sala01,10630,1790197019118,0,0,OCUPADO,0,28,55,120,1,1
1790197021118,sala01,10631,1790197021118,0,0,OCUPADO,1,28,55,120,1,1
1790197023118,sala01,10632,1790197023118,0,0,OCUPADO,1,28,55,120,1,1
1790197025118,sala01,10633,1790197025118,0,0,OCUPADO,1,28,55,120,1,1
1790197027118,sala01,10634,1790197027118,0,0,OCUPADO,0,28,55,120,1,1
1790197029118,sala01,10635,1790197029118,0,0,OCUPADO,1,28,55,120,1,1
1790197031118,sala01,10636,1790197031118,0,0,OCUPADO,1,28,55,120,1,1
1790197033118,sala01,10637,1790197033118,0,0,OCUPADO,1,28,55,120,1,1
1790197035118,sala01,10638,1790197035118,0,0,OCUPADO,0,28,55,120,1,1
1790197037118,sala01,10639,1790197037118,0,0,OCUPADO,1,28,55,120,1,1
1790197039118,sala01,10640,1790197039118,0,0,OCUPADO,1,28,55,120,1,1
1790197041118,sala01,10641,1790197041118,0,0,OCUPADO,1,28,55,120,1,1
1790197043118,sala01,10642,1790197043118,0,0,OCUPADO,0,28,55,120,1,1
1790197045118,sala01,10643,1790197045118,0,0,OCUPADO,1,28,55,120,1,1
1790197047118,sala01,10644,1790197047118,0,0,OCUPADO,1,28,55,120,1,1
1790197049118,sala01,10645,1790197049118,0,0,OCUPADO,1,28,55,120,1,1
1790197051118,sala01,10646,1790197051118,0,0,OCUPADO,0,28,55,120,1,1
1790197053118,sala01,10647,1790197053118,0,0,OCUPADO,1,28,55,120,1,1
1790197055118,sala01,10648,1790197055118,0,0,OCUPADO,1,28,55,120,1,1
1790197057118,sala01,10649,1790197057118,0,0,OCUPADO,1,28,55,120,1,1
1790197059118,sala01,10650,1790197059118,0,0,OCUPADO,0,28,55,120,1,1
1790197061118,sala01,10651,1790197061118,0,0,OCUPADO,1,28,55,120,1,1
1790197063118,sala01,10652,1790197063118,0,0,OCUPADO,1,28,55,120,1,1
1790197065118,sala01,10653,1790197065118,0,0,OCUPADO,1,28,55,120,1,1
1790197067118,sala01,10654,1790197067118,0,0,OCUPADO,0,28,55,120,1,1
1790197069118,sala01,10655,1790197069118,0,0,OCUPADO,1,28,55,120,1,1
1790197071118,sala01,10656,1790197071118,0,0,OCUPADO,1,28,55,120,1,1
1790197073118,sala01,10657,1790197073118,0,0,OCUPADO,1,28,55,120,1,1
1790197075118,sala01,10658,1790197075118,0,0,OCUPADO,0,28,55,120,1,1
1790197077118,sala01,10659,1790197077118,0,0,OCUPADO,1,28,55,120,1,1
1790197079118,sala01,10660,1790197079118,0,0,OCUPADO,1,28,55,120,1,1
1790197081118,sala01,10661,1790197081118,0,0,OCUPADO,1,28,55,120,1,1
1790197083118,sala01,10662,1790197083118,0,0,OCUPADO,0,28,55,120,1,1
1790197085118,sala01,10663,1790197085118,0,0,OCUPADO,1,28,55,120,1,1
1790197087118,sala01,10664,1790197087118,0,0,OCUPADO,1,28,55,120,1,1
1790197089118,sala01,10665,1790197089118,0,0,OCUPADO,1,28,55,120,1,1
1790197091118,sala01,10666,1790197091118,0,0,OCUPADO,0,28,55,120,1,1
1790197093118,sala01,10667,1790197093118,0,0,OCUPADO,1,28,55,120,1,1
1790197095118,sala01,10668,1790197095118,0,0,OCUPADO,1,28,55,120,1,1
1790197097118,sala01,10669,1790197097118,0,0,OCUPADO,1,28,55,120,1,1
1790197099118,sala01,10670,1790197099118,0,0,OCUPADO,0,28,55,120,1,1
1790197101118,sala01,10671,1790197101118,0,0,OCUPADO,1,28,55,120,1,1
1790197103118,sala01,10672,1790197103118,0,0,OCUPADO,1,28,55,120,1,1
1790197105118,sala01,10673,1790197105118,0,0,OCUPADO,1,28,55,120,1,1
1790197107118,sala01,10674,1790197107118,0,0,OCUPADO,0,28,55,120,1,1
1790197109118,sala01,10675,1790197109118,0,0,OCUPADO,1,28,55,120,1,1
1790197111118,sala01,10676,1790197111118,0,0,OCUPADO,1,28,55,120,1,1
1790197113118,sala01,10677,1790197113118,0,0,OCUPADO,1,28,55,120,1,1
1790197115118,sala01,10678,1790197115118,0,0,OCUPADO,0,28,55,120,1,1
1790197117118,sala01,10679,1790197117118,0,0,OCUPADO,1,28,55,120,1,1
1790197119118,sala01,10680,1790197119118,0,0,OCUPADO,1,28,55,120,1,1
1790197121118,sala01,10681,1790197121118,0,0,OCUPADO,1,28,55,120,1,1
1790197123118,sala01,10682,1790197123118,0,0,OCUPADO,0,28,55,120,1,1
1790197125118,sala01,10683,1790197125118,0,0,OCUPADO,1,28,55,120,1,1
1790197127118,sala01,10684,1790197127118,0,0,OCUPADO,1,28,55,120,1,1
1790197129118,sala01,10685,1790197129118,0,0,OCUPADO,1,28,55,120,1,1
1790197131118,sala01,10686,1790197131118,0,0,OCUPADO,0,28,55,120,1,1
1790197133118,sala01,10687,1790197133118,0,0,OCUPADO,1,28,55,120,1,1
1790197135118,sala01,10688,1790197135118,0,0,OCUPADO,1,28,55,120,1,1
1790197137118,sala01,10689,1790197137118,0,0,OCUPADO,1,28,55,120,1,1
1790197139118,sala01,10690,1790197139118,0,0,OCUPADO,0,28,55,120,1,1
1790197141118,sala01,10691,1790197141118,0,0,OCUPADO,1,28,55,120,1,1
1790197143118,sala01,10692,1790197143118,0,0,OCUPADO,1,28,55,120,1,1
1790197145118,sala01,10693,1790197145118,0,0,OCUPADO,1,28,55,120,1,1
1790197147118,sala01,10694,1790197147118,0,0,OCUPADO,0,28,55,120,1,1
1790197149118,sala01,10695,1790197149118,0,0,OCUPADO,1,28,55,120,1,1
1790197151118,sala01,10696,1790197151118,0,0,OCUPADO,1,28,55,120,1,1
1790197153118,sala01,10697,1790197153118,0,0,OCUPADO,1,28,55,120,1,1
1790197155118,sala01,10698,1790197155118,0,0,OCUPADO,0,28,55,120,1,1
1790197157118,sala01,10699,1790197157118,0,0,OCUPADO,1,28,55,120,1,1
1790197159118,sala01,10700,1790197159118,0,0,OCUPADO,1,28,55,120,1,1
1790197161118,sala01,10701,1790197161118,0,0,OCUPADO,1,28,55,120,1,1
1790197163118,sala01,10702,1790197163118,0,0,OCUPADO,0,28,55,120,1,1
1790197165118,sala01,10703,1790197165118,0,0,OCUPADO,1,28,55,120,1,1
1790197167118,sala01,10704,1790197167118,0,0,OCUPADO,1,28,55,120,1,1
1790197169118,sala01,10705,1790197169118,0,0,OCUPADO,1,28,55,120,1,1
1790197171118,sala01,10706,1790197171118,0,0,OCUPADO,0,28,55,120,1,1
1790197173118,sala01,10707,1790197173118,0,0,OCUPADO,1,28,55,120,1,1
1790197175118,sala01,10708,1790197175118,0,0,OCUPADO,1,28,55,120,1,1
1790197177118,sala01,10709,1790197177118,0,0,OCUPADO,1,28,55,120,1,1
1790197179118,sala01,10710,1790197179118,0,0,OCUPADO,0,28,55,120,1,1
1790197181118,sala01,10711,1790197181118,0,0,OCUPADO,1,28,55,120,1,1
1790197183118,sala01,10712,1790197183118,0,0,OCUPADO,1,28,55,120,1,1
1790197185118,sala01,10713,1790197185118,0,0,OCUPADO,1,28,55,120,1,1
1790197187118,sala01,10714,1790197187118,0,0,OCUPADO,0,28,55,120,1,1
1790197189118,sala01,10715,1790197189118,0,0,OCUPADO,1,28,55,120,1,1
1790197191118,sala01,10716,1790197191118,0,0,OCUPADO,1,28,55,120,1,1
1790197193118,sala01,10717,1790197193118,0,0,OCUPADO,1,28,55,120,1,1
1790197195118,sala01,10718,1790197195118,0,0,OCUPADO,0,28,55,120,1,1
1790197197118,sala01,10719,1790197197118,0,0,OCUPADO,1,28,55,120,1,1
1790197199118,sala01,10720,1790197199118,0,0,OCUPADO,1,28,55,120,1,1
1790197201118,sala01,10721,1790197201118,0,0,OCUPADO,1,28,55,120,1,1
1790197203118,sala01,10722,1790197203118,0,0,OCUPADO,0,28,55,120,1,1
1790197205118,sala01,10723,1790197205118,0,0,OCUPADO,1,28,55,120,1,1
1790197207118,sala01,10724,1790197207118,0,0,OCUPADO,1,28,55,120,1,1
1790197209118,sala01,10725,1790197209118,0,0,OCUPADO,1,28,55,120,1,1
1790197211118,sala01,10726,1790197211118,0,0,OCUPADO,0,28,55,120,1,1
1790197213118,sala01,10727,1790197213118,0,0,OCUPADO,1,28,55,120,1,1
1790197215118,sala01,10728,1790197215118,0,0,OCUPADO,1,28,55,120,1,1
1790197217118,sala01,10729,1790197217118,0,0,OCUPADO,1,28,55,120,1,1
1790197219118,sala01,10730,1790197219118,0,0,OCUPADO,0,28,55,120,1,1
1790197221118,sala01,10731,1790197221118,0,0,OCUPADO,1,28,55,120,1,1
1790197223118,sala01,10732,1790197223118,0,0,OCUPADO,1,28,55,120,1,1
1790197225118,sala01,10733,1790197225118,0,0,OCUPADO,1,28,55,120,1,1
1790197227118,sala01,10734,1790197227118,0,0,OCUPADO,0,28,55,120,1,1
1790197229118,sala01,10735,1790197229118,0,0,OCUPADO,1,28,55,120,1,1
1790197231118,sala01,10736,1790197231118,0,0,OCUPADO,1,28,55,120,1,1
1790197233118,sala01,10737,1790197233118,0,0,OCUPADO,1,28,55,120,1,1
1790197235118,sala01,10738,1790197235118,0,0,OCUPADO,0,28,55,120,1,1
1790197237118,sala01,10739,1790197237118,0,0,OCUPADO,1,28,55,120,1,1
1790197239118,sala01,10740,1790197239118,0,0,OCUPADO,1,28,55,120,1,1
1790197241118,sala01,10741,1790197241118,0,0,OCUPADO,1,28,55,120,1,1
1790197243118,sala01,10742,1790197243118,0,0,OCUPADO,0,28,55,120,1,1
1790197245118,sala01,10743,1790197245118,0,0,OCUPADO,1,28,55,120,1,1
1790197247118,sala01,10744,1790197247118,0,0,OCUPADO,1,28,55,120,1,1
1790197249118,sala01,10745,1790197249118,0,0,OCUPADO,1,28,55,120,1,1
1790197251118,sala01,10746,1790197251118,0,0,OCUPADO,0,28,55,120,1,1
1790197253118,sala01,10747,1790197253118,0,0,OCUPADO,1,28,55,120,1,1
1790197255118,sala01,10748,1790197255118,0,0,OCUPADO,1,28,55,120,1,1
1790197257118,sala01,10749,1790197257118,0,0,OCUPADO,1,28,55,120,1,1
1790197259118,sala01,10750,1790197259118,0,0,OCUPADO,0,28,55,120,1,1
1790197261118,sala01,10751,1790197261118,0,0,OCUPADO,1,28,55,120,1,1
1790197263118,sala01,10752,1790197263118,0,0,OCUPADO,1,28,55,120,1,1
1790197265118,sala01,10753,1790197265118,0,0,OCUPADO,1,28,55,120,1,1
1790197267118,sala01,10754,1790197267118,0,0,OCUPADO,0,28,55,120,1,1
1790197269118,sala01,10755,1790197269118,0,0,OCUPADO,1,28,55,120,1,1
1790197271118,sala01,10756,1790197271118,0,0,OCUPADO,1,28,55,120,1,1
1790197273118,sala01,10757,1790197273118,0,0,OCUPADO,1,28,55,120,1,1
1790197275118,sala01,10758,1790197275118,0,0,OCUPADO,0,28,55,120,1,1
1790197277118,sala01,10759,1790197277118,0,0,OCUPADO,1,28,55,120,1,1
1790197279118,sala01,10760,1790197279118,0,0,OCUPADO,1,28,55,120,1,1
1790197281118,sala01,10761,1790197281118,0,0,OCUPADO,1,28,55,120,1,1
1790197283118,sala01,10762,1790197283118,0,0,OCUPADO,0,28,55,120,1,1
1790197285118,sala01,10763,1790197285118,0,0,OCUPADO,1,28,55,120,1,1
1790197287118,sala01,10764,1790197287118,0,0,OCUPADO,1,28,55,120,1,1
1790197289118,sala01,10765,1790197289118,0,0,OCUPADO,1,28,55,120,1,1
1790197291118,sala01,10766,1790197291118,0,0,OCUPADO,0,28,55,120,1,1
1790197293118,sala01,10767,1790197293118,0,0,OCUPADO,1,28,55,120,1,1
1790197295118,sala01,10768,1790197295118,0,0,OCUPADO,1,28,55,120,1,1
1790197297118,sala01,10769,1790197297118,0,0,OCUPADO,1,28,55,120,1,1
1790197299118,sala01,10770,1790197299118,0,0,OCUPADO,0,28,55,120,1,1
1790197301118,sala01,10771,1790197301118,0,0,OCUPADO,1,28,55,120,1,1
1790197303118,sala01,10772,1790197303118,0,0,OCUPADO,1,28,55,120,1,1
1790197305118,sala01,10773,1790197305118,0,0,OCUPADO,1,28,55,120,1,1
1790197307118,sala01,10774,1790197307118,0,0,OCUPADO,0,28,55,120,1,1
1790197309118,sala01,10775,1790197309118,0,0,OCUPADO,1,28,55,120,1,1
1790197311118,sala01,10776,1790197311118,0,0,OCUPADO,1,28,55,120,1,1
1790197313118,sala01,10777,1790197313118,0,0,OCUPADO,1,28,55,120,1,1
1790197315118,sala01,10778,1790197315118,0,0,OCUPADO,0,28,55,120,1,1
1790197317118,sala01,10779,1790197317118,0,0,OCUPADO,1,28,55,120,1,1
1790197319118,sala01,10780,1790197319118,0,0,OCUPADO,1,28,55,120,1,1
1790197321118,sala01,10781,1790197321118,0,0,OCUPADO,1,28,55,120,1,1
1790197323118,sala01,10782,1790197323118,0,0,OCUPADO,0,28,55,120,1,1
1790197325118,sala01,10783,1790197325118,0,0,OCUPADO,1,28,55,120,1,1
1790197327118,sala01,10784,1790197327118,0,0,OCUPADO,1,28,55,120,1,1
1790197329118,sala01,10785,1790197329118,0,0,OCUPADO,1,28,55,120,1,1
1790197331118,sala01,10786,1790197331118,0,0,OCUPADO,0,28,55,120,1,1
1790197333118,sala01,10787,1790197333118,0,0,OCUPADO,1,28,55,120,1,1
1790197335118,sala01,10788,1790197335118,0,0,OCUPADO,1,28,55,120,1,1
1790197337118,sala01,10789,1790197337118,0,0,OCUPADO,1,28,55,120,1,1
1790197339118,sala01,10790,1790197339118,0,0,OCUPADO,0,28,55,120,1,1
1790197341118,sala01,10791,1790197341118,0,0,OCUPADO,1,28,55,120,1,1
1790197343118,sala01,10792,1790197343118,0,0,OCUPADO,1,28,55,120,1,1
1790197345118,sala01,10793,1790197345118,0,0,OCUPADO,1,28,55,120,1,1
1790197347118,sala01,10794,1790197347118,0,0,OCUPADO,0,28,55,120,1,1
1790197349118,sala01,10795,1790197349118,0,0,OCUPADO,1,28,55,120,1,1
1790197351118,sala01,10796,1790197351118,0,0,OCUPADO,1,28,55,120,1,1
1790197353118,sala01,10797,1790197353118,0,0,OCUPADO,1,28,55,120,1,1
1790197355118,sala01,10798,1790197355118,0,0,OCUPADO,0,28,55,120,1,1
1790197357118,sala01,10799,1790197357118,0,0,OCUPADO,1,28,55,120,1,1
1790197359118,sala01,10800,1790197359118,0,0,OCUPADO,1,28,55,120,1,1
1790197361118,sala01,10801,1790197361118,0,0,OCUPADO,1,28,55,120,1,1
1790197363118,sala01,10802,1790197363118,0,0,OCUPADO,0,28,55,120,1,1
1790197365118,sala01,10803,1790197365118,0,0,OCUPADO,1,28,55,120,1,1
1790197367118,sala01,10804,1790197367118,0,0,OCUPADO,1,28,55,120,1,1
1790197369118,sala01,10805,1790197369118,0,0,OCUPADO,1,28,55,120,1,1
1790197371118,sala01,10806,1790197371118,0,0,OCUPADO,0,28,55,120,1,1
1790197373118,sala01,10807,1790197373118,0,0,OCUPADO,1,28,55,120,1,1
1790197375118,sala01,10808,1790197375118,0,0,OCUPADO,1,28,55,120,1,1
1790197377118,sala01,10809,1790197377118,0,0,OCUPADO,1,28,55,120,1,1
1790197379118,sala01,10810,1790197379118,0,0,OCUPADO,0,28,55,120,1,1
1790197381118,sala01,10811,1790197381118,0,0,OCUPADO,1,28,55,120,1,1
1790197383118,sala01,10812,1790197383118,0,0,OCUPADO,1,28,55,120,1,1
1790197385118,sala01,10813,1790197385118,0,0,OCUPADO,1,28,55,120,1,1
1790197387118,sala01,10814,1790197387118,0,0,OCUPADO,0,28,55,120,1,1
1790197389118,sala01,10815,1790197389118,0,0,OCUPADO,1,28,55,120,1,1
1790197391118,sala01,10816,1790197391118,0,0,OCUPADO,1,28,55,120,1,1
1790197393118,sala01,10817,1790197393118,0,0,OCUPADO,1,28,55,120,1,1
1790197395118,sala01,10818,1790197395118,0,0,OCUPADO,0,28,55,120,1,1
1790197397118,sala01,10819,1790197397118,0,0,OCUPADO,1,28,55,120,1,1
1790197399118,sala01,10820,1790197399118,0,0,OCUPADO,1,28,55,120,1,1
1790197401118,sala01,10821,1790197401118,0,0,OCUPADO,1,28,55,120,1,1
1790197403118,sala01,10822,1790197403118,0,0,OCUPADO,0,28,55,120,1,1
1790197405118,sala01,10823,1790197405118,0,0,OCUPADO,1,28,55,120,1,1
1790197407118,sala01,10824,1790197407118,0,0,OCUPADO,1,28,55,120,1,1
1790197409118,sala01,10825,1790197409118,0,0,OCUPADO,1,28,55,120,1,1
1790197411118,sala01,10826,1790197411118,0,0,OCUPADO,0,28,55,120,1,1
1790197413118,sala01,10827,1790197413118,0,0,OCUPADO,1,28,55,120,1,1
1790197415118,sala01,10828,1790197415118,0,0,OCUPADO,1,28,55,120,1,1
1790197417118,sala01,10829,1790197417118,0,0,OCUPADO,1,28,55,120,1,1
1790197419118,sala01,10830,1790197419118,0,0,OCUPADO,0,28,55,120,1,1
1790197421118,sala01,10831,1790197421118,0,0,OCUPADO,1,28,55,120,1,1
1790197423118,sala01,10832,1790197423118,0,0,OCUPADO,1,28,55,120,1,1
1790197425118,sala01,10833,1790197425118,0,0,OCUPADO,1,28,55,120,1,1
1790197427118,sala01,10834,1790197427118,0,0,OCUPADO,0,28,55,120,1,1
1790197429118,sala01,10835,1790197429118,0,0,OCUPADO,1,28,55,120,1,1
1790197431118,sala01,10836,1790197431118,0,0,OCUPADO,1,28,55,120,1,1
1790197433118,sala01,10837,1790197433118,0,0,OCUPADO,1,28,55,120,1,1
1790197435118,sala01,10838,1790197435118,0,0,OCUPADO,0,28,55,120,1,1
1790197437118,sala01,10839,1790197437118,0,0,OCUPADO,1,28,55,120,1,1
1790197439118,sala01,10840,1790197439118,0,0,OCUPADO,1,28,55,120,1,1
1790197441118,sala01,10841,1790197441118,0,0,OCUPADO,1,28,55,120,1,1
1790197443118,sala01,10842,1790197443118,0,0,OCUPADO,0,28,55,120,1,1
1790197445118,sala01,10843,1790197445118,0,0,OCUPADO,1,28,55,120,1,1
1790197447118,sala01,10844,1790197447118,0,0,OCUPADO,1,28,55,120,1,1
1790197449118,sala01,10845,1790197449118,0,0,OCUPADO,1,28,55,120,1,1
1790197451118,sala01,10846,1790197451118,0,0,OCUPADO,0,28,55,120,1,1
1790197453118,sala01,10847,1790197453118,0,0,OCUPADO,1,28,55,120,1,1
1790197455118,sala01,10848,1790197455118,0,0,OCUPADO,1,28,55,120,1,1
1790197457118,sala01,10849,1790197457118,0,0,OCUPADO,1,28,55,120,1,1
1790197459118,sala01,10850,1790197459118,0,0,OCUPADO,0,28,55,120,1,1
1790197461118,sala01,10851,1790197461118,0,0,OCUPADO,1,28,55,120,1,1
1790197463118,sala01,10852,1790197463118,0,0,OCUPADO,1,28,55,120,1,1
1790197465118,sala01,10853,1790197465118,0,0,OCUPADO,1,28,55,120,1,1
1790197467118,sala01,10854,1790197467118,0,0,OCUPADO,0,28,55,120,1,1
1790197469118,sala01,10855,1790197469118,0,0,OCUPADO,1,28,55,120,1,1
1790197471118,sala01,10856,1790197471118,0,0,OCUPADO,1,28,55,120,1,1
1790197473118,sala01,10857,1790197473118,0,0,OCUPADO,1,28,55,120,1,1
1790197475118,sala01,10858,1790197475118,0,0,OCUPADO,0,28,55,120,1,1
1790197477118,sala01,10859,1790197477118,0,0,OCUPADO,1,28,55,120,1,1
1790197479118,sala01,10860,1790197479118,0,0,OCUPADO,1,28,55,120,1,1
1790197481118,sala01,10861,1790197481118,0,0,OCUPADO,1,28,55,120,1,1
1790197483118,sala01,10862,1790197483118,0,0,OCUPADO,0,28,55,120,1,1
1790197485118,sala01,10863,1790197485118,0,0,OCUPADO,1,28,55,120,1,1
1790197487118,sala01,10864,1790197487118,0,0,OCUPADO,1,28,55,120,1,1
1790197489118,sala01,10865,1790197489118,0,0,OCUPADO,1,28,55,120,1,1
1790197491118,sala01,10866,1790197491118,0,0,OCUPADO,0,28,55,120,1,1
1790197493118,sala01,10867,1790197493118,0,0,OCUPADO,1,28,55,120,1,1
1790197495118,sala01,10868,1790197495118,0,0,OCUPADO,1,28,55,120,1,1
1790197497118,sala01,10869,1790197497118,0,0,OCUPADO,1,28,55,120,1,1
1790197499118,sala01,10870,1790197499118,0,0,OCUPADO,0,28,55,120,1,1
1790197501118,sala01,10871,1790197501118,0,0,OCUPADO,1,28,55,120,1,1
1790197503118,sala01,10872,1790197503118,0,0,OCUPADO,1,28,55,120,1,1
1790197505118,sala01,10873,1790197505118,0,0,OCUPADO,1,28,55,120,1,1
1790197507118,sala01,10874,1790197507118,0,0,OCUPADO,0,28,55,120,1,1
1790197509118,sala01,10875,1790197509118,0,0,OCUPADO,1,28,55,120,1,1
1790197511118,sala01,10876,1790197511118,0,0,OCUPADO,1,28,55,120,1,1
1790197513118,sala01,10877,1790197513118,0,0,OCUPADO,1,28,55,120,1,1
1790197515118,sala01,10878,1790197515118,0,0,OCUPADO,0,28,55,120,1,1
1790197517118,sala01,10879,1790197517118,0,0,OCUPADO,1,28,55,120,1,1
1790197519118,sala01,10880,1790197519118,0,0,OCUPADO,1,28,55,120,1,1
1790197521118,sala01,10881,1790197521118,0,0,OCUPADO,1,28,55,120,1,1
1790197523118,sala01,10882,1790197523118,0,0,OCUPADO,0,28,55,120,1,1
1790197525118,sala01,10883,1790197525118,0,0,OCUPADO,1,28,55,120,1,1
1790197527118,sala01,10884,1790197527118,0,0,OCUPADO,1,28,55,120,1,1
1790197529118,sala01,10885,1790197529118,0,0,OCUPADO,1,28,55,120,1,1
1790197531118,sala01,10886,1790197531118,0,0,OCUPADO,0,28,55,120,1,1
1790197533118,sala01,10887,1790197533118,0,0,OCUPADO,1,28,55,120,1,1
1790197535118,sala01,10888,1790197535118,0,0,OCUPADO,1,28,55,120,1,1
1790197537118,sala01,10889,1790197537118,0,0,OCUPADO,1,28,55,120,1,1
1790197539118,sala01,10890,1790197539118,0,0,OCUPADO,0,28,55,120,1,1
1790197541118,sala01,10891,1790197541118,0,0,OCUPADO,1,28,55,120,1,1
1790197543118,sala01,10892,1790197543118,0,0,OCUPADO,1,28,55,120,1,1
1790197545118,sala01,10893,1790197545118,0,0,OCUPADO,1,28,55,120,1,1
1790197547118,sala01,10894,1790197547118,0,0,OCUPADO,0,28,55,120,1,1
1790197549118,sala01,10895,1790197549118,0,0,OCUPADO,1,28,55,120,1,1
1790197551118,sala01,10896,1790197551118,0,0,OCUPADO,1,28,55,120,1,1
1790197553118,sala01,10897,1790197553118,0,0,OCUPADO,1,28,55,120,1,1
1790197555118,sala01,10898,1790197555118,0,0,OCUPADO,0,28,55,120,1,1
1790197557118,sala01,10899,1790197557118,0,0,OCUPADO,1,28,55,120,1,1
1790197559118,sala01,10900,1790197559118,0,0,OCUPADO,1,28,55,120,1,1
1790197561118,sala01,10901,1790197561118,0,0,OCUPADO,1,28,55,120,1,1
1790197563118,sala01,10902,1790197563118,0,0,OCUPADO,0,28,55,120,1,1
1790197565118,sala01,10903,1790197565118,0,0,OCUPADO,1,28,55,120,1,1
1790197567118,sala01,10904,1790197567118,0,0,OCUPADO,1,28,55,120,1,1
1790197569118,sala01,10905,1790197569118,0,0,OCUPADO,1,28,55,120,1,1
1790197571118,sala01,10906,1790197571118,0,0,OCUPADO,0,28,55,120,1,1
1790197573118,sala01,10907,1790197573118,0,0,OCUPADO,1,28,55,120,1,1
1790197575118,sala01,10908,1790197575118,0,0,OCUPADO,1,28,55,120,1,1
1790197577118,sala01,10909,1790197577118,0,0,OCUPADO,1,28,55,120,1,1
1790197579118,sala01,10910,1790197579118,0,0,OCUPADO,0,28,55,120,1,1
1790197581118,sala01,10911,1790197581118,0,0,OCUPADO,1,28,55,120,1,1
1790197583118,sala01,10912,1790197583118,0,0,OCUPADO,1,28,55,120,1,1
1790197585118,sala01,10913,1790197585118,0,0,OCUPADO,1,28,55,120,1,1
1790197587118,sala01,10914,1790197587118,0,0,OCUPADO,0,28,55,120,1,1
1790197589118,sala01,10915,1790197589118,0,0,OCUPADO,1,28,55,120,1,1
1790197591118,sala01,10916,1790197591118,0,0,OCUPADO,1,28,55,120,1,1
1790197593118,sala01,10917,1790197593118,0,0,OCUPADO,1,28,55,120,1,1
1790197595118,sala01,10918,1790197595118,0,0,OCUPADO,0,28,55,120,1,1
1790197597118,sala01,10919,1790197597118,0,0,OCUPADO,1,28,55,120,1,1
1790197599118,sala01,10920,1790197599118,0,0,OCUPADO,1,28,55,120,1,1
1790197601118,sala01,10921,1790197601118,0,0,OCUPADO,1,28,55,120,1,1
1790197603118,sala01,10922,1790197603118,0,0,OCUPADO,0,28,55,120,1,1
1790197605118,sala01,10923,1790197605118,0,0,OCUPADO,1,28,55,120,1,1
1790197607118,sala01,10924,1790197607118,0,0,OCUPADO,1,28,55,120,1,1
1790197609118,sala01,10925,1790197609118,0,0,OCUPADO,1,28,55,120,1,1
1790197611118,sala01,10926,1790197611118,0,0,OCUPADO,0,28,55,120,1,1
1790197613118,sala01,10927,1790197613118,0,0,OCUPADO,1,28,55,120,1,1
1790197615118,sala01,10928,1790197615118,0,0,OCUPADO,1,28,55,120,1,1
1790197617118,sala01,10929,1790197617118,0,0,OCUPADO,1,28,55,120,1,1
1790197619118,sala01,10930,1790197619118,0,0,OCUPADO,0,28,55,120,1,1
1790197621118,sala01,10931,1790197621118,0,0,OCUPADO,1,28,55,120,1,1
1790197623118,sala01,10932,1790197623118,0,0,OCUPADO,1,28,55,120,1,1
1790197625118,sala01,10933,1790197625118,0,0,OCUPADO,1,28,55,120,1,1
1790197627118,sala01,10934,1790197627118,0,0,OCUPADO,0,28,55,120,1,1
1790197629118,sala01,10935,1790197629118,0,0,OCUPADO,1,28,55,120,1,1
1790197631118,sala01,10936,1790197631118,0,0,OCUPADO,1,28,55,120,1,1
1790197633118,sala01,10937,1790197633118,0,0,OCUPADO,1,28,55,120,1,1
1790197635118,sala01,10938,1790197635118,0,0,OCUPADO,0,28,55,120,1,1
1790197637118,sala01,10939,1790197637118,0,0,OCUPADO,1,28,55,120,1,1
1790197639118,sala01,10940,1790197639118,0,0,OCUPADO,1,28,55,120,1,1
1790197641118,sala01,10941,1790197641118,0,0,OCUPADO,1,28,55,120,1,1
1790197643118,sala01,10942,1790197643118,0,0,OCUPADO,0,28,55,120,1,1
1790197645118,sala01,10943,1790197645118,0,0,OCUPADO,1,28,55,120,1,1
1790197647118,sala01,10944,1790197647118,0,0,OCUPADO,1,28,55,120,1,1
1790197649118,sala01,10945,1790197649118,0,0,OCUPADO,1,28,55,120,1,1
1790197651118,sala01,10946,1790197651118,0,0,OCUPADO,0,28,55,120,1,1
1790197653118,sala01,10947,1790197653118,0,0,OCUPADO,1,28,55,120,1,1
1790197655118,sala01,10948,1790197655118,0,0,OCUPADO,1,28,55,120,1,1
1790197657118,sala01,10949,1790197657118,0,0,OCUPADO,1,28,55,120,1,1
1790197659118,sala01,10950,1790197659118,0,0,OCUPADO,0,28,55,120,1,1
1790197661118,sala01,10951,1790197661118,0,0,OCUPADO,1,28,55,120,1,1
1790197663118,sala01,10952,1790197663118,0,0,OCUPADO,1,28,55,120,1,1
1790197665118,sala01,10953,1790197665118,0,0,OCUPADO,1,28,55,120,1,1
1790197667118,sala01,10954,1790197667118,0,0,OCUPADO,0,28,55,120,1,1
1790197669118,sala01,10955,1790197669118,0,0,OCUPADO,1,28,55,120,1,1
1790197671118,sala01,10956,1790197671118,0,0,OCUPADO,1,28,55,120,1,1
1790197673118,sala01,10957,1790197673118,0,0,OCUPADO,1,28,55,120,1,1
1790197675118,sala01,10958,1790197675118,0,0,OCUPADO,0,28,55,120,1,1
1790197677118,sala01,10959,1790197677118,0,0,OCUPADO,1,28,55,120,1,1
1790197679118,sala01,10960,1790197679118,0,0,OCUPADO,1,28,55,120,1,1
1790197681118,sala01,10961,1790197681118,0,0,OCUPADO,1,28,55,120,1,1
1790197683118,sala01,10962,1790197683118,0,0,OCUPADO,0,28,55,120,1,1
1790197685118,sala01,10963,1790197685118,0,0,OCUPADO,1,28,55,120,1,1
1790197687118,sala01,10964,1790197687118,0,0,OCUPADO,1,28,55,120,1,1
1790197689118,sala01,10965,1790197689118,0,0,OCUPADO,1,28,55,120,1,1
1790197691118,sala01,10966,1790197691118,0,0,OCUPADO,0,28,55,120,1,1
1790197693118,sala01,10967,1790197693118,0,0,OCUPADO,1,28,55,120,1,1
1790197695118,sala01,10968,1790197695118,0,0,OCUPADO,1,28,55,120,1,1
1790197697118,sala01,10969,1790197697118,0,0,OCUPADO,1,28,55,120,1,1
1790197699118,sala01,10970,1790197699118,0,0,OCUPADO,0,28,55,120,1,1
1790197701118,sala01,10971,1790197701118,0,0,OCUPADO,1,28,55,120,1,1
1790197703118,sala01,10972,1790197703118,0,0,OCUPADO,1,28,55,120,1,1
1790197705118,sala01,10973,1790197705118,0,0,OCUPADO,1,28,55,120,1,1
1790197707118,sala01,10974,1790197707118,0,0,OCUPADO,0,28,55,120,1,1
1790197709118,sala01,10975,1790197709118,0,0,OCUPADO,1,28,55,120,1,1
1790197711118,sala01,10976,1790197711118,0,0,OCUPADO,1,28,55,120,1,1
1790197713118,sala01,10977,1790197713118,0,0,OCUPADO,1,28,55,120,1,1
1790197715118,sala01,10978,1790197715118,0,0,OCUPADO,0,28,55,120,1,1
1790197717118,sala01,10979,1790197717118,0,0,OCUPADO,1,28,55,120,1,1
1790197719118,sala01,10980,1790197719118,0,0,OCUPADO,1,28,55,120,1,1
1790197721118,sala01,10981,1790197721118,0,0,OCUPADO,1,28,55,120,1,1
1790197723118,sala01,10982,1790197723118,0,0,OCUPADO,0,28,55,120,1,1
1790197725118,sala01,10983,1790197725118,0,0,OCUPADO,1,28,55,120,1,1
1790197727118,sala01,10984,1790197727118,0,0,OCUPADO,1,28,55,120,1,1
1790197729118,sala01,10985,1790197729118,0,0,OCUPADO,1,28,55,120,1,1
1790197731118,sala01,10986,1790197731118,0,0,OCUPADO,0,28,55,120,1,1
1790197733118,sala01,10987,1790197733118,0,0,OCUPADO,1,28,55,120,1,1
1790197735118,sala01,10988,1790197735118,0,0,OCUPADO,1,28,55,120,1,1
1790197737118,sala01,10989,1790197737118,0,0,OCUPADO,1,28,55,120,1,1
1790197739118,sala01,10990,1790197739118,0,0,OCUPADO,0,28,55,120,1,1
1790197741118,sala01,10991,1790197741118,0,0,OCUPADO,1,28,55,120,1,1
1790197743118,sala01,10992,1790197743118,0,0,OCUPADO,1,28,55,120,1,1
1790197745118,sala01,10993,1790197745118,0,0,OCUPADO,1,28,55,120,1,1
1790197747118,sala01,10994,1790197747118,0,0,OCUPADO,0,28,55,120,1,1
1790197749118,sala01,10995,1790197749118,0,0,OCUPADO,1,28,55,120,1,1
1790197751118,sala01,10996,1790197751118,0,0,OCUPADO,1,28,55,120,1,1
1790197753118,sala01,10997,1790197753118,0,0,OCUPADO,1,28,55,120,1,1
1790197755118,sala01,10998,1790197755118,0,0,OCUPADO,0,28,55,120,1,1
1790197757118,sala01,10999,1790197757118,0,0,OCUPADO,1,28,55,120,1,1
1790197759118,sala01,11000,1790197759118,0,0,OCUPADO,1,28,55,120,1,1
1790197761118,sala01,11001,1790197761118,0,0,OCUPADO,1,28,55,120,1,1
1790197763118,sala01,11002,1790197763118,0,0,OCUPADO,0,28,55,120,1,1
1790197765118,sala01,11003,1790197765118,0,0,OCUPADO,1,28,55,120,1,1
1790197767118,sala01,11004,1790197767118,0,0,OCUPADO,1,28,55,120,1,1
1790197769118,sala01,11005,1790197769118,0,0,OCUPADO,1,28,55,120,1,1
1790197771118,sala01,11006,1790197771118,0,0,OCUPADO,0,28,55,120,1,1
1790197773118,sala01,11007,1790197773118,0,0,OCUPADO,1,28,55,120,1,1
1790197775118,sala01,11008,1790197775118,0,0,OCUPADO,1,28,55,120,1,1
1790197777118,sala01,11009,1790197777118,0,0,OCUPADO,1,28,55,120,1,1
1790197779118,sala01,11010,1790197779118,0,0,OCUPADO,0,28,55,120,1,1
1790197781118,sala01,11011,1790197781118,0,0,OCUPADO,1,28,55,120,1,1
1790197783118,sala01,11012,1790197783118,0,0,OCUPADO,1,28,55,120,1,1
1790197785118,sala01,11013,1790197785118,0,0,OCUPADO,1,28,55,120,1,1
1790197787118,sala01,11014,1790197787118,0,0,OCUPADO,0,28,55,120,1,1
1790197789118,sala01,11015,1790197789118,0,0,OCUPADO,1,28,55,120,1,1
1790197791118,sala01,11016,1790197791118,0,0,OCUPADO,1,28,55,120,1,1
1790197793118,sala01,11017,1790197793118,0,0,OCUPADO,1,28,55,120,1,1
1790197795118,sala01,11018,1790197795118,0,0,OCUPADO,0,28,55,120,1,1
1790197797118,sala01,11019,1790197797118,0,0,OCUPADO,1,28,55,120,1,1
1790197799118,sala01,11020,1790197799118,0,0,OCUPADO,1,28,55,120,1,1
1790197801118,sala01,11021,1790197801118,0,0,OCUPADO,1,28,55,120,1,1
1790197803118,sala01,11022,1790197803118,0,0,OCUPADO,0,28,55,120,1,1
1790197805118,sala01,11023,1790197805118,0,0,OCUPADO,1,28,55,120,1,1
1790197807118,sala01,11024,1790197807118,0,0,OCUPADO,1,28,55,120,1,1
1790197809118,sala01,11025,1790197809118,0,0,OCUPADO,1,28,55,120,1,1
1790197811118,sala01,11026,1790197811118,0,0,OCUPADO,0,28,55,120,1,1
1790197813118,sala01,11027,1790197813118,0,0,OCUPADO,1,28,55,120,1,1
1790197815118,sala01,11028,1790197815118,0,0,OCUPADO,1,28,55,120,1,1
1790197817118,sala01,11029,1790197817118,0,0,OCUPADO,1,28,55,120,1,1
1790197819118,sala01,11030,1790197819118,0,0,OCUPADO,0,28,55,120,1,1
1790197821118,sala01,11031,1790197821118,0,0,OCUPADO,1,28,55,120,1,1
1790197823118,sala01,11032,1790197823118,0,0,OCUPADO,1,28,55,120,1,1
1790197825118,sala01,11033,1790197825118,0,0,OCUPADO,1,28,55,120,1,1
1790197827118,sala01,11034,1790197827118,0,0,OCUPADO,0,28,55,120,1,1
1790197829118,sala01,11035,1790197829118,0,0,OCUPADO,1,28,55,120,1,1
1790197831118,sala01,11036,1790197831118,0,0,OCUPADO,1,28,55,120,1,1
1790197833118,sala01,11037,1790197833118,0,0,OCUPADO,1,28,55,120,1,1
1790197835118,sala01,11038,1790197835118,0,0,OCUPADO,0,28,55,120,1,1
1790197837118,sala01,11039,1790197837118,0,0,OCUPADO,1,28,55,120,1,1
1790197839118,sala01,11040,1790197839118,0,0,OCUPADO,1,28,55,120,1,1
1790197841118,sala01,11041,1790197841118,0,0,OCUPADO,1,28,55,120,1,1
1790197843118,sala01,11042,1790197843118,0,0,OCUPADO,0,28,55,120,1,1
1790197845118,sala01,11043,1790197845118,0,0,OCUPADO,1,28,55,120,1,1
1790197847118,sala01,11044,1790197847118,0,0,OCUPADO,1,28,55,120,1,1
1790197849118,sala01,11045,1790197849118,0,0,OCUPADO,1,28,55,120,1,1
1790197851118,sala01,11046,1790197851118,0,0,OCUPADO,0,28,55,120,1,1
1790197853118,sala01,11047,1790197853118,0,0,OCUPADO,1,28,55,120,1,1
1790197855118,sala01,11048,1790197855118,0,0,OCUPADO,1,28,55,120,1,1
1790197857118,sala01,11049,1790197857118,0,0,OCUPADO,1,28,55,120,1,1
1790197859118,sala01,11050,1790197859118,0,0,OCUPADO,0,28,55,120,1,1
1790197861118,sala01,11051,1790197861118,0,0,OCUPADO,1,28,55,120,1,1
1790197863118,sala01,11052,1790197863118,0,0,OCUPADO,1,28,55,120,1,1
1790197865118,sala01,11053,1790197865118,0,0,OCUPADO,1,28,55,120,1,1
1790197867118,sala01,11054,1790197867118,0,0,OCUPADO,0,28,55,120,1,1
1790197869118,sala01,11055,1790197869118,0,0,OCUPADO,1,28,55,120,1,1
1790197871118,sala01,11056,1790197871118,0,0,OCUPADO,1,28,55,120,1,1
1790197873118,sala01,11057,1790197873118,0,0,OCUPADO,1,28,55,120,1,1
1790197875118,sala01,11058,1790197875118,0,0,OCUPADO,0,28,55,120,1,1
1790197877118,sala01,11059,1790197877118,0,0,OCUPADO,1,28,55,120,1,1
1790197879118,sala01,11060,1790197879118,0,0,OCUPADO,1,28,55,120,1,1
1790197881118,sala01,11061,1790197881118,0,0,OCUPADO,1,28,55,120,1,1
1790197883118,sala01,11062,1790197883118,0,0,OCUPADO,0,28,55,120,1,1
1790197885118,sala01,11063,1790197885118,0,0,OCUPADO,1,28,55,120,1,1
1790197887118,sala01,11064,1790197887118,0,0,OCUPADO,1,28,55,120,1,1
1790197889118,sala01,11065,1790197889118,0,0,OCUPADO,1,28,55,120,1,1
1790197891118,sala01,11066,1790197891118,0,0,OCUPADO,0,28,55,120,1,1
1790197893118,sala01,11067,1790197893118,0,0,OCUPADO,1,28,55,120,1,1
1790197895118,sala01,11068,1790197895118,0,0,OCUPADO,1,28,55,120,1,1
1790197897118,sala01,11069,1790197897118,0,0,OCUPADO,1,28,55,120,1,1
1790197899118,sala01,11070,1790197899118,0,0,OCUPADO,0,28,55,120,1,1
1790197901118,sala01,11071,1790197901118,0,0,OCUPADO,1,28,55,120,1,1
1790197903118,sala01,11072,1790197903118,0,0,OCUPADO,1,28,55,120,1,1
1790197905118,sala01,11073,1790197905118,0,0,OCUPADO,1,28,55,120,1,1
1790197907118,sala01,11074,1790197907118,0,0,OCUPADO,0,28,55,120,1,1
1790197909118,sala01,11075,1790197909118,0,0,OCUPADO,1,28,55,120,1,1
1790197911118,sala01,11076,1790197911118,0,0,OCUPADO,1,28,55,120,1,1
1790197913118,sala01,11077,1790197913118,0,0,OCUPADO,1,28,55,120,1,1
1790197915118,sala01,11078,1790197915118,0,0,OCUPADO,0,28,55,120,1,1
1790197917118,sala01,11079,1790197917118,0,0,OCUPADO,1,28,55,120,1,1
1790197919118,sala01,11080,1790197919118,0,0,OCUPADO,1,28,55,120,1,1
1790197921118,sala01,11081,1790197921118,0,0,OCUPADO,1,28,55,120,1,1
1790197923118,sala01,11082,1790197923118,0,0,OCUPADO,0,28,55,120,1,1
1790197925118,sala01,11083,1790197925118,0,0,OCUPADO,1,28,55,120,1,1
1790197927118,sala01,11084,1790197927118,0,0,OCUPADO,1,28,55,120,1,1
1790197929118,sala01,11085,1790197929118,0,0,OCUPADO,1,28,55,120,1,1
1790197931118,sala01,11086,1790197931118,0,0,OCUPADO,0,28,55,120,1,1
1790197933118,sala01,11087,1790197933118,0,0,OCUPADO,1,28,55,120,1,1
1790197935118,sala01,11088,1790197935118,0,0,OCUPADO,1,28,55,120,1,1
1790197937118,sala01,11089,1790197937118,0,0,OCUPADO,1,28,55,120,1,1
1790197939118,sala01,11090,1790197939118,0,0,OCUPADO,0,28,55,120,1,1
1790197941118,sala01,11091,1790197941118,0,0,OCUPADO,1,28,55,120,1,1
1790197943118,sala01,11092,1790197943118,0,0,OCUPADO,1,28,55,120,1,1
1790197945118,sala01,11093,1790197945118,0,0,OCUPADO,1,28,55,120,1,1
1790197947118,sala01,11094,1790197947118,0,0,OCUPADO,0,28,55,120,1,1
1790197949118,sala01,11095,1790197949118,0,0,OCUPADO,1,28,55,120,1,1
1790197951118,sala01,11096,1790197951118,0,0,OCUPADO,1,28,55,120,1,1
1790197953118,sala01,11097,1790197953118,0,0,OCUPADO,1,28,55,120,1,1
1790197955118,sala01,11098,1790197955118,0,0,OCUPADO,0,28,55,120,1,1
1790197957118,sala01,11099,1790197957118,0,0,OCUPADO,1,28,55,120,1,1
1790197959118,sala01,11100,1790197959118,0,0,OCUPADO,1,28,55,120,1,1
1790197961118,sala01,11101,1790197961118,0,0,OCUPADO,1,28,55,120,1,1
1790197963118,sala01,11102,1790197963118,0,0,OCUPADO,0,28,55,120,1,1
1790197965118,sala01,11103,1790197965118,0,0,OCUPADO,1,28,55,120,1,1
1790197967118,sala01,11104,1790197967118,0,0,OCUPADO,1,28,55,120,1,1
1790197969118,sala01,11105,1790197969118,0,0,OCUPADO,1,28,55,120,1,1
1790197971118,sala01,11106,1790197971118,0,0,OCUPADO,0,28,55,120,1,1
1790197973118,sala01,11107,1790197973118,0,0,OCUPADO,1,28,55,120,1,1
1790197975118,sala01,11108,1790197975118,0,0,OCUPADO,1,28,55,120,1,1
1790197977118,sala01,11109,1790197977118,0,0,OCUPADO,1,28,55,120,1,1
1790197979118,sala01,11110,1790197979118,0,0,OCUPADO,0,28,55,120,1,1
1790197981118,sala01,11111,1790197981118,0,0,OCUPADO,1,28,55,120,1,1
1790197983118,sala01,11112,1790197983118,0,0,OCUPADO,1,28,55,120,1,1
1790197985118,sala01,11113,1790197985118,0,0,OCUPADO,1,28,55,120,1,1
1790197987118,sala01,11114,1790197987118,0,0,OCUPADO,0,28,55,120,1,1
1790197989118,sala01,11115,1790197989118,0,0,OCUPADO,1,28,55,120,1,1
1790197991118,sala01,11116,1790197991118,0,0,OCUPADO,1,28,55,120,1,1
1790197993118,sala01,11117,1790197993118,0,0,OCUPADO,1,28,55,120,1,1
1790197995118,sala01,11118,1790197995118,0,0,OCUPADO,0,28,55,120,1,1
1790197997118,sala01,11119,1790197997118,0,0,OCUPADO,1,28,55,120,1,1
1790197999118,sala01,11120,1790197999118,0,0,OCUPADO,1,28,55,120,1,1
1790198001118,sala01,11121,1790198001118,0,0,OCUPADO,1,28,55,120,1,1
1790198003118,sala01,11122,1790198003118,0,0,OCUPADO,0,28,55,120,1,1
1790198005118,sala01,11123,1790198005118,0,0,OCUPADO,1,28,55,120,1,1
1790198007118,sala01,11124,1790198007118,0,0,OCUPADO,1,28,55,120,1,1
1790198009118,sala01,11125,1790198009118,0,0,OCUPADO,1,28,55,120,1,1
1790198011118,sala01,11126,1790198011118,0,0,OCUPADO,0,28,55,120,1,1
1790198013118,sala01,11127,1790198013118,0,0,OCUPADO,1,28,55,120,1,1
1790198015118,sala01,11128,1790198015118,0,0,OCUPADO,1,28,55,120,1,1
1790198017118,sala01,11129,1790198017118,0,0,OCUPADO,1,28,55,120,1,1
1790198019118,sala01,11130,1790198019118,0,0,OCUPADO,0,28,55,120,1,1
1790198021118,sala01,11131,1790198021118,0,0,OCUPADO,1,28,55,120,1,1
1790198023118,sala01,11132,1790198023118,0,0,OCUPADO,1,28,55,120,1,1
1790198025118,sala01,11133,1790198025118,0,0,OCUPADO,1,28,55,120,1,1
1790198027118,sala01,11134,1790198027118,0,0,OCUPADO,0,28,55,120,1,1
1790198029118,sala01,11135,1790198029118,0,0,OCUPADO,1,28,55,120,1,1
1790198031118,sala01,11136,1790198031118,0,0,OCUPADO,1,28,55,120,1,1
1790198033118,sala01,11137,1790198033118,0,0,OCUPADO,1,28,55,120,1,1
1790198035118,sala01,11138,1790198035118,0,0,OCUPADO,0,28,55,120,1,1
1790198037118,sala01,11139,1790198037118,0,0,OCUPADO,1,28,55,120,1,1
1790198039118,sala01,11140,1790198039118,0,0,OCUPADO,1,28,55,120,1,1
1790198041118,sala01,11141,1790198041118,0,0,OCUPADO,1,28,55,120,1,1
1790198043118,sala01,11142,1790198043118,0,0,OCUPADO,0,28,55,120,1,1
1790198045118,sala01,11143,1790198045118,0,0,OCUPADO,1,28,55,120,1,1
1790198047118,sala01,11144,1790198047118,0,0,OCUPADO,1,28,55,120,1,1
1790198049118,sala01,11145,1790198049118,0,0,OCUPADO,1,28,55,120,1,1
1790198051118,sala01,11146,1790198051118,0,0,OCUPADO,0,28,55,120,1,1
1790198053118,sala01,11147,1790198053118,0,0,OCUPADO,1,28,55,120,1,1
1790198055118,sala01,11148,1790198055118,0,0,OCUPADO,1,28,55,120,1,1
1790198057118,sala01,11149,1790198057118,0,0,OCUPADO,1,28,55,120,1,1
1790198059118,sala01,11150,1790198059118,0,0,OCUPADO,0,28,55,120,1,1
1790198061118,sala01,11151,1790198061118,0,0,OCUPADO,1,28,55,120,1,1
1790198063118,sala01,11152,1790198063118,0,0,OCUPADO,1,28,55,120,1,1
1790198065118,sala01,11153,1790198065118,0,0,OCUPADO,1,28,55,120,1,1
1790198067118,sala01,11154,1790198067118,0,0,OCUPADO,0,28,55,120,1,1
1790198069118,sala01,11155,1790198069118,0,0,OCUPADO,1,28,55,120,1,1
1790198071118,sala01,11156,1790198071118,0,0,OCUPADO,1,28,55,120,1,1
1790198073118,sala01,11157,1790198073118,0,0,OCUPADO,1,28,55,120,1,1
1790198075118,sala01,11158,1790198075118,0,0,OCUPADO,0,28,55,120,1,1
1790198077118,sala01,11159,1790198077118,0,0,OCUPADO,1,28,55,120,1,1
1790198079118,sala01,11160,1790198079118,0,0,OCUPADO,1,28,55,120,1,1
1790198081118,sala01,11161,1790198081118,0,0,OCUPADO,1,28,55,120,1,1
1790198083118,sala01,11162,1790198083118,0,0,OCUPADO,0,28,55,120,1,1
1790198085118,sala01,11163,1790198085118,0,0,OCUPADO,1,28,55,120,1,1
1790198087118,sala01,11164,1790198087118,0,0,OCUPADO,1,28,55,120,1,1
1790198089118,sala01,11165,1790198089118,0,0,OCUPADO,1,28,55,120,1,1
1790198091118,sala01,11166,1790198091118,0,0,OCUPADO,0,28,55,120,1,1
1790198093118,sala01,11167,1790198093118,0,0,OCUPADO,1,28,55,120,1,1
1790198095118,sala01,11168,1790198095118,0,0,OCUPADO,1,28,55,120,1,1
1790198097118,sala01,11169,1790198097118,0,0,OCUPADO,1,28,55,120,1,1
1790198099118,sala01,11170,1790198099118,0,0,OCUPADO,0,28,55,120,1,1
1790198101118,sala01,11171,1790198101118,0,0,OCUPADO,1,28,55,120,1,1
1790198103118,sala01,11172,1790198103118,0,0,OCUPADO,1,28,55,120,1,1
1790198105118,sala01,11173,1790198105118,0,0,OCUPADO,1,28,55,120,1,1
1790198107118,sala01,11174,1790198107118,0,0,OCUPADO,0,28,55,120,1,1
1790198109118,sala01,11175,1790198109118,0,0,OCUPADO,1,28,55,120,1,1
1790198111118,sala01,11176,1790198111118,0,0,OCUPADO,1,28,55,120,1,1
1790198113118,sala01,11177,1790198113118,0,0,OCUPADO,1,28,55,120,1,1
1790198115118,sala01,11178,1790198115118,0,0,OCUPADO,0,28,55,120,1,1
1790198117118,sala01,11179,1790198117118,0,0,OCUPADO,1,28,55,120,1,1
1790198119118,sala01,11180,1790198119118,0,0,OCUPADO,1,28,55,120,1,1
1790198121118,sala01,11181,1790198121118,0,0,OCUPADO,1,28,55,120,1,1
1790198123118,sala01,11182,1790198123118,0,0,OCUPADO,0,28,55,120,1,1
1790198125118,sala01,11183,1790198125118,0,0,OCUPADO,1,28,55,120,1,1
1790198127118,sala01,11184,1790198127118,0,0,OCUPADO,1,28,55,120,1,1
1790198129118,sala01,11185,1790198129118,0,0,OCUPADO,1,28,55,120,1,1
1790198131118,sala01,11186,1790198131118,0,0,OCUPADO,0,28,55,120,1,1
1790198133118,sala01,11187,1790198133118,0,0,OCUPADO,1,28,55,120,1,1
1790198135118,sala01,11188,1790198135118,0,0,OCUPADO,1,28,55,120,1,1
1790198137118,sala01,11189,1790198137118,0,0,OCUPADO,1,28,55,120,1,1
1790198139118,sala01,11190,1790198139118,0,0,OCUPADO,0,28,55,120,1,1
1790198141118,sala01,11191,1790198141118,0,0,OCUPADO,1,28,55,120,1,1
1790198143118,sala01,11192,1790198143118,0,0,OCUPADO,1,28,55,120,1,1
1790198145118,sala01,11193,1790198145118,0,0,OCUPADO,1,28,55,120,1,1
1790198147118,sala01,11194,1790198147118,0,0,OCUPADO,0,28,55,120,1,1
1790198149118,sala01,11195,1790198149118,0,0,OCUPADO,1,28,55,120,1,1
1790198151118,sala01,11196,1790198151118,0,0,OCUPADO,1,28,55,120,1,1
1790198153118,sala01,11197,1790198153118,0,0,OCUPADO,1,28,55,120,1,1
1790198155118,sala01,11198,1790198155118,0,0,OCUPADO,0,28,55,120,1,1
1790198157118,sala01,11199,1790198157118,0,0,OCUPADO,1,28,55,120,1,1
1790198159118,sala01,11200,1790198159118,0,0,OCUPADO,1,28,55,120,1,1
1790198161118,sala01,11201,1790198161118,0,0,OCUPADO,1,28,55,120,1,1
1790198163118,sala01,11202,1790198163118,0,0,OCUPADO,0,28,55,120,1,1
1790198165118,sala01,11203,1790198165118,0,0,OCUPADO,1,28,55,120,1,1
1790198167118,sala01,11204,1790198167118,0,0,OCUPADO,1,28,55,120,1,1
1790198169118,sala01,11205,1790198169118,0,0,OCUPADO,1,28,55,120,1,1
1790198171118,sala01,11206,1790198171118,0,0,OCUPADO,0,28,55,120,1,1
1790198173118,sala01,11207,1790198173118,0,0,OCUPADO,1,28,55,120,1,1
1790198175118,sala01,11208,1790198175118,0,0,OCUPADO,1,28,55,120,1,1
1790198177118,sala01,11209,1790198177118,0,0,OCUPADO,1,28,55,120,1,1
1790198179118,sala01,11210,1790198179118,0,0,OCUPADO,0,28,55,120,1,1
1790198181118,sala01,11211,1790198181118,0,0,OCUPADO,1,28,55,120,1,1
1790198183118,sala01,11212,1790198183118,0,0,OCUPADO,1,28,55,120,1,1
1790198185118,sala01,11213,1790198185118,0,0,OCUPADO,1,28,55,120,1,1
1790198187118,sala01,11214,1790198187118,0,0,OCUPADO,0,28,55,120,1,1
1790198189118,sala01,11215,1790198189118,0,0,OCUPADO,1,28,55,120,1,1
1790198191118,sala01,11216,1790198191118,0,0,OCUPADO,1,28,55,120,1,1
1790198193118,sala01,11217,1790198193118,0,0,OCUPADO,1,28,55,120,1,1
1790198195118,sala01,11218,1790198195118,0,0,OCUPADO,0,28,55,120,1,1
1790198197118,sala01,11219,1790198197118,0,0,OCUPADO,1,28,55,120,1,1
1790198199118,sala01,11220,1790198199118,0,0,OCUPADO,1,28,55,120,1,1
1790198201118,sala01,11221,1790198201118,0,0,OCUPADO,1,28,55,120,1,1
1790198203118,sala01,11222,1790198203118,0,0,OCUPADO,0,28,55,120,1,1
1790198205118,sala01,11223,1790198205118,0,0,OCUPADO,1,28,55,120,1,1
1790198207118,sala01,11224,1790198207118,0,0,OCUPADO,1,28,55,120,1,1
1790198209118,sala01,11225,1790198209118,0,0,OCUPADO,1,28,55,120,1,1
1790198211118,sala01,11226,1790198211118,0,0,OCUPADO,0,28,55,120,1,1
1790198213118,sala01,11227,1790198213118,0,0,OCUPADO,1,28,55,120,1,1
1790198215118,sala01,11228,1790198215118,0,0,OCUPADO,1,28,55,120,1,1
1790198217118,sala01,11229,1790198217118,0,0,OCUPADO,1,28,55,120,1,1
1790198219118,sala01,11230,1790198219118,0,0,OCUPADO,0,28,55,120,1,1
1790198221118,sala01,11231,1790198221118,0,0,OCUPADO,1,28,55,120,1,1
1790198223118,sala01,11232,1790198223118,0,0,OCUPADO,1,28,55,120,1,1
1790198225118,sala01,11233,1790198225118,0,0,OCUPADO,1,28,55,120,1,1
1790198227118,sala01,11234,1790198227118,0,0,OCUPADO,0,28,55,120,1,1
1790198229118,sala01,11235,1790198229118,0,0,OCUPADO,1,28,55,120,1,1
1790198231118,sala01,11236,1790198231118,0,0,OCUPADO,1,28,55,120,1,1
1790198233118,sala01,11237,1790198233118,0,0,OCUPADO,1,28,55,120,1,1
1790198235118,sala01,11238,1790198235118,0,0,OCUPADO,0,28,55,120,1,1
1790198237118,sala01,11239,1790198237118,0,0,OCUPADO,1,28,55,120,1,1
1790198239118,sala01,11240,1790198239118,0,0,OCUPADO,1,28,55,120,1,1
1790198241118,sala01,11241,1790198241118,0,0,OCUPADO,1,28,55,120,1,1
1790198243118,sala01,11242,1790198243118,0,0,OCUPADO,0,28,55,120,1,1
1790198245118,sala01,11243,1790198245118,0,0,OCUPADO,1,28,55,120,1,1
1790198247118,sala01,11244,1790198247118,0,0,OCUPADO,1,28,55,120,1,1
1790198249118,sala01,11245,1790198249118,0,0,OCUPADO,1,28,55,120,1,1
1790198251118,sala01,11246,1790198251118,0,0,OCUPADO,0,28,55,120,1,1
1790198253118,sala01,11247,1790198253118,0,0,OCUPADO,1,28,55,120,1,1
1790198255118,sala01,11248,1790198255118,0,0,OCUPADO,1,28,55,120,1,1
1790198257118,sala01,11249,1790198257118,0,0,OCUPADO,1,28,55,120,1,1
1790198259118,sala01,11250,1790198259118,0,0,OCUPADO,0,28,55,120,1,1
1790198261118,sala01,11251,1790198261118,0,0,OCUPADO,1,28,55,120,1,1
1790198263118,sala01,11252,1790198263118,0,0,OCUPADO,1,28,55,120,1,1
1790198265118,sala01,11253,1790198265118,0,0,OCUPADO,1,28,55,120,1,1
1790198267118,sala01,11254,1790198267118,0,0,OCUPADO,0,28,55,120,1,1
1790198269118,sala01,11255,1790198269118,0,0,OCUPADO,1,28,55,120,1,1
1790198271118,sala01,11256,1790198271118,0,0,OCUPADO,1,28,55,120,1,1
1790198273118,sala01,11257,1790198273118,0,0,OCUPADO,1,28,55,120,1,1
1790198275118,sala01,11258,1790198275118,0,0,OCUPADO,0,28,55,120,1,1
1790198277118,sala01,11259,1790198277118,0,0,OCUPADO,1,28,55,120,1,1
1790198279118,sala01,11260,1790198279118,0,0,OCUPADO,1,28,55,120,1,1
1790198281118,sala01,11261,1790198281118,0,0,OCUPADO,1,28,55,120,1,1
1790198283118,sala01,11262,1790198283118,0,0,OCUPADO,0,28,55,120,1,1
1790198285118,sala01,11263,1790198285118,0,0,OCUPADO,1,28,55,120,1,1
1790198287118,sala01,11264,1790198287118,0,0,OCUPADO,1,28,55,120,1,1
1790198289118,sala01,11265,1790198289118,0,0,OCUPADO,1,28,55,120,1,1
1790198291118,sala01,11266,1790198291118,0,0,OCUPADO,0,28,55,120,1,1
1790198293118,sala01,11267,1790198293118,0,0,OCUPADO,1,28,55,120,1,1
1790198295118,sala01,11268,1790198295118,0,0,OCUPADO,1,28,55,120,1,1
1790198297118,sala01,11269,1790198297118,0,0,OCUPADO,1,28,55,120,1,1
1790198299118,sala01,11270,1790198299118,0,0,OCUPADO,0,28,55,120,1,1
1790198301118,sala01,11271,1790198301118,0,0,OCUPADO,1,28,55,120,1,1
1790198303118,sala01,11272,1790198303118,0,0,OCUPADO,1,28,55,120,1,1
1790198305118,sala01,11273,1790198305118,0,0,OCUPADO,1,28,55,120,1,1
1790198307118,sala01,11274,1790198307118,0,0,OCUPADO,0,28,55,120,1,1
1790198309118,sala01,11275,1790198309118,0,0,OCUPADO,1,28,55,120,1,1
1790198311118,sala01,11276,1790198311118,0,0,OCUPADO,1,28,55,120,1,1
1790198313118,sala01,11277,1790198313118,0,0,OCUPADO,1,28,55,120,1,1
1790198315118,sala01,11278,1790198315118,0,0,OCUPADO,0,28,55,120,1,1
1790198317118,sala01,11279,1790198317118,0,0,OCUPADO,1,28,55,120,1,1
1790198319118,sala01,11280,1790198319118,0,0,OCUPADO,1,28,55,120,1,1
1790198321118,sala01,11281,1790198321118,0,0,OCUPADO,1,28,55,120,1,1
1790198323118,sala01,11282,1790198323118,0,0,OCUPADO,0,28,55,120,1,1
1790198325118,sala01,11283,1790198325118,0,0,OCUPADO,1,28,55,120,1,1
1790198327118,sala01,11284,1790198327118,0,0,OCUPADO,1,28,55,120,1,1
1790198329118,sala01,11285,1790198329118,0,0,OCUPADO,1,28,55,120,1,1
1790198331118,sala01,11286,1790198331118,0,0,OCUPADO,0,28,55,120,1,1
1790198333118,sala01,11287,1790198333118,0,0,OCUPADO,1,28,55,120,1,1
1790198335118,sala01,11288,1790198335118,0,0,OCUPADO,1,28,55,120,1,1
1790198337118,sala01,11289,1790198337118,0,0,OCUPADO,1,28,55,120,1,1
1790198339118,sala01,11290,1790198339118,0,0,OCUPADO,0,28,55,120,1,1
1790198341118,sala01,11291,1790198341118,0,0,OCUPADO,1,28,55,120,1,1
1790198343118,sala01,11292,1790198343118,0,0,OCUPADO,1,28,55,120,1,1
1790198345118,sala01,11293,1790198345118,0,0,OCUPADO,1,28,55,120,1,1
1790198347118,sala01,11294,1790198347118,0,0,OCUPADO,0,28,55,120,1,1
1790198349118,sala01,11295,1790198349118,0,0,OCUPADO,1,28,55,120,1,1
1790198351118,sala01,11296,1790198351118,0,0,OCUPADO,1,28,55,120,1,1
1790198353118,sala01,11297,1790198353118,0,0,OCUPADO,1,28,55,120,1,1
1790198355118,sala01,11298,1790198355118,0,0,OCUPADO,0,28,55,120,1,1
1790198357118,sala01,11299,1790198357118,0,0,OCUPADO,1,28,55,120,1,1
1790198359118,sala01,11300,1790198359118,0,0,OCUPADO,1,28,55,120,1,1
1790198361118,sala01,11301,1790198361118,0,0,OCUPADO,1,28,55,120,1,1
1790198363118,sala01,11302,1790198363118,0,0,OCUPADO,0,28,55,120,1,1
1790198365118,sala01,11303,1790198365118,0,0,OCUPADO,1,28,55,120,1,1
1790198367118,sala01,11304,1790198367118,0,0,OCUPADO,1,28,55,120,1,1
1790198369118,sala01,11305,1790198369118,0,0,OCUPADO,1,28,55,120,1,1
1790198371118,sala01,11306,1790198371118,0,0,OCUPADO,0,28,55,120,1,1
1790198373118,sala01,11307,1790198373118,0,0,OCUPADO,1,28,55,120,1,1
1790198375118,sala01,11308,1790198375118,0,0,OCUPADO,1,28,55,120,1,1
1790198377118,sala01,11309,1790198377118,0,0,OCUPADO,1,28,55,120,1,1
1790198379118,sala01,11310,1790198379118,0,0,OCUPADO,0,28,55,120,1,1
1790198381118,sala01,11311,1790198381118,0,0,OCUPADO,1,28,55,120,1,1
1790198383118,sala01,11312,1790198383118,0,0,OCUPADO,1,28,55,120,1,1
1790198385118,sala01,11313,1790198385118,0,0,OCUPADO,1,28,55,120,1,1
1790198387118,sala01,11314,1790198387118,0,0,OCUPADO,0,28,55,120,1,1
1790198389118,sala01,11315,1790198389118,0,0,OCUPADO,1,28,55,120,1,1
1790198391118,sala01,11316,1790198391118,0,0,OCUPADO,1,28,55,120,1,1
1790198393118,sala01,11317,1790198393118,0,0,OCUPADO,1,28,55,120,1,1
1790198395118,sala01,11318,1790198395118,0,0,OCUPADO,0,28,55,120,1,1
1790198397118,sala01,11319,1790198397118,0,0,OCUPADO,1,28,55,120,1,1
1790198399118,sala01,11320,1790198399118,0,0,OCUPADO,1,28,55,120,1,1
1790198401118,sala01,11321,1790198401118,0,0,OCUPADO,1,28,55,120,1,1
1790198403118,sala01,11322,1790198403118,0,0,OCUPADO,0,28,55,120,1,1
1790198405118,sala01,11323,1790198405118,0,0,OCUPADO,1,28,55,120,1,1
1790198407118,sala01,11324,1790198407118,0,0,OCUPADO,1,28,55,120,1,1
1790198409118,sala01,11325,1790198409118,0,0,OCUPADO,1,28,55,120,1,1
1790198411118,sala01,11326,1790198411118,0,0,OCUPADO,0,28,55,120,1,1
1790198413118,sala01,11327,1790198413118,0,0,OCUPADO,1,28,55,120,1,1
1790198415118,sala01,11328,1790198415118,0,0,OCUPADO,1,28,55,120,1,1
1790198417118,sala01,11329,1790198417118,0,0,OCUPADO,1,28,55,120,1,1
1790198419118,sala01,11330,1790198419118,0,0,OCUPADO,0,28,55,120,1,1
1790198421118,sala01,11331,1790198421118,0,0,OCUPADO,1,28,55,120,1,1
1790198423118,sala01,11332,1790198423118,0,0,OCUPADO,1,28,55,120,1,1
1790198425118,sala01,11333,1790198425118,0,0,OCUPADO,1,28,55,120,1,1
1790198427118,sala01,11334,1790198427118,0,0,OCUPADO,0,28,55,120,1,1
1790198429118,sala01,11335,1790198429118,0,0,OCUPADO,1,28,55,120,1,1
1790198431118,sala01,11336,1790198431118,0,0,OCUPADO,1,28,55,120,1,1
1790198433118,sala01,11337,1790198433118,0,0,OCUPADO,1,28,55,120,1,1
1790198435118,sala01,11338,1790198435118,0,0,OCUPADO,0,28,55,120,1,1
1790198437118,sala01,11339,1790198437118,0,0,OCUPADO,1,28,55,120,1,1
1790198439118,sala01,11340,1790198439118,0,0,OCUPADO,1,28,55,120,1,1
1790198441118,sala01,11341,1790198441118,0,0,OCUPADO,1,28,55,120,1,1
1790198443118,sala01,11342,1790198443118,0,0,OCUPADO,0,28,55,120,1,1
1790198445118,sala01,11343,1790198445118,0,0,OCUPADO,1,28,55,120,1,1
1790198447118,sala01,11344,1790198447118,0,0,OCUPADO,1,28,55,120,1,1
1790198449118,sala01,11345,1790198449118,0,0,OCUPADO,1,28,55,120,1,1
1790198451118,sala01,11346,1790198451118,0,0,OCUPADO,0,28,55,120,1,1
1790198453118,sala01,11347,1790198453118,0,0,OCUPADO,1,28,55,120,1,1
1790198455118,sala01,11348,1790198455118,0,0,OCUPADO,1,28,55,120,1,1
1790198457118,sala01,11349,1790198457118,0,0,OCUPADO,1,28,55,120,1,1
1790198459118,sala01,11350,1790198459118,0,0,OCUPADO,0,28,55,120,1,1
1790198461118,sala01,11351,1790198461118,0,0,OCUPADO,1,28,55,120,1,1
1790198463118,sala01,11352,1790198463118,0,0,OCUPADO,1,28,55,120,1,1
1790198465118,sala01,11353,1790198465118,0,0,OCUPADO,1,28,55,120,1,1
1790198467118,sala01,11354,1790198467118,0,0,OCUPADO,0,28,55,120,1,1
1790198469118,sala01,11355,1790198469118,0,0,OCUPADO,1,28,55,120,1,1
1790198471118,sala01,11356,1790198471118,0,0,OCUPADO,1,28,55,120,1,1
1790198473118,sala01,11357,1790198473118,0,0,OCUPADO,1,28,55,120,1,1
1790198475118,sala01,11358,1790198475118,0,0,OCUPADO,0,28,55,120,1,1
1790198477118,sala01,11359,1790198477118,0,0,OCUPADO,1,28,55,120,1,1
1790198479118,sala01,11360,1790198479118,0,0,OCUPADO,1,28,55,120,1,1
1790198481118,sala01,11361,1790198481118,0,0,OCUPADO,1,28,55,120,1,1
1790198483118,sala01,11362,1790198483118,0,0,OCUPADO,0,28,55,120,1,1
1790198485118,sala01,11363,1790198485118,0,0,OCUPADO,1,28,55,120,1,1
1790198487118,sala01,11364,1790198487118,0,0,OCUPADO,1,28,55,120,1,1
1790198489118,sala01,11365,1790198489118,0,0,OCUPADO,1,28,55,120,1,1
1790198491118,sala01,11366,1790198491118,0,0,OCUPADO,0,28,55,120,1,1
1790198493118,sala01,11367,1790198493118,0,0,OCUPADO,1,28,55,120,1,1
1790198495118,sala01,11368,1790198495118,0,0,OCUPADO,1,28,55,120,1,1
1790198497118,sala01,11369,1790198497118,0,0,OCUPADO,1,28,55,120,1,1
1790198499118,sala01,11370,1790198499118,0,0,OCUPADO,0,28,55,120,1,1
1790198501118,sala01,11371,1790198501118,0,0,OCUPADO,1,28,55,120,1,1
1790198503118,sala01,11372,1790198503118,0,0,OCUPADO,1,28,55,120,1,1
1790198505118,sala01,11373,1790198505118,0,0,OCUPADO,1,28,55,120,1,1
1790198507118,sala01,11374,1790198507118,0,0,OCUPADO,0,28,55,120,1,1
1790198509118,sala01,11375,1790198509118,0,0,OCUPADO,1,28,55,120,1,1
1790198511118,sala01,11376,1790198511118,0,0,OCUPADO,1,28,55,120,1,1
1790198513118,sala01,11377,1790198513118,0,0,OCUPADO,1,28,55,120,1,1
1790198515118,sala01,11378,1790198515118,0,0,OCUPADO,0,28,55,120,1,1
1790198517118,sala01,11379,1790198517118,0,0,OCUPADO,1,28,55,120,1,1
1790198519118,sala01,11380,1790198519118,0,0,OCUPADO,1,28,55,120,1,1
1790198521118,sala01,11381,1790198521118,0,0,OCUPADO,1,28,55,120,1,1
1790198523118,sala01,11382,1790198523118,0,0,OCUPADO,0,28,55,120,1,1
1790198525118,sala01,11383,1790198525118,0,0,OCUPADO,1,28,55,120,1,1
1790198527118,sala01,11384,1790198527118,0,0,OCUPADO,1,28,55,120,1,1
1790198529118,sala01,11385,1790198529118,0,0,OCUPADO,1,28,55,120,1,1
1790198531118,sala01,11386,1790198531118,0,0,OCUPADO,0,28,55,120,1,1
1790198533118,sala01,11387,1790198533118,0,0,OCUPADO,1,28,55,120,1,1
1790198535118,sala01,11388,1790198535118,0,0,OCUPADO,1,28,55,120,1,1
1790198537118,sala01,11389,1790198537118,0,0,OCUPADO,1,28,55,120,1,1
1790198539118,sala01,11390,1790198539118,0,0,OCUPADO,0,28,55,120,1,1
1790198541118,sala01,11391,1790198541118,0,0,OCUPADO,1,28,55,120,1,1
1790198543118,sala01,11392,1790198543118,0,0,OCUPADO,1,28,55,120,1,1
1790198545118,sala01,11393,1790198545118,0,0,OCUPADO,1,28,55,120,1,1
1790198547118,sala01,11394,1790198547118,0,0,OCUPADO,0,28,55,120,1,1
1790198549118,sala01,11395,1790198549118,0,0,OCUPADO,1,28,55,120,1,1
1790198551118,sala01,11396,1790198551118,0,0,OCUPADO,1,28,55,120,1,1
1790198553118,sala01,11397,1790198553118,0,0,OCUPADO,1,28,55,120,1,1
1790198555118,sala01,11398,1790198555118,0,0,OCUPADO,0,28,55,120,1,1
1790198557118,sala01,11399,1790198557118,0,0,OCUPADO,1,28,55,120,1,1
1790198559118,sala01,11400,1790198559118,0,0,OCUPADO,1,28,55,120,1,1
1790198561118,sala01,11401,1790198561118,0,0,OCUPADO,1,28,55,120,1,1
1790198563118,sala01,11402,1790198563118,0,0,OCUPADO,0,28,55,120,1,1
1790198565118,sala01,11403,1790198565118,0,0,OCUPADO,1,28,55,120,1,1
1790198567118,sala01,11404,1790198567118,0,0,OCUPADO,1,28,55,120,1,1
1790198569118,sala01,11405,1790198569118,0,0,OCUPADO,1,28,55,120,1,1
1790198571118,sala01,11406,1790198571118,0,0,OCUPADO,0,28,55,120,1,1
1790198573118,sala01,11407,1790198573118,0,0,OCUPADO,1,28,55,120,1,1
1790198575118,sala01,11408,1790198575118,0,0,OCUPADO,1,28,55,120,1,1
1790198577118,sala01,11409,1790198577118,0,0,OCUPADO,1,28,55,120,1,1
1790198579118,sala01,11410,1790198579118,0,0,OCUPADO,0,28,55,120,1,1
1790198581118,sala01,11411,1790198581118,0,0,OCUPADO,1,28,55,120,1,1
1790198583118,sala01,11412,1790198583118,0,0,OCUPADO,1,28,55,120,1,1
1790198585118,sala01,11413,1790198585118,0,0,OCUPADO,1,28,55,120,1,1
1790198587118,sala01,11414,1790198587118,0,0,OCUPADO,0,28,55,120,1,1
1790198589118,sala01,11415,1790198589118,0,0,OCUPADO,1,28,55,120,1,1
1790198591118,sala01,11416,1790198591118,0,0,OCUPADO,1,28,55,120,1,1
1790198593118,sala01,11417,1790198593118,0,0,OCUPADO,1,28,55,120,1,1
1790198595118,sala01,11418,1790198595118,0,0,OCUPADO,0,28,55,120,1,1
1790198597118,sala01,11419,1790198597118,0,0,OCUPADO,1,28,55,120,1,1
1790198599118,sala01,11420,1790198599118,0,0,OCUPADO,1,28,55,120,1,1
1790198601118,sala01,11421,1790198601118,0,0,OCUPADO,1,28,55,120,1,1
1790198603118,sala01,11422,1790198603118,0,0,OCUPADO,0,28,55,120,1,1
1790198605118,sala01,11423,1790198605118,0,0,OCUPADO,1,28,55,120,1,1
1790198607118,sala01,11424,1790198607118,0,0,OCUPADO,1,28,55,120,1,1
1790198609118,sala01,11425,1790198609118,0,0,OCUPADO,1,28,55,120,1,1
1790198611118,sala01,11426,1790198611118,0,0,OCUPADO,0,28,55,120,1,1
1790198613118,sala01,11427,1790198613118,0,0,OCUPADO,1,28,55,120,1,1
1790198615118,sala01,11428,1790198615118,0,0,OCUPADO,1,28,55,120,1,1
1790198617118,sala01,11429,1790198617118,0,0,OCUPADO,1,28,55,120,1,1
1790198619118,sala01,11430,1790198619118,0,0,OCUPADO,0,28,55,120,1,1
1790198621118,sala01,11431,1790198621118,0,0,OCUPADO,1,28,55,120,1,1
1790198623118,sala01,11432,1790198623118,0,0,OCUPADO,1,28,55,120,1,1
1790198625118,sala01,11433,1790198625118,0,0,OCUPADO,1,28,55,120,1,1
1790198627118,sala01,11434,1790198627118,0,0,OCUPADO,0,28,55,120,1,1
1790198629118,sala01,11435,1790198629118,0,0,OCUPADO,1,28,55,120,1,1
1790198631118,sala01,11436,1790198631118,0,0,OCUPADO,1,28,55,120,1,1
1790198633118,sala01,11437,1790198633118,0,0,OCUPADO,1,28,55,120,1,1
1790198635118,sala01,11438,1790198635118,0,0,OCUPADO,0,28,55,120,1,1
1790198637118,sala01,11439,1790198637118,0,0,OCUPADO,1,28,55,120,1,1
1790198639118,sala01,11440,1790198639118,0,0,OCUPADO,1,28,55,120,1,1
1790198641118,sala01,11441,1790198641118,0,0,OCUPADO,1,28,55,120,1,1
1790198643118,sala01,11442,1790198643118,0,0,OCUPADO,0,28,55,120,1,1
1790198645118,sala01,11443,1790198645118,0,0,OCUPADO,1,28,55,120,1,1
1790198647118,sala01,11444,1790198647118,0,0,OCUPADO,1,28,55,120,1,1
1790198649118,sala01,11445,1790198649118,0,0,OCUPADO,1,28,55,120,1,1
1790198651118,sala01,11446,1790198651118,0,0,OCUPADO,0,28,55,120,1,1
1790198653118,sala01,11447,1790198653118,0,0,OCUPADO,1,28,55,120,1,1
1790198655118,sala01,11448,1790198655118,0,0,OCUPADO,1,28,55,120,1,1
1790198657118,sala01,11449,1790198657118,0,0,OCUPADO,1,28,55,120,1,1
1790198659118,sala01,11450,1790198659118,0,0,OCUPADO,0,28,55,120,1,1
1790198661118,sala01,11451,1790198661118,0,0,OCUPADO,1,28,55,120,1,1
1790198663118,sala01,11452,1790198663118,0,0,OCUPADO,1,28,55,120,1,1
1790198665118,sala01,11453,1790198665118,0,0,OCUPADO,1,28,55,120,1,1
1790198667118,sala01,11454,1790198667118,0,0,OCUPADO,0,28,55,120,1,1
1790198669118,sala01,11455,1790198669118,0,0,OCUPADO,1,28,55,120,1,1
1790198671118,sala01,11456,1790198671118,0,0,OCUPADO,1,28,55,120,1,1
1790198673118,sala01,11457,1790198673118,0,0,OCUPADO,1,28,55,120,1,1
1790198675118,sala01,11458,1790198675118,0,0,OCUPADO,0,28,55,120,1,1
1790198677118,sala01,11459,1790198677118,0,0,OCUPADO,1,28,55,120,1,1
1790198679118,sala01,11460,1790198679118,0,0,OCUPADO,1,28,55,120,1,1
1790198681118,sala01,11461,1790198681118,0,0,OCUPADO,1,28,55,120,1,1
1790198683118,sala01,11462,1790198683118,0,0,OCUPADO,0,28,55,120,1,1
1790198685118,sala01,11463,1790198685118,0,0,OCUPADO,1,28,55,120,1,1
1790198687118,sala01,11464,1790198687118,0,0,OCUPADO,1,28,55,120,1,1
1790198689118,sala01,11465,1790198689118,0,0,OCUPADO,1,28,55,120,1,1
1790198691118,sala01,11466,1790198691118,0,0,OCUPADO,0,28,55,120,1,1
1790198693118,sala01,11467,1790198693118,0,0,OCUPADO,1,28,55,120,1,1
1790198695118,sala01,11468,1790198695118,0,0,OCUPADO,1,28,55,120,1,1
1790198697118,sala01,11469,1790198697118,0,0,OCUPADO,1,28,55,120,1,1
1790198699118,sala01,11470,1790198699118,0,0,OCUPADO,0,28,55,120,1,1
1790198701118,sala01,11471,1790198701118,0,0,OCUPADO,1,28,55,120,1,1
1790198703118,sala01,11472,1790198703118,0,0,OCUPADO,1,28,55,120,1,1
1790198705118,sala01,11473,1790198705118,0,0,OCUPADO,1,28,55,120,1,1
1790198707118,sala01,11474,1790198707118,0,0,OCUPADO,0,28,55,120,1,1
1790198709118,sala01,11475,1790198709118,0,0,OCUPADO,1,28,55,120,1,1
1790198711118,sala01,11476,1790198711118,0,0,OCUPADO,1,28,55,120,1,1
1790198713118,sala01,11477,1790198713118,0,0,OCUPADO,1,28,55,120,1,1
1790198715118,sala01,11478,1790198715118,0,0,OCUPADO,0,28,55,120,1,1
1790198717118,sala01,11479,1790198717118,0,0,OCUPADO,1,28,55,120,1,1
1790198719118,sala01,11480,1790198719118,0,0,OCUPADO,1,28,55,120,1,1
1790198721118,sala01,11481,1790198721118,0,0,OCUPADO,1,28,55,120,1,1
1790198723118,sala01,11482,1790198723118,0,0,OCUPADO,0,28,55,120,1,1
1790198725118,sala01,11483,1790198725118,0,0,OCUPADO,1,28,55,120,1,1
1790198727118,sala01,11484,1790198727118,0,0,OCUPADO,1,28,55,120,1,1
1790198729118,sala01,11485,1790198729118,0,0,OCUPADO,1,28,55,120,1,1
1790198731118,sala01,11486,1790198731118,0,0,OCUPADO,0,28,55,120,1,1
1790198733118,sala01,11487,1790198733118,0,0,OCUPADO,1,28,55,120,1,1
1790198735118,sala01,11488,1790198735118,0,0,OCUPADO,1,28,55,120,1,1
1790198737118,sala01,11489,1790198737118,0,0,OCUPADO,1,28,55,120,1,1
1790198739118,sala01,11490,1790198739118,0,0,OCUPADO,0,28,55,120,1,1
1790198741118,sala01,11491,1790198741118,0,0,OCUPADO,1,28,55,120,1,1
1790198743118,sala01,11492,1790198743118,0,0,OCUPADO,1,28,55,120,1,1
1790198745118,sala01,11493,1790198745118,0,0,OCUPADO,1,28,55,120,1,1
1790198747118,sala01,11494,1790198747118,0,0,OCUPADO,0,28,55,120,1,1
1790198749118,sala01,11495,1790198749118,0,0,OCUPADO,1,28,55,120,1,1
1790198751118,sala01,11496,1790198751118,0,0,OCUPADO,1,28,55,120,1,1
1790198753118,sala01,11497,1790198753118,0,0,OCUPADO,1,28,55,120,1,1
1790198755118,sala01,11498,1790198755118,0,0,OCUPADO,0,28,55,120,1,1
1790198757118,sala01,11499,1790198757118,0,0,OCUPADO,1,28,55,120,1,1
1790198759118,sala01,11500,1790198759118,0,0,OCUPADO,1,28,55,120,1,1
1790198761118,sala01,11501,1790198761118,0,0,OCUPADO,1,28,55,120,1,1
1790198763118,sala01,11502,1790198763118,0,0,OCUPADO,0,28,55,120,1,1
1790198765118,sala01,11503,1790198765118,0,0,OCUPADO,1,28,55,120,1,1
1790198767118,sala01,11504,1790198767118,0,0,OCUPADO,1,28,55,120,1,1
1790198769118,sala01,11505,1790198769118,0,0,OCUPADO,1,28,55,120,1,1
1790198771118,sala01,11506,1790198771118,0,0,OCUPADO,0,28,55,120,1,1
1790198773118,sala01,11507,1790198773118,0,0,OCUPADO,1,28,55,120,1,1
1790198775118,sala01,11508,1790198775118,0,0,OCUPADO,1,28,55,120,1,1
1790198777118,sala01,11509,1790198777118,0,0,OCUPADO,1,28,55,120,1,1
1790198779118,sala01,11510,1790198779118,0,0,OCUPADO,0,28,55,120,1,1
1790198781118,sala01,11511,1790198781118,0,0,OCUPADO,1,28,55,120,1,1
1790198783118,sala01,11512,1790198783118,0,0,OCUPADO,1,28,55,120,1,1
1790198785118,sala01,11513,1790198785118,0,0,OCUPADO,1,28,55,120,1,1
1790198787118,sala01,11514,1790198787118,0,0,OCUPADO,0,28,55,120,1,1
1790198789118,sala01,11515,1790198789118,0,0,OCUPADO,1,28,55,120,1,1
1790198791118,sala01,11516,1790198791118,0,0,OCUPADO,1,28,55,120,1,1
1790198793118,sala01,11517,1790198793118,0,0,OCUPADO,1,28,55,120,1,1
1790198795118,sala01,11518,1790198795118,0,0,OCUPADO,0,28,55,120,1,1
1790198797118,sala01,11519,1790198797118,0,0,OCUPADO,1,28,55,120,1,1
1790198799118,sala01,11520,1790198799118,0,0,OCUPADO,1,28,55,120,1,1
1790198801118,sala01,11521,1790198801118,0,0,OCUPADO,1,28,55,120,1,1
1790198803118,sala01,11522,1790198803118,0,0,OCUPADO,0,28,55,120,1,1
1790198805118,sala01,11523,1790198805118,0,0,OCUPADO,1,28,55,120,1,1
1790198807118,sala01,11524,1790198807118,0,0,OCUPADO,1,28,55,120,1,1
1790198809118,sala01,11525,1790198809118,0,0,OCUPADO,1,28,55,120,1,1
1790198811118,sala01,11526,1790198811118,0,0,OCUPADO,0,28,55,120,1,1
1790198813118,sala01,11527,1790198813118,0,0,OCUPADO,1,28,55,120,1,1
1790198815118,sala01,11528,1790198815118,0,0,OCUPADO,1,28,55,120,1,1
1790198817118,sala01,11529,1790198817118,0,0,OCUPADO,1,28,55,120,1,1
1790198819118,sala01,11530,1790198819118,0,0,OCUPADO,0,28,55,120,1,1
1790198821118,sala01,11531,1790198821118,0,0,OCUPADO,1,28,55,120,1,1
1790198823118,sala01,11532,1790198823118,0,0,OCUPADO,1,28,55,120,1,1
1790198825118,sala01,11533,1790198825118,0,0,OCUPADO,1,28,55,120,1,1
1790198827118,sala01,11534,1790198827118,0,0,OCUPADO,0,28,55,120,1,1
1790198829118,sala01,11535,1790198829118,0,0,OCUPADO,1,28,55,120,1,1
1790198831118,sala01,11536,1790198831118,0,0,OCUPADO,1,28,55,120,1,1
1790198833118,sala01,11537,1790198833118,0,0,OCUPADO,1,28,55,120,1,1
1790198835118,sala01,11538,1790198835118,0,0,OCUPADO,0,28,55,120,1,1
1790198837118,sala01,11539,1790198837118,0,0,OCUPADO,1,28,55,120,1,1
1790198839118,sala01,11540,1790198839118,0,0,OCUPADO,1,28,55,120,1,1
1790198841118,sala01,11541,1790198841118,0,0,OCUPADO,1,28,55,120,1,1
1790198843118,sala01,11542,1790198843118,0,0,OCUPADO,0,28,55,120,1,1
1790198845118,sala01,11543,1790198845118,0,0,OCUPADO,1,28,55,120,1,1
1790198847118,sala01,11544,1790198847118,0,0,OCUPADO,1,28,55,120,1,1
1790198849118,sala01,11545,1790198849118,0,0,OCUPADO,1,28,55,120,1,1
1790198851118,sala01,11546,1790198851118,0,0,OCUPADO,0,28,55,120,1,1
1790198853118,sala01,11547,1790198853118,0,0,OCUPADO,1,28,55,120,1,1
1790198855118,sala01,11548,1790198855118,0,0,OCUPADO,1,28,55,120,1,1
1790198857118,sala01,11549,1790198857118,0,0,OCUPADO,1,28,55,120,1,1
1790198859118,sala01,11550,1790198859118,0,0,OCUPADO,0,28,55,120,1,1
1790198861118,sala01,11551,1790198861118,0,0,OCUPADO,1,28,55,120,1,1
1790198863118,sala01,11552,1790198863118,0,0,OCUPADO,1,28,55,120,1,1
1790198865118,sala01,11553,1790198865118,0,0,OCUPADO,1,28,55,120,1,1
1790198867118,sala01,11554,1790198867118,0,0,OCUPADO,0,28,55,120,1,1
1790198869118,sala01,11555,1790198869118,0,0,OCUPADO,1,28,55,120,1,1
1790198871118,sala01,11556,1790198871118,0,0,OCUPADO,1,28,55,120,1,1
1790198873118,sala01,11557,1790198873118,0,0,OCUPADO,1,28,55,120,1,1
1790198875118,sala01,11558,1790198875118,0,0,OCUPADO,0,28,55,120,1,1
1790198877118,sala01,11559,1790198877118,0,0,OCUPADO,1,28,55,120,1,1
1790198879118,sala01,11560,1790198879118,0,0,OCUPADO,1,28,55,120,1,1
1790198881118,sala01,11561,1790198881118,0,0,OCUPADO,1,28,55,120,1,1
1790198883118,sala01,11562,1790198883118,0,0,OCUPADO,0,28,55,120,1,1
1790198885118,sala01,11563,1790198885118,0,0,OCUPADO,1,28,55,120,1,1
1790198887118,sala01,11564,1790198887118,0,0,OCUPADO,1,28,55,120,1,1
1790198889118,sala01,11565,1790198889118,0,0,OCUPADO,1,28,55,120,1,1
1790198891118,sala01,11566,1790198891118,0,0,OCUPADO,0,28,55,120,1,1
1790198893118,sala01,11567,1790198893118,0,0,OCUPADO,1,28,55,120,1,1
1790198895118,sala01,11568,1790198895118,0,0,OCUPADO,1,28,55,120,1,1
1790198897118,sala01,11569,1790198897118,0,0,OCUPADO,1,28,55,120,1,1
1790198899118,sala01,11570,1790198899118,0,0,OCUPADO,0,28,55,120,1,1
1790198901118,sala01,11571,1790198901118,0,0,OCUPADO,1,28,55,120,1,1
1790198903118,sala01,11572,1790198903118,0,0,OCUPADO,1,28,55,120,1,1
1790198905118,sala01,11573,1790198905118,0,0,OCUPADO,1,28,55,120,1,1
1790198907118,sala01,11574,1790198907118,0,0,OCUPADO,0,28,55,120,1,1
1790198909118,sala01,11575,1790198909118,0,0,OCUPADO,1,28,55,120,1,1
1790198911118,sala01,11576,1790198911118,0,0,OCUPADO,1,28,55,120,1,1
1790198913118,sala01,11577,1790198913118,0,0,OCUPADO,1,28,55,120,1,1
1790198915118,sala01,11578,1790198915118,0,0,OCUPADO,0,28,55,120,1,1
1790198917118,sala01,11579,1790198917118,0,0,OCUPADO,1,28,55,120,1,1
1790198919118,sala01,11580,1790198919118,0,0,OCUPADO,1,28,55,120,1,1
1790198921118,sala01,11581,1790198921118,0,0,OCUPADO,1,28,55,120,1,1
1790198923118,sala01,11582,1790198923118,0,0,OCUPADO,0,28,55,120,1,1
1790198925118,sala01,11583,1790198925118,0,0,OCUPADO,1,28,55,120,1,1
1790198927118,sala01,11584,1790198927118,0,0,OCUPADO,1,28,55,120,1,1
1790198929118,sala01,11585,1790198929118,0,0,OCUPADO,1,28,55,120,1,1
1790198931118,sala01,11586,1790198931118,0,0,OCUPADO,0,28,55,120,1,1
1790198933118,sala01,11587,1790198933118,0,0,OCUPADO,1,28,55,120,1,1
1790198935118,sala01,11588,1790198935118,0,0,OCUPADO,1,28,55,120,1,1
1790198937118,sala01,11589,1790198937118,0,0,OCUPADO,1,28,55,120,1,1
1790198939118,sala01,11590,1790198939118,0,0,OCUPADO,0,28,55,120,1,1
1790198941118,sala01,11591,1790198941118,0,0,OCUPADO,1,28,55,120,1,1
1790198943118,sala01,11592,1790198943118,0,0,OCUPADO,1,28,55,120,1,1
1790198945118,sala01,11593,1790198945118,0,0,OCUPADO,1,28,55,120,1,1
1790198947118,sala01,11594,1790198947118,0,0,OCUPADO,0,28,55,120,1,1
1790198949118,sala01,11595,1790198949118,0,0,OCUPADO,1,28,55,120,1,1
1790198951118,sala01,11596,1790198951118,0,0,OCUPADO,1,28,55,120,1,1
1790198953118,sala01,11597,1790198953118,0,0,OCUPADO,1,28,55,120,1,1
1790198955118,sala01,11598,1790198955118,0,0,OCUPADO,0,28,55,120,1,1
1790198957118,sala01,11599,1790198957118,0,0,OCUPADO,1,28,55,120,1,1
1790198959118,sala01,11600,1790198959118,0,0,OCUPADO,1,28,55,120,1,1
1790198961118,sala01,11601,1790198961118,0,0,OCUPADO,1,28,55,120,1,1
1790198963118,sala01,11602,1790198963118,0,0,OCUPADO,0,28,55,120,1,1
1790198965118,sala01,11603,1790198965118,0,0,OCUPADO,1,28,55,120,1,1
1790198967118,sala01,11604,1790198967118,0,0,OCUPADO,1,28,55,120,1,1
1790198969118,sala01,11605,1790198969118,0,0,OCUPADO,1,28,55,120,1,1
1790198971118,sala01,11606,1790198971118,0,0,OCUPADO,0,28,55,120,1,1
1790198973118,sala01,11607,1790198973118,0,0,OCUPADO,1,28,55,120,1,1
1790198975118,sala01,11608,1790198975118,0,0,OCUPADO,1,28,55,120,1,1
1790198977118,sala01,11609,1790198977118,0,0,OCUPADO,1,28,55,120,1,1
1790198979118,sala01,11610,1790198979118,0,0,OCUPADO,0,28,55,120,1,1
1790198981118,sala01,11611,1790198981118,0,0,OCUPADO,1,28,55,120,1,1
1790198983118,sala01,11612,1790198983118,0,0,OCUPADO,1,28,55,120,1,1
1790198985118,sala01,11613,1790198985118,0,0,OCUPADO,1,28,55,120,1,1
1790198987118,sala01,11614,1790198987118,0,0,OCUPADO,0,28,55,120,1,1
1790198989118,sala01,11615,1790198989118,0,0,OCUPADO,1,28,55,120,1,1
1790198991118,sala01,11616,1790198991118,0,0,OCUPADO,1,28,55,120,1,1
1790198993118,sala01,11617,1790198993118,0,0,OCUPADO,1,28,55,120,1,1
1790198995118,sala01,11618,1790198995118,0,0,OCUPADO,0,28,55,120,1,1
1790198997118,sala01,11619,1790198997118,0,0,OCUPADO,1,28,55,120,1,1
1790198999118,sala01,11620,1790198999118,0,0,OCUPADO,1,28,55,120,1,1
1790199001118,sala01,11621,1790199001118,0,0,OCUPADO,1,28,55,120,1,1
1790199003118,sala01,11622,1790199003118,0,0,OCUPADO,0,28,55,120,1,1
1790199005118,sala01,11623,1790199005118,0,0,OCUPADO,1,28,55,120,1,1
1790199007118,sala01,11624,1790199007118,0,0,OCUPADO,1,28,55,120,1,1
1790199009118,sala01,11625,1790199009118,0,0,OCUPADO,1,28,55,120,1,1
1790199011118,sala01,11626,1790199011118,0,0,OCUPADO,0,28,55,120,1,1
1790199013118,sala01,11627,1790199013118,0,0,OCUPADO,1,28,55,120,1,1
1790199015118,sala01,11628,1790199015118,0,0,OCUPADO,1,28,55,120,1,1
1790199017118,sala01,11629,1790199017118,0,0,OCUPADO,1,28,55,120,1,1
1790199019118,sala01,11630,1790199019118,0,0,OCUPADO,0,28,55,120,1,1
1790199021118,sala01,11631,1790199021118,0,0,OCUPADO,1,28,55,120,1,1
1790199023118,sala01,11632,1790199023118,0,0,OCUPADO,1,28,55,120,1,1
1790199025118,sala01,11633,1790199025118,0,0,OCUPADO,1,28,55,120,1,1
1790199027118,sala01,11634,1790199027118,0,0,OCUPADO,0,28,55,120,1,1
1790199029118,sala01,11635,1790199029118,0,0,OCUPADO,1,28,55,120,1,1
1790199031118,sala01,11636,1790199031118,0,0,OCUPADO,1,28,55,120,1,1
1790199033118,sala01,11637,1790199033118,0,0,OCUPADO,1,28,55,120,1,1
1790199035118,sala01,11638,1790199035118,0,0,OCUPADO,0,28,55,120,1,1
1790199037118,sala01,11639,1790199037118,0,0,OCUPADO,1,28,55,120,1,1
1790199039118,sala01,11640,1790199039118,0,0,OCUPADO,1,28,55,120,1,1
1790199041118,sala01,11641,1790199041118,0,0,OCUPADO,1,28,55,120,1,1
1790199043118,sala01,11642,1790199043118,0,0,OCUPADO,0,28,55,120,1,1
1790199045118,sala01,11643,1790199045118,0,0,OCUPADO,1,28,55,120,1,1
1790199047118,sala01,11644,1790199047118,0,0,OCUPADO,1,28,55,120,1,1
1790199049118,sala01,11645,1790199049118,0,0,OCUPADO,1,28,55,120,1,1
1790199051118,sala01,11646,1790199051118,0,0,OCUPADO,0,28,55,120,1,1
1790199053118,sala01,11647,1790199053118,0,0,OCUPADO,1,28,55,120,1,1
1790199055118,sala01,11648,1790199055118,0,0,OCUPADO,1,28,55,120,1,1
1790199057118,sala01,11649,1790199057118,0,0,OCUPADO,1,28,55,120,1,1
1790199059118,sala01,11650,1790199059118,0,0,OCUPADO,0,28,55,120,1,1
1790199061118,sala01,11651,1790199061118,0,0,OCUPADO,1,28,55,120,1,1
1790199063118,sala01,11652,1790199063118,0,0,OCUPADO,1,28,55,120,1,1
1790199065118,sala01,11653,1790199065118,0,0,OCUPADO,1,28,55,120,1,1
1790199067118,sala01,11654,1790199067118,0,0,OCUPADO,0,28,55,120,1,1
1790199069118,sala01,11655,1790199069118,0,0,OCUPADO,1,28,55,120,1,1
1790199071118,sala01,11656,1790199071118,0,0,OCUPADO,1,28,55,120,1,1
1790199073118,sala01,11657,1790199073118,0,0,OCUPADO,1,28,55,120,1,1
1790199075118,sala01,11658,1790199075118,0,0,OCUPADO,0,28,55,120,1,1
1790199077118,sala01,11659,1790199077118,0,0,OCUPADO,1,28,55,120,1,1
1790199079118,sala01,11660,1790199079118,0,0,OCUPADO,1,28,55,120,1,1
1790199081118,sala01,11661,1790199081118,0,0,OCUPADO,1,28,55,120,1,1
1790199083118,sala01,11662,1790199083118,0,0,OCUPADO,0,28,55,120,1,1
1790199085118,sala01,11663,1790199085118,0,0,OCUPADO,1,28,55,120,1,1
1790199087118,sala01,11664,1790199087118,0,0,OCUPADO,1,28,55,120,1,1
1790199089118,sala01,11665,1790199089118,0,0,OCUPADO,1,28,55,120,1,1
1790199091118,sala01,11666,1790199091118,0,0,OCUPADO,0,28,55,120,1,1
1790199093118,sala01,11667,1790199093118,0,0,OCUPADO,1,28,55,120,1,1
1790199095118,sala01,11668,1790199095118,0,0,OCUPADO,1,28,55,120,1,1
1790199097118,sala01,11669,1790199097118,0,0,OCUPADO,1,28,55,120,1,1
1790199099118,sala01,11670,1790199099118,0,0,OCUPADO,0,28,55,120,1,1
1790199101118,sala01,11671,1790199101118,0,0,OCUPADO,1,28,55,120,1,1
1790199103118,sala01,11672,1790199103118,0,0,OCUPADO,1,28,55,120,1,1
1790199105118,sala01,11673,1790199105118,0,0,OCUPADO,1,28,55,120,1,1
1790199107118,sala01,11674,1790199107118,0,0,OCUPADO,0,28,55,120,1,1
1790199109118,sala01,11675,1790199109118,0,0,OCUPADO,1,28,55,120,1,1
1790199111118,sala01,11676,1790199111118,0,0,OCUPADO,1,28,55,120,1,1
1790199113118,sala01,11677,1790199113118,0,0,OCUPADO,1,28,55,120,1,1
1790199115118,sala01,11678,1790199115118,0,0,OCUPADO,0,28,55,120,1,1
1790199117118,sala01,11679,1790199117118,0,0,OCUPADO,1,28,55,120,1,1
1790199119118,sala01,11680,1790199119118,0,0,OCUPADO,1,28,55,120,1,1
1790199121118,sala01,11681,1790199121118,0,0,OCUPADO,1,28,55,120,1,1
1790199123118,sala01,11682,1790199123118,0,0,OCUPADO,0,28,55,120,1,1
1790199125118,sala01,11683,1790199125118,0,0,OCUPADO,1,28,55,120,1,1
1790199127118,sala01,11684,1790199127118,0,0,OCUPADO,1,28,55,120,1,1
1790199129118,sala01,11685,1790199129118,0,0,OCUPADO,1,28,55,120,1,1
1790199131118,sala01,11686,1790199131118,0,0,OCUPADO,0,28,55,120,1,1
1790199133118,sala01,11687,1790199133118,0,0,OCUPADO,1,28,55,120,1,1
1790199135118,sala01,11688,1790199135118,0,0,OCUPADO,1,28,55,120,1,1
1790199137118,sala01,11689,1790199137118,0,0,OCUPADO,1,28,55,120,1,1
1790199139118,sala01,11690,1790199139118,0,0,OCUPADO,0,28,55,120,1,1
1790199141118,sala01,11691,1790199141118,0,0,OCUPADO,1,28,55,120,1,1
1790199143118,sala01,11692,1790199143118,0,0,OCUPADO,1,28,55,120,1,1
1790199145118,sala01,11693,1790199145118,0,0,OCUPADO,1,28,55,120,1,1
1790199147118,sala01,11694,1790199147118,0,0,OCUPADO,0,28,55,120,1,1
1790199149118,sala01,11695,1790199149118,0,0,OCUPADO,1,28,55,120,1,1
1790199151118,sala01,11696,1790199151118,0,0,OCUPADO,1,28,55,120,1,1
1790199153118,sala01,11697,1790199153118,0,0,OCUPADO,1,28,55,120,1,1
1790199155118,sala01,11698,1790199155118,0,0,OCUPADO,0,28,55,120,1,1
1790199157118,sala01,11699,1790199157118,0,0,OCUPADO,1,28,55,120,1,1
1790199159118,sala01,11700,1790199159118,0,0,OCUPADO,1,28,55,120,1,1
1790199161118,sala01,11701,1790199161118,0,0,OCUPADO,1,28,55,120,1,1
1790199163118,sala01,11702,1790199163118,0,0,OCUPADO,0,28,55,120,1,1
1790199165118,sala01,11703,1790199165118,0,0,OCUPADO,1,28,55,120,1,1
1790199167118,sala01,11704,1790199167118,0,0,OCUPADO,1,28,55,120,1,1
1790199169118,sala01,11705,1790199169118,0,0,OCUPADO,1,28,55,120,1,1
1790199171118,sala01,11706,1790199171118,0,0,OCUPADO,0,28,55,120,1,1
1790199173118,sala01,11707,1790199173118,0,0,OCUPADO,1,28,55,120,1,1
1790199175118,sala01,11708,1790199175118,0,0,OCUPADO,1,28,55,120,1,1
1790199177118,sala01,11709,1790199177118,0,0,OCUPADO,1,28,55,120,1,1
1790199179118,sala01,11710,1790199179118,0,0,OCUPADO,0,28,55,120,1,1
1790199181118,sala01,11711,1790199181118,0,0,OCUPADO,1,28,55,120,1,1
1790199183118,sala01,11712,1790199183118,0,0,OCUPADO,1,28,55,120,1,1
1790199185118,sala01,11713,1790199185118,0,0,OCUPADO,1,28,55,120,1,1
1790199187118,sala01,11714,1790199187118,0,0,OCUPADO,0,28,55,120,1,1
1790199189118,sala01,11715,1790199189118,0,0,OCUPADO,1,28,55,120,1,1
1790199191118,sala01,11716,1790199191118,0,0,OCUPADO,1,28,55,120,1,1
1790199193118,sala01,11717,1790199193118,0,0,OCUPADO,1,28,55,120,1,1
1790199195118,sala01,11718,1790199195118,0,0,OCUPADO,0,28,55,120,1,1
1790199197118,sala01,11719,1790199197118,0,0,OCUPADO,1,28,55,120,1,1
1790199199118,sala01,11720,1790199199118,0,0,OCUPADO,1,28,55,120,1,1
1790199201118,sala01,11721,1790199201118,0,0,OCUPADO,1,28,55,120,1,1
1790199203118,sala01,11722,1790199203118,0,0,OCUPADO,0,28,55,120,1,1
1790199205118,sala01,11723,1790199205118,0,0,OCUPADO,1,28,55,120,1,1
1790199207118,sala01,11724,1790199207118,0,0,OCUPADO,1,28,55,120,1,1
1790199209118,sala01,11725,1790199209118,0,0,OCUPADO,1,28,55,120,1,1
1790199211118,sala01,11726,1790199211118,0,0,OCUPADO,0,28,55,120,1,1
1790199213118,sala01,11727,1790199213118,0,0,OCUPADO,1,28,55,120,1,1
1790199215118,sala01,11728,1790199215118,0,0,OCUPADO,1,28,55,120,1,1
1790199217118,sala01,11729,1790199217118,0,0,OCUPADO,1,28,55,120,1,1
1790199219118,sala01,11730,1790199219118,0,0,OCUPADO,0,28,55,120,1,1
1790199221118,sala01,11731,1790199221118,0,0,OCUPADO,1,28,55,120,1,1
1790199223118,sala01,11732,1790199223118,0,0,OCUPADO,1,28,55,120,1,1
1790199225118,sala01,11733,1790199225118,0,0,OCUPADO,1,28,55,120,1,1
1790199227118,sala01,11734,1790199227118,0,0,OCUPADO,0,28,55,120,1,1
1790199229118,sala01,11735,1790199229118,0,0,OCUPADO,1,28,55,120,1,1
1790199231118,sala01,11736,1790199231118,0,0,OCUPADO,1,28,55,120,1,1
1790199233118,sala01,11737,1790199233118,0,0,OCUPADO,1,28,55,120,1,1
1790199235118,sala01,11738,1790199235118,0,0,OCUPADO,0,28,55,120,1,1
1790199237118,sala01,11739,1790199237118,0,0,OCUPADO,1,28,55,120,1,1
1790199239118,sala01,11740,1790199239118,0,0,OCUPADO,1,28,55,120,1,1
1790199241118,sala01,11741,1790199241118,0,0,OCUPADO,1,28,55,120,1,1
1790199243118,sala01,11742,1790199243118,0,0,OCUPADO,0,28,55,120,1,1
1790199245118,sala01,11743,1790199245118,0,0,OCUPADO,1,28,55,120,1,1
1790199247118,sala01,11744,1790199247118,0,0,OCUPADO,1,28,55,120,1,1
1790199249118,sala01,11745,1790199249118,0,0,OCUPADO,1,28,55,120,1,1
1790199251118,sala01,11746,1790199251118,0,0,OCUPADO,0,28,55,120,1,1
1790199253118,sala01,11747,1790199253118,0,0,OCUPADO,1,28,55,120,1,1
1790199255118,sala01,11748,1790199255118,0,0,OCUPADO,1,28,55,120,1,1
1790199257118,sala01,11749,1790199257118,0,0,OCUPADO,1,28,55,120,1,1
1790199259118,sala01,11750,1790199259118,0,0,OCUPADO,0,28,55,120,1,1
1790199261118,sala01,11751,1790199261118,0,0,OCUPADO,1,28,55,120,1,1
1790199263118,sala01,11752,1790199263118,0,0,OCUPADO,1,28,55,120,1,1
1790199265118,sala01,11753,1790199265118,0,0,OCUPADO,1,28,55,120,1,1
1790199267118,sala01,11754,1790199267118,0,0,OCUPADO,0,28,55,120,1,1
1790199269118,sala01,11755,1790199269118,0,0,OCUPADO,1,28,55,120,1,1
1790199271118,sala01,11756,1790199271118,0,0,OCUPADO,1,28,55,120,1,1
1790199273118,sala01,11757,1790199273118,0,0,OCUPADO,1,28,55,120,1,1
1790199275118,sala01,11758,1790199275118,0,0,OCUPADO,0,28,55,120,1,1
1790199277118,sala01,11759,1790199277118,0,0,OCUPADO,1,28,55,120,1,1
1790199279118,sala01,11760,1790199279118,0,0,OCUPADO,1,28,55,120,1,1
1790199281118,sala01,11761,1790199281118,0,0,OCUPADO,1,28,55,120,1,1
1790199283118,sala01,11762,1790199283118,0,0,OCUPADO,0,28,55,120,1,1
1790199285118,sala01,11763,1790199285118,0,0,OCUPADO,1,28,55,120,1,1
1790199287118,sala01,11764,1790199287118,0,0,OCUPADO,1,28,55,120,1,1
1790199289118,sala01,11765,1790199289118,0,0,OCUPADO,1,28,55,120,1,1
1790199291118,sala01,11766,1790199291118,0,0,OCUPADO,0,28,55,120,1,1
1790199293118,sala01,11767,1790199293118,0,0,OCUPADO,1,28,55,120,1,1
1790199295118,sala01,11768,1790199295118,0,0,OCUPADO,1,28,55,120,1,1
1790199297118,sala01,11769,1790199297118,0,0,OCUPADO,1,28,55,120,1,1
1790199299118,sala01,11770,1790199299118,0,0,OCUPADO,0,28,55,120,1,1
1790199301118,sala01,11771,1790199301118,0,0,OCUPADO,1,28,55,120,1,1
1790199303118,sala01,11772,1790199303118,0,0,OCUPADO,1,28,55,120,1,1
1790199305118,sala01,11773,1790199305118,0,0,OCUPADO,1,28,55,120,1,1
1790199307118,sala01,11774,1790199307118,0,0,OCUPADO,0,28,55,120,1,1
1790199309118,sala01,11775,1790199309118,0,0,OCUPADO,1,28,55,120,1,1
1790199311118,sala01,11776,1790199311118,0,0,OCUPADO,1,28,55,120,1,1
1790199313118,sala01,11777,1790199313118,0,0,OCUPADO,1,28,55,120,1,1
1790199315118,sala01,11778,1790199315118,0,0,OCUPADO,0,28,55,120,1,1
1790199317118,sala01,11779,1790199317118,0,0,OCUPADO,1,28,55,120,1,1
1790199319118,sala01,11780,1790199319118,0,0,OCUPADO,1,28,55,120,1,1
1790199321118,sala01,11781,1790199321118,0,0,OCUPADO,1,28,55,120,1,1
1790199323118,sala01,11782,1790199323118,0,0,OCUPADO,0,28,55,120,1,1
1790199325118,sala01,11783,1790199325118,0,0,OCUPADO,1,28,55,120,1,1
1790199327118,sala01,11784,1790199327118,0,0,OCUPADO,1,28,55,120,1,1
1790199329118,sala01,11785,1790199329118,0,0,OCUPADO,1,28,55,120,1,1
1790199331118,sala01,11786,1790199331118,0,0,OCUPADO,0,28,55,120,1,1
1790199333118,sala01,11787,1790199333118,0,0,OCUPADO,1,28,55,120,1,1
1790199335118,sala01,11788,1790199335118,0,0,OCUPADO,1,28,55,120,1,1
1790199337118,sala01,11789,1790199337118,0,0,OCUPADO,1,28,55,120,1,1
1790199339118,sala01,11790,1790199339118,0,0,OCUPADO,0,28,55,120,1,1
1790199341118,sala01,11791,1790199341118,0,0,OCUPADO,1,28,55,120,1,1
1790199343118,sala01,11792,1790199343118,0,0,OCUPADO,1,28,55,120,1,1
1790199345118,sala01,11793,1790199345118,0,0,OCUPADO,1,28,55,120,1,1
1790199347118,sala01,11794,1790199347118,0,0,OCUPADO,0,28,55,120,1,1
1790199349118,sala01,11795,1790199349118,0,0,OCUPADO,1,28,55,120,1,1
1790199351118,sala01,11796,1790199351118,0,0,OCUPADO,1,28,55,120,1,1
1790199353118,sala01,11797,1790199353118,0,0,OCUPADO,1,28,55,120,1,1
1790199355118,sala01,11798,1790199355118,0,0,OCUPADO,0,28,55,120,1,1
1790199357118,sala01,11799,1790199357118,0,0,OCUPADO,1,28,55,120,1,1
1790199359118,sala01,11800,1790199359118,0,0,OCUPADO,1,28,55,120,1,1
1790199361118,sala01,11801,1790199361118,0,0,OCUPADO,1,28,55,120,1,1
1790199363118,sala01,11802,1790199363118,0,0,OCUPADO,0,28,55,120,1,1
1790199365118,sala01,11803,1790199365118,0,0,OCUPADO,1,28,55,120,1,1
1790199367118,sala01,11804,1790199367118,0,0,OCUPADO,1,28,55,120,1,1
1790199369118,sala01,11805,1790199369118,0,0,OCUPADO,1,28,55,120,1,1
1790199371118,sala01,11806,1790199371118,0,0,OCUPADO,0,28,55,120,1,1
1790199373118,sala01,11807,1790199373118,0,0,OCUPADO,1,28,55,120,1,1
1790199375118,sala01,11808,1790199375118,0,0,OCUPADO,1,28,55,120,1,1
1790199377118,sala01,11809,1790199377118,0,0,OCUPADO,1,28,55,120,1,1
1790199379118,sala01,11810,1790199379118,0,0,OCUPADO,0,28,55,120,1,1
1790199381118,sala01,11811,1790199381118,0,0,OCUPADO,1,28,55,120,1,1
1790199383118,sala01,11812,1790199383118,0,0,OCUPADO,1,28,55,120,1,1
1790199385118,sala01,11813,1790199385118,0,0,OCUPADO,1,28,55,120,1,1
1790199387118,sala01,11814,1790199387118,0,0,OCUPADO,0,28,55,120,1,1
1790199389118,sala01,11815,1790199389118,0,0,OCUPADO,1,28,55,120,1,1
1790199391118,sala01,11816,1790199391118,0,0,OCUPADO,1,28,55,120,1,1
1790199393118,sala01,11817,1790199393118,0,0,OCUPADO,1,28,55,120,1,1
1790199395118,sala01,11818,1790199395118,0,0,OCUPADO,0,28,55,120,1,1
1790199397118,sala01,11819,1790199397118,0,0,OCUPADO,1,28,55,120,1,1
1790199399118,sala01,11820,1790199399118,0,0,OCUPADO,1,28,55,120,1,1
1790199401118,sala01,11821,1790199401118,0,0,OCUPADO,1,28,55,120,1,1
1790199403118,sala01,11822,1790199403118,0,0,OCUPADO,0,28,55,120,1,1
1790199405118,sala01,11823,1790199405118,0,0,OCUPADO,1,28,55,120,1,1
1790199407118,sala01,11824,1790199407118,0,0,OCUPADO,1,28,55,120,1,1
1790199409118,sala01,11825,1790199409118,0,0,OCUPADO,1,28,55,120,1,1
1790199411118,sala01,11826,1790199411118,0,0,OCUPADO,0,28,55,120,1,1
1790199413118,sala01,11827,1790199413118,0,0,OCUPADO,1,28,55,120,1,1
1790199415118,sala01,11828,1790199415118,0,0,OCUPADO,1,28,55,120,1,1
1790199417118,sala01,11829,1790199417118,0,0,OCUPADO,1,28,55,120,1,1
1790199419118,sala01,11830,1790199419118,0,0,OCUPADO,0,28,55,120,1,1
1790199421118,sala01,11831,1790199421118,0,0,OCUPADO,1,28,55,120,1,1
1790199423118,sala01,11832,1790199423118,0,0,OCUPADO,1,28,55,120,1,1
1790199425118,sala01,11833,1790199425118,0,0,OCUPADO,1,28,55,120,1,1
1790199427118,sala01,11834,1790199427118,0,0,OCUPADO,0,28,55,120,1,1
1790199429118,sala01,11835,1790199429118,0,0,OCUPADO,1,28,55,120,1,1
1790199431118,sala01,11836,1790199431118,0,0,OCUPADO,1,28,55,120,1,1
1790199433118,sala01,11837,1790199433118,0,0,OCUPADO,1,28,55,120,1,1
1790199435118,sala01,11838,1790199435118,0,0,OCUPADO,0,28,55,120,1,1
1790199437118,sala01,11839,1790199437118,0,0,OCUPADO,1,28,55,120,1,1
1790199439118,sala01,11840,1790199439118,0,0,OCUPADO,1,28,55,120,1,1
1790199441118,sala01,11841,1790199441118,0,0,OCUPADO,1,28,55,120,1,1
1790199443118,sala01,11842,1790199443118,0,0,OCUPADO,0,28,55,120,1,1
1790199445118,sala01,11843,1790199445118,0,0,OCUPADO,1,28,55,120,1,1
1790199447118,sala01,11844,1790199447118,0,0,OCUPADO,1,28,55,120,1,1
1790199449118,sala01,11845,1790199449118,0,0,OCUPADO,1,28,55,120,1,1
1790199451118,sala01,11846,1790199451118,0,0,OCUPADO,0,28,55,120,1,1
1790199453118,sala01,11847,1790199453118,0,0,OCUPADO,1,28,55,120,1,1
1790199455118,sala01,11848,1790199455118,0,0,OCUPADO,1,28,55,120,1,1
1790199457118,sala01,11849,1790199457118,0,0,OCUPADO,1,28,55,120,1,1
1790199459118,sala01,11850,1790199459118,0,0,OCUPADO,0,28,55,120,1,1
1790199461118,sala01,11851,1790199461118,0,0,OCUPADO,1,28,55,120,1,1
1790199463118,sala01,11852,1790199463118,0,0,OCUPADO,1,28,55,120,1,1
1790199465118,sala01,11853,1790199465118,0,0,OCUPADO,1,28,55,120,1,1
1790199467118,sala01,11854,1790199467118,0,0,OCUPADO,0,28,55,120,1,1
1790199469118,sala01,11855,1790199469118,0,0,OCUPADO,1,28,55,120,1,1
1790199471118,sala01,11856,1790199471118,0,0,OCUPADO,1,28,55,120,1,1
1790199473118,sala01,11857,1790199473118,0,0,OCUPADO,1,28,55,120,1,1
1790199475118,sala01,11858,1790199475118,0,0,OCUPADO,0,28,55,120,1,1
1790199477118,sala01,11859,1790199477118,0,0,OCUPADO,1,28,55,120,1,1
1790199479118,sala01,11860,1790199479118,0,0,OCUPADO,1,28,55,120,1,1
1790199481118,sala01,11861,1790199481118,0,0,OCUPADO,1,28,55,120,1,1
1790199483118,sala01,11862,1790199483118,0,0,OCUPADO,0,28,55,120,1,1
1790199485118,sala01,11863,1790199485118,0,0,OCUPADO,1,28,55,120,1,1
1790199487118,sala01,11864,1790199487118,0,0,OCUPADO,1,28,55,120,1,1
1790199489118,sala01,11865,1790199489118,0,0,OCUPADO,1,28,55,120,1,1
1790199491118,sala01,11866,1790199491118,0,0,OCUPADO,0,28,55,120,1,1
1790199493118,sala01,11867,1790199493118,0,0,OCUPADO,1,28,55,120,1,1
1790199495118,sala01,11868,1790199495118,0,0,OCUPADO,1,28,55,120,1,1
1790199497118,sala01,11869,1790199497118,0,0,OCUPADO,1,28,55,120,1,1
1790199499118,sala01,11870,1790199499118,0,0,OCUPADO,0,28,55,120,1,1
1790199501118,sala01,11871,1790199501118,0,0,OCUPADO,1,28,55,120,1,1
1790199503118,sala01,11872,1790199503118,0,0,OCUPADO,1,28,55,120,1,1
1790199505118,sala01,11873,1790199505118,0,0,OCUPADO,1,28,55,120,1,1
1790199507118,sala01,11874,1790199507118,0,0,OCUPADO,0,28,55,120,1,1
1790199509118,sala01,11875,1790199509118,0,0,OCUPADO,1,28,55,120,1,1
1790199511118,sala01,11876,1790199511118,0,0,OCUPADO,1,28,55,120,1,1
1790199513118,sala01,11877,1790199513118,0,0,OCUPADO,1,28,55,120,1,1
1790199515118,sala01,11878,1790199515118,0,0,OCUPADO,0,28,55,120,1,1
1790199517118,sala01,11879,1790199517118,0,0,OCUPADO,1,28,55,120,1,1
1790199519118,sala01,11880,1790199519118,0,0,OCUPADO,1,28,55,120,1,1
1790199521118,sala01,11881,1790199521118,0,0,OCUPADO,1,28,55,120,1,1
1790199523118,sala01,11882,1790199523118,0,0,OCUPADO,0,28,55,120,1,1
1790199525118,sala01,11883,1790199525118,0,0,OCUPADO,1,28,55,120,1,1
1790199527118,sala01,11884,1790199527118,0,0,OCUPADO,1,28,55,120,1,1
1790199529118,sala01,11885,1790199529118,0,0,OCUPADO,1,28,55,120,1,1
1790199531118,sala01,11886,1790199531118,0,0,OCUPADO,0,28,55,120,1,1
1790199533118,sala01,11887,1790199533118,0,0,OCUPADO,1,28,55,120,1,1
1790199535118,sala01,11888,1790199535118,0,0,OCUPADO,1,28,55,120,1,1
1790199537118,sala01,11889,1790199537118,0,0,OCUPADO,1,28,55,120,1,1
1790199539118,sala01,11890,1790199539118,0,0,OCUPADO,0,28,55,120,1,1
1790199541118,sala01,11891,1790199541118,0,0,OCUPADO,1,28,55,120,1,1
1790199543118,sala01,11892,1790199543118,0,0,OCUPADO,1,28,55,120,1,1
1790199545118,sala01,11893,1790199545118,0,0,OCUPADO,1,28,55,120,1,1
1790199547118,sala01,11894,1790199547118,0,0,OCUPADO,0,28,55,120,1,1
1790199549118,sala01,11895,1790199549118,0,0,OCUPADO,1,28,55,120,1,1
1790199551118,sala01,11896,1790199551118,0,0,OCUPADO,1,28,55,120,1,1
1790199553118,sala01,11897,1790199553118,0,0,OCUPADO,1,28,55,120,1,1
1790199555118,sala01,11898,1790199555118,0,0,OCUPADO,0,28,55,120,1,1
1790199557118,sala01,11899,1790199557118,0,0,OCUPADO,1,28,55,120,1,1
1790199559118,sala01,11900,1790199559118,0,0,OCUPADO,1,28,55,120,1,1
1790199561118,sala01,11901,1790199561118,0,0,OCUPADO,1,28,55,120,1,1
1790199563118,sala01,11902,1790199563118,0,0,OCUPADO,0,28,55,120,1,1
1790199565118,sala01,11903,1790199565118,0,0,OCUPADO,1,28,55,120,1,1
1790199567118,sala01,11904,1790199567118,0,0,OCUPADO,1,28,55,120,1,1
1790199569118,sala01,11905,1790199569118,0,0,OCUPADO,1,28,55,120,1,1
1790199571118,sala01,11906,1790199571118,0,0,OCUPADO,0,28,55,120,1,1
1790199573118,sala01,11907,1790199573118,0,0,OCUPADO,1,28,55,120,1,1
1790199575118,sala01,11908,1790199575118,0,0,OCUPADO,1,28,55,120,1,1
1790199577118,sala01,11909,1790199577118,0,0,OCUPADO,1,28,55,120,1,1
1790199579118,sala01,11910,1790199579118,0,0,OCUPADO,0,28,55,120,1,1
1790199581118,sala01,11911,1790199581118,0,0,OCUPADO,1,28,55,120,1,1
1790199583118,sala01,11912,1790199583118,0,0,OCUPADO,1,28,55,120,1,1
1790199585118,sala01,11913,1790199585118,0,0,OCUPADO,1,28,55,120,1,1
1790199587118,sala01,11914,1790199587118,0,0,OCUPADO,0,28,55,120,1,1
1790199589118,sala01,11915,1790199589118,0,0,OCUPADO,1,28,55,120,1,1
1790199591118,sala01,11916,1790199591118,0,0,OCUPADO,1,28,55,120,1,1
1790199593118,sala01,11917,1790199593118,0,0,OCUPADO,1,28,55,120,1,1
1790199595118,sala01,11918,1790199595118,0,0,OCUPADO,0,28,55,120,1,1
1790199597118,sala01,11919,1790199597118,0,0,OCUPADO,1,28,55,120,1,1
1790199599118,sala01,11920,1790199599118,0,0,OCUPADO,1,28,55,120,1,1
1790199601118,sala01,11921,1790199601118,0,0,OCUPADO,1,28,55,120,1,1
1790199603118,sala01,11922,1790199603118,0,0,OCUPADO,0,28,55,120,1,1
1790199605118,sala01,11923,1790199605118,0,0,OCUPADO,1,28,55,120,1,1
1790199607118,sala01,11924,1790199607118,0,0,OCUPADO,1,28,55,120,1,1
1790199609118,sala01,11925,1790199609118,0,0,OCUPADO,1,28,55,120,1,1
1790199611118,sala01,11926,1790199611118,0,0,OCUPADO,0,28,55,120,1,1
1790199613118,sala01,11927,1790199613118,0,0,OCUPADO,1,28,55,120,1,1
1790199615118,sala01,11928,1790199615118,0,0,OCUPADO,1,28,55,120,1,1
1790199617118,sala01,11929,1790199617118,0,0,OCUPADO,1,28,55,120,1,1
1790199619118,sala01,11930,1790199619118,0,0,OCUPADO,0,28,55,120,1,1
1790199621118,sala01,11931,1790199621118,0,0,OCUPADO,1,28,55,120,1,1
1790199623118,sala01,11932,1790199623118,0,0,OCUPADO,1,28,55,120,1,1
1790199625118,sala01,11933,1790199625118,0,0,OCUPADO,1,28,55,120,1,1
1790199627118,sala01,11934,1790199627118,0,0,OCUPADO,0,28,55,120,1,1
1790199629118,sala01,11935,1790199629118,0,0,OCUPADO,1,28,55,120,1,1
1790199631118,sala01,11936,1790199631118,0,0,OCUPADO,1,28,55,120,1,1
1790199633118,sala01,11937,1790199633118,0,0,OCUPADO,1,28,55,120,1,1
1790199635118,sala01,11938,1790199635118,0,0,OCUPADO,0,28,55,120,1,1
1790199637118,sala01,11939,1790199637118,0,0,OCUPADO,1,28,55,120,1,1
1790199639118,sala01,11940,1790199639118,0,0,OCUPADO,1,28,55,120,1,1
1790199641118,sala01,11941,1790199641118,0,0,OCUPADO,1,28,55,120,1,1
1790199643118,sala01,11942,1790199643118,0,0,OCUPADO,0,28,55,120,1,1
1790199645118,sala01,11943,1790199645118,0,0,OCUPADO,1,28,55,120,1,1
1790199647118,sala01,11944,1790199647118,0,0,OCUPADO,1,28,55,120,1,1
1790199649118,sala01,11945,1790199649118,0,0,OCUPADO,1,28,55,120,1,1
1790199651118,sala01,11946,1790199651118,0,0,OCUPADO,0,28,55,120,1,1
1790199653118,sala01,11947,1790199653118,0,0,OCUPADO,1,28,55,120,1,1
1790199655118,sala01,11948,1790199655118,0,0,OCUPADO,1,28,55,120,1,1
1790199657118,sala01,11949,1790199657118,0,0,OCUPADO,1,28,55,120,1,1
1790199659118,sala01,11950,1790199659118,0,0,OCUPADO,0,28,55,120,1,1
1790199661118,sala01,11951,1790199661118,0,0,OCUPADO,1,28,55,120,1,1
1790199663118,sala01,11952,1790199663118,0,0,OCUPADO,1,28,55,120,1,1
1790199665118,sala01,11953,1790199665118,0,0,OCUPADO,1,28,55,120,1,1
1790199667118,sala01,11954,1790199667118,0,0,OCUPADO,0,28,55,120,1,1
1790199669118,sala01,11955,1790199669118,0,0,OCUPADO,1,28,55,120,1,1
1790199671118,sala01,11956,1790199671118,0,0,OCUPADO,1,28,55,120,1,1
1790199673118,sala01,11957,1790199673118,0,0,OCUPADO,1,28,55,120,1,1
1790199675118,sala01,11958,1790199675118,0,0,OCUPADO,0,28,55,120,1,1
1790199677118,sala01,11959,1790199677118,0,0,OCUPADO,1,28,55,120,1,1
1790199679118,sala01,11960,1790199679118,0,0,OCUPADO,1,28,55,120,1,1
1790199681118,sala01,11961,1790199681118,0,0,OCUPADO,1,28,55,120,1,1
1790199683118,sala01,11962,1790199683118,0,0,OCUPADO,0,28,55,120,1,1
1790199685118,sala01,11963,1790199685118,0,0,OCUPADO,1,28,55,120,1,1
1790199687118,sala01,11964,1790199687118,0,0,OCUPADO,1,28,55,120,1,1
1790199689118,sala01,11965,1790199689118,0,0,OCUPADO,1,28,55,120,1,1
1790199691118,sala01,11966,1790199691118,0,0,OCUPADO,0,28,55,120,1,1
1790199693118,sala01,11967,1790199693118,0,0,OCUPADO,1,28,55,120,1,1
1790199695118,sala01,11968,1790199695118,0,0,OCUPADO,1,28,55,120,1,1
1790199697118,sala01,11969,1790199697118,0,0,OCUPADO,1,28,55,120,1,1
1790199699118,sala01,11970,1790199699118,0,0,OCUPADO,0,28,55,120,1,1
1790199701118,sala01,11971,1790199701118,0,0,OCUPADO,1,28,55,120,1,1
1790199703118,sala01,11972,1790199703118,0,0,OCUPADO,1,28,55,120,1,1
1790199705118,sala01,11973,1790199705118,0,0,OCUPADO,1,28,55,120,1,1
1790199707118,sala01,11974,1790199707118,0,0,OCUPADO,0,28,55,120,1,1
1790199709118,sala01,11975,1790199709118,0,0,OCUPADO,1,28,55,120,1,1
1790199711118,sala01,11976,1790199711118,0,0,OCUPADO,1,28,55,120,1,1
1790199713118,sala01,11977,1790199713118,0,0,OCUPADO,1,28,55,120,1,1
1790199715118,sala01,11978,1790199715118,0,0,OCUPADO,0,28,55,120,1,1
1790199717118,sala01,11979,1790199717118,0,0,OCUPADO,1,28,55,120,1,1
1790199719118,sala01,11980,1790199719118,0,0,OCUPADO,1,28,55,120,1,1
1790199721118,sala01,11981,1790199721118,0,0,OCUPADO,1,28,55,120,1,1
1790199723118,sala01,11982,1790199723118,0,0,OCUPADO,0,28,55,120,1,1
1790199725118,sala01,11983,1790199725118,0,0,OCUPADO,1,28,55,120,1,1
1790199727118,sala01,11984,1790199727118,0,0,OCUPADO,1,28,55,120,1,1
1790199729118,sala01,11985,1790199729118,0,0,OCUPADO,1,28,55,120,1,1
1790199731118,sala01,11986,1790199731118,0,0,OCUPADO,0,28,55,120,1,1
1790199733118,sala01,11987,1790199733118,0,0,OCUPADO,1,28,55,120,1,1
1790199735118,sala01,11988,1790199735118,0,0,OCUPADO,1,28,55,120,1,1
1790199737118,sala01,11989,1790199737118,0,0,OCUPADO,1,28,55,120,1,1
1790199739118,sala01,11990,1790199739118,0,0,OCUPADO,0,28,55,120,1,1
1790199741118,sala01,11991,1790199741118,0,0,OCUPADO,1,28,55,120,1,1
1790199743118,sala01,11992,1790199743118,0,0,OCUPADO,1,28,55,120,1,1
1790199745118,sala01,11993,1790199745118,0,0,OCUPADO,1,28,55,120,1,1
1790199747118,sala01,11994,1790199747118,0,0,OCUPADO,0,28,55,120,1,1
1790199749118,sala01,11995,1790199749118,0,0,OCUPADO,1,28,55,120,1,1
1790199751118,sala01,11996,1790199751118,0,0,OCUPADO,1,28,55,120,1,1
1790199753118,sala01,11997,1790199753118,0,0,OCUPADO,1,28,55,120,1,1
1790199755118,sala01,11998,1790199755118,0,0,OCUPADO,0,28,55,120,1,1
1790199757118,sala01,11999,1790199757118,0,0,OCUPADO,1,28,55,120,1,1
1790199759118,sala01,12000,1790199759118,0,0,OCUPADO,1,28,55,120,1,1
1790199761118,sala01,12001,1790199761118,0,0,OCUPADO,1,28,55,120,1,1
1790199763118,sala01,12002,1790199763118,0,0,OCUPADO,0,28,55,120,1,1
1790199765118,sala01,12003,1790199765118,0,0,OCUPADO,1,28,55,120,1,1
1790199767118,sala01,12004,1790199767118,0,0,OCUPADO,1,28,55,120,1,1
1790199769118,sala01,12005,1790199769118,0,0,OCUPADO,1,28,55,120,1,1
1790199771118,sala01,12006,1790199771118,0,0,OCUPADO,0,28,55,120,1,1
1790199773118,sala01,12007,1790199773118,0,0,OCUPADO,1,28,55,120,1,1
1790199775118,sala01,12008,1790199775118,0,0,OCUPADO,1,28,55,120,1,1
1790199777118,sala01,12009,1790199777118,0,0,OCUPADO,1,28,55,120,1,1
1790199779118,sala01,12010,1790199779118,0,0,OCUPADO,0,28,55,120,1,1
1790199781118,sala01,12011,1790199781118,0,0,OCUPADO,1,28,55,120,1,1
1790199783118,sala01,12012,1790199783118,0,0,OCUPADO,1,28,55,120,1,1
1790199785118,sala01,12013,1790199785118,0,0,OCUPADO,1,28,55,120,1,1
1790199787118,sala01,12014,1790199787118,0,0,OCUPADO,0,28,55,120,1,1
1790199789118,sala01,12015,1790199789118,0,0,OCUPADO,1,28,55,120,1,1
1790199791118,sala01,12016,1790199791118,0,0,OCUPADO,1,28,55,120,1,1
1790199793118,sala01,12017,1790199793118,0,0,OCUPADO,1,28,55,120,1,1
1790199795118,sala01,12018,1790199795118,0,0,OCUPADO,0,28,55,120,1,1
1790199797118,sala01,12019,1790199797118,0,0,OCUPADO,1,28,55,120,1,1
1790199799118,sala01,12020,1790199799118,0,0,OCUPADO,1,28,55,120,1,1
1790199801118,sala01,12021,1790199801118,0,0,OCUPADO,1,28,55,120,1,1
1790199803118,sala01,12022,1790199803118,0,0,OCUPADO,0,28,55,120,1,1
1790199805118,sala01,12023,1790199805118,0,0,OCUPADO,1,28,55,120,1,1
1790199807118,sala01,12024,1790199807118,0,0,OCUPADO,1,28,55,120,1,1
1790199809118,sala01,12025,1790199809118,0,0,OCUPADO,1,28,55,120,1,1
1790199811118,sala01,12026,1790199811118,0,0,OCUPADO,0,28,55,120,1,1
1790199813118,sala01,12027,1790199813118,0,0,OCUPADO,1,28,55,120,1,1
1790199815118,sala01,12028,1790199815118,0,0,OCUPADO,1,28,55,120,1,1
1790199817118,sala01,12029,1790199817118,0,0,OCUPADO,1,28,55,120,1,1
1790199819118,sala01,12030,1790199819118,0,0,OCUPADO,0,28,55,120,1,1
1790199821118,sala01,12031,1790199821118,0,0,OCUPADO,1,28,55,120,1,1
1790199823118,sala01,12032,1790199823118,0,0,OCUPADO,1,28,55,120,1,1
1790199825118,sala01,12033,1790199825118,0,0,OCUPADO,1,28,55,120,1,1
1790199827118,sala01,12034,1790199827118,0,0,OCUPADO,0,28,55,120,1,1
1790199829118,sala01,12035,1790199829118,0,0,OCUPADO,1,28,55,120,1,1
1790199831118,sala01,12036,1790199831118,0,0,OCUPADO,1,28,55,120,1,1
1790199833118,sala01,12037,1790199833118,0,0,OCUPADO,1,28,55,120,1,1
1790199835118,sala01,12038,1790199835118,0,0,OCUPADO,0,28,55,120,1,1
1790199837118,sala01,12039,1790199837118,0,0,OCUPADO,1,28,55,120,1,1
1790199839118,sala01,12040,1790199839118,0,0,OCUPADO,1,28,55,120,1,1
1790199841118,sala01,12041,1790199841118,0,0,OCUPADO,1,28,55,120,1,1
1790199843118,sala01,12042,1790199843118,0,0,OCUPADO,0,28,55,120,1,1
1790199845118,sala01,12043,1790199845118,0,0,OCUPADO,1,28,55,120,1,1
1790199847118,sala01,12044,1790199847118,0,0,OCUPADO,1,28,55,120,1,1
1790199849118,sala01,12045,1790199849118,0,0,OCUPADO,1,28,55,120,1,1
1790199851118,sala01,12046,1790199851118,0,0,OCUPADO,0,28,55,120,1,1
1790199853118,sala01,12047,1790199853118,0,0,OCUPADO,1,28,55,120,1,1
1790199855118,sala01,12048,1790199855118,0,0,OCUPADO,1,28,55,120,1,1
1790199857118,sala01,12049,1790199857118,0,0,OCUPADO,1,28,55,120,1,1
1790199859118,sala01,12050,1790199859118,0,0,OCUPADO,0,28,55,120,1,1
1790199861118,sala01,12051,1790199861118,0,0,OCUPADO,1,28,55,120,1,1
1790199863118,sala01,12052,1790199863118,0,0,OCUPADO,1,28,55,120,1,1
1790199865118,sala01,12053,1790199865118,0,0,OCUPADO,1,28,55,120,1,1
1790199867118,sala01,12054,1790199867118,0,0,OCUPADO,0,28,55,120,1,1
1790199869118,sala01,12055,1790199869118,0,0,OCUPADO,1,28,55,120,1,1
1790199871118,sala01,12056,1790199871118,0,0,OCUPADO,1,28,55,120,1,1
1790199873118,sala01,12057,1790199873118,0,0,OCUPADO,1,28,55,120,1,1
1790199875118,sala01,12058,1790199875118,0,0,OCUPADO,0,28,55,120,1,1
1790199877118,sala01,12059,1790199877118,0,0,OCUPADO,1,28,55,120,1,1
1790199879118,sala01,12060,1790199879118,0,0,OCUPADO,1,28,55,120,1,1
1790199881118,sala01,12061,1790199881118,0,0,OCUPADO,1,28,55,120,1,1
1790199883118,sala01,12062,1790199883118,0,0,OCUPADO,0,28,55,120,1,1
1790199885118,sala01,12063,1790199885118,0,0,OCUPADO,1,28,55,120,1,1
1790199887118,sala01,12064,1790199887118,0,0,OCUPADO,1,28,55,120,1,1
1790199889118,sala01,12065,1790199889118,0,0,OCUPADO,1,28,55,120,1,1
1790199891118,sala01,12066,1790199891118,0,0,OCUPADO,0,28,55,120,1,1
1790199893118,sala01,12067,1790199893118,0,0,OCUPADO,1,28,55,120,1,1
1790199895118,sala01,12068,1790199895118,0,0,OCUPADO,1,28,55,120,1,1
1790199897118,sala01,12069,1790199897118,0,0,OCUPADO,1,28,55,120,1,1
1790199899118,sala01,12070,1790199899118,0,0,OCUPADO,0,28,55,120,1,1
1790199901118,sala01,12071,1790199901118,0,0,OCUPADO,1,28,55,120,1,1
1790199903118,sala01,12072,1790199903118,0,0,OCUPADO,1,28,55,120,1,1
1790199905118,sala01,12073,1790199905118,0,0,OCUPADO,1,28,55,120,1,1
1790199907118,sala01,12074,1790199907118,0,0,OCUPADO,0,28,55,120,1,1
1790199909118,sala01,12075,1790199909118,0,0,OCUPADO,1,28,55,120,1,1
1790199911118,sala01,12076,1790199911118,0,0,OCUPADO,1,28,55,120,1,1
1790199913118,sala01,12077,1790199913118,0,0,OCUPADO,1,28,55,120,1,1
1790199915118,sala01,12078,1790199915118,0,0,OCUPADO,0,28,55,120,1,1
1790199917118,sala01,12079,1790199917118,0,0,OCUPADO,1,28,55,120,1,1
1790199919118,sala01,12080,1790199919118,0,0,OCUPADO,1,28,55,120,1,1
1790199921118,sala01,12081,1790199921118,0,0,OCUPADO,1,28,55,120,1,1
1790199923118,sala01,12082,1790199923118,0,0,OCUPADO,0,28,55,120,1,1
1790199925118,sala01,12083,1790199925118,0,0,OCUPADO,1,28,55,120,1,1
1790199927118,sala01,12084,1790199927118,0,0,OCUPADO,1,28,55,120,1,1
1790199929118,sala01,12085,1790199929118,0,0,OCUPADO,1,28,55,120,1,1
1790199931118,sala01,12086,1790199931118,0,0,OCUPADO,0,28,55,120,1,1
1790199933118,sala01,12087,1790199933118,0,0,OCUPADO,1,28,55,120,1,1
1790199935118,sala01,12088,1790199935118,0,0,OCUPADO,1,28,55,120,1,1
1790199937118,sala01,12089,1790199937118,0,0,OCUPADO,1,28,55,120,1,1
1790199939118,sala01,12090,1790199939118,0,0,OCUPADO,0,28,55,120,1,1
1790199941118,sala01,12091,1790199941118,0,0,OCUPADO,1,28,55,120,1,1
1790199943118,sala01,12092,1790199943118,0,0,OCUPADO,1,28,55,120,1,1
1790199945118,sala01,12093,1790199945118,0,0,OCUPADO,1,28,55,120,1,1
1790199947118,sala01,12094,1790199947118,0,0,OCUPADO,0,28,55,120,1,1
1790199949118,sala01,12095,1790199949118,0,0,OCUPADO,1,28,55,120,1,1
1790199951118,sala01,12096,1790199951118,0,0,OCUPADO,1,28,55,120,1,1
1790199953118,sala01,12097,1790199953118,0,0,OCUPADO,1,28,55,120,1,1
1790199955118,sala01,12098,1790199955118,0,0,OCUPADO,0,28,55,120,1,1
1790199957118,sala01,12099,1790199957118,0,0,OCUPADO,1,28,55,120,1,1
1790199959118,sala01,12100,1790199959118,0,0,OCUPADO,1,28,55,120,1,1
1790199961118,sala01,12101,1790199961118,0,0,OCUPADO,1,28,55,120,1,1
1790199963118,sala01,12102,1790199963118,0,0,OCUPADO,0,28,55,120,1,1
1790199965118,sala01,12103,1790199965118,0,0,OCUPADO,1,28,55,120,1,1
1790199967118,sala01,12104,1790199967118,0,0,OCUPADO,1,28,55,120,1,1
1790199969118,sala01,12105,1790199969118,0,0,OCUPADO,1,28,55,120,1,1
1790199971118,sala01,12106,1790199971118,0,0,OCUPADO,0,28,55,120,1,1
1790199973118,sala01,12107,1790199973118,0,0,OCUPADO,1,28,55,120,1,1
1790199975118,sala01,12108,1790199975118,0,0,OCUPADO,1,28,55,120,1,1
1790199977118,sala01,12109,1790199977118,0,0,OCUPADO,1,28,55,120,1,1
1790199979118,sala01,12110,1790199979118,0,0,OCUPADO,0,28,55,120,1,1
1790199981118,sala01,12111,1790199981118,0,0,OCUPADO,1,28,55,120,1,1
1790199983118,sala01,12112,1790199983118,0,0,OCUPADO,1,28,55,120,1,1
1790199985118,sala01,12113,1790199985118,0,0,OCUPADO,1,28,55,120,1,1
1790199987118,sala01,12114,1790199987118,0,0,OCUPADO,0,28,55,120,1,1
1790199989118,sala01,12115,1790199989118,0,0,OCUPADO,1,28,55,120,1,1
1790199991118,sala01,12116,1790199991118,0,0,OCUPADO,1,28,55,120,1,1
1790199993118,sala01,12117,1790199993118,0,0,OCUPADO,1,28,55,120,1,1
1790199995118,sala01,12118,1790199995118,0,0,OCUPADO,0,28,55,120,1,1
1790199997118,sala01,12119,1790199997118,0,0,OCUPADO,1,28,55,120,1,1
1790199999118,sala01,12120,1790199999118,0,0,OCUPADO,1,28,55,120,1,1
1790200001118,sala01,12121,1790200001118,0,0,OCUPADO,1,28,55,120,1,1
1790200003118,sala01,12122,1790200003118,0,0,OCUPADO,0,28,55,120,1,1
1790200005118,sala01,12123,1790200005118,0,0,OCUPADO,1,28,55,120,1,1
1790200007118,sala01,12124,1790200007118,0,0,OCUPADO,1,28,55,120,1,1
1790200009118,sala01,12125,1790200009118,0,0,OCUPADO,1,28,55,120,1,1
1790200011118,sala01,12126,1790200011118,0,0,OCUPADO,0,28,55,120,1,1
1790200013118,sala01,12127,1790200013118,0,0,OCUPADO,1,28,55,120,1,1
1790200015118,sala01,12128,1790200015118,0,0,OCUPADO,1,28,55,120,1,1
1790200017118,sala01,12129,1790200017118,0,0,OCUPADO,1,28,55,120,1,1
1790200019118,sala01,12130,1790200019118,0,0,OCUPADO,0,28,55,120,1,1
1790200021118,sala01,12131,1790200021118,0,0,OCUPADO,1,28,55,120,1,1
1790200023118,sala01,12132,1790200023118,0,0,OCUPADO,1,28,55,120,1,1
1790200025118,sala01,12133,1790200025118,0,0,OCUPADO,1,28,55,120,1,1
1790200027118,sala01,12134,1790200027118,0,0,OCUPADO,0,28,55,120,1,1
1790200029118,sala01,12135,1790200029118,0,0,OCUPADO,1,28,55,120,1,1
1790200031118,sala01,12136,1790200031118,0,0,OCUPADO,1,28,55,120,1,1
1790200033118,sala01,12137,1790200033118,0,0,OCUPADO,1,28,55,120,1,1
1790200035118,sala01,12138,1790200035118,0,0,OCUPADO,0,28,55,120,1,1
1790200037118,sala01,12139,1790200037118,0,0,OCUPADO,1,28,55,120,1,1
1790200039118,sala01,12140,1790200039118,0,0,OCUPADO,1,28,55,120,1,1
1790200041118,sala01,12141,1790200041118,0,0,OCUPADO,1,28,55,120,1,1
1790200043118,sala01,12142,1790200043118,0,0,OCUPADO,0,28,55,120,1,1
1790200045118,sala01,12143,1790200045118,0,0,OCUPADO,1,28,55,120,1,1
1790200047118,sala01,12144,1790200047118,0,0,OCUPADO,1,28,55,120,1,1
1790200049118,sala01,12145,1790200049118,0,0,OCUPADO,1,28,55,120,1,1
1790200051118,sala01,12146,1790200051118,0,0,OCUPADO,0,28,55,120,1,1
1790200053118,sala01,12147,1790200053118,0,0,OCUPADO,1,28,55,120,1,1
1790200055118,sala01,12148,1790200055118,0,0,OCUPADO,1,28,55,120,1,1
1790200057118,sala01,12149,1790200057118,0,0,OCUPADO,1,28,55,120,1,1
1790200059118,sala01,12150,1790200059118,0,0,OCUPADO,0,28,55,120,1,1
1790200061118,sala01,12151,1790200061118,0,0,OCUPADO,1,28,55,120,1,1
1790200063118,sala01,12152,1790200063118,0,0,OCUPADO,1,28,55,120,1,1
1790200065118,sala01,12153,1790200065118,0,0,OCUPADO,1,28,55,120,1,1
1790200067118,sala01,12154,1790200067118,0,0,OCUPADO,0,28,55,120,1,1
1790200069118,sala01,12155,1790200069118,0,0,OCUPADO,1,28,55,120,1,1
1790200071118,sala01,12156,1790200071118,0,0,OCUPADO,1,28,55,120,1,1
1790200073118,sala01,12157,1790200073118,0,0,OCUPADO,1,28,55,120,1,1
1790200075118,sala01,12158,1790200075118,0,0,OCUPADO,0,28,55,120,1,1
1790200077118,sala01,12159,1790200077118,0,0,OCUPADO,1,28,55,120,1,1
1790200079118,sala01,12160,1790200079118,0,0,OCUPADO,1,28,55,120,1,1
1790200081118,sala01,12161,1790200081118,0,0,OCUPADO,1,28,55,120,1,1
1790200083118,sala01,12162,1790200083118,0,0,OCUPADO,0,28,55,120,1,1
1790200085118,sala01,12163,1790200085118,0,0,OCUPADO,1,28,55,120,1,1
1790200087118,sala01,12164,1790200087118,0,0,OCUPADO,1,28,55,120,1,1
1790200089118,sala01,12165,1790200089118,0,0,OCUPADO,1,28,55,120,1,1
1790200091118,sala01,12166,1790200091118,0,0,OCUPADO,0,28,55,120,1,1
1790200093118,sala01,12167,1790200093118,0,0,OCUPADO,1,28,55,120,1,1
1790200095118,sala01,12168,1790200095118,0,0,OCUPADO,1,28,55,120,1,1
1790200097118,sala01,12169,1790200097118,0,0,OCUPADO,1,28,55,120,1,1
1790200099118,sala01,12170,1790200099118,0,0,OCUPADO,0,28,55,120,1,1
1790200101118,sala01,12171,1790200101118,0,0,OCUPADO,1,28,55,120,1,1
1790200103118,sala01,12172,1790200103118,0,0,OCUPADO,1,28,55,120,1,1
1790200105118,sala01,12173,1790200105118,0,0,OCUPADO,1,28,55,120,1,1
1790200107118,sala01,12174,1790200107118,0,0,OCUPADO,0,28,55,120,1,1
1790200109118,sala01,12175,1790200109118,0,0,OCUPADO,1,28,55,120,1,1
1790200111118,sala01,12176,1790200111118,0,0,OCUPADO,1,28,55,120,1,1
1790200113118,sala01,12177,1790200113118,0,0,OCUPADO,1,28,55,120,1,1
1790200115118,sala01,12178,1790200115118,0,0,OCUPADO,0,28,55,120,1,1
1790200117118,sala01,12179,1790200117118,0,0,OCUPADO,1,28,55,120,1,1
1790200119118,sala01,12180,1790200119118,0,0,OCUPADO,1,28,55,120,1,1
1790200121118,sala01,12181,1790200121118,0,0,OCUPADO,1,28,55,120,1,1
1790200123118,sala01,12182,1790200123118,0,0,OCUPADO,0,28,55,120,1,1
1790200125118,sala01,12183,1790200125118,0,0,OCUPADO,1,28,55,120,1,1
1790200127118,sala01,12184,1790200127118,0,0,OCUPADO,1,28,55,120,1,1
1790200129118,sala01,12185,1790200129118,0,0,OCUPADO,1,28,55,120,1,1
1790200131118,sala01,12186,1790200131118,0,0,OCUPADO,0,28,55,120,1,1
1790200133118,sala01,12187,1790200133118,0,0,OCUPADO,1,28,55,120,1,1
1790200135118,sala01,12188,1790200135118,0,0,OCUPADO,1,28,55,120,1,1
1790200137118,sala01,12189,1790200137118,0,0,OCUPADO,1,28,55,120,1,1
1790200139118,sala01,12190,1790200139118,0,0,OCUPADO,0,28,55,120,1,1
1790200141118,sala01,12191,1790200141118,0,0,OCUPADO,1,28,55,120,1,1
1790200143118,sala01,12192,1790200143118,0,0,OCUPADO,1,28,55,120,1,1
1790200145118,sala01,12193,1790200145118,0,0,OCUPADO,1,28,55,120,1,1
1790200147118,sala01,12194,1790200147118,0,0,OCUPADO,0,28,55,120,1,1
1790200149118,sala01,12195,1790200149118,0,0,OCUPADO,1,28,55,120,1,1
1790200151118,sala01,12196,1790200151118,0,0,OCUPADO,1,28,55,120,1,1
1790200153118,sala01,12197,1790200153118,0,0,OCUPADO,1,28,55,120,1,1
1790200155118,sala01,12198,1790200155118,0,0,OCUPADO,0,28,55,120,1,1
1790200157118,sala01,12199,1790200157118,0,0,OCUPADO,1,28,55,120,1,1
1790200159118,sala01,12200,1790200159118,0,0,OCUPADO,1,28,55,120,1,1
1790200161118,sala01,12201,1790200161118,0,0,OCUPADO,1,28,55,120,1,1
1790200163118,sala01,12202,1790200163118,0,0,OCUPADO,0,28,55,120,1,1
1790200165118,sala01,12203,1790200165118,0,0,OCUPADO,1,28,55,120,1,1
1790200167118,sala01,12204,1790200167118,0,0,OCUPADO,1,28,55,120,1,1
1790200169118,sala01,12205,1790200169118,0,0,OCUPADO,1,28,55,120,1,1
1790200171118,sala01,12206,1790200171118,0,0,OCUPADO,0,28,55,120,1,1
1790200173118,sala01,12207,1790200173118,0,0,OCUPADO,1,28,55,120,1,1
1790200175118,sala01,12208,1790200175118,0,0,OCUPADO,1,28,55,120,1,1
1790200177118,sala01,12209,1790200177118,0,0,OCUPADO,1,28,55,120,1,1
1790200179118,sala01,12210,1790200179118,0,0,OCUPADO,0,28,55,120,1,1
1790200181118,sala01,12211,1790200181118,0,0,OCUPADO,1,28,55,120,1,1
1790200183118,sala01,12212,1790200183118,0,0,OCUPADO,1,28,55,120,1,1
1790200185118,sala01,12213,1790200185118,0,0,OCUPADO,1,28,55,120,1,1
1790200187118,sala01,12214,1790200187118,0,0,OCUPADO,0,28,55,120,1,1
1790200189118,sala01,12215,1790200189118,0,0,OCUPADO,1,28,55,120,1,1
1790200191118,sala01,12216,1790200191118,0,0,OCUPADO,1,28,55,120,1,1
1790200193118,sala01,12217,1790200193118,0,0,OCUPADO,1,28,55,120,1,1
1790200195118,sala01,12218,1790200195118,0,0,OCUPADO,0,28,55,120,1,1
1790200197118,sala01,12219,1790200197118,0,0,OCUPADO,1,28,55,120,1,1
1790200199118,sala01,12220,1790200199118,0,0,OCUPADO,1,28,55,120,1,1
1790200201118,sala01,12221,1790200201118,0,0,OCUPADO,1,28,55,120,1,1
1790200203118,sala01,12222,1790200203118,0,0,OCUPADO,0,28,55,120,1,1
1790200205118,sala01,12223,1790200205118,0,0,OCUPADO,1,28,55,120,1,1
1790200207118,sala01,12224,1790200207118,0,0,OCUPADO,1,28,55,120,1,1
1790200209118,sala01,12225,1790200209118,0,0,OCUPADO,1,28,55,120,1,1
1790200211118,sala01,12226,1790200211118,0,0,OCUPADO,0,28,55,120,1,1
1790200213118,sala01,12227,1790200213118,0,0,OCUPADO,1,28,55,120,1,1
1790200215118,sala01,12228,1790200215118,0,0,OCUPADO,1,28,55,120,1,1
1790200217118,sala01,12229,1790200217118,0,0,OCUPADO,1,28,55,120,1,1
1790200219118,sala01,12230,1790200219118,0,0,OCUPADO,0,28,55,120,1,1
1790200221118,sala01,12231,1790200221118,0,0,OCUPADO,1,28,55,120,1,1
1790200223118,sala01,12232,1790200223118,0,0,OCUPADO,1,28,55,120,1,1
1790200225118,sala01,12233,1790200225118,0,0,OCUPADO,1,28,55,120,1,1
1790200227118,sala01,12234,1790200227118,0,0,OCUPADO,0,28,55,120,1,1
1790200229118,sala01,12235,1790200229118,0,0,OCUPADO,1,28,55,120,1,1
1790200231118,sala01,12236,1790200231118,0,0,OCUPADO,1,28,55,120,1,1
1790200233118,sala01,12237,1790200233118,0,0,OCUPADO,1,28,55,120,1,1
1790200235118,sala01,12238,1790200235118,0,0,OCUPADO,0,28,55,120,1,1
1790200237118,sala01,12239,1790200237118,0,0,OCUPADO,1,28,55,120,1,1
1790200239118,sala01,12240,1790200239118,0,0,OCUPADO,1,28,55,120,1,1
1790200241118,sala01,12241,1790200241118,0,0,OCUPADO,1,28,55,120,1,1
1790200243118,sala01,12242,1790200243118,0,0,OCUPADO,0,28,55,120,1,1
1790200245118,sala01,12243,1790200245118,0,0,OCUPADO,1,28,55,120,1,1
1790200247118,sala01,12244,1790200247118,0,0,OCUPADO,1,28,55,120,1,1
1790200249118,sala01,12245,1790200249118,0,0,OCUPADO,1,28,55,120,1,1
1790200251118,sala01,12246,1790200251118,0,0,OCUPADO,0,28,55,120,1,1
1790200253118,sala01,12247,1790200253118,0,0,OCUPADO,1,28,55,120,1,1
1790200255118,sala01,12248,1790200255118,0,0,OCUPADO,1,28,55,120,1,1
1790200257118,sala01,12249,1790200257118,0,0,OCUPADO,1,28,55,120,1,1
1790200259118,sala01,12250,1790200259118,0,0,OCUPADO,0,28,55,120,1,1
1790200261118,sala01,12251,1790200261118,0,0,OCUPADO,1,28,55,120,1,1
1790200263118,sala01,12252,1790200263118,0,0,OCUPADO,1,28,55,120,1,1
1790200265118,sala01,12253,1790200265118,0,0,OCUPADO,1,28,55,120,1,1
1790200267118,sala01,12254,1790200267118,0,0,OCUPADO,0,28,55,120,1,1
1790200269118,sala01,12255,1790200269118,0,0,OCUPADO,1,28,55,120,1,1
1790200271118,sala01,12256,1790200271118,0,0,OCUPADO,1,28,55,120,1,1
1790200273118,sala01,12257,1790200273118,0,0,OCUPADO,1,28,55,120,1,1
1790200275118,sala01,12258,1790200275118,0,0,OCUPADO,0,28,55,120,1,1
1790200277118,sala01,12259,1790200277118,0,0,OCUPADO,1,28,55,120,1,1
1790200279118,sala01,12260,1790200279118,0,0,OCUPADO,1,28,55,120,1,1
1790200281118,sala01,12261,1790200281118,0,0,OCUPADO,1,28,55,120,1,1
1790200283118,sala01,12262,1790200283118,0,0,OCUPADO,0,28,55,120,1,1
1790200285118,sala01,12263,1790200285118,0,0,OCUPADO,1,28,55,120,1,1
1790200287118,sala01,12264,1790200287118,0,0,OCUPADO,1,28,55,120,1,1
1790200289118,sala01,12265,1790200289118,0,0,OCUPADO,1,28,55,120,1,1
1790200291118,sala01,12266,1790200291118,0,0,OCUPADO,0,28,55,120,1,1
1790200293118,sala01,12267,1790200293118,0,0,OCUPADO,1,28,55,120,1,1
1790200295118,sala01,12268,1790200295118,0,0,OCUPADO,1,28,55,120,1,1
1790200297118,sala01,12269,1790200297118,0,0,OCUPADO,1,28,55,120,1,1
1790200299118,sala01,12270,1790200299118,0,0,OCUPADO,0,28,55,120,1,1
1790200301118,sala01,12271,1790200301118,0,0,OCUPADO,1,28,55,120,1,1
1790200303118,sala01,12272,1790200303118,0,0,OCUPADO,1,28,55,120,1,1
1790200305118,sala01,12273,1790200305118,0,0,OCUPADO,1,28,55,120,1,1
1790200307118,sala01,12274,1790200307118,0,0,OCUPADO,0,28,55,120,1,1
1790200309118,sala01,12275,1790200309118,0,0,OCUPADO,1,28,55,120,1,1
1790200311118,sala01,12276,1790200311118,0,0,OCUPADO,1,28,55,120,1,1
1790200313118,sala01,12277,1790200313118,0,0,OCUPADO,1,28,55,120,1,1
1790200315118,sala01,12278,1790200315118,0,0,OCUPADO,0,28,55,120,1,1
1790200317118,sala01,12279,1790200317118,0,0,OCUPADO,1,28,55,120,1,1
1790200319118,sala01,12280,1790200319118,0,0,OCUPADO,1,28,55,120,1,1
1790200321118,sala01,12281,1790200321118,0,0,OCUPADO,1,28,55,120,1,1
1790200323118,sala01,12282,1790200323118,0,0,OCUPADO,0,28,55,120,1,1
1790200325118,sala01,12283,1790200325118,0,0,OCUPADO,1,28,55,120,1,1
1790200327118,sala01,12284,1790200327118,0,0,OCUPADO,1,28,55,120,1,1
1790200329118,sala01,12285,1790200329118,0,0,OCUPADO,1,28,55,120,1,1
1790200331118,sala01,12286,1790200331118,0,0,OCUPADO,0,28,55,120,1,1
1790200333118,sala01,12287,1790200333118,0,0,OCUPADO,1,28,55,120,1,1
1790200335118,sala01,12288,1790200335118,0,0,OCUPADO,1,28,55,120,1,1
1790200337118,sala01,12289,1790200337118,0,0,OCUPADO,1,28,55,120,1,1
1790200339118,sala01,12290,1790200339118,0,0,OCUPADO,0,28,55,120,1,1
1790200341118,sala01,12291,1790200341118,0,0,OCUPADO,1,28,55,120,1,1
1790200343118,sala01,12292,1790200343118,0,0,OCUPADO,1,28,55,120,1,1
1790200345118,sala01,12293,1790200345118,0,0,OCUPADO,1,28,55,120,1,1
1790200347118,sala01,12294,1790200347118,0,0,OCUPADO,0,28,55,120,1,1
1790200349118,sala01,12295,1790200349118,0,0,OCUPADO,1,28,55,120,1,1
1790200351118,sala01,12296,1790200351118,0,0,OCUPADO,1,28,55,120,1,1
1790200353118,sala01,12297,1790200353118,0,0,OCUPADO,1,28,55,120,1,1
1790200355118,sala01,12298,1790200355118,0,0,OCUPADO,0,28,55,120,1,1
1790200357118,sala01,12299,1790200357118,0,0,OCUPADO,1,28,55,120,1,1
1790200359118,sala01,12300,1790200359118,0,0,OCUPADO,1,28,55,120,1,1
1790200361118,sala01,12301,1790200361118,0,0,OCUPADO,1,28,55,120,1,1
1790200363118,sala01,12302,1790200363118,0,0,OCUPADO,0,28,55,120,1,1
1790200365118,sala01,12303,1790200365118,0,0,OCUPADO,1,28,55,120,1,1
1790200367118,sala01,12304,1790200367118,0,0,OCUPADO,1,28,55,120,1,1
1790200369118,sala01,12305,1790200369118,0,0,OCUPADO,1,28,55,120,1,1
1790200371118,sala01,12306,1790200371118,0,0,OCUPADO,0,28,55,120,1,1
1790200373118,sala01,12307,1790200373118,0,0,OCUPADO,1,28,55,120,1,1
1790200375118,sala01,12308,1790200375118,0,0,OCUPADO,1,28,55,120,1,1
1790200377118,sala01,12309,1790200377118,0,0,OCUPADO,1,28,55,120,1,1
1790200379118,sala01,12310,1790200379118,0,0,OCUPADO,0,28,55,120,1,1
1790200381118,sala01,12311,1790200381118,0,0,OCUPADO,1,28,55,120,1,1
1790200383118,sala01,12312,1790200383118,0,0,OCUPADO,1,28,55,120,1,1
1790200385118,sala01,12313,1790200385118,0,0,OCUPADO,1,28,55,120,1,1
1790200387118,sala01,12314,1790200387118,0,0,OCUPADO,0,28,55,120,1,1
1790200389118,sala01,12315,1790200389118,0,0,OCUPADO,1,28,55,120,1,1
1790200391118,sala01,12316,1790200391118,0,0,OCUPADO,1,28,55,120,1,1
1790200393118,sala01,12317,1790200393118,0,0,OCUPADO,1,28,55,120,1,1
1790200395118,sala01,12318,1790200395118,0,0,OCUPADO,0,28,55,120,1,1
1790200397118,sala01,12319,1790200397118,0,0,OCUPADO,1,28,55,120,1,1
1790200399118,sala01,12320,1790200399118,0,0,OCUPADO,1,28,55,120,1,1
1790200401118,sala01,12321,1790200401118,0,0,OCUPADO,1,28,55,120,1,1
1790200403118,sala01,12322,1790200403118,0,0,OCUPADO,0,28,55,120,1,1
1790200405118,sala01,12323,1790200405118,0,0,OCUPADO,1,28,55,120,1,1
1790200407118,sala01,12324,1790200407118,0,0,OCUPADO,1,28,55,120,1,1
1790200409118,sala01,12325,1790200409118,0,0,OCUPADO,1,28,55,120,1,1
1790200411118,sala01,12326,1790200411118,0,0,OCUPADO,0,28,55,120,1,1
1790200413118,sala01,12327,1790200413118,0,0,OCUPADO,1,28,55,120,1,1
1790200415118,sala01,12328,1790200415118,0,0,OCUPADO,1,28,55,120,1,1
1790200417118,sala01,12329,1790200417118,0,0,OCUPADO,1,28,55,120,1,1
1790200419118,sala01,12330,1790200419118,0,0,OCUPADO,0,28,55,120,1,1
1790200421118,sala01,12331,1790200421118,0,0,OCUPADO,1,28,55,120,1,1
1790200423118,sala01,12332,1790200423118,0,0,OCUPADO,1,28,55,120,1,1
1790200425118,sala01,12333,1790200425118,0,0,OCUPADO,1,28,55,120,1,1
1790200427118,sala01,12334,1790200427118,0,0,OCUPADO,0,28,55,120,1,1
1790200429118,sala01,12335,1790200429118,0,0,OCUPADO,1,28,55,120,1,1
1790200431118,sala01,12336,1790200431118,0,0,OCUPADO,1,28,55,120,1,1
1790200433118,sala01,12337,1790200433118,0,0,OCUPADO,1,28,55,120,1,1
1790200435118,sala01,12338,1790200435118,0,0,OCUPADO,0,28,55,120,1,1
1790200437118,sala01,12339,1790200437118,0,0,OCUPADO,1,28,55,120,1,1
1790200439118,sala01,12340,1790200439118,0,0,OCUPADO,1,28,55,120,1,1
1790200441118,sala01,12341,1790200441118,0,0,OCUPADO,1,28,55,120,1,1
1790200443118,sala01,12342,1790200443118,0,0,OCUPADO,0,28,55,120,1,1
1790200445118,sala01,12343,1790200445118,0,0,OCUPADO,1,28,55,120,1,1
1790200447118,sala01,12344,1790200447118,0,0,OCUPADO,1,28,55,120,1,1
1790200449118,sala01,12345,1790200449118,0,0,OCUPADO,1,28,55,120,1,1
1790200451118,sala01,12346,1790200451118,0,0,OCUPADO,0,28,55,120,1,1
1790200453118,sala01,12347,1790200453118,0,0,OCUPADO,1,28,55,120,1,1
1790200455118,sala01,12348,1790200455118,0,0,OCUPADO,1,28,55,120,1,1
1790200457118,sala01,12349,1790200457118,0,0,OCUPADO,1,28,55,120,1,1
1790200459118,sala01,12350,1790200459118,0,0,OCUPADO,0,28,55,120,1,1
1790200461118,sala01,12351,1790200461118,0,0,OCUPADO,1,28,55,120,1,1
1790200463118,sala01,12352,1790200463118,0,0,OCUPADO,1,28,55,120,1,1
1790200465118,sala01,12353,1790200465118,0,0,OCUPADO,1,28,55,120,1,1
1790200467118,sala01,12354,1790200467118,0,0,OCUPADO,0,28,55,120,1,1
1790200469118,sala01,12355,1790200469118,0,0,OCUPADO,1,28,55,120,1,1
1790200471118,sala01,12356,1790200471118,0,0,OCUPADO,1,28,55,120,1,1
1790200473118,sala01,12357,1790200473118,0,0,OCUPADO,1,28,55,120,1,1
1790200475118,sala01,12358,1790200475118,0,0,OCUPADO,0,28,55,120,1,1
1790200477118,sala01,12359,1790200477118,0,0,OCUPADO,1,28,55,120,1,1
1790200479118,sala01,12360,1790200479118,0,0,OCUPADO,1,28,55,120,1,1
1790200481118,sala01,12361,1790200481118,0,0,OCUPADO,1,28,55,120,1,1
1790200483118,sala01,12362,1790200483118,0,0,OCUPADO,0,28,55,120,1,1
1790200485118,sala01,12363,1790200485118,0,0,OCUPADO,1,28,55,120,1,1
1790200487118,sala01,12364,1790200487118,0,0,OCUPADO,1,28,55,120,1,1
1790200489118,sala01,12365,1790200489118,0,0,OCUPADO,1,28,55,120,1,1
1790200491118,sala01,12366,1790200491118,0,0,OCUPADO,0,28,55,120,1,1
1790200493118,sala01,12367,1790200493118,0,0,OCUPADO,1,28,55,120,1,1
1790200495118,sala01,12368,1790200495118,0,0,OCUPADO,1,28,55,120,1,1
1790200497118,sala01,12369,1790200497118,0,0,OCUPADO,1,28,55,120,1,1
1790200499118,sala01,12370,1790200499118,0,0,OCUPADO,0,28,55,120,1,1
1790200501118,sala01,12371,1790200501118,0,0,OCUPADO,1,28,55,120,1,1
1790200503118,sala01,12372,1790200503118,0,0,OCUPADO,1,28,55,120,1,1
1790200505118,sala01,12373,1790200505118,0,0,OCUPADO,1,28,55,120,1,1
1790200507118,sala01,12374,1790200507118,0,0,OCUPADO,0,28,55,120,1,1
1790200509118,sala01,12375,1790200509118,0,0,OCUPADO,1,28,55,120,1,1
1790200511118,sala01,12376,1790200511118,0,0,OCUPADO,1,28,55,120,1,1
1790200513118,sala01,12377,1790200513118,0,0,OCUPADO,1,28,55,120,1,1
1790200515118,sala01,12378,1790200515118,0,0,OCUPADO,0,28,55,120,1,1
1790200517118,sala01,12379,1790200517118,0,0,OCUPADO,1,28,55,120,1,1
1790200519118,sala01,12380,1790200519118,0,0,OCUPADO,1,28,55,120,1,1
1790200521118,sala01,12381,1790200521118,0,0,OCUPADO,1,28,55,120,1,1
1790200523118,sala01,12382,1790200523118,0,0,OCUPADO,0,28,55,120,1,1
1790200525118,sala01,12383,1790200525118,0,0,OCUPADO,1,28,55,120,1,1
1790200527118,sala01,12384,1790200527118,0,0,OCUPADO,1,28,55,120,1,1
1790200529118,sala01,12385,1790200529118,0,0,OCUPADO,1,28,55,120,1,1
1790200531118,sala01,12386,1790200531118,0,0,OCUPADO,0,28,55,120,1,1
1790200533118,sala01,12387,1790200533118,0,0,OCUPADO,1,28,55,120,1,1
1790200535118,sala01,12388,1790200535118,0,0,OCUPADO,1,28,55,120,1,1
1790200537118,sala01,12389,1790200537118,0,0,OCUPADO,1,28,55,120,1,1
1790200539118,sala01,12390,1790200539118,0,0,OCUPADO,0,28,55,120,1,1
1790200541118,sala01,12391,1790200541118,0,0,OCUPADO,1,28,55,120,1,1
1790200543118,sala01,12392,1790200543118,0,0,OCUPADO,1,28,55,120,1,1
1790200545118,sala01,12393,1790200545118,0,0,OCUPADO,1,28,55,120,1,1
1790200547118,sala01,12394,1790200547118,0,0,OCUPADO,0,28,55,120,1,1
1790200549118,sala01,12395,1790200549118,0,0,OCUPADO,1,28,55,120,1,1
1790200551118,sala01,12396,1790200551118,0,0,OCUPADO,1,28,55,120,1,1
1790200553118,sala01,12397,1790200553118,0,0,OCUPADO,1,28,55,120,1,1
1790200555118,sala01,12398,1790200555118,0,0,OCUPADO,0,28,55,120,1,1
1790200557118,sala01,12399,1790200557118,0,0,OCUPADO,1,28,55,120,1,1
1790200559118,sala01,12400,1790200559118,0,0,OCUPADO,1,28,55,120,1,1
1790200561118,sala01,12401,1790200561118,0,0,OCUPADO,1,28,55,120,1,1
1790200563118,sala01,12402,1790200563118,0,0,OCUPADO,0,28,55,120,1,1
1790200565118,sala01,12403,1790200565118,0,0,OCUPADO,1,28,55,120,1,1
1790200567118,sala01,12404,1790200567118,0,0,OCUPADO,1,28,55,120,1,1
1790200569118,sala01,12405,1790200569118,0,0,OCUPADO,1,28,55,120,1,1
1790200571118,sala01,12406,1790200571118,0,0,OCUPADO,0,28,55,120,1,1
1790200573118,sala01,12407,1790200573118,0,0,OCUPADO,1,28,55,120,1,1
1790200575118,sala01,12408,1790200575118,0,0,OCUPADO,1,28,55,120,1,1
1790200577118,sala01,12409,1790200577118,0,0,OCUPADO,1,28,55,120,1,1
1790200579118,sala01,12410,1790200579118,0,0,OCUPADO,0,28,55,120,1,1
1790200581118,sala01,12411,1790200581118,0,0,OCUPADO,1,28,55,120,1,1
1790200583118,sala01,12412,1790200583118,0,0,OCUPADO,1,28,55,120,1,1
1790200585118,sala01,12413,1790200585118,0,0,OCUPADO,1,28,55,120,1,1
1790200587118,sala01,12414,1790200587118,0,0,OCUPADO,0,28,55,120,1,1
1790200589118,sala01,12415,1790200589118,0,0,OCUPADO,1,28,55,120,1,1
1790200591118,sala01,12416,1790200591118,0,0,OCUPADO,1,28,55,120,1,1
1790200593118,sala01,12417,1790200593118,0,0,OCUPADO,1,28,55,120,1,1
1790200595118,sala01,12418,1790200595118,0,0,OCUPADO,0,28,55,120,1,1
1790200597118,sala01,12419,1790200597118,0,0,OCUPADO,1,28,55,120,1,1
1790200599118,sala01,12420,1790200599118,0,0,OCUPADO,1,28,55,120,1,1
1790200601118,sala01,12421,1790200601118,0,0,OCUPADO,1,28,55,120,1,1
1790200603118,sala01,12422,1790200603118,0,0,OCUPADO,0,28,55,120,1,1
1790200605118,sala01,12423,1790200605118,0,0,OCUPADO,1,28,55,120,1,1
1790200607118,sala01,12424,1790200607118,0,0,OCUPADO,1,28,55,120,1,1
1790200609118,sala01,12425,1790200609118,0,0,OCUPADO,1,28,55,120,1,1
1790200611118,sala01,12426,1790200611118,0,0,OCUPADO,0,28,55,120,1,1
1790200613118,sala01,12427,1790200613118,0,0,OCUPADO,1,28,55,120,1,1
1790200615118,sala01,12428,1790200615118,0,0,OCUPADO,1,28,55,120,1,1
1790200617118,sala01,12429,1790200617118,0,0,OCUPADO,1,28,55,120,1,1
1790200619118,sala01,12430,1790200619118,0,0,OCUPADO,0,28,55,120,1,1
1790200621118,sala01,12431,1790200621118,0,0,OCUPADO,1,28,55,120,1,1
1790200623118,sala01,12432,1790200623118,0,0,OCUPADO,1,28,55,120,1,1
1790200625118,sala01,12433,1790200625118,0,0,OCUPADO,1,28,55,120,1,1
1790200627118,sala01,12434,1790200627118,0,0,OCUPADO,0,28,55,120,1,1
1790200629118,sala01,12435,1790200629118,0,0,OCUPADO,1,28,55,120,1,1
1790200631118,sala01,12436,1790200631118,0,0,OCUPADO,1,28,55,120,1,1
1790200633118,sala01,12437,1790200633118,0,0,OCUPADO,1,28,55,120,1,1
1790200635118,sala01,12438,1790200635118,0,0,OCUPADO,0,28,55,120,1,1
1790200637118,sala01,12439,1790200637118,0,0,OCUPADO,1,28,55,120,1,1
1790200639118,sala01,12440,1790200639118,0,0,OCUPADO,1,28,55,120,1,1
1790200641118,sala01,12441,1790200641118,0,0,OCUPADO,1,28,55,120,1,1
1790200643118,sala01,12442,1790200643118,0,0,OCUPADO,0,28,55,120,1,1
1790200645118,sala01,12443,1790200645118,0,0,OCUPADO,1,28,55,120,1,1
1790200647118,sala01,12444,1790200647118,0,0,OCUPADO,1,28,55,120,1,1
1790200649118,sala01,12445,1790200649118,0,0,OCUPADO,1,28,55,120,1,1
1790200651118,sala01,12446,1790200651118,0,0,OCUPADO,0,28,55,120,1,1
1790200653118,sala01,12447,1790200653118,0,0,OCUPADO,1,28,55,120,1,1
1790200655118,sala01,12448,1790200655118,0,0,OCUPADO,1,28,55,120,1,1
1790200657118,sala01,12449,1790200657118,0,0,OCUPADO,1,28,55,120,1,1
1790200659118,sala01,12450,1790200659118,0,0,OCUPADO,0,28,55,120,1,1
1790200661118,sala01,12451,1790200661118,0,0,OCUPADO,1,28,55,120,1,1
1790200663118,sala01,12452,1790200663118,0,0,OCUPADO,1,28,55,120,1,1
1790200665118,sala01,12453,1790200665118,0,0,OCUPADO,1,28,55,120,1,1
1790200667118,sala01,12454,1790200667118,0,0,OCUPADO,0,28,55,120,1,1
1790200669118,sala01,12455,1790200669118,0,0,OCUPADO,1,28,55,120,1,1
1790200671118,sala01,12456,1790200671118,0,0,OCUPADO,1,28,55,120,1,1
1790200673118,sala01,12457,1790200673118,0,0,OCUPADO,1,28,55,120,1,1
1790200675118,sala01,12458,1790200675118,0,0,OCUPADO,0,28,55,120,1,1
1790200677118,sala01,12459,1790200677118,0,0,OCUPADO,1,28,55,120,1,1
1790200679118,sala01,12460,1790200679118,0,0,OCUPADO,1,28,55,120,1,1
1790200681118,sala01,12461,1790200681118,0,0,OCUPADO,1,28,55,120,1,1
1790200683118,sala01,12462,1790200683118,0,0,OCUPADO,0,28,55,120,1,1
1790200685118,sala01,12463,1790200685118,0,0,OCUPADO,1,28,55,120,1,1
1790200687118,sala01,12464,1790200687118,0,0,OCUPADO,1,28,55,120,1,1
1790200689118,sala01,12465,1790200689118,0,0,OCUPADO,1,28,55,120,1,1
1790200691118,sala01,12466,1790200691118,0,0,OCUPADO,0,28,55,120,1,1
1790200693118,sala01,12467,1790200693118,0,0,OCUPADO,1,28,55,120,1,1
1790200695118,sala01,12468,1790200695118,0,0,OCUPADO,1,28,55,120,1,1
1790200697118,sala01,12469,1790200697118,0,0,OCUPADO,1,28,55,120,1,1
1790200699118,sala01,12470,1790200699118,0,0,OCUPADO,0,28,55,120,1,1
1790200701118,sala01,12471,1790200701118,0,0,OCUPADO,1,28,55,120,1,1
1790200703118,sala01,12472,1790200703118,0,0,OCUPADO,1,28,55,120,1,1
1790200705118,sala01,12473,1790200705118,0,0,OCUPADO,1,28,55,120,1,1
1790200707118,sala01,12474,1790200707118,0,0,OCUPADO,0,28,55,120,1,1
1790200709118,sala01,12475,1790200709118,0,0,OCUPADO,1,28,55,120,1,1
1790200711118,sala01,12476,1790200711118,0,0,OCUPADO,1,28,55,120,1,1
1790200713118,sala01,12477,1790200713118,0,0,OCUPADO,1,28,55,120,1,1
1790200715118,sala01,12478,1790200715118,0,0,OCUPADO,0,28,55,120,1,1
1790200717118,sala01,12479,1790200717118,0,0,OCUPADO,1,28,55,120,1,1
1790200719118,sala01,12480,1790200719118,0,0,OCUPADO,1,28,55,120,1,1
1790200721118,sala01,12481,1790200721118,0,0,OCUPADO,1,28,55,120,1,1
1790200723118,sala01,12482,1790200723118,0,0,OCUPADO,0,28,55,120,1,1
1790200725118,sala01,12483,1790200725118,0,0,OCUPADO,1,28,55,120,1,1
1790200727118,sala01,12484,1790200727118,0,0,OCUPADO,1,28,55,120,1,1
1790200729118,sala01,12485,1790200729118,0,0,OCUPADO,1,28,55,120,1,1
1790200731118,sala01,12486,1790200731118,0,0,OCUPADO,0,28,55,120,1,1
1790200733118,sala01,12487,1790200733118,0,0,OCUPADO,1,28,55,120,1,1
1790200735118,sala01,12488,1790200735118,0,0,OCUPADO,1,28,55,120,1,1
1790200737118,sala01,12489,1790200737118,0,0,OCUPADO,1,28,55,120,1,1
1790200739118,sala01,12490,1790200739118,0,0,OCUPADO,0,28,55,120,1,1
1790200741118,sala01,12491,1790200741118,0,0,OCUPADO,1,28,55,120,1,1
1790200743118,sala01,12492,1790200743118,0,0,OCUPADO,1,28,55,120,1,1
1790200745118,sala01,12493,1790200745118,0,0,OCUPADO,1,28,55,120,1,1
1790200747118,sala01,12494,1790200747118,0,0,OCUPADO,0,28,55,120,1,1
1790200749118,sala01,12495,1790200749118,0,0,OCUPADO,1,28,55,120,1,1
1790200751118,sala01,12496,1790200751118,0,0,OCUPADO,1,28,55,120,1,1
1790200753118,sala01,12497,1790200753118,0,0,OCUPADO,1,28,55,120,1,1
1790200755118,sala01,12498,1790200755118,0,0,OCUPADO,0,28,55,120,1,1
1790200757118,sala01,12499,1790200757118,0,0,OCUPADO,1,28,55,120,1,1
1790200759118,sala01,12500,1790200759118,0,0,OCUPADO,1,28,55,120,1,1
1790200761118,sala01,12501,1790200761118,0,0,OCUPADO,1,28,55,120,1,1
1790200763118,sala01,12502,1790200763118,0,0,OCUPADO,0,28,55,120,1,1
1790200765118,sala01,12503,1790200765118,0,0,OCUPADO,1,28,55,120,1,1
1790200767118,sala01,12504,1790200767118,0,0,OCUPADO,1,28,55,120,1,1
1790200769118,sala01,12505,1790200769118,0,0,OCUPADO,1,28,55,120,1,1
1790200771118,sala01,12506,1790200771118,0,0,OCUPADO,0,28,55,120,1,1
1790200773118,sala01,12507,1790200773118,0,0,OCUPADO,1,28,55,120,1,1
1790200775118,sala01,12508,1790200775118,0,0,OCUPADO,1,28,55,120,1,1
1790200777118,sala01,12509,1790200777118,0,0,OCUPADO,1,28,55,120,1,1
1790200779118,sala01,12510,1790200779118,0,0,OCUPADO,0,28,55,120,1,1
1790200781118,sala01,12511,1790200781118,0,0,OCUPADO,1,28,55,120,1,1
1790200783118,sala01,12512,1790200783118,0,0,OCUPADO,1,28,55,120,1,1
1790200785118,sala01,12513,1790200785118,0,0,OCUPADO,1,28,55,120,1,1
1790200787118,sala01,12514,1790200787118,0,0,OCUPADO,0,28,55,120,1,1
1790200789118,sala01,12515,1790200789118,0,0,OCUPADO,1,28,55,120,1,1
1790200791118,sala01,12516,1790200791118,0,0,OCUPADO,1,28,55,120,1,1
1790200793118,sala01,12517,1790200793118,0,0,OCUPADO,1,28,55,120,1,1
1790200795118,sala01,12518,1790200795118,0,0,OCUPADO,0,28,55,120,1,1
1790200797118,sala01,12519,1790200797118,0,0,OCUPADO,1,28,55,120,1,1
1790200799118,sala01,12520,1790200799118,0,0,OCUPADO,1,28,55,120,1,1
1790200801118,sala01,12521,1790200801118,0,0,OCUPADO,1,28,55,120,1,1
1790200803118,sala01,12522,1790200803118,0,0,OCUPADO,0,28,55,120,1,1
1790200805118,sala01,12523,1790200805118,0,0,OCUPADO,1,28,55,120,1,1
1790200807118,sala01,12524,1790200807118,0,0,OCUPADO,1,28,55,120,1,1
1790200809118,sala01,12525,1790200809118,0,0,OCUPADO,1,28,55,120,1,1
1790200811118,sala01,12526,1790200811118,0,0,OCUPADO,0,28,55,120,1,1
1790200813118,sala01,12527,1790200813118,0,0,OCUPADO,1,28,55,120,1,1
1790200815118,sala01,12528,1790200815118,0,0,OCUPADO,1,28,55,120,1,1
1790200817118,sala01,12529,1790200817118,0,0,OCUPADO,1,28,55,120,1,1
1790200819118,sala01,12530,1790200819118,0,0,OCUPADO,0,28,55,120,1,1
1790200821118,sala01,12531,1790200821118,0,0,OCUPADO,1,28,55,120,1,1
1790200823118,sala01,12532,1790200823118,0,0,OCUPADO,1,28,55,120,1,1
1790200825118,sala01,12533,1790200825118,0,0,OCUPADO,1,28,55,120,1,1
1790200827118,sala01,12534,1790200827118,0,0,OCUPADO,0,28,55,120,1,1
1790200829118,sala01,12535,1790200829118,0,0,OCUPADO,1,28,55,120,1,1
1790200831118,sala01,12536,1790200831118,0,0,OCUPADO,1,28,55,120,1,1
1790200833118,sala01,12537,1790200833118,0,0,OCUPADO,1,28,55,120,1,1
1790200835118,sala01,12538,1790200835118,0,0,OCUPADO,0,28,55,120,1,1
1790200837118,sala01,12539,1790200837118,0,0,OCUPADO,1,28,55,120,1,1
1790200839118,sala01,12540,1790200839118,0,0,OCUPADO,1,28,55,120,1,1
1790200841118,sala01,12541,1790200841118,0,0,OCUPADO,1,28,55,120,1,1
1790200843118,sala01,12542,1790200843118,0,0,OCUPADO,0,28,55,120,1,1
1790200845118,sala01,12543,1790200845118,0,0,OCUPADO,1,28,55,120,1,1
1790200847118,sala01,12544,1790200847118,0,0,OCUPADO,1,28,55,120,1,1
1790200849118,sala01,12545,1790200849118,0,0,OCUPADO,1,28,55,120,1,1
1790200851118,sala01,12546,1790200851118,0,0,OCUPADO,0,28,55,120,1,1
1790200853118,sala01,12547,1790200853118,0,0,OCUPADO,1,28,55,120,1,1
1790200855118,sala01,12548,1790200855118,0,0,OCUPADO,1,28,55,120,1,1
1790200857118,sala01,12549,1790200857118,0,0,OCUPADO,1,28,55,120,1,1
1790200859118,sala01,12550,1790200859118,0,0,OCUPADO,0,28,55,120,1,1
1790200861118,sala01,12551,1790200861118,0,0,OCUPADO,1,28,55,120,1,1
1790200863118,sala01,12552,1790200863118,0,0,OCUPADO,1,28,55,120,1,1
1790200865118,sala01,12553,1790200865118,0,0,OCUPADO,1,28,55,120,1,1
1790200867118,sala01,12554,1790200867118,0,0,OCUPADO,0,28,55,120,1,1
1790200869118,sala01,12555,1790200869118,0,0,OCUPADO,1,28,55,120,1,1
1790200871118,sala01,12556,1790200871118,0,0,OCUPADO,1,28,55,120,1,1
1790200873118,sala01,12557,1790200873118,0,0,OCUPADO,1,28,55,120,1,1
1790200875118,sala01,12558,1790200875118,0,0,OCUPADO,0,28,55,120,1,1
1790200877118,sala01,12559,1790200877118,0,0,OCUPADO,1,28,55,120,1,1
1790200879118,sala01,12560,1790200879118,0,0,OCUPADO,1,28,55,120,1,1
1790200881118,sala01,12561,1790200881118,0,0,OCUPADO,1,28,55,120,1,1
1790200883118,sala01,12562,1790200883118,0,0,OCUPADO,0,28,55,120,1,1
1790200885118,sala01,12563,1790200885118,0,0,OCUPADO,1,28,55,120,1,1
1790200887118,sala01,12564,1790200887118,0,0,OCUPADO,1,28,55,120,1,1
1790200889118,sala01,12565,1790200889118,0,0,OCUPADO,1,28,55,120,1,1
1790200891118,sala01,12566,1790200891118,0,0,OCUPADO,0,28,55,120,1,1
1790200893118,sala01,12567,1790200893118,0,0,OCUPADO,1,28,55,120,1,1
1790200895118,sala01,12568,1790200895118,0,0,OCUPADO,1,28,55,120,1,1
1790200897118,sala01,12569,1790200897118,0,0,OCUPADO,1,28,55,120,1,1
1790200899118,sala01,12570,1790200899118,0,0,OCUPADO,0,28,55,120,1,1
1790200901118,sala01,12571,1790200901118,0,0,OCUPADO,1,28,55,120,1,1
1790200903118,sala01,12572,1790200903118,0,0,OCUPADO,1,28,55,120,1,1
1790200905118,sala01,12573,1790200905118,0,0,OCUPADO,1,28,55,120,1,1
1790200907118,sala01,12574,1790200907118,0,0,OCUPADO,0,28,55,120,1,1
1790200909118,sala01,12575,1790200909118,0,0,OCUPADO,1,28,55,120,1,1
1790200911118,sala01,12576,1790200911118,0,0,OCUPADO,1,28,55,120,1,1
1790200913118,sala01,12577,1790200913118,0,0,OCUPADO,1,28,55,120,1,1
1790200915118,sala01,12578,1790200915118,0,0,OCUPADO,0,28,55,120,1,1
1790200917118,sala01,12579,1790200917118,0,0,OCUPADO,1,28,55,120,1,1
1790200919118,sala01,12580,1790200919118,0,0,OCUPADO,1,28,55,120,1,1
1790200921118,sala01,12581,1790200921118,0,0,OCUPADO,1,28,55,120,1,1
1790200923118,sala01,12582,1790200923118,0,0,OCUPADO,0,28,55,120,1,1
1790200925118,sala01,12583,1790200925118,0,0,OCUPADO,1,28,55,120,1,1
1790200927118,sala01,12584,1790200927118,0,0,OCUPADO,1,28,55,120,1,1
1790200929118,sala01,12585,1790200929118,0,0,OCUPADO,1,28,55,120,1,1
1790200931118,sala01,12586,1790200931118,0,0,OCUPADO,0,28,55,120,1,1
1790200933118,sala01,12587,1790200933118,0,0,OCUPADO,1,28,55,120,1,1
1790200935118,sala01,12588,1790200935118,0,0,OCUPADO,1,28,55,120,1,1
1790200937118,sala01,12589,1790200937118,0,0,OCUPADO,1,28,55,120,1,1
1790200939118,sala01,12590,1790200939118,0,0,OCUPADO,0,28,55,120,1,1
1790200941118,sala01,12591,1790200941118,0,0,OCUPADO,1,28,55,120,1,1
1790200943118,sala01,12592,1790200943118,0,0,OCUPADO,1,28,55,120,1,1
1790200945118,sala01,12593,1790200945118,0,0,OCUPADO,1,28,55,120,1,1
1790200947118,sala01,12594,1790200947118,0,0,OCUPADO,0,28,55,120,1,1
1790200949118,sala01,12595,1790200949118,0,0,OCUPADO,1,28,55,120,1,1
1790200951118,sala01,12596,1790200951118,0,0,OCUPADO,1,28,55,120,1,1
1790200953118,sala01,12597,1790200953118,0,0,OCUPADO,1,28,55,120,1,1
1790200955118,sala01,12598,1790200955118,0,0,OCUPADO,0,28,55,120,1,1
1790200957118,sala01,12599,1790200957118,0,0,OCUPADO,1,28,55,120,1,1
1790200959118,sala01,12600,1790200959118,0,0,OCUPADO,1,28,55,120,1,1
1790200961118,sala01,12601,1790200961118,0,0,OCUPADO,1,28,55,120,1,1
1790200963118,sala01,12602,1790200963118,0,0,OCUPADO,0,28,55,120,1,1
1790200965118,sala01,12603,1790200965118,0,0,OCUPADO,0,28,55,120,1,1
1790200967118,sala01,12604,1790200967118,0,0,OCUPADO,0,28,55,120,1,1
1790200969118,sala01,12605,1790200969118,0,0,OCUPADO,0,28,55,120,1,1
1790200971118,sala01,12606,1790200971118,0,0,OCUPADO,0,28,55,120,1,1
1790200973118,sala01,12607,1790200973118,0,0,OCUPADO,0,28,55,120,1,1
1790200975118,sala01,12608,1790200975118,0,0,OCUPADO,0,28,55,120,1,1
1790200977118,sala01,12609,1790200977118,0,0,OCUPADO,0,28,55,120,1,1
1790200979118,sala01,12610,1790200979118,0,0,OCUPADO,0,28,55,120,1,1
1790200981118,sala01,12611,1790200981118,0,0,OCUPADO,0,28,55,120,1,1
1790200983118,sala01,12612,1790200983118,0,0,OCUPADO,0,28,55,120,1,1
1790200985118,sala01,12613,1790200985118,0,0,OCUPADO,0,28,55,120,1,1
1790200987118,sala01,12614,1790200987118,0,0,OCUPADO,0,28,55,120,1,1
1790200989118,sala01,12615,1790200989118,0,0,OCUPADO,0,28,55,120,1,1
1790200991118,sala01,12616,1790200991118,0,0,OCUPADO,0,28,55,120,1,1
1790200992118,sala01,12617,1790200992118,0,0,DESOCUPADO,0,28,55,120,0,0
1790200994118,sala01,12618,1790200994118,0,0,DESOCUPADO,0,28,55,120,0,0
1790200996118,sala01,12619,1790200996118,0,0,DESOCUPADO,0,28,55,120,0,0
1790200998118,sala01,12620,1790200998118,0,0,DESOCUPADO,0,28,55,120,0,0
1790201000118,sala01,12621,1790201000118,0,0,DESOCUPADO,0,28,55,120,0,0
1790201002118,sala01,12622,1790201002118,0,0,DESOCUPADO,0,28,55,120,0,0
1790201004118,sala01,12623,1790201004118,0,0,DESOCUPADO,0,28,55,120,0,0
1790201006118,sala01,12624,1790201006118,0,0,DESOCUPADO,0,28,55,120,0,0
1790201008118,sala01,12625,1790201008118,0,0,DESOCUPADO,0,28,55,120,0,0
1790201010118,sala01,12626,1790201010118,0,0,DESOCUPADO,0,28,55,120,0,0
1790201012118,sala01,12627,1790201012118,0,0,DESOCUPADO,0,28,55,120,0,0
1790201014118,sala01,12628,1790201014118,0,0,DESOCUPADO,0,28,55,120,0,0
1790201016118,sala01,12629,1790201016118,0,0,DESOCUPADO,0,28,55,120,0,0
1790201018118,sala01,12630,1790201018118,0,0,DESOCUPADO,0,28,55,120,0,0
1790201020118,sala01,12631,1790201020118,0,0,DESOCUPADO,0,28,55,120,0,0
1790201022118,sala01,12632,1790201022118,0,0,DESOCUPADO,0,28,55,120,0,0
1790201024118,sala01,12633,1790201024118,0,0,DESOCUPADO,0,28,55,120,0,0
1790201026118,sala01,12634,1790201026118,0,0,DESOCUPADO,0,28,55,120,0,0
1790201028118,sala01,12635,1790201028118,0,0,DESOCUPADO,0,28,55,120,0,0
1790201030118,sala01,12636,1790201030118,0,0,DESOCUPADO,0,28,55,120,0,0
1790201032118,sala01,12637,1790201032118,0,0,DESOCUPADO,0,28,55,120,0,0
1790201034118,sala01,12638,1790201034118,0,0,DESOCUPADO,0,28,55,120,0,0
1790201036118,sala01,12639,1790201036118,0,0,DESOCUPADO,0,28,55,120,0,0
1790201038118,sala01,12640,1790201038118,0,0,DESOCUPADO,0,28,55,120,0,0
1790201040118,sala01,12641,1790201040118,0,0,DESOCUPADO,0,28,55,120,0,0
1790201042118,sala01,12642,1790201042118,0,0,DESOCUPADO,0,28,55,120,0,0
1790201044118,sala01,12643,1790201044118,0,0,DESOCUPADO,0,28,55,120,0,0
1790201046118,sala01,12644,1790201046118,0,0,DESOCUPADO,0,28,55,120,0,0
1790201048118,sala01,12645,1790201048118,0,0,DESOCUPADO,0,28,55,120,0,0
1790201050118,sala01,12646,1790201050118,0,0,DESOCUPADO,0,28,55,120,0,0
1790201052118,sala01,12647,1790201052118,0,0,DESOCUPADO,0,28,55,120,0,0
1790201054118,sala01,12648,1790201054118,0,0,DESOCUPADO,0,28,55,120,0,0
1790201056118,sala01,12649,1790201056118,0,0,DESOCUPADO,0,28,55,120,0,0
1790201058118,sala01,12650,1790201058118,0,0,DESOCUPADO,0,28,55,120,0,0
1790201060118,sala01,12651,1790201060118,0,0,DESOCUPADO,0,28,55,120,0,0
1790201062118,sala01,12652,1790201062118,0,0,DESOCUPADO,0,28,55,120,0,0
1790201064118,sala01,12653,1790201064118,0,0,DESOCUPADO,0,28,55,120,0,0
1790201066118,sala01,12654,1790201066118,0,0,DESOCUPADO,0,28,55,120,0,0
1790201068118,sala01,12655,1790201068118,0,0,DESOCUPADO,0,28,55,120,0,0
1790201070118,sala01,12656,1790201070118,0,0,DESOCUPADO,0,28,55,120,0,0
1790201072118,sala01,12657,1790201072118,0,0,DESOCUPADO,0,28,55,120,0,0
1790201074118,sala01,12658,1790201074118,0,0,DESOCUPADO,0,28,55,120,0,0
1790201076118,sala01,12659,1790201076118,0,0,DESOCUPADO,0,28,55,120,0,0
1790201078118,sala01,12660,1790201078118,0,0,DESOCUPADO,0,28,55,120,0,0
1790201080118,sala01,12661,1790201080118,0,0,DESOCUPADO,0,28,55,120,0,0
1790201082118,sala01,12662,1790201082118,0,0,DESOCUPADO,0,28,55,120,0,0
1790201084118,sala01,12663,1790201084118,0,0,DESOCUPADO,0,28,55,120,0,0
1790201086118,sala01,12664,1790201086118,0,0,DESOCUPADO,0,28,55,120,0,0
1790201088118,sala01,12665,1790201088118,0,0,DESOCUPADO,0,28,55,120,0,0
1790201090118,sala01,12666,1790201090118,0,0,DESOCUPADO,0,28,55,120,0,0
1790201092118,sala01,12667,1790201092118,0,0,DESOCUPADO,0,28,55,120,0,0
1790201094118,sala01,12668,1790201094118,0,0,DESOCUPADO,0,28,55,120,0,0
1790201096118,sala01,12669,1790201096118,0,0,DESOCUPADO,0,28,55,120,0,0
1790201098118,sala01,12670,1790201098118,0,0,DESOCUPADO,0,28,55,120,0,0
1790201100118,sala01,12671,1790201100118,0,0,DESOCUPADO,0,28,55,120,0,0
1790201102118,sala01,12672,1790201102118,0,0,DESOCUPADO,0,28,55,120,0,0
1790201104118,sala01,12673,1790201104118,0,0,DESOCUPADO,0,28,55,120,0,0
1790201106118,sala01,12674,1790201106118,0,0,DESOCUPADO,0,28,55,120,0,0
1790201108118,sala01,12675,1790201108118,0,0,DESOCUPADO,0,28,55,120,0,0
1790201110118,sala01,12676,1790201110118,0,0,DESOCUPADO,0,28,55,120,0,0
1790201112118,sala01,12677,1790201112118,0,0,DESOCUPADO,0,28,55,120,0,0
1790201114118,sala01,12678,1790201114118,0,0,DESOCUPADO,0,28,55,120,0,0
1790201116118,sala01,12679,1790201116118,0,0,DESOCUPADO,0,28,55,120,0,0
1790201118118,sala01,12680,1790201118118,0,0,DESOCUPADO,0,28,55,120,0,0
1790201120118,sala01,12681,1790201120118,0,0,DESOCUPADO,0,28,55,120,0,0
1790201122118,sala01,12682,1790201122118,0,0,DESOCUPADO,0,28,55,120,0,0
1790201124118,sala01,12683,1790201124118,0,0,DESOCUPADO,0,28,55,120,0,0
1790201126118,sala01,12684,1790201126118,0,0,DESOCUPADO,0,28,55,120,0,0
1790201128118,sala01,12685,1790201128118,0,0,DESOCUPADO,0,28,55,120,0,0
1790201130118,sala01,12686,1790201130118,0,0,DESOCUPADO,0,28,55,120,0,0
1790201132118,sala01,12687,1790201132118,0,0,DESOCUPADO,0,28,55,120,0,0
1790201134118,sala01,12688,1790201134118,0,0,DESOCUPADO,0,28,55,120,0,0
1790201136118,sala01,12689,1790201136118,0,0,DESOCUPADO,0,28,55,120,0,0
1790201138118,sala01,12690,1790201138118,0,0,DESOCUPADO,0,28,55,120,0,0
1790201140118,sala01,12691,1790201140118,0,0,DESOCUPADO,0,28,55,120,0,0
1790201142118,sala01,12692,1790201142118,0,0,DESOCUPADO,0,28,55,120,0,0
1790201144118,sala01,12693,1790201144118,0,0,DESOCUPADO,0,28,55,120,0,0
1790201146118,sala01,12694,1790201146118,0,0,DESOCUPADO,0,28,55,120,0,0
1790201148118,sala01,12695,1790201148118,0,0,DESOCUPADO,0,28,55,120,0,0
1790201150118,sala01,12696,1790201150118,0,0,DESOCUPADO,0,28,55,120,0,0
1790201152118,sala01,12697,1790201152118,0,0,DESOCUPADO,0,28,55,120,0,0
1790201154118,sala01,12698,1790201154118,0,0,DESOCUPADO,0,28,55,120,0,0
1790201156118,sala01,12699,1790201156118,0,0,DESOCUPADO,0,28,55,120,0,0
1790201158118,sala01,12700,1790201158118,0,0,DESOCUPADO,0,28,55,120,0,0
1790201160118,sala01,12701,1790201160118,0,0,DESOCUPADO,0,28,55,120,0,0
1790201162118,sala01,12702,1790201162118,0,0,DESOCUPADO,0,28,55,120,0,0
1790201164118,sala01,12703,1790201164118,0,0,DESOCUPADO,0,28,55,120,0,0
1790201166118,sala01,12704,1790201166118,0,0,DESOCUPADO,0,28,55,120,0,0
1790201168118,sala01,12705,1790201168118,0,0,DESOCUPADO,0,28,55,120,0,0
1790201170118,sala01,12706,1790201170118,0,0,DESOCUPADO,0,28,55,120,0,0
1790201172118,sala01,12707,1790201172118,0,0,DESOCUPADO,0,28,55,120,0,0
1790201174118,sala01,12708,1790201174118,0,0,DESOCUPADO,0,28,55,120,0,0
1790201176118,sala01,12709,1790201176118,0,0,DESOCUPADO,0,28,55,120,0,0
1790201178118,sala01,12710,1790201178118,0,0,DESOCUPADO,0,28,55,120,0,0
1790201180118,sala01,12711,1790201180118,0,0,DESOCUPADO,0,28,55,120,0,0
1790201182118,sala01,12712,1790201182118,0,0,DESOCUPADO,0,28,55,120,0,0
1790201184118,sala01,12713,1790201184118,0,0,DESOCUPADO,0,28,55,120,0,0
1790201186118,sala01,12714,1790201186118,0,0,DESOCUPADO,0,28,55,120,0,0
1790201188118,sala01,12715,1790201188118,0,0,DESOCUPADO,0,28,55,120,0,0
1790201190118,sala01,12716,1790201190118,0,0,DESOCUPADO,0,28,55,120,0,0
1790201192118,sala01,12717,1790201192118,0,0,DESOCUPADO,0,28,55,120,0,0
1790201194118,sala01,12718,1790201194118,0,0,DESOCUPADO,0,28,55,120,0,0
1790201196118,sala01,12719,1790201196118,0,0,DESOCUPADO,0,28,55,120,0,0
1790201198118,sala01,12720,1790201198118,0,0,DESOCUPADO,0,28,55,120,0,0
1790201200118,sala01,12721,1790201200118,0,0,DESOCUPADO,0,28,55,120,0,0
1790201202118,sala01,12722,1790201202118,0,0,DESOCUPADO,0,28,55,120,0,0
1790201204118,sala01,12723,1790201204118,0,0,DESOCUPADO,0,28,55,120,0,0
1790201206118,sala01,12724,1790201206118,0,0,DESOCUPADO,0,28,55,120,0,0
1790201208118,sala01,12725,1790201208118,0,0,DESOCUPADO,0,28,55,120,0,0
1790201210118,sala01,12726,1790201210118,0,0,DESOCUPADO,0,28,55,120,0,0
1790201212118,sala01,12727,1790201212118,0,0,DESOCUPADO,0,28,55,120,0,0
1790201214118,sala01,12728,1790201214118,0,0,DESOCUPADO,0,28,55,120,0,0
1790201216118,sala01,12729,1790201216118,0,0,DESOCUPADO,0,28,55,120,0,0
1790201218118,sala01,12730,1790201218118,0,0,DESOCUPADO,0,28,55,120,0,0
1790201220118,sala01,12731,1790201220118,0,0,DESOCUPADO,0,28,55,120,0,0
1790201222118,sala01,12732,1790201222118,0,0,DESOCUPADO,0,28,55,120,0,0
1790201224118,sala01,12733,1790201224118,0,0,DESOCUPADO,0,28,55,120,0,0
1790201226118,sala01,12734,1790201226118,0,0,DESOCUPADO,0,28,55,120,0,0
1790201228118,sala01,12735,1790201228118,0,0,DESOCUPADO,0,28,55,120,0,0
1790201230118,sala01,12736,1790201230118,0,0,DESOCUPADO,0,28,55,120,0,0
1790201232118,sala01,12737,1790201232118,0,0,DESOCUPADO,0,28,55,120,0,0
1790201234118,sala01,12738,1790201234118,0,0,DESOCUPADO,0,28,55,120,0,0
1790201236118,sala01,12739,1790201236118,0,0,DESOCUPADO,0,28,55,120,0,0
1790201238118,sala01,12740,1790201238118,0,0,DESOCUPADO,0,28,55,120,0,0
1790201240118,sala01,12741,1790201240118,0,0,DESOCUPADO,0,28,55,120,0,0
1790201242118,sala01,12742,1790201242118,0,0,DESOCUPADO,0,28,55,120,0,0
1790201244118,sala01,12743,1790201244118,0,0,DESOCUPADO,0,28,55,120,0,0
1790201246118,sala01,12744,1790201246118,0,0,DESOCUPADO,0,28,55,120,0,0
1790201248118,sala01,12745,1790201248118,0,0,DESOCUPADO,0,28,55,120,0,0
1790201250118,sala01,12746,1790201250118,0,0,DESOCUPADO,0,28,55,120,0,0
1790201252118,sala01,12747,1790201252118,0,0,DESOCUPADO,0,28,55,120,0,0
1790201254118,sala01,12748,1790201254118,0,0,DESOCUPADO,0,28,55,120,0,0
1790201256118,sala01,12749,1790201256118,0,0,DESOCUPADO,0,28,55,120,0,0
1790201258118,sala01,12750,1790201258118,0,0,DESOCUPADO,0,28,55,120,0,0
1790201260118,sala01,12751,1790201260118,0,0,DESOCUPADO,0,28,55,120,0,0
1790201262118,sala01,12752,1790201262118,0,0,DESOCUPADO,0,28,55,120,0,0
1790201264118,sala01,12753,1790201264118,0,0,DESOCUPADO,0,28,55,120,0,0
1790201266118,sala01,12754,1790201266118,0,0,DESOCUPADO,0,28,55,120,0,0
1790201268118,sala01,12755,1790201268118,0,0,DESOCUPADO,0,28,55,120,0,0
1790201269118,sala01,12756,1790201269118,0,0,OCUPADO,1,28,55,120,1,1
1790201271118,sala01,12757,1790201271118,0,0,OCUPADO,1,28,55,120,1,1
1790201273118,sala01,12758,1790201273118,0,0,OCUPADO,1,28,55,120,1,1
1790201275118,sala01,12759,1790201275118,0,0,OCUPADO,0,28,55,120,1,1
1790201277118,sala01,12760,1790201277118,0,0,OCUPADO,1,28,55,120,1,1
1790201279118,sala01,12761,1790201279118,0,0,OCUPADO,1,28,55,120,1,1
1790201281118,sala01,12762,1790201281118,0,0,OCUPADO,1,28,55,120,1,1
1790201283118,sala01,12763,1790201283118,0,0,OCUPADO,0,28,55,120,1,1
1790201285118,sala01,12764,1790201285118,0,0,OCUPADO,1,28,55,120,1,1
1790201287118,sala01,12765,1790201287118,0,0,OCUPADO,1,28,55,120,1,1
1790201289118,sala01,12766,1790201289118,0,0,OCUPADO,1,28,55,120,1,1
1790201291118,sala01,12767,1790201291118,0,0,OCUPADO,0,28,55,120,1,1
1790201293118,sala01,12768,1790201293118,0,0,OCUPADO,1,28,55,120,1,1
1790201295118,sala01,12769,1790201295118,0,0,OCUPADO,1,28,55,120,1,1
1790201297118,sala01,12770,1790201297118,0,0,OCUPADO,1,28,55,120,1,1
1790201299118,sala01,12771,1790201299118,0,0,OCUPADO,0,28,55,120,1,1
1790201301118,sala01,12772,1790201301118,0,0,OCUPADO,1,28,55,120,1,1
1790201303118,sala01,12773,1790201303118,0,0,OCUPADO,1,28,55,120,1,1
1790201305118,sala01,12774,1790201305118,0,0,OCUPADO,1,28,55,120,1,1
1790201307118,sala01,12775,1790201307118,0,0,OCUPADO,0,28,55,120,1,1
1790201309118,sala01,12776,1790201309118,0,0,OCUPADO,1,28,55,120,1,1
1790201311118,sala01,12777,1790201311118,0,0,OCUPADO,1,28,55,120,1,1
1790201313118,sala01,12778,1790201313118,0,0,OCUPADO,1,28,55,120,1,1
1790201315118,sala01,12779,1790201315118,0,0,OCUPADO,0,28,55,120,1,1
1790201317118,sala01,12780,1790201317118,0,0,OCUPADO,1,28,55,120,1,1
1790201319118,sala01,12781,1790201319118,0,0,OCUPADO,1,28,55,120,1,1
1790201321118,sala01,12782,1790201321118,0,0,OCUPADO,1,28,55,120,1,1
1790201323118,sala01,12783,1790201323118,0,0,OCUPADO,0,28,55,120,1,1
1790201325118,sala01,12784,1790201325118,0,0,OCUPADO,1,28,55,120,1,1
1790201327118,sala01,12785,1790201327118,0,0,OCUPADO,1,28,55,120,1,1
1790201329118,sala01,12786,1790201329118,0,0,OCUPADO,1,28,55,120,1,1
1790201331118,sala01,12787,1790201331118,0,0,OCUPADO,0,28,55,120,1,1
1790201333118,sala01,12788,1790201333118,0,0,OCUPADO,1,28,55,120,1,1
1790201335118,sala01,12789,1790201335118,0,0,OCUPADO,1,28,55,120,1,1
1790201337118,sala01,12790,1790201337118,0,0,OCUPADO,1,28,55,120,1,1
1790201339118,sala01,12791,1790201339118,0,0,OCUPADO,0,28,55,120,1,1
1790201341118,sala01,12792,1790201341118,0,0,OCUPADO,1,28,55,120,1,1
1790201343118,sala01,12793,1790201343118,0,0,OCUPADO,1,28,55,120,1,1
1790201345118,sala01,12794,1790201345118,0,0,OCUPADO,1,28,55,120,1,1
1790201347118,sala01,12795,1790201347118,0,0,OCUPADO,0,28,55,120,1,1
1790201349118,sala01,12796,1790201349118,0,0,OCUPADO,1,28,55,120,1,1
1790201351118,sala01,12797,1790201351118,0,0,OCUPADO,1,28,55,120,1,1
1790201353118,sala01,12798,1790201353118,0,0,OCUPADO,1,28,55,120,1,1
1790201355118,sala01,12799,1790201355118,0,0,OCUPADO,0,28,55,120,1,1
1790201357118,sala01,12800,1790201357118,0,0,OCUPADO,1,28,55,120,1,1
1790201359118,sala01,12801,1790201359118,0,0,OCUPADO,1,28,55,120,1,1
1790201361118,sala01,12802,1790201361118,0,0,OCUPADO,1,28,55,120,1,1
1790201363118,sala01,12803,1790201363118,0,0,OCUPADO,0,28,55,120,1,1
1790201365118,sala01,12804,1790201365118,0,0,OCUPADO,1,28,55,120,1,1
1790201367118,sala01,12805,1790201367118,0,0,OCUPADO,1,28,55,120,1,1
1790201369118,sala01,12806,1790201369118,0,0,OCUPADO,1,28,55,120,1,1
1790201371118,sala01,12807,1790201371118,0,0,OCUPADO,0,28,55,120,1,1
1790201373118,sala01,12808,1790201373118,0,0,OCUPADO,1,28,55,120,1,1
1790201375118,sala01,12809,1790201375118,0,0,OCUPADO,1,28,55,120,1,1
1790201377118,sala01,12810,1790201377118,0,0,OCUPADO,1,28,55,120,1,1
1790201379118,sala01,12811,1790201379118,0,0,OCUPADO,0,28,55,120,1,1
1790201381118,sala01,12812,1790201381118,0,0,OCUPADO,1,28,55,120,1,1
1790201383118,sala01,12813,1790201383118,0,0,OCUPADO,1,28,55,120,1,1
1790201385118,sala01,12814,1790201385118,0,0,OCUPADO,1,28,55,120,1,1
1790201387118,sala01,12815,1790201387118,0,0,OCUPADO,0,28,55,120,1,1
1790201389118,sala01,12816,1790201389118,0,0,OCUPADO,1,28,55,120,1,1
1790201391118,sala01,12817,1790201391118,0,0,OCUPADO,1,28,55,120,1,1
1790201393118,sala01,12818,1790201393118,0,0,OCUPADO,1,28,55,120,1,1
1790201395118,sala01,12819,1790201395118,0,0,OCUPADO,0,28,55,120,1,1
1790201397118,sala01,12820,1790201397118,0,0,OCUPADO,1,28,55,120,1,1
1790201399118,sala01,12821,1790201399118,0,0,OCUPADO,1,28,55,120,1,1
1790201401118,sala01,12822,1790201401118,0,0,OCUPADO,1,28,55,120,1,1
1790201403118,sala01,12823,1790201403118,0,0,OCUPADO,0,28,55,120,1,1
1790201405118,sala01,12824,1790201405118,0,0,OCUPADO,1,28,55,120,1,1
1790201407118,sala01,12825,1790201407118,0,0,OCUPADO,1,28,55,120,1,1
1790201409118,sala01,12826,1790201409118,0,0,OCUPADO,1,28,55,120,1,1
1790201411118,sala01,12827,1790201411118,0,0,OCUPADO,0,28,55,120,1,1
1790201413118,sala01,12828,1790201413118,0,0,OCUPADO,1,28,55,120,1,1
1790201415118,sala01,12829,1790201415118,0,0,OCUPADO,1,28,55,120,1,1
1790201417118,sala01,12830,1790201417118,0,0,OCUPADO,1,28,55,120,1,1
1790201419118,sala01,12831,1790201419118,0,0,OCUPADO,0,28,55,120,1,1
1790201421118,sala01,12832,1790201421118,0,0,OCUPADO,1,28,55,120,1,1
1790201423118,sala01,12833,1790201423118,0,0,OCUPADO,1,28,55,120,1,1
1790201425118,sala01,12834,1790201425118,0,0,OCUPADO,1,28,55,120,1,1
1790201427118,sala01,12835,1790201427118,0,0,OCUPADO,0,28,55,120,1,1
1790201429118,sala01,12836,1790201429118,0,0,OCUPADO,1,28,55,120,1,1
1790201431118,sala01,12837,1790201431118,0,0,OCUPADO,1,28,55,120,1,1
1790201433118,sala01,12838,1790201433118,0,0,OCUPADO,1,28,55,120,1,1
1790201435118,sala01,12839,1790201435118,0,0,OCUPADO,0,28,55,120,1,1
1790201437118,sala01,12840,1790201437118,0,0,OCUPADO,1,28,55,120,1,1
1790201439118,sala01,12841,1790201439118,0,0,OCUPADO,1,28,55,120,1,1
1790201441118,sala01,12842,1790201441118,0,0,OCUPADO,1,28,55,120,1,1
1790201443118,sala01,12843,1790201443118,0,0,OCUPADO,0,28,55,120,1,1
1790201445118,sala01,12844,1790201445118,0,0,OCUPADO,1,28,55,120,1,1
1790201447118,sala01,12845,1790201447118,0,0,OCUPADO,1,28,55,120,1,1
1790201449118,sala01,12846,1790201449118,0,0,OCUPADO,1,28,55,120,1,1
1790201451118,sala01,12847,1790201451118,0,0,OCUPADO,0,28,55,120,1,1
1790201453118,sala01,12848,1790201453118,0,0,OCUPADO,1,28,55,120,1,1
1790201455118,sala01,12849,1790201455118,0,0,OCUPADO,1,28,55,120,1,1
1790201457118,sala01,12850,1790201457118,0,0,OCUPADO,1,28,55,120,1,1
1790201459118,sala01,12851,1790201459118,0,0,OCUPADO,0,28,55,120,1,1
1790201461118,sala01,12852,1790201461118,0,0,OCUPADO,1,28,55,120,1,1
1790201463118,sala01,12853,1790201463118,0,0,OCUPADO,1,28,55,120,1,1
1790201465118,sala01,12854,1790201465118,0,0,OCUPADO,1,28,55,120,1,1
1790201467118,sala01,12855,1790201467118,0,0,OCUPADO,0,28,55,120,1,1
1790201469118,sala01,12856,1790201469118,0,0,OCUPADO,1,28,55,120,1,1
1790201471118,sala01,12857,1790201471118,0,0,OCUPADO,1,28,55,120,1,1
1790201473118,sala01,12858,1790201473118,0,0,OCUPADO,1,28,55,120,1,1
1790201475118,sala01,12859,1790201475118,0,0,OCUPADO,0,28,55,120,1,1
1790201477118,sala01,12860,1790201477118,0,0,OCUPADO,1,28,55,120,1,1
1790201479118,sala01,12861,1790201479118,0,0,OCUPADO,1,28,55,120,1,1
1790201481118,sala01,12862,1790201481118,0,0,OCUPADO,1,28,55,120,1,1
1790201483118,sala01,12863,1790201483118,0,0,OCUPADO,0,28,55,120,1,1
1790201485118,sala01,12864,1790201485118,0,0,OCUPADO,1,28,55,120,1,1
1790201487118,sala01,12865,1790201487118,0,0,OCUPADO,1,28,55,120,1,1
1790201489118,sala01,12866,1790201489118,0,0,OCUPADO,1,28,55,120,1,1
1790201491118,sala01,12867,1790201491118,0,0,OCUPADO,0,28,55,120,1,1
1790201493118,sala01,12868,1790201493118,0,0,OCUPADO,1,28,55,120,1,1
1790201495118,sala01,12869,1790201495118,0,0,OCUPADO,1,28,55,120,1,1
1790201497118,sala01,12870,1790201497118,0,0,OCUPADO,1,28,55,120,1,1
1790201499118,sala01,12871,1790201499118,0,0,OCUPADO,0,28,55,120,1,1
1790201501118,sala01,12872,1790201501118,0,0,OCUPADO,1,28,55,120,1,1
1790201503118,sala01,12873,1790201503118,0,0,OCUPADO,1,28,55,120,1,1
1790201505118,sala01,12874,1790201505118,0,0,OCUPADO,1,28,55,120,1,1
1790201507118,sala01,12875,1790201507118,0,0,OCUPADO,0,28,55,120,1,1
1790201509118,sala01,12876,1790201509118,0,0,OCUPADO,1,28,55,120,1,1
1790201511118,sala01,12877,1790201511118,0,0,OCUPADO,1,28,55,120,1,1
1790201513118,sala01,12878,1790201513118,0,0,OCUPADO,1,28,55,120,1,1
1790201515118,sala01,12879,1790201515118,0,0,OCUPADO,0,28,55,120,1,1
1790201517118,sala01,12880,1790201517118,0,0,OCUPADO,1,28,55,120,1,1
1790201519118,sala01,12881,1790201519118,0,0,OCUPADO,1,28,55,120,1,1
1790201521118,sala01,12882,1790201521118,0,0,OCUPADO,1,28,55,120,1,1
1790201523118,sala01,12883,1790201523118,0,0,OCUPADO,0,28,55,120,1,1
1790201525118,sala01,12884,1790201525118,0,0,OCUPADO,1,28,55,120,1,1
1790201527118,sala01,12885,1790201527118,0,0,OCUPADO,1,28,55,120,1,1
1790201529118,sala01,12886,1790201529118,0,0,OCUPADO,1,28,55,120,1,1
1790201531118,sala01,12887,1790201531118,0,0,OCUPADO,0,28,55,120,1,1
1790201533118,sala01,12888,1790201533118,0,0,OCUPADO,1,28,55,120,1,1
1790201535118,sala01,12889,1790201535118,0,0,OCUPADO,1,28,55,120,1,1
1790201537118,sala01,12890,1790201537118,0,0,OCUPADO,1,28,55,120,1,1
1790201539118,sala01,12891,1790201539118,0,0,OCUPADO,0,28,55,120,1,1
1790201541118,sala01,12892,1790201541118,0,0,OCUPADO,1,28,55,120,1,1
1790201543118,sala01,12893,1790201543118,0,0,OCUPADO,1,28,55,120,1,1
1790201545118,sala01,12894,1790201545118,0,0,OCUPADO,1,28,55,120,1,1
1790201547118,sala01,12895,1790201547118,0,0,OCUPADO,0,28,55,120,1,1
1790201549118,sala01,12896,1790201549118,0,0,OCUPADO,1,28,55,120,1,1
1790201551118,sala01,12897,1790201551118,0,0,OCUPADO,1,28,55,120,1,1
1790201553118,sala01,12898,1790201553118,0,0,OCUPADO,1,28,55,120,1,1
1790201555118,sala01,12899,1790201555118,0,0,OCUPADO,0,28,55,120,1,1
1790201557118,sala01,12900,1790201557118,0,0,OCUPADO,1,28,55,120,1,1
1790201559118,sala01,12901,1790201559118,0,0,OCUPADO,1,28,55,120,1,1
1790201561118,sala01,12902,1790201561118,0,0,OCUPADO,1,28,55,120,1,1
1790201563118,sala01,12903,1790201563118,0,0,OCUPADO,0,28,55,120,1,1
1790201565118,sala01,12904,1790201565118,0,0,OCUPADO,1,28,55,120,1,1
1790201567118,sala01,12905,1790201567118,0,0,OCUPADO,1,28,55,120,1,1
1790201569118,sala01,12906,1790201569118,0,0,OCUPADO,1,28,55,120,1,1
1790201571118,sala01,12907,1790201571118,0,0,OCUPADO,0,28,55,120,1,1
1790201573118,sala01,12908,1790201573118,0,0,OCUPADO,1,28,55,120,1,1
1790201575118,sala01,12909,1790201575118,0,0,OCUPADO,1,28,55,120,1,1
1790201577118,sala01,12910,1790201577118,0,0,OCUPADO,1,28,55,120,1,1
1790201579118,sala01,12911,1790201579118,0,0,OCUPADO,0,28,55,120,1,1
1790201581118,sala01,12912,1790201581118,0,0,OCUPADO,1,28,55,120,1,1
1790201583118,sala01,12913,1790201583118,0,0,OCUPADO,1,28,55,120,1,1
1790201585118,sala01,12914,1790201585118,0,0,OCUPADO,1,28,55,120,1,1
1790201587118,sala01,12915,1790201587118,0,0,OCUPADO,0,28,55,120,1,1
1790201589118,sala01,12916,1790201589118,0,0,OCUPADO,1,28,55,120,1,1
1790201591118,sala01,12917,1790201591118,0,0,OCUPADO,1,28,55,120,1,1
1790201593118,sala01,12918,1790201593118,0,0,OCUPADO,1,28,55,120,1,1
1790201595118,sala01,12919,1790201595118,0,0,OCUPADO,0,28,55,120,1,1
1790201597118,sala01,12920,1790201597118,0,0,OCUPADO,1,28,55,120,1,1
1790201599118,sala01,12921,1790201599118,0,0,OCUPADO,1,28,55,120,1,1
1790201601118,sala01,12922,1790201601118,0,0,OCUPADO,1,28,55,120,1,1
1790201603118,sala01,12923,1790201603118,0,0,OCUPADO,0,28,55,120,1,1
1790201605118,sala01,12924,1790201605118,0,0,OCUPADO,1,28,55,120,1,1
1790201607118,sala01,12925,1790201607118,0,0,OCUPADO,1,28,55,120,1,1
1790201609118,sala01,12926,1790201609118,0,0,OCUPADO,1,28,55,120,1,1
1790201611118,sala01,12927,1790201611118,0,0,OCUPADO,0,28,55,120,1,1
1790201613118,sala01,12928,1790201613118,0,0,OCUPADO,1,28,55,120,1,1
1790201615118,sala01,12929,1790201615118,0,0,OCUPADO,1,28,55,120,1,1
1790201617118,sala01,12930,1790201617118,0,0,OCUPADO,1,28,55,120,1,1
1790201619118,sala01,12931,1790201619118,0,0,OCUPADO,0,28,55,120,1,1
1790201621118,sala01,12932,1790201621118,0,0,OCUPADO,1,28,55,120,1,1
1790201623118,sala01,12933,1790201623118,0,0,OCUPADO,1,28,55,120,1,1
1790201625118,sala01,12934,1790201625118,0,0,OCUPADO,1,28,55,120,1,1
1790201627118,sala01,12935,1790201627118,0,0,OCUPADO,0,28,55,120,1,1
1790201629118,sala01,12936,1790201629118,0,0,OCUPADO,1,28,55,120,1,1
1790201631118,sala01,12937,1790201631118,0,0,OCUPADO,1,28,55,120,1,1
1790201633118,sala01,12938,1790201633118,0,0,OCUPADO,1,28,55,120,1,1
1790201635118,sala01,12939,1790201635118,0,0,OCUPADO,0,28,55,120,1,1
1790201637118,sala01,12940,1790201637118,0,0,OCUPADO,1,28,55,120,1,1
1790201639118,sala01,12941,1790201639118,0,0,OCUPADO,1,28,55,120,1,1
1790201641118,sala01,12942,1790201641118,0,0,OCUPADO,1,28,55,120,1,1
1790201643118,sala01,12943,1790201643118,0,0,OCUPADO,0,28,55,120,1,1
1790201645118,sala01,12944,1790201645118,0,0,OCUPADO,1,28,55,120,1,1
1790201647118,sala01,12945,1790201647118,0,0,OCUPADO,1,28,55,120,1,1
1790201649118,sala01,12946,1790201649118,0,0,OCUPADO,1,28,55,120,1,1
1790201651118,sala01,12947,1790201651118,0,0,OCUPADO,0,28,55,120,1,1
1790201653118,sala01,12948,1790201653118,0,0,OCUPADO,1,28,55,120,1,1
1790201655118,sala01,12949,1790201655118,0,0,OCUPADO,1,28,55,120,1,1
1790201657118,sala01,12950,1790201657118,0,0,OCUPADO,1,28,55,120,1,1
1790201659118,sala01,12951,1790201659118,0,0,OCUPADO,0,28,55,120,1,1
1790201661118,sala01,12952,1790201661118,0,0,OCUPADO,1,28,55,120,1,1
1790201663118,sala01,12953,1790201663118,0,0,OCUPADO,1,28,55,120,1,1
1790201665118,sala01,12954,1790201665118,0,0,OCUPADO,1,28,55,120,1,1
1790201667118,sala01,12955,1790201667118,0,0,OCUPADO,0,28,55,120,1,1
1790201669118,sala01,12956,1790201669118,0,0,OCUPADO,1,28,55,120,1,1
1790201671118,sala01,12957,1790201671118,0,0,OCUPADO,1,28,55,120,1,1
1790201673118,sala01,12958,1790201673118,0,0,OCUPADO,1,28,55,120,1,1
1790201675118,sala01,12959,1790201675118,0,0,OCUPADO,0,28,55,120,1,1
1790201677118,sala01,12960,1790201677118,0,0,OCUPADO,1,28,55,120,1,1
1790201679118,sala01,12961,1790201679118,0,0,OCUPADO,1,28,55,120,1,1
1790201681118,sala01,12962,1790201681118,0,0,OCUPADO,1,28,55,120,1,1
1790201683118,sala01,12963,1790201683118,0,0,OCUPADO,0,28,55,120,1,1
1790201685118,sala01,12964,1790201685118,0,0,OCUPADO,1,28,55,120,1,1
1790201687118,sala01,12965,1790201687118,0,0,OCUPADO,1,28,55,120,1,1
1790201689118,sala01,12966,1790201689118,0,0,OCUPADO,1,28,55,120,1,1
1790201691118,sala01,12967,1790201691118,0,0,OCUPADO,0,28,55,120,1,1
1790201693118,sala01,12968,1790201693118,0,0,OCUPADO,1,28,55,120,1,1
1790201695118,sala01,12969,1790201695118,0,0,OCUPADO,1,28,55,120,1,1
1790201697118,sala01,12970,1790201697118,0,0,OCUPADO,1,28,55,120,1,1
1790201699118,sala01,12971,1790201699118,0,0,OCUPADO,0,28,55,120,1,1
1790201701118,sala01,12972,1790201701118,0,0,OCUPADO,1,28,55,120,1,1
1790201703118,sala01,12973,1790201703118,0,0,OCUPADO,1,28,55,120,1,1
1790201705118,sala01,12974,1790201705118,0,0,OCUPADO,1,28,55,120,1,1
1790201707118,sala01,12975,1790201707118,0,0,OCUPADO,0,28,55,120,1,1
1790201709118,sala01,12976,1790201709118,0,0,OCUPADO,1,28,55,120,1,1
1790201711118,sala01,12977,1790201711118,0,0,OCUPADO,1,28,55,120,1,1
1790201713118,sala01,12978,1790201713118,0,0,OCUPADO,1,28,55,120,1,1
1790201715118,sala01,12979,1790201715118,0,0,OCUPADO,0,28,55,120,1,1
1790201717118,sala01,12980,1790201717118,0,0,OCUPADO,1,28,55,120,1,1
1790201719118,sala01,12981,1790201719118,0,0,OCUPADO,1,28,55,120,1,1
1790201721118,sala01,12982,1790201721118,0,0,OCUPADO,1,28,55,120,1,1
1790201723118,sala01,12983,1790201723118,0,0,OCUPADO,0,28,55,120,1,1
1790201725118,sala01,12984,1790201725118,0,0,OCUPADO,1,28,55,120,1,1
1790201727118,sala01,12985,1790201727118,0,0,OCUPADO,1,28,55,120,1,1
1790201729118,sala01,12986,1790201729118,0,0,OCUPADO,1,28,55,120,1,1
1790201731118,sala01,12987,1790201731118,0,0,OCUPADO,0,28,55,120,1,1
1790201733118,sala01,12988,1790201733118,0,0,OCUPADO,1,28,55,120,1,1
1790201735118,sala01,12989,1790201735118,0,0,OCUPADO,1,28,55,120,1,1
1790201737118,sala01,12990,1790201737118,0,0,OCUPADO,1,28,55,120,1,1
1790201739118,sala01,12991,1790201739118,0,0,OCUPADO,0,28,55,120,1,1
1790201741118,sala01,12992,1790201741118,0,0,OCUPADO,1,28,55,120,1,1
1790201743118,sala01,12993,1790201743118,0,0,OCUPADO,1,28,55,120,1,1
1790201745118,sala01,12994,1790201745118,0,0,OCUPADO,1,28,55,120,1,1
1790201747118,sala01,12995,1790201747118,0,0,OCUPADO,0,28,55,120,1,1
1790201749118,sala01,12996,1790201749118,0,0,OCUPADO,1,28,55,120,1,1
1790201751118,sala01,12997,1790201751118,0,0,OCUPADO,1,28,55,120,1,1
1790201753118,sala01,12998,1790201753118,0,0,OCUPADO,1,28,55,120,1,1
1790201755118,sala01,12999,1790201755118,0,0,OCUPADO,0,28,55,120,1,1
1790201757118,sala01,13000,1790201757118,0,0,OCUPADO,1,28,55,120,1,1
1790201759118,sala01,13001,1790201759118,0,0,OCUPADO,1,28,55,120,1,1
1790201761118,sala01,13002,1790201761118,0,0,OCUPADO,1,28,55,120,1,1
1790201763118,sala01,13003,1790201763118,0,0,OCUPADO,0,28,55,120,1,1
1790201765118,sala01,13004,1790201765118,0,0,OCUPADO,1,28,55,120,1,1
1790201767118,sala01,13005,1790201767118,0,0,OCUPADO,1,28,55,120,1,1
1790201769118,sala01,13006,1790201769118,0,0,OCUPADO,1,28,55,120,1,1
1790201771118,sala01,13007,1790201771118,0,0,OCUPADO,0,28,55,120,1,1
1790201773118,sala01,13008,1790201773118,0,0,OCUPADO,1,28,55,120,1,1
1790201775118,sala01,13009,1790201775118,0,0,OCUPADO,1,28,55,120,1,1
1790201777118,sala01,13010,1790201777118,0,0,OCUPADO,1,28,55,120,1,1
1790201779118,sala01,13011,1790201779118,0,0,OCUPADO,0,28,55,120,1,1
1790201781118,sala01,13012,1790201781118,0,0,OCUPADO,1,28,55,120,1,1
1790201783118,sala01,13013,1790201783118,0,0,OCUPADO,1,28,55,120,1,1
1790201785118,sala01,13014,1790201785118,0,0,OCUPADO,1,28,55,120,1,1
1790201787118,sala01,13015,1790201787118,0,0,OCUPADO,0,28,55,120,1,1
1790201789118,sala01,13016,1790201789118,0,0,OCUPADO,1,28,55,120,1,1
1790201791118,sala01,13017,1790201791118,0,0,OCUPADO,1,28,55,120,1,1
1790201793118,sala01,13018,1790201793118,0,0,OCUPADO,1,28,55,120,1,1
1790201795118,sala01,13019,1790201795118,0,0,OCUPADO,0,28,55,120,1,1
1790201797118,sala01,13020,1790201797118,0,0,OCUPADO,1,28,55,120,1,1
1790201799118,sala01,13021,1790201799118,0,0,OCUPADO,1,28,55,120,1,1
1790201801118,sala01,13022,1790201801118,0,0,OCUPADO,1,28,55,120,1,1
1790201803118,sala01,13023,1790201803118,0,0,OCUPADO,0,28,55,120,1,1
1790201805118,sala01,13024,1790201805118,0,0,OCUPADO,1,28,55,120,1,1
1790201807118,sala01,13025,1790201807118,0,0,OCUPADO,1,28,55,120,1,1
1790201809118,sala01,13026,1790201809118,0,0,OCUPADO,1,28,55,120,1,1
1790201811118,sala01,13027,1790201811118,0,0,OCUPADO,0,28,55,120,1,1
1790201813118,sala01,13028,1790201813118,0,0,OCUPADO,1,28,55,120,1,1
1790201815118,sala01,13029,1790201815118,0,0,OCUPADO,1,28,55,120,1,1
1790201817118,sala01,13030,1790201817118,0,0,OCUPADO,1,28,55,120,1,1
1790201819118,sala01,13031,1790201819118,0,0,OCUPADO,0,28,55,120,1,1
1790201821118,sala01,13032,1790201821118,0,0,OCUPADO,1,28,55,120,1,1
1790201823118,sala01,13033,1790201823118,0,0,OCUPADO,1,28,55,120,1,1
1790201825118,sala01,13034,1790201825118,0,0,OCUPADO,1,28,55,120,1,1
1790201827118,sala01,13035,1790201827118,0,0,OCUPADO,0,28,55,120,1,1
1790201829118,sala01,13036,1790201829118,0,0,OCUPADO,1,28,55,120,1,1
1790201831118,sala01,13037,1790201831118,0,0,OCUPADO,1,28,55,120,1,1
1790201833118,sala01,13038,1790201833118,0,0,OCUPADO,1,28,55,120,1,1
1790201835118,sala01,13039,1790201835118,0,0,OCUPADO,0,28,55,120,1,1
1790201837118,sala01,13040,1790201837118,0,0,OCUPADO,1,28,55,120,1,1
1790201839118,sala01,13041,1790201839118,0,0,OCUPADO,1,28,55,120,1,1
1790201841118,sala01,13042,1790201841118,0,0,OCUPADO,1,28,55,120,1,1
1790201843118,sala01,13043,1790201843118,0,0,OCUPADO,0,28,55,120,1,1
1790201845118,sala01,13044,1790201845118,0,0,OCUPADO,1,28,55,120,1,1
1790201847118,sala01,13045,1790201847118,0,0,OCUPADO,1,28,55,120,1,1
1790201849118,sala01,13046,1790201849118,0,0,OCUPADO,1,28,55,120,1,1
1790201851118,sala01,13047,1790201851118,0,0,OCUPADO,0,28,55,120,1,1
1790201853118,sala01,13048,1790201853118,0,0,OCUPADO,1,28,55,120,1,1
1790201855118,sala01,13049,1790201855118,0,0,OCUPADO,1,28,55,120,1,1
1790201857118,sala01,13050,1790201857118,0,0,OCUPADO,1,28,55,120,1,1
1790201859118,sala01,13051,1790201859118,0,0,OCUPADO,0,28,55,120,1,1
1790201861118,sala01,13052,1790201861118,0,0,OCUPADO,1,28,55,120,1,1
1790201863118,sala01,13053,1790201863118,0,0,OCUPADO,1,28,55,120,1,1
1790201865118,sala01,13054,1790201865118,0,0,OCUPADO,1,28,55,120,1,1
1790201867118,sala01,13055,1790201867118,0,0,OCUPADO,0,28,55,120,1,1
1790201869118,sala01,13056,1790201869118,0,0,OCUPADO,1,28,55,120,1,1
1790201871118,sala01,13057,1790201871118,0,0,OCUPADO,1,28,55,120,1,1
1790201873118,sala01,13058,1790201873118,0,0,OCUPADO,1,28,55,120,1,1
1790201875118,sala01,13059,1790201875118,0,0,OCUPADO,0,28,55,120,1,1
1790201877118,sala01,13060,1790201877118,0,0,OCUPADO,1,28,55,120,1,1
1790201879118,sala01,13061,1790201879118,0,0,OCUPADO,1,28,55,120,1,1
1790201881118,sala01,13062,1790201881118,0,0,OCUPADO,1,28,55,120,1,1
1790201883118,sala01,13063,1790201883118,0,0,OCUPADO,0,28,55,120,1,1
1790201885118,sala01,13064,1790201885118,0,0,OCUPADO,1,28,55,120,1,1
1790201887118,sala01,13065,1790201887118,0,0,OCUPADO,1,28,55,120,1,1
1790201889118,sala01,13066,1790201889118,0,0,OCUPADO,1,28,55,120,1,1
1790201891118,sala01,13067,1790201891118,0,0,OCUPADO,0,28,55,120,1,1
1790201893118,sala01,13068,1790201893118,0,0,OCUPADO,1,28,55,120,1,1
1790201895118,sala01,13069,1790201895118,0,0,OCUPADO,1,28,55,120,1,1
1790201897118,sala01,13070,1790201897118,0,0,OCUPADO,1,28,55,120,1,1
1790201899118,sala01,13071,1790201899118,0,0,OCUPADO,0,28,55,120,1,1
1790201901118,sala01,13072,1790201901118,0,0,OCUPADO,1,28,55,120,1,1
1790201903118,sala01,13073,1790201903118,0,0,OCUPADO,1,28,55,120,1,1
1790201905118,sala01,13074,1790201905118,0,0,OCUPADO,1,28,55,120,1,1
1790201907118,sala01,13075,1790201907118,0,0,OCUPADO,0,28,55,120,1,1
1790201909118,sala01,13076,1790201909118,0,0,OCUPADO,1,28,55,120,1,1
1790201911118,sala01,13077,1790201911118,0,0,OCUPADO,1,28,55,120,1,1
1790201913118,sala01,13078,1790201913118,0,0,OCUPADO,1,28,55,120,1,1
1790201915118,sala01,13079,1790201915118,0,0,OCUPADO,0,28,55,120,1,1
1790201917118,sala01,13080,1790201917118,0,0,OCUPADO,1,28,55,120,1,1
1790201919118,sala01,13081,1790201919118,0,0,OCUPADO,1,28,55,120,1,1
1790201921118,sala01,13082,1790201921118,0,0,OCUPADO,1,28,55,120,1,1
1790201923118,sala01,13083,1790201923118,0,0,OCUPADO,0,28,55,120,1,1
1790201925118,sala01,13084,1790201925118,0,0,OCUPADO,1,28,55,120,1,1
1790201927118,sala01,13085,1790201927118,0,0,OCUPADO,1,28,55,120,1,1
1790201929118,sala01,13086,1790201929118,0,0,OCUPADO,1,28,55,120,1,1
1790201931118,sala01,13087,1790201931118,0,0,OCUPADO,0,28,55,120,1,1
1790201933118,sala01,13088,1790201933118,0,0,OCUPADO,1,28,55,120,1,1
1790201935118,sala01,13089,1790201935118,0,0,OCUPADO,1,28,55,120,1,1
1790201937118,sala01,13090,1790201937118,0,0,OCUPADO,1,28,55,120,1,1
1790201939118,sala01,13091,1790201939118,0,0,OCUPADO,0,28,55,120,1,1
1790201941118,sala01,13092,1790201941118,0,0,OCUPADO,1,28,55,120,1,1
1790201943118,sala01,13093,1790201943118,0,0,OCUPADO,1,28,55,120,1,1
1790201945118,sala01,13094,1790201945118,0,0,OCUPADO,1,28,55,120,1,1
1790201947118,sala01,13095,1790201947118,0,0,OCUPADO,0,28,55,120,1,1
1790201949118,sala01,13096,1790201949118,0,0,OCUPADO,1,28,55,120,1,1
1790201951118,sala01,13097,1790201951118,0,0,OCUPADO,1,28,55,120,1,1
1790201953118,sala01,13098,1790201953118,0,0,OCUPADO,1,28,55,120,1,1
1790201955118,sala01,13099,1790201955118,0,0,OCUPADO,0,28,55,120,1,1
1790201957118,sala01,13100,1790201957118,0,0,OCUPADO,1,28,55,120,1,1
1790201959118,sala01,13101,1790201959118,0,0,OCUPADO,1,28,55,120,1,1
1790201961118,sala01,13102,1790201961118,0,0,OCUPADO,1,28,55,120,1,1
1790201963118,sala01,13103,1790201963118,0,0,OCUPADO,0,28,55,120,1,1
1790201965118,sala01,13104,1790201965118,0,0,OCUPADO,1,28,55,120,1,1
1790201967118,sala01,13105,1790201967118,0,0,OCUPADO,1,28,55,120,1,1
1790201969118,sala01,13106,1790201969118,0,0,OCUPADO,1,28,55,120,1,1
1790201971118,sala01,13107,1790201971118,0,0,OCUPADO,0,28,55,120,1,1
1790201973118,sala01,13108,1790201973118,0,0,OCUPADO,1,28,55,120,1,1
1790201975118,sala01,13109,1790201975118,0,0,OCUPADO,1,28,55,120,1,1
1790201977118,sala01,13110,1790201977118,0,0,OCUPADO,1,28,55,120,1,1
1790201979118,sala01,13111,1790201979118,0,0,OCUPADO,0,28,55,120,1,1
1790201981118,sala01,13112,1790201981118,0,0,OCUPADO,1,28,55,120,1,1
1790201983118,sala01,13113,1790201983118,0,0,OCUPADO,1,28,55,120,1,1
1790201985118,sala01,13114,1790201985118,0,0,OCUPADO,1,28,55,120,1,1
1790201987118,sala01,13115,1790201987118,0,0,OCUPADO,0,28,55,120,1,1
1790201989118,sala01,13116,1790201989118,0,0,OCUPADO,1,28,55,120,1,1
1790201991118,sala01,13117,1790201991118,0,0,OCUPADO,1,28,55,120,1,1
1790201993118,sala01,13118,1790201993118,0,0,OCUPADO,1,28,55,120,1,1
1790201995118,sala01,13119,1790201995118,0,0,OCUPADO,0,28,55,120,1,1
1790201997118,sala01,13120,1790201997118,0,0,OCUPADO,1,28,55,120,1,1
1790201999118,sala01,13121,1790201999118,0,0,OCUPADO,1,28,55,120,1,1
1790202001118,sala01,13122,1790202001118,0,0,OCUPADO,1,28,55,120,1,1
1790202003118,sala01,13123,1790202003118,0,0,OCUPADO,0,28,55,120,1,1
1790202005118,sala01,13124,1790202005118,0,0,OCUPADO,1,28,55,120,1,1
1790202007118,sala01,13125,1790202007118,0,0,OCUPADO,1,28,55,120,1,1
1790202009118,sala01,13126,1790202009118,0,0,OCUPADO,1,28,55,120,1,1
1790202011118,sala01,13127,1790202011118,0,0,OCUPADO,0,28,55,120,1,1
1790202013118,sala01,13128,1790202013118,0,0,OCUPADO,1,28,55,120,1,1
1790202015118,sala01,13129,1790202015118,0,0,OCUPADO,1,28,55,120,1,1
1790202017118,sala01,13130,1790202017118,0,0,OCUPADO,1,28,55,120,1,1
1790202019118,sala01,13131,1790202019118,0,0,OCUPADO,0,28,55,120,1,1
1790202021118,sala01,13132,1790202021118,0,0,OCUPADO,1,28,55,120,1,1
1790202023118,sala01,13133,1790202023118,0,0,OCUPADO,1,28,55,120,1,1
1790202025118,sala01,13134,1790202025118,0,0,OCUPADO,1,28,55,120,1,1
1790202027118,sala01,13135,1790202027118,0,0,OCUPADO,0,28,55,120,1,1
1790202029118,sala01,13136,1790202029118,0,0,OCUPADO,1,28,55,120,1,1
1790202031118,sala01,13137,1790202031118,0,0,OCUPADO,1,28,55,120,1,1
1790202033118,sala01,13138,1790202033118,0,0,OCUPADO,1,28,55,120,1,1
1790202035118,sala01,13139,1790202035118,0,0,OCUPADO,0,28,55,120,1,1
1790202037118,sala01,13140,1790202037118,0,0,OCUPADO,1,28,55,120,1,1
1790202039118,sala01,13141,1790202039118,0,0,OCUPADO,1,28,55,120,1,1
1790202041118,sala01,13142,1790202041118,0,0,OCUPADO,1,28,55,120,1,1
1790202043118,sala01,13143,1790202043118,0,0,OCUPADO,0,28,55,120,1,1
1790202045118,sala01,13144,1790202045118,0,0,OCUPADO,1,28,55,120,1,1
1790202047118,sala01,13145,1790202047118,0,0,OCUPADO,1,28,55,120,1,1
1790202049118,sala01,13146,1790202049118,0,0,OCUPADO,1,28,55,120,1,1
1790202051118,sala01,13147,1790202051118,0,0,OCUPADO,0,28,55,120,1,1
1790202053118,sala01,13148,1790202053118,0,0,OCUPADO,1,28,55,120,1,1
1790202055118,sala01,13149,1790202055118,0,0,OCUPADO,1,28,55,120,1,1
1790202057118,sala01,13150,1790202057118,0,0,OCUPADO,1,28,55,120,1,1
1790202059118,sala01,13151,1790202059118,0,0,OCUPADO,0,28,55,120,1,1
1790202061118,sala01,13152,1790202061118,0,0,OCUPADO,1,28,55,120,1,1
1790202063118,sala01,13153,1790202063118,0,0,OCUPADO,1,28,55,120,1,1
1790202065118,sala01,13154,1790202065118,0,0,OCUPADO,1,28,55,120,1,1
1790202067118,sala01,13155,1790202067118,0,0,OCUPADO,0,28,55,120,1,1
1790202069118,sala01,13156,1790202069118,0,0,OCUPADO,1,28,55,120,1,1
1790202071118,sala01,13157,1790202071118,0,0,OCUPADO,1,28,55,120,1,1
1790202073118,sala01,13158,1790202073118,0,0,OCUPADO,1,28,55,120,1,1
1790202075118,sala01,13159,1790202075118,0,0,OCUPADO,0,28,55,120,1,1
1790202077118,sala01,13160,1790202077118,0,0,OCUPADO,1,28,55,120,1,1
1790202079118,sala01,13161,1790202079118,0,0,OCUPADO,1,28,55,120,1,1
1790202081118,sala01,13162,1790202081118,0,0,OCUPADO,1,28,55,120,1,1
1790202083118,sala01,13163,1790202083118,0,0,OCUPADO,0,28,55,120,1,1
1790202085118,sala01,13164,1790202085118,0,0,OCUPADO,1,28,55,120,1,1
1790202087118,sala01,13165,1790202087118,0,0,OCUPADO,1,28,55,120,1,1
1790202089118,sala01,13166,1790202089118,0,0,OCUPADO,1,28,55,120,1,1
1790202091118,sala01,13167,1790202091118,0,0,OCUPADO,0,28,55,120,1,1
1790202093118,sala01,13168,1790202093118,0,0,OCUPADO,1,28,55,120,1,1
1790202095118,sala01,13169,1790202095118,0,0,OCUPADO,1,28,55,120,1,1
1790202097118,sala01,13170,1790202097118,0,0,OCUPADO,1,28,55,120,1,1
1790202099118,sala01,13171,1790202099118,0,0,OCUPADO,0,28,55,120,1,1
1790202101118,sala01,13172,1790202101118,0,0,OCUPADO,1,28,55,120,1,1
1790202103118,sala01,13173,1790202103118,0,0,OCUPADO,1,28,55,120,1,1
1790202105118,sala01,13174,1790202105118,0,0,OCUPADO,1,28,55,120,1,1
1790202107118,sala01,13175,1790202107118,0,0,OCUPADO,0,28,55,120,1,1
1790202109118,sala01,13176,1790202109118,0,0,OCUPADO,1,28,55,120,1,1
1790202111118,sala01,13177,1790202111118,0,0,OCUPADO,1,28,55,120,1,1
1790202113118,sala01,13178,1790202113118,0,0,OCUPADO,1,28,55,120,1,1
1790202115118,sala01,13179,1790202115118,0,0,OCUPADO,0,28,55,120,1,1
1790202117118,sala01,13180,1790202117118,0,0,OCUPADO,1,28,55,120,1,1
1790202119118,sala01,13181,1790202119118,0,0,OCUPADO,1,28,55,120,1,1
1790202121118,sala01,13182,1790202121118,0,0,OCUPADO,1,28,55,120,1,1
1790202123118,sala01,13183,1790202123118,0,0,OCUPADO,0,28,55,120,1,1
1790202125118,sala01,13184,1790202125118,0,0,OCUPADO,1,28,55,120,1,1
1790202127118,sala01,13185,1790202127118,0,0,OCUPADO,1,28,55,120,1,1
1790202129118,sala01,13186,1790202129118,0,0,OCUPADO,1,28,55,120,1,1
1790202131118,sala01,13187,1790202131118,0,0,OCUPADO,0,28,55,120,1,1
1790202133118,sala01,13188,1790202133118,0,0,OCUPADO,1,28,55,120,1,1
1790202135118,sala01,13189,1790202135118,0,0,OCUPADO,1,28,55,120,1,1
1790202137118,sala01,13190,1790202137118,0,0,OCUPADO,1,28,55,120,1,1
1790202139118,sala01,13191,1790202139118,0,0,OCUPADO,0,28,55,120,1,1
1790202141118,sala01,13192,1790202141118,0,0,OCUPADO,1,28,55,120,1,1
1790202143118,sala01,13193,1790202143118,0,0,OCUPADO,1,28,55,120,1,1
1790202145118,sala01,13194,1790202145118,0,0,OCUPADO,1,28,55,120,1,1
1790202147118,sala01,13195,1790202147118,0,0,OCUPADO,0,28,55,120,1,1
1790202149118,sala01,13196,1790202149118,0,0,OCUPADO,1,28,55,120,1,1
1790202151118,sala01,13197,1790202151118,0,0,OCUPADO,1,28,55,120,1,1
1790202153118,sala01,13198,1790202153118,0,0,OCUPADO,1,28,55,120,1,1
1790202155118,sala01,13199,1790202155118,0,0,OCUPADO,0,28,55,120,1,1
1790202157118,sala01,13200,1790202157118,0,0,OCUPADO,1,28,55,120,1,1
1790202159118,sala01,13201,1790202159118,0,0,OCUPADO,1,28,55,120,1,1
1790202161118,sala01,13202,1790202161118,0,0,OCUPADO,1,28,55,120,1,1
1790202163118,sala01,13203,1790202163118,0,0,OCUPADO,0,28,55,120,1,1
1790202165118,sala01,13204,1790202165118,0,0,OCUPADO,1,28,55,120,1,1
1790202167118,sala01,13205,1790202167118,0,0,OCUPADO,1,28,55,120,1,1
1790202169118,sala01,13206,1790202169118,0,0,OCUPADO,1,28,55,120,1,1
1790202171118,sala01,13207,1790202171118,0,0,OCUPADO,0,28,55,120,1,1
1790202173118,sala01,13208,1790202173118,0,0,OCUPADO,1,28,55,120,1,1
1790202175118,sala01,13209,1790202175118,0,0,OCUPADO,1,28,55,120,1,1
1790202177118,sala01,13210,1790202177118,0,0,OCUPADO,1,28,55,120,1,1
1790202179118,sala01,13211,1790202179118,0,0,OCUPADO,0,28,55,120,1,1
1790202181118,sala01,13212,1790202181118,0,0,OCUPADO,1,28,55,120,1,1
1790202183118,sala01,13213,1790202183118,0,0,OCUPADO,1,28,55,120,1,1
1790202185118,sala01,13214,1790202185118,0,0,OCUPADO,1,28,55,120,1,1
1790202187118,sala01,13215,1790202187118,0,0,OCUPADO,0,28,55,120,1,1
1790202189118,sala01,13216,1790202189118,0,0,OCUPADO,1,28,55,120,1,1
1790202191118,sala01,13217,1790202191118,0,0,OCUPADO,1,28,55,120,1,1
1790202193118,sala01,13218,1790202193118,0,0,OCUPADO,1,28,55,120,1,1
1790202195118,sala01,13219,1790202195118,0,0,OCUPADO,0,28,55,120,1,1
1790202197118,sala01,13220,1790202197118,0,0,OCUPADO,1,28,55,120,1,1
1790202199118,sala01,13221,1790202199118,0,0,OCUPADO,1,28,55,120,1,1
1790202201118,sala01,13222,1790202201118,0,0,OCUPADO,1,28,55,120,1,1
1790202203118,sala01,13223,1790202203118,0,0,OCUPADO,0,28,55,120,1,1
1790202205118,sala01,13224,1790202205118,0,0,OCUPADO,1,28,55,120,1,1
1790202207118,sala01,13225,1790202207118,0,0,OCUPADO,1,28,55,120,1,1
1790202209118,sala01,13226,1790202209118,0,0,OCUPADO,1,28,55,120,1,1
1790202211118,sala01,13227,1790202211118,0,0,OCUPADO,0,28,55,120,1,1
1790202213118,sala01,13228,1790202213118,0,0,OCUPADO,1,28,55,120,1,1
1790202215118,sala01,13229,1790202215118,0,0,OCUPADO,1,28,55,120,1,1
1790202217118,sala01,13230,1790202217118,0,0,OCUPADO,1,28,55,120,1,1
1790202219118,sala01,13231,1790202219118,0,0,OCUPADO,0,28,55,120,1,1
1790202221118,sala01,13232,1790202221118,0,0,OCUPADO,1,28,55,120,1,1
1790202223118,sala01,13233,1790202223118,0,0,OCUPADO,1,28,55,120,1,1
1790202225118,sala01,13234,1790202225118,0,0,OCUPADO,1,28,55,120,1,1
1790202227118,sala01,13235,1790202227118,0,0,OCUPADO,0,28,55,120,1,1
1790202229118,sala01,13236,1790202229118,0,0,OCUPADO,1,28,55,120,1,1
1790202231118,sala01,13237,1790202231118,0,0,OCUPADO,1,28,55,120,1,1
1790202233118,sala01,13238,1790202233118,0,0,OCUPADO,1,28,55,120,1,1
1790202235118,sala01,13239,1790202235118,0,0,OCUPADO,0,28,55,120,1,1
1790202237118,sala01,13240,1790202237118,0,0,OCUPADO,1,28,55,120,1,1
1790202239118,sala01,13241,1790202239118,0,0,OCUPADO,1,28,55,120,1,1
1790202241118,sala01,13242,1790202241118,0,0,OCUPADO,1,28,55,120,1,1
1790202243118,sala01,13243,1790202243118,0,0,OCUPADO,0,28,55,120,1,1
1790202245118,sala01,13244,1790202245118,0,0,OCUPADO,1,28,55,120,1,1
1790202247118,sala01,13245,1790202247118,0,0,OCUPADO,1,28,55,120,1,1
1790202249118,sala01,13246,1790202249118,0,0,OCUPADO,1,28,55,120,1,1
1790202251118,sala01,13247,1790202251118,0,0,OCUPADO,0,28,55,120,1,1
1790202253118,sala01,13248,1790202253118,0,0,OCUPADO,1,28,55,120,1,1
1790202255118,sala01,13249,1790202255118,0,0,OCUPADO,1,28,55,120,1,1
1790202257118,sala01,13250,1790202257118,0,0,OCUPADO,1,28,55,120,1,1
1790202259118,sala01,13251,1790202259118,0,0,OCUPADO,0,28,55,120,1,1
1790202261118,sala01,13252,1790202261118,0,0,OCUPADO,1,28,55,120,1,1
1790202263118,sala01,13253,1790202263118,0,0,OCUPADO,1,28,55,120,1,1
1790202265118,sala01,13254,1790202265118,0,0,OCUPADO,1,28,55,120,1,1
1790202267118,sala01,13255,1790202267118,0,0,OCUPADO,0,28,55,120,1,1
1790202269118,sala01,13256,1790202269118,0,0,OCUPADO,1,28,55,120,1,1
1790202271118,sala01,13257,1790202271118,0,0,OCUPADO,1,28,55,120,1,1
1790202273118,sala01,13258,1790202273118,0,0,OCUPADO,1,28,55,120,1,1
1790202275118,sala01,13259,1790202275118,0,0,OCUPADO,0,28,55,120,1,1
1790202277118,sala01,13260,1790202277118,0,0,OCUPADO,1,28,55,120,1,1
1790202279118,sala01,13261,1790202279118,0,0,OCUPADO,1,28,55,120,1,1
1790202281118,sala01,13262,1790202281118,0,0,OCUPADO,1,28,55,120,1,1
1790202283118,sala01,13263,1790202283118,0,0,OCUPADO,0,28,55,120,1,1
1790202285118,sala01,13264,1790202285118,0,0,OCUPADO,1,28,55,120,1,1
1790202287118,sala01,13265,1790202287118,0,0,OCUPADO,1,28,55,120,1,1
1790202289118,sala01,13266,1790202289118,0,0,OCUPADO,1,28,55,120,1,1
1790202291118,sala01,13267,1790202291118,0,0,OCUPADO,0,28,55,120,1,1
1790202293118,sala01,13268,1790202293118,0,0,OCUPADO,1,28,55,120,1,1
1790202295118,sala01,13269,1790202295118,0,0,OCUPADO,1,28,55,120,1,1
1790202297118,sala01,13270,1790202297118,0,0,OCUPADO,1,28,55,120,1,1
1790202299118,sala01,13271,1790202299118,0,0,OCUPADO,0,28,55,120,1,1
1790202301118,sala01,13272,1790202301118,0,0,OCUPADO,1,28,55,120,1,1
1790202303118,sala01,13273,1790202303118,0,0,OCUPADO,1,28,55,120,1,1
1790202305118,sala01,13274,1790202305118,0,0,OCUPADO,1,28,55,120,1,1
1790202307118,sala01,13275,1790202307118,0,0,OCUPADO,0,28,55,120,1,1
1790202309118,sala01,13276,1790202309118,0,0,OCUPADO,1,28,55,120,1,1
1790202311118,sala01,13277,1790202311118,0,0,OCUPADO,1,28,55,120,1,1
1790202313118,sala01,13278,1790202313118,0,0,OCUPADO,1,28,55,120,1,1
1790202315118,sala01,13279,1790202315118,0,0,OCUPADO,0,28,55,120,1,1
1790202317118,sala01,13280,1790202317118,0,0,OCUPADO,1,28,55,120,1,1
1790202319118,sala01,13281,1790202319118,0,0,OCUPADO,1,28,55,120,1,1
1790202321118,sala01,13282,1790202321118,0,0,OCUPADO,1,28,55,120,1,1
1790202323118,sala01,13283,1790202323118,0,0,OCUPADO,0,28,55,120,1,1
1790202325118,sala01,13284,1790202325118,0,0,OCUPADO,1,28,55,120,1,1
1790202327118,sala01,13285,1790202327118,0,0,OCUPADO,1,28,55,120,1,1
1790202329118,sala01,13286,1790202329118,0,0,OCUPADO,1,28,55,120,1,1
1790202331118,sala01,13287,1790202331118,0,0,OCUPADO,0,28,55,120,1,1
1790202333118,sala01,13288,1790202333118,0,0,OCUPADO,1,28,55,120,1,1
1790202335118,sala01,13289,1790202335118,0,0,OCUPADO,1,28,55,120,1,1
1790202337118,sala01,13290,1790202337118,0,0,OCUPADO,1,28,55,120,1,1
1790202339118,sala01,13291,1790202339118,0,0,OCUPADO,0,28,55,120,1,1
1790202341118,sala01,13292,1790202341118,0,0,OCUPADO,1,28,55,120,1,1
1790202343118,sala01,13293,1790202343118,0,0,OCUPADO,1,28,55,120,1,1
1790202345118,sala01,13294,1790202345118,0,0,OCUPADO,1,28,55,120,1,1
1790202347118,sala01,13295,1790202347118,0,0,OCUPADO,0,28,55,120,1,1
1790202349118,sala01,13296,1790202349118,0,0,OCUPADO,1,28,55,120,1,1
1790202351118,sala01,13297,1790202351118,0,0,OCUPADO,1,28,55,120,1,1
1790202353118,sala01,13298,1790202353118,0,0,OCUPADO,1,28,55,120,1,1
1790202355118,sala01,13299,1790202355118,0,0,OCUPADO,0,28,55,120,1,1
1790202357118,sala01,13300,1790202357118,0,0,OCUPADO,1,28,55,120,1,1
1790202359118,sala01,13301,1790202359118,0,0,OCUPADO,1,28,55,120,1,1
1790202361118,sala01,13302,1790202361118,0,0,OCUPADO,1,28,55,120,1,1
1790202363118,sala01,13303,1790202363118,0,0,OCUPADO,0,28,55,120,1,1
1790202365118,sala01,13304,1790202365118,0,0,OCUPADO,1,28,55,120,1,1
1790202367118,sala01,13305,1790202367118,0,0,OCUPADO,1,28,55,120,1,1
1790202369118,sala01,13306,1790202369118,0,0,OCUPADO,1,28,55,120,1,1
1790202371118,sala01,13307,1790202371118,0,0,OCUPADO,0,28,55,120,1,1
1790202373118,sala01,13308,1790202373118,0,0,OCUPADO,1,28,55,120,1,1
1790202375118,sala01,13309,1790202375118,0,0,OCUPADO,1,28,55,120,1,1
1790202377118,sala01,13310,1790202377118,0,0,OCUPADO,1,28,55,120,1,1
1790202379118,sala01,13311,1790202379118,0,0,OCUPADO,0,28,55,120,1,1
1790202381118,sala01,13312,1790202381118,0,0,OCUPADO,1,28,55,120,1,1
1790202383118,sala01,13313,1790202383118,0,0,OCUPADO,1,28,55,120,1,1
1790202385118,sala01,13314,1790202385118,0,0,OCUPADO,1,28,55,120,1,1
1790202387118,sala01,13315,1790202387118,0,0,OCUPADO,0,28,55,120,1,1
1790202389118,sala01,13316,1790202389118,0,0,OCUPADO,1,28,55,120,1,1
1790202391118,sala01,13317,1790202391118,0,0,OCUPADO,1,28,55,120,1,1
1790202393118,sala01,13318,1790202393118,0,0,OCUPADO,1,28,55,120,1,1
1790202395118,sala01,13319,1790202395118,0,0,OCUPADO,0,28,55,120,1,1
1790202397118,sala01,13320,1790202397118,0,0,OCUPADO,1,28,55,120,1,1
1790202399118,sala01,13321,1790202399118,0,0,OCUPADO,1,28,55,120,1,1
1790202401118,sala01,13322,1790202401118,0,0,OCUPADO,1,28,55,120,1,1
1790202403118,sala01,13323,1790202403118,0,0,OCUPADO,0,28,55,120,1,1
1790202405118,sala01,13324,1790202405118,0,0,OCUPADO,1,28,55,120,1,1
1790202407118,sala01,13325,1790202407118,0,0,OCUPADO,1,28,55,120,1,1
1790202409118,sala01,13326,1790202409118,0,0,OCUPADO,1,28,55,120,1,1
1790202411118,sala01,13327,1790202411118,0,0,OCUPADO,0,28,55,120,1,1
1790202413118,sala01,13328,1790202413118,0,0,OCUPADO,1,28,55,120,1,1
1790202415118,sala01,13329,1790202415118,0,0,OCUPADO,1,28,55,120,1,1
1790202417118,sala01,13330,1790202417118,0,0,OCUPADO,1,28,55,120,1,1
1790202419118,sala01,13331,1790202419118,0,0,OCUPADO,0,28,55,120,1,1
1790202421118,sala01,13332,1790202421118,0,0,OCUPADO,1,28,55,120,1,1
1790202423118,sala01,13333,1790202423118,0,0,OCUPADO,1,28,55,120,1,1
1790202425118,sala01,13334,1790202425118,0,0,OCUPADO,1,28,55,120,1,1
1790202427118,sala01,13335,1790202427118,0,0,OCUPADO,0,28,55,120,1,1
1790202429118,sala01,13336,1790202429118,0,0,OCUPADO,1,28,55,120,1,1
1790202431118,sala01,13337,1790202431118,0,0,OCUPADO,1,28,55,120,1,1
1790202433118,sala01,13338,1790202433118,0,0,OCUPADO,1,28,55,120,1,1
1790202435118,sala01,13339,1790202435118,0,0,OCUPADO,0,28,55,120,1,1
1790202437118,sala01,13340,1790202437118,0,0,OCUPADO,1,28,55,120,1,1
1790202439118,sala01,13341,1790202439118,0,0,OCUPADO,1,28,55,120,1,1
1790202441118,sala01,13342,1790202441118,0,0,OCUPADO,1,28,55,120,1,1
1790202443118,sala01,13343,1790202443118,0,0,OCUPADO,0,28,55,120,1,1
1790202445118,sala01,13344,1790202445118,0,0,OCUPADO,1,28,55,120,1,1
1790202447118,sala01,13345,1790202447118,0,0,OCUPADO,1,28,55,120,1,1
1790202449118,sala01,13346,1790202449118,0,0,OCUPADO,1,28,55,120,1,1
1790202451118,sala01,13347,1790202451118,0,0,OCUPADO,0,28,55,120,1,1
1790202453118,sala01,13348,1790202453118,0,0,OCUPADO,1,28,55,120,1,1
1790202455118,sala01,13349,1790202455118,0,0,OCUPADO,1,28,55,120,1,1
1790202457118,sala01,13350,1790202457118,0,0,OCUPADO,1,28,55,120,1,1
1790202459118,sala01,13351,1790202459118,0,0,OCUPADO,0,28,55,120,1,1
1790202461118,sala01,13352,1790202461118,0,0,OCUPADO,1,28,55,120,1,1
1790202463118,sala01,13353,1790202463118,0,0,OCUPADO,1,28,55,120,1,1
1790202465118,sala01,13354,1790202465118,0,0,OCUPADO,1,28,55,120,1,1
1790202467118,sala01,13355,1790202467118,0,0,OCUPADO,0,28,55,120,1,1
1790202469118,sala01,13356,1790202469118,0,0,OCUPADO,1,28,55,120,1,1
1790202471118,sala01,13357,1790202471118,0,0,OCUPADO,1,28,55,120,1,1
1790202473118,sala01,13358,1790202473118,0,0,OCUPADO,1,28,55,120,1,1
1790202475118,sala01,13359,1790202475118,0,0,OCUPADO,0,28,55,120,1,1
1790202477118,sala01,13360,1790202477118,0,0,OCUPADO,1,28,55,120,1,1
1790202479118,sala01,13361,1790202479118,0,0,OCUPADO,1,28,55,120,1,1
1790202481118,sala01,13362,1790202481118,0,0,OCUPADO,1,28,55,120,1,1
1790202483118,sala01,13363,1790202483118,0,0,OCUPADO,0,28,55,120,1,1
1790202485118,sala01,13364,1790202485118,0,0,OCUPADO,1,28,55,120,1,1
1790202487118,sala01,13365,1790202487118,0,0,OCUPADO,1,28,55,120,1,1
1790202489118,sala01,13366,1790202489118,0,0,OCUPADO,1,28,55,120,1,1
1790202491118,sala01,13367,1790202491118,0,0,OCUPADO,0,28,55,120,1,1
1790202493118,sala01,13368,1790202493118,0,0,OCUPADO,1,28,55,120,1,1
1790202495118,sala01,13369,1790202495118,0,0,OCUPADO,1,28,55,120,1,1
1790202497118,sala01,13370,1790202497118,0,0,OCUPADO,1,28,55,120,1,1
1790202499118,sala01,13371,1790202499118,0,0,OCUPADO,0,28,55,120,1,1
1790202501118,sala01,13372,1790202501118,0,0,OCUPADO,1,28,55,120,1,1
1790202503118,sala01,13373,1790202503118,0,0,OCUPADO,1,28,55,120,1,1
1790202505118,sala01,13374,1790202505118,0,0,OCUPADO,1,28,55,120,1,1
1790202507118,sala01,13375,1790202507118,0,0,OCUPADO,0,28,55,120,1,1
1790202509118,sala01,13376,1790202509118,0,0,OCUPADO,1,28,55,120,1,1
1790202511118,sala01,13377,1790202511118,0,0,OCUPADO,1,28,55,120,1,1
1790202513118,sala01,13378,1790202513118,0,0,OCUPADO,1,28,55,120,1,1
1790202515118,sala01,13379,1790202515118,0,0,OCUPADO,0,28,55,120,1,1
1790202517118,sala01,13380,1790202517118,0,0,OCUPADO,1,28,55,120,1,1
1790202519118,sala01,13381,1790202519118,0,0,OCUPADO,1,28,55,120,1,1
1790202521118,sala01,13382,1790202521118,0,0,OCUPADO,1,28,55,120,1,1
1790202523118,sala01,13383,1790202523118,0,0,OCUPADO,0,28,55,120,1,1
1790202525118,sala01,13384,1790202525118,0,0,OCUPADO,1,28,55,120,1,1
1790202527118,sala01,13385,1790202527118,0,0,OCUPADO,1,28,55,120,1,1
1790202529118,sala01,13386,1790202529118,0,0,OCUPADO,1,28,55,120,1,1
1790202531118,sala01,13387,1790202531118,0,0,OCUPADO,0,28,55,120,1,1
1790202533118,sala01,13388,1790202533118,0,0,OCUPADO,1,28,55,120,1,1
1790202535118,sala01,13389,1790202535118,0,0,OCUPADO,1,28,55,120,1,1
1790202537118,sala01,13390,1790202537118,0,0,OCUPADO,1,28,55,120,1,1
1790202539118,sala01,13391,1790202539118,0,0,OCUPADO,0,28,55,120,1,1
1790202541118,sala01,13392,1790202541118,0,0,OCUPADO,1,28,55,120,1,1
1790202543118,sala01,13393,1790202543118,0,0,OCUPADO,1,28,55,120,1,1
1790202545118,sala01,13394,1790202545118,0,0,OCUPADO,1,28,55,120,1,1
1790202547118,sala01,13395,1790202547118,0,0,OCUPADO,0,28,55,120,1,1
1790202549118,sala01,13396,1790202549118,0,0,OCUPADO,1,28,55,120,1,1
1790202551118,sala01,13397,1790202551118,0,0,OCUPADO,1,28,55,120,1,1
1790202553118,sala01,13398,1790202553118,0,0,OCUPADO,1,28,55,120,1,1
1790202555118,sala01,13399,1790202555118,0,0,OCUPADO,0,28,55,120,1,1
1790202557118,sala01,13400,1790202557118,0,0,OCUPADO,1,28,55,120,1,1
1790202559118,sala01,13401,1790202559118,0,0,OCUPADO,1,28,55,120,1,1
1790202561118,sala01,13402,1790202561118,0,0,OCUPADO,1,28,55,120,1,1
1790202563118,sala01,13403,1790202563118,0,0,OCUPADO,0,28,55,120,1,1
1790202565118,sala01,13404,1790202565118,0,0,OCUPADO,1,28,55,120,1,1
1790202567118,sala01,13405,1790202567118,0,0,OCUPADO,1,28,55,120,1,1
1790202569118,sala01,13406,1790202569118,0,0,OCUPADO,1,28,55,120,1,1
1790202571118,sala01,13407,1790202571118,0,0,OCUPADO,0,28,55,120,1,1
1790202573118,sala01,13408,1790202573118,0,0,OCUPADO,1,28,55,120,1,1
1790202575118,sala01,13409,1790202575118,0,0,OCUPADO,1,28,55,120,1,1
1790202577118,sala01,13410,1790202577118,0,0,OCUPADO,1,28,55,120,1,1
1790202579118,sala01,13411,1790202579118,0,0,OCUPADO,0,28,55,120,1,1
1790202581118,sala01,13412,1790202581118,0,0,OCUPADO,1,28,55,120,1,1
1790202583118,sala01,13413,1790202583118,0,0,OCUPADO,1,28,55,120,1,1
1790202585118,sala01,13414,1790202585118,0,0,OCUPADO,1,28,55,120,1,1
1790202587118,sala01,13415,1790202587118,0,0,OCUPADO,0,28,55,120,1,1
1790202589118,sala01,13416,1790202589118,0,0,OCUPADO,1,28,55,120,1,1
1790202591118,sala01,13417,1790202591118,0,0,OCUPADO,1,28,55,120,1,1
1790202593118,sala01,13418,1790202593118,0,0,OCUPADO,1,28,55,120,1,1
1790202595118,sala01,13419,1790202595118,0,0,OCUPADO,0,28,55,120,1,1
1790202597118,sala01,13420,1790202597118,0,0,OCUPADO,1,28,55,120,1,1
1790202599118,sala01,13421,1790202599118,0,0,OCUPADO,1,28,55,120,1,1
1790202601118,sala01,13422,1790202601118,0,0,OCUPADO,1,28,55,120,1,1
1790202603118,sala01,13423,1790202603118,0,0,OCUPADO,0,28,55,120,1,1
1790202605118,sala01,13424,1790202605118,0,0,OCUPADO,1,28,55,120,1,1
1790202607118,sala01,13425,1790202607118,0,0,OCUPADO,1,28,55,120,1,1
1790202609118,sala01,13426,1790202609118,0,0,OCUPADO,1,28,55,120,1,1
1790202611118,sala01,13427,1790202611118,0,0,OCUPADO,0,28,55,120,1,1
1790202613118,sala01,13428,1790202613118,0,0,OCUPADO,1,28,55,120,1,1
1790202615118,sala01,13429,1790202615118,0,0,OCUPADO,1,28,55,120,1,1
1790202617118,sala01,13430,1790202617118,0,0,OCUPADO,1,28,55,120,1,1
1790202619118,sala01,13431,1790202619118,0,0,OCUPADO,0,28,55,120,1,1
1790202621118,sala01,13432,1790202621118,0,0,OCUPADO,1,28,55,120,1,1
1790202623118,sala01,13433,1790202623118,0,0,OCUPADO,1,28,55,120,1,1
1790202625118,sala01,13434,1790202625118,0,0,OCUPADO,1,28,55,120,1,1
1790202627118,sala01,13435,1790202627118,0,0,OCUPADO,0,28,55,120,1,1
1790202629118,sala01,13436,1790202629118,0,0,OCUPADO,1,28,55,120,1,1
1790202631118,sala01,13437,1790202631118,0,0,OCUPADO,1,28,55,120,1,1
1790202633118,sala01,13438,1790202633118,0,0,OCUPADO,1,28,55,120,1,1
1790202635118,sala01,13439,1790202635118,0,0,OCUPADO,0,28,55,120,1,1
1790202637118,sala01,13440,1790202637118,0,0,OCUPADO,1,28,55,120,1,1
1790202639118,sala01,13441,1790202639118,0,0,OCUPADO,1,28,55,120,1,1
1790202641118,sala01,13442,1790202641118,0,0,OCUPADO,1,28,55,120,1,1
1790202643118,sala01,13443,1790202643118,0,0,OCUPADO,0,28,55,120,1,1
1790202645118,sala01,13444,1790202645118,0,0,OCUPADO,1,28,55,120,1,1
1790202647118,sala01,13445,1790202647118,0,0,OCUPADO,1,28,55,120,1,1
1790202649118,sala01,13446,1790202649118,0,0,OCUPADO,1,28,55,120,1,1
1790202651118,sala01,13447,1790202651118,0,0,OCUPADO,0,28,55,120,1,1
1790202653118,sala01,13448,1790202653118,0,0,OCUPADO,1,28,55,120,1,1
1790202655118,sala01,13449,1790202655118,0,0,OCUPADO,1,28,55,120,1,1
1790202657118,sala01,13450,1790202657118,0,0,OCUPADO,1,28,55,120,1,1
1790202659118,sala01,13451,1790202659118,0,0,OCUPADO,0,28,55,120,1,1
1790202661118,sala01,13452,1790202661118,0,0,OCUPADO,1,28,55,120,1,1
1790202663118,sala01,13453,1790202663118,0,0,OCUPADO,1,28,55,120,1,1
1790202665118,sala01,13454,1790202665118,0,0,OCUPADO,1,28,55,120,1,1
1790202667118,sala01,13455,1790202667118,0,0,OCUPADO,0,28,55,120,1,1
1790202669118,sala01,13456,1790202669118,0,0,OCUPADO,1,28,55,120,1,1
1790202671118,sala01,13457,1790202671118,0,0,OCUPADO,1,28,55,120,1,1
1790202673118,sala01,13458,1790202673118,0,0,OCUPADO,1,28,55,120,1,1
1790202675118,sala01,13459,1790202675118,0,0,OCUPADO,0,28,55,120,1,1
1790202677118,sala01,13460,1790202677118,0,0,OCUPADO,1,28,55,120,1,1
1790202679118,sala01,13461,1790202679118,0,0,OCUPADO,1,28,55,120,1,1
1790202681118,sala01,13462,1790202681118,0,0,OCUPADO,1,28,55,120,1,1
1790202683118,sala01,13463,1790202683118,0,0,OCUPADO,0,28,55,120,1,1
1790202685118,sala01,13464,1790202685118,0,0,OCUPADO,1,28,55,120,1,1
1790202687118,sala01,13465,1790202687118,0,0,OCUPADO,1,28,55,120,1,1
1790202689118,sala01,13466,1790202689118,0,0,OCUPADO,1,28,55,120,1,1
1790202691118,sala01,13467,1790202691118,0,0,OCUPADO,0,28,55,120,1,1
1790202693118,sala01,13468,1790202693118,0,0,OCUPADO,1,28,55,120,1,1
1790202695118,sala01,13469,1790202695118,0,0,OCUPADO,1,28,55,120,1,1
1790202697118,sala01,13470,1790202697118,0,0,OCUPADO,1,28,55,120,1,1
1790202699118,sala01,13471,1790202699118,0,0,OCUPADO,0,28,55,120,1,1
1790202701118,sala01,13472,1790202701118,0,0,OCUPADO,1,28,55,120,1,1
1790202703118,sala01,13473,1790202703118,0,0,OCUPADO,1,28,55,120,1,1
1790202705118,sala01,13474,1790202705118,0,0,OCUPADO,1,28,55,120,1,1
1790202707118,sala01,13475,1790202707118,0,0,OCUPADO,0,28,55,120,1,1
1790202709118,sala01,13476,1790202709118,0,0,OCUPADO,1,28,55,120,1,1
1790202711118,sala01,13477,1790202711118,0,0,OCUPADO,1,28,55,120,1,1
1790202713118,sala01,13478,1790202713118,0,0,OCUPADO,1,28,55,120,1,1
1790202715118,sala01,13479,1790202715118,0,0,OCUPADO,0,28,55,120,1,1
1790202717118,sala01,13480,1790202717118,0,0,OCUPADO,1,28,55,120,1,1
1790202719118,sala01,13481,1790202719118,0,0,OCUPADO,1,28,55,120,1,1
1790202721118,sala01,13482,1790202721118,0,0,OCUPADO,1,28,55,120,1,1
1790202723118,sala01,13483,1790202723118,0,0,OCUPADO,0,28,55,120,1,1
1790202725118,sala01,13484,1790202725118,0,0,OCUPADO,1,28,55,120,1,1
1790202727118,sala01,13485,1790202727118,0,0,OCUPADO,1,28,55,120,1,1
1790202729118,sala01,13486,1790202729118,0,0,OCUPADO,1,28,55,120,1,1
1790202731118,sala01,13487,1790202731118,0,0,OCUPADO,0,28,55,120,1,1
1790202733118,sala01,13488,1790202733118,0,0,OCUPADO,1,28,55,120,1,1
1790202735118,sala01,13489,1790202735118,0,0,OCUPADO,1,28,55,120,1,1
1790202737118,sala01,13490,1790202737118,0,0,OCUPADO,1,28,55,120,1,1
1790202739118,sala01,13491,1790202739118,0,0,OCUPADO,0,28,55,120,1,1
1790202741118,sala01,13492,1790202741118,0,0,OCUPADO,1,28,55,120,1,1
1790202743118,sala01,13493,1790202743118,0,0,OCUPADO,1,28,55,120,1,1
1790202745118,sala01,13494,1790202745118,0,0,OCUPADO,1,28,55,120,1,1
1790202747118,sala01,13495,1790202747118,0,0,OCUPADO,0,28,55,120,1,1
1790202749118,sala01,13496,1790202749118,0,0,OCUPADO,1,28,55,120,1,1
1790202751118,sala01,13497,1790202751118,0,0,OCUPADO,1,28,55,120,1,1
1790202753118,sala01,13498,1790202753118,0,0,OCUPADO,1,28,55,120,1,1
1790202755118,sala01,13499,1790202755118,0,0,OCUPADO,0,28,55,120,1,1
1790202757118,sala01,13500,1790202757118,0,0,OCUPADO,1,28,55,120,1,1
1790202759118,sala01,13501,1790202759118,0,0,OCUPADO,1,28,55,120,1,1
1790202761118,sala01,13502,1790202761118,0,0,OCUPADO,1,28,55,120,1,1
1790202763118,sala01,13503,1790202763118,0,0,OCUPADO,0,28,55,120,1,1
1790202765118,sala01,13504,1790202765118,0,0,OCUPADO,1,28,55,120,1,1
1790202767118,sala01,13505,1790202767118,0,0,OCUPADO,1,28,55,120,1,1
1790202769118,sala01,13506,1790202769118,0,0,OCUPADO,1,28,55,120,1,1
1790202771118,sala01,13507,1790202771118,0,0,OCUPADO,0,28,55,120,1,1
1790202773118,sala01,13508,1790202773118,0,0,OCUPADO,1,28,55,120,1,1
1790202775118,sala01,13509,1790202775118,0,0,OCUPADO,1,28,55,120,1,1
1790202777118,sala01,13510,1790202777118,0,0,OCUPADO,1,28,55,120,1,1
1790202779118,sala01,13511,1790202779118,0,0,OCUPADO,0,28,55,120,1,1
1790202781118,sala01,13512,1790202781118,0,0,OCUPADO,1,28,55,120,1,1
1790202783118,sala01,13513,1790202783118,0,0,OCUPADO,1,28,55,120,1,1
1790202785118,sala01,13514,1790202785118,0,0,OCUPADO,1,28,55,120,1,1
1790202787118,sala01,13515,1790202787118,0,0,OCUPADO,0,28,55,120,1,1
1790202789118,sala01,13516,1790202789118,0,0,OCUPADO,1,28,55,120,1,1
1790202791118,sala01,13517,1790202791118,0,0,OCUPADO,1,28,55,120,1,1
1790202793118,sala01,13518,1790202793118,0,0,OCUPADO,1,28,55,120,1,1
1790202795118,sala01,13519,1790202795118,0,0,OCUPADO,0,28,55,120,1,1
1790202797118,sala01,13520,1790202797118,0,0,OCUPADO,1,28,55,120,1,1
1790202799118,sala01,13521,1790202799118,0,0,OCUPADO,1,28,55,120,1,1
1790202801118,sala01,13522,1790202801118,0,0,OCUPADO,1,28,55,120,1,1
1790202803118,sala01,13523,1790202803118,0,0,OCUPADO,0,28,55,120,1,1
1790202805118,sala01,13524,1790202805118,0,0,OCUPADO,1,28,55,120,1,1
1790202807118,sala01,13525,1790202807118,0,0,OCUPADO,1,28,55,120,1,1
1790202809118,sala01,13526,1790202809118,0,0,OCUPADO,1,28,55,120,1,1
1790202811118,sala01,13527,1790202811118,0,0,OCUPADO,0,28,55,120,1,1
1790202813118,sala01,13528,1790202813118,0,0,OCUPADO,1,28,55,120,1,1
1790202815118,sala01,13529,1790202815118,0,0,OCUPADO,1,28,55,120,1,1
1790202817118,sala01,13530,1790202817118,0,0,OCUPADO,1,28,55,120,1,1
1790202819118,sala01,13531,1790202819118,0,0,OCUPADO,0,28,55,120,1,1
1790202821118,sala01,13532,1790202821118,0,0,OCUPADO,1,28,55,120,1,1
1790202823118,sala01,13533,1790202823118,0,0,OCUPADO,1,28,55,120,1,1
1790202825118,sala01,13534,1790202825118,0,0,OCUPADO,1,28,55,120,1,1
1790202827118,sala01,13535,1790202827118,0,0,OCUPADO,0,28,55,120,1,1
1790202829118,sala01,13536,1790202829118,0,0,OCUPADO,1,28,55,120,1,1
1790202831118,sala01,13537,1790202831118,0,0,OCUPADO,1,28,55,120,1,1
1790202833118,sala01,13538,1790202833118,0,0,OCUPADO,1,28,55,120,1,1
1790202835118,sala01,13539,1790202835118,0,0,OCUPADO,0,28,55,120,1,1
1790202837118,sala01,13540,1790202837118,0,0,OCUPADO,1,28,55,120,1,1
1790202839118,sala01,13541,1790202839118,0,0,OCUPADO,1,28,55,120,1,1
1790202841118,sala01,13542,1790202841118,0,0,OCUPADO,1,28,55,120,1,1
1790202843118,sala01,13543,1790202843118,0,0,OCUPADO,0,28,55,120,1,1
1790202845118,sala01,13544,1790202845118,0,0,OCUPADO,1,28,55,120,1,1
1790202847118,sala01,13545,1790202847118,0,0,OCUPADO,1,28,55,120,1,1
1790202849118,sala01,13546,1790202849118,0,0,OCUPADO,1,28,55,120,1,1
1790202851118,sala01,13547,1790202851118,0,0,OCUPADO,0,28,55,120,1,1
1790202853118,sala01,13548,1790202853118,0,0,OCUPADO,1,28,55,120,1,1
1790202855118,sala01,13549,1790202855118,0,0,OCUPADO,1,28,55,120,1,1
1790202857118,sala01,13550,1790202857118,0,0,OCUPADO,1,28,55,120,1,1
1790202859118,sala01,13551,1790202859118,0,0,OCUPADO,0,28,55,120,1,1
1790202861118,sala01,13552,1790202861118,0,0,OCUPADO,1,28,55,120,1,1
1790202863118,sala01,13553,1790202863118,0,0,OCUPADO,1,28,55,120,1,1
1790202865118,sala01,13554,1790202865118,0,0,OCUPADO,1,28,55,120,1,1
1790202867118,sala01,13555,1790202867118,0,0,OCUPADO,0,28,55,120,1,1
1790202869118,sala01,13556,1790202869118,0,0,OCUPADO,1,28,55,120,1,1
1790202871118,sala01,13557,1790202871118,0,0,OCUPADO,1,28,55,120,1,1
1790202873118,sala01,13558,1790202873118,0,0,OCUPADO,1,28,55,120,1,1
1790202875118,sala01,13559,1790202875118,0,0,OCUPADO,0,28,55,120,1,1
1790202877118,sala01,13560,1790202877118,0,0,OCUPADO,1,28,55,120,1,1
1790202879118,sala01,13561,1790202879118,0,0,OCUPADO,1,28,55,120,1,1
1790202881118,sala01,13562,1790202881118,0,0,OCUPADO,1,28,55,120,1,1
1790202883118,sala01,13563,1790202883118,0,0,OCUPADO,0,28,55,120,1,1
1790202885118,sala01,13564,1790202885118,0,0,OCUPADO,1,28,55,120,1,1
1790202887118,sala01,13565,1790202887118,0,0,OCUPADO,1,28,55,120,1,1
1790202889118,sala01,13566,1790202889118,0,0,OCUPADO,1,28,55,120,1,1
1790202891118,sala01,13567,1790202891118,0,0,OCUPADO,0,28,55,120,1,1
1790202893118,sala01,13568,1790202893118,0,0,OCUPADO,1,28,55,120,1,1
1790202895118,sala01,13569,1790202895118,0,0,OCUPADO,1,28,55,120,1,1
1790202897118,sala01,13570,1790202897118,0,0,OCUPADO,1,28,55,120,1,1
1790202899118,sala01,13571,1790202899118,0,0,OCUPADO,0,28,55,120,1,1
1790202901118,sala01,13572,1790202901118,0,0,OCUPADO,1,28,55,120,1,1
1790202903118,sala01,13573,1790202903118,0,0,OCUPADO,1,28,55,120,1,1
1790202905118,sala01,13574,1790202905118,0,0,OCUPADO,1,28,55,120,1,1
1790202907118,sala01,13575,1790202907118,0,0,OCUPADO,0,28,55,120,1,1
1790202909118,sala01,13576,1790202909118,0,0,OCUPADO,1,28,55,120,1,1
1790202911118,sala01,13577,1790202911118,0,0,OCUPADO,1,28,55,120,1,1
1790202913118,sala01,13578,1790202913118,0,0,OCUPADO,1,28,55,120,1,1
1790202915118,sala01,13579,1790202915118,0,0,OCUPADO,0,28,55,120,1,1
1790202917118,sala01,13580,1790202917118,0,0,OCUPADO,1,28,55,120,1,1
1790202919118,sala01,13581,1790202919118,0,0,OCUPADO,1,28,55,120,1,1
1790202921118,sala01,13582,1790202921118,0,0,OCUPADO,1,28,55,120,1,1
1790202923118,sala01,13583,1790202923118,0,0,OCUPADO,0,28,55,120,1,1
1790202925118,sala01,13584,1790202925118,0,0,OCUPADO,1,28,55,120,1,1
1790202927118,sala01,13585,1790202927118,0,0,OCUPADO,1,28,55,120,1,1
1790202929118,sala01,13586,1790202929118,0,0,OCUPADO,1,28,55,120,1,1
1790202931118,sala01,13587,1790202931118,0,0,OCUPADO,0,28,55,120,1,1
1790202933118,sala01,13588,1790202933118,0,0,OCUPADO,1,28,55,120,1,1
1790202935118,sala01,13589,1790202935118,0,0,OCUPADO,1,28,55,120,1,1
1790202937118,sala01,13590,1790202937118,0,0,OCUPADO,1,28,55,120,1,1
1790202939118,sala01,13591,1790202939118,0,0,OCUPADO,0,28,55,120,1,1
1790202941118,sala01,13592,1790202941118,0,0,OCUPADO,1,28,55,120,1,1
1790202943118,sala01,13593,1790202943118,0,0,OCUPADO,1,28,55,120,1,1
1790202945118,sala01,13594,1790202945118,0,0,OCUPADO,1,28,55,120,1,1
1790202947118,sala01,13595,1790202947118,0,0,OCUPADO,0,28,55,120,1,1
1790202949118,sala01,13596,1790202949118,0,0,OCUPADO,1,28,55,120,1,1
1790202951118,sala01,13597,1790202951118,0,0,OCUPADO,1,28,55,120,1,1
1790202953118,sala01,13598,1790202953118,0,0,OCUPADO,1,28,55,120,1,1
1790202955118,sala01,13599,1790202955118,0,0,OCUPADO,0,28,55,120,1,1
1790202957118,sala01,13600,1790202957118,0,0,OCUPADO,1,28,55,120,1,1
1790202959118,sala01,13601,1790202959118,0,0,OCUPADO,1,28,55,120,1,1
1790202961118,sala01,13602,1790202961118,0,0,OCUPADO,1,28,55,120,1,1
1790202963118,sala01,13603,1790202963118,0,0,OCUPADO,0,28,55,120,1,1
1790202965118,sala01,13604,1790202965118,0,0,OCUPADO,1,28,55,120,1,1
1790202967118,sala01,13605,1790202967118,0,0,OCUPADO,1,28,55,120,1,1
1790202969118,sala01,13606,1790202969118,0,0,OCUPADO,1,28,55,120,1,1
1790202971118,sala01,13607,1790202971118,0,0,OCUPADO,0,28,55,120,1,1
1790202973118,sala01,13608,1790202973118,0,0,OCUPADO,1,28,55,120,1,1
1790202975118,sala01,13609,1790202975118,0,0,OCUPADO,1,28,55,120,1,1
1790202977118,sala01,13610,1790202977118,0,0,OCUPADO,1,28,55,120,1,1
1790202979118,sala01,13611,1790202979118,0,0,OCUPADO,0,28,55,120,1,1
1790202981118,sala01,13612,1790202981118,0,0,OCUPADO,1,28,55,120,1,1
1790202983118,sala01,13613,1790202983118,0,0,OCUPADO,1,28,55,120,1,1
1790202985118,sala01,13614,1790202985118,0,0,OCUPADO,1,28,55,120,1,1
1790202987118,sala01,13615,1790202987118,0,0,OCUPADO,0,28,55,120,1,1
1790202989118,sala01,13616,1790202989118,0,0,OCUPADO,1,28,55,120,1,1
1790202991118,sala01,13617,1790202991118,0,0,OCUPADO,1,28,55,120,1,1
1790202993118,sala01,13618,1790202993118,0,0,OCUPADO,1,28,55,120,1,1
1790202995118,sala01,13619,1790202995118,0,0,OCUPADO,0,28,55,120,1,1
1790202997118,sala01,13620,1790202997118,0,0,OCUPADO,1,28,55,120,1,1
1790202999118,sala01,13621,1790202999118,0,0,OCUPADO,1,28,55,120,1,1
1790203001118,sala01,13622,1790203001118,0,0,OCUPADO,1,28,55,120,1,1
1790203003118,sala01,13623,1790203003118,0,0,OCUPADO,0,28,55,120,1,1
1790203005118,sala01,13624,1790203005118,0,0,OCUPADO,1,28,55,120,1,1
1790203007118,sala01,13625,1790203007118,0,0,OCUPADO,1,28,55,120,1,1
1790203009118,sala01,13626,1790203009118,0,0,OCUPADO,1,28,55,120,1,1
1790203011118,sala01,13627,1790203011118,0,0,OCUPADO,0,28,55,120,1,1
1790203013118,sala01,13628,1790203013118,0,0,OCUPADO,1,28,55,120,1,1
1790203015118,sala01,13629,1790203015118,0,0,OCUPADO,1,28,55,120,1,1
1790203017118,sala01,13630,1790203017118,0,0,OCUPADO,1,28,55,120,1,1
1790203019118,sala01,13631,1790203019118,0,0,OCUPADO,0,28,55,120,1,1
1790203021118,sala01,13632,1790203021118,0,0,OCUPADO,1,28,55,120,1,1
1790203023118,sala01,13633,1790203023118,0,0,OCUPADO,1,28,55,120,1,1
1790203025118,sala01,13634,1790203025118,0,0,OCUPADO,1,28,55,120,1,1
1790203027118,sala01,13635,1790203027118,0,0,OCUPADO,0,28,55,120,1,1
1790203029118,sala01,13636,1790203029118,0,0,OCUPADO,1,28,55,120,1,1
1790203031118,sala01,13637,1790203031118,0,0,OCUPADO,1,28,55,120,1,1
1790203033118,sala01,13638,1790203033118,0,0,OCUPADO,1,28,55,120,1,1
1790203035118,sala01,13639,1790203035118,0,0,OCUPADO,0,28,55,120,1,1
1790203037118,sala01,13640,1790203037118,0,0,OCUPADO,1,28,55,120,1,1
1790203039118,sala01,13641,1790203039118,0,0,OCUPADO,1,28,55,120,1,1
1790203041118,sala01,13642,1790203041118,0,0,OCUPADO,1,28,55,120,1,1
1790203043118,sala01,13643,1790203043118,0,0,OCUPADO,0,28,55,120,1,1
1790203045118,sala01,13644,1790203045118,0,0,OCUPADO,1,28,55,120,1,1
1790203047118,sala01,13645,1790203047118,0,0,OCUPADO,1,28,55,120,1,1
1790203049118,sala01,13646,1790203049118,0,0,OCUPADO,1,28,55,120,1,1
1790203051118,sala01,13647,1790203051118,0,0,OCUPADO,0,28,55,120,1,1
1790203053118,sala01,13648,1790203053118,0,0,OCUPADO,1,28,55,120,1,1
1790203055118,sala01,13649,1790203055118,0,0,OCUPADO,1,28,55,120,1,1
1790203057118,sala01,13650,1790203057118,0,0,OCUPADO,1,28,55,120,1,1
1790203059118,sala01,13651,1790203059118,0,0,OCUPADO,0,28,55,120,1,1
1790203061118,sala01,13652,1790203061118,0,0,OCUPADO,1,28,55,120,1,1
1790203063118,sala01,13653,1790203063118,0,0,OCUPADO,1,28,55,120,1,1
1790203065118,sala01,13654,1790203065118,0,0,OCUPADO,1,28,55,120,1,1
1790203067118,sala01,13655,1790203067118,0,0,OCUPADO,0,28,55,120,1,1
1790203069118,sala01,13656,1790203069118,0,0,OCUPADO,1,28,55,120,1,1
1790203071118,sala01,13657,1790203071118,0,0,OCUPADO,1,28,55,120,1,1
1790203073118,sala01,13658,1790203073118,0,0,OCUPADO,1,28,55,120,1,1
1790203075118,sala01,13659,1790203075118,0,0,OCUPADO,0,28,55,120,1,1
1790203077118,sala01,13660,1790203077118,0,0,OCUPADO,1,28,55,120,1,1
1790203079118,sala01,13661,1790203079118,0,0,OCUPADO,1,28,55,120,1,1
1790203081118,sala01,13662,1790203081118,0,0,OCUPADO,1,28,55,120,1,1
1790203083118,sala01,13663,1790203083118,0,0,OCUPADO,0,28,55,120,1,1
1790203085118,sala01,13664,1790203085118,0,0,OCUPADO,1,28,55,120,1,1
1790203087118,sala01,13665,1790203087118,0,0,OCUPADO,1,28,55,120,1,1
1790203089118,sala01,13666,1790203089118,0,0,OCUPADO,1,28,55,120,1,1
1790203091118,sala01,13667,1790203091118,0,0,OCUPADO,0,28,55,120,1,1
1790203093118,sala01,13668,1790203093118,0,0,OCUPADO,1,28,55,120,1,1
1790203095118,sala01,13669,1790203095118,0,0,OCUPADO,1,28,55,120,1,1
1790203097118,sala01,13670,1790203097118,0,0,OCUPADO,1,28,55,120,1,1
1790203099118,sala01,13671,1790203099118,0,0,OCUPADO,0,28,55,120,1,1
1790203101118,sala01,13672,1790203101118,0,0,OCUPADO,1,28,55,120,1,1
1790203103118,sala01,13673,1790203103118,0,0,OCUPADO,1,28,55,120,1,1
1790203105118,sala01,13674,1790203105118,0,0,OCUPADO,1,28,55,120,1,1
1790203107118,sala01,13675,1790203107118,0,0,OCUPADO,0,28,55,120,1,1
1790203109118,sala01,13676,1790203109118,0,0,OCUPADO,1,28,55,120,1,1
1790203111118,sala01,13677,1790203111118,0,0,OCUPADO,1,28,55,120,1,1
1790203113118,sala01,13678,1790203113118,0,0,OCUPADO,1,28,55,120,1,1
1790203115118,sala01,13679,1790203115118,0,0,OCUPADO,0,28,55,120,1,1
1790203117118,sala01,13680,1790203117118,0,0,OCUPADO,1,28,55,120,1,1
1790203119118,sala01,13681,1790203119118,0,0,OCUPADO,1,28,55,120,1,1
1790203121118,sala01,13682,1790203121118,0,0,OCUPADO,1,28,55,120,1,1
1790203123118,sala01,13683,1790203123118,0,0,OCUPADO,0,28,55,120,1,1
1790203125118,sala01,13684,1790203125118,0,0,OCUPADO,1,28,55,120,1,1
1790203127118,sala01,13685,1790203127118,0,0,OCUPADO,1,28,55,120,1,1
1790203129118,sala01,13686,1790203129118,0,0,OCUPADO,1,28,55,120,1,1
1790203131118,sala01,13687,1790203131118,0,0,OCUPADO,0,28,55,120,1,1
1790203133118,sala01,13688,1790203133118,0,0,OCUPADO,1,28,55,120,1,1
1790203135118,sala01,13689,1790203135118,0,0,OCUPADO,1,28,55,120,1,1
1790203137118,sala01,13690,1790203137118,0,0,OCUPADO,1,28,55,120,1,1
1790203139118,sala01,13691,1790203139118,0,0,OCUPADO,0,28,55,120,1,1
1790203141118,sala01,13692,1790203141118,0,0,OCUPADO,1,28,55,120,1,1
1790203143118,sala01,13693,1790203143118,0,0,OCUPADO,1,28,55,120,1,1
1790203145118,sala01,13694,1790203145118,0,0,OCUPADO,1,28,55,120,1,1
1790203147118,sala01,13695,1790203147118,0,0,OCUPADO,0,28,55,120,1,1
1790203149118,sala01,13696,1790203149118,0,0,OCUPADO,1,28,55,120,1,1
1790203151118,sala01,13697,1790203151118,0,0,OCUPADO,1,28,55,120,1,1
1790203153118,sala01,13698,1790203153118,0,0,OCUPADO,1,28,55,120,1,1
1790203155118,sala01,13699,1790203155118,0,0,OCUPADO,0,28,55,120,1,1
1790203157118,sala01,13700,1790203157118,0,0,OCUPADO,1,28,55,120,1,1
1790203159118,sala01,13701,1790203159118,0,0,OCUPADO,1,28,55,120,1,1
1790203161118,sala01,13702,1790203161118,0,0,OCUPADO,1,28,55,120,1,1
1790203163118,sala01,13703,1790203163118,0,0,OCUPADO,0,28,55,120,1,1
1790203165118,sala01,13704,1790203165118,0,0,OCUPADO,1,28,55,120,1,1
1790203167118,sala01,13705,1790203167118,0,0,OCUPADO,1,28,55,120,1,1
1790203169118,sala01,13706,1790203169118,0,0,OCUPADO,1,28,55,120,1,1
1790203171118,sala01,13707,1790203171118,0,0,OCUPADO,0,28,55,120,1,1
1790203173118,sala01,13708,1790203173118,0,0,OCUPADO,1,28,55,120,1,1
1790203175118,sala01,13709,1790203175118,0,0,OCUPADO,1,28,55,120,1,1
1790203177118,sala01,13710,1790203177118,0,0,OCUPADO,1,28,55,120,1,1
1790203179118,sala01,13711,1790203179118,0,0,OCUPADO,0,28,55,120,1,1
1790203181118,sala01,13712,1790203181118,0,0,OCUPADO,1,28,55,120,1,1
1790203183118,sala01,13713,1790203183118,0,0,OCUPADO,1,28,55,120,1,1
1790203185118,sala01,13714,1790203185118,0,0,OCUPADO,1,28,55,120,1,1
1790203187118,sala01,13715,1790203187118,0,0,OCUPADO,0,28,55,120,1,1
1790203189118,sala01,13716,1790203189118,0,0,OCUPADO,1,28,55,120,1,1
1790203191118,sala01,13717,1790203191118,0,0,OCUPADO,1,28,55,120,1,1
1790203193118,sala01,13718,1790203193118,0,0,OCUPADO,1,28,55,120,1,1
1790203195118,sala01,13719,1790203195118,0,0,OCUPADO,0,28,55,120,1,1
1790203197118,sala01,13720,1790203197118,0,0,OCUPADO,1,28,55,120,1,1
1790203199118,sala01,13721,1790203199118,0,0,OCUPADO,1,28,55,120,1,1
1790203201118,sala01,13722,1790203201118,0,0,OCUPADO,1,28,55,120,1,1
1790203203118,sala01,13723,1790203203118,0,0,OCUPADO,0,28,55,120,1,1
1790203205118,sala01,13724,1790203205118,0,0,OCUPADO,1,28,55,120,1,1
1790203207118,sala01,13725,1790203207118,0,0,OCUPADO,1,28,55,120,1,1
1790203209118,sala01,13726,1790203209118,0,0,OCUPADO,1,28,55,120,1,1
1790203211118,sala01,13727,1790203211118,0,0,OCUPADO,0,28,55,120,1,1
1790203213118,sala01,13728,1790203213118,0,0,OCUPADO,1,28,55,120,1,1
1790203215118,sala01,13729,1790203215118,0,0,OCUPADO,1,28,55,120,1,1
1790203217118,sala01,13730,1790203217118,0,0,OCUPADO,1,28,55,120,1,1
1790203219118,sala01,13731,1790203219118,0,0,OCUPADO,0,28,55,120,1,1
1790203221118,sala01,13732,1790203221118,0,0,OCUPADO,1,28,55,120,1,1
1790203223118,sala01,13733,1790203223118,0,0,OCUPADO,1,28,55,120,1,1
1790203225118,sala01,13734,1790203225118,0,0,OCUPADO,1,28,55,120,1,1
1790203227118,sala01,13735,1790203227118,0,0,OCUPADO,0,28,55,120,1,1
1790203229118,sala01,13736,1790203229118,0,0,OCUPADO,1,28,55,120,1,1
1790203231118,sala01,13737,1790203231118,0,0,OCUPADO,1,28,55,120,1,1
1790203233118,sala01,13738,1790203233118,0,0,OCUPADO,1,28,55,120,1,1
1790203235118,sala01,13739,1790203235118,0,0,OCUPADO,0,28,55,120,1,1
1790203237118,sala01,13740,1790203237118,0,0,OCUPADO,1,28,55,120,1,1
1790203239118,sala01,13741,1790203239118,0,0,OCUPADO,1,28,55,120,1,1
1790203241118,sala01,13742,1790203241118,0,0,OCUPADO,1,28,55,120,1,1
1790203243118,sala01,13743,1790203243118,0,0,OCUPADO,0,28,55,120,1,1
1790203245118,sala01,13744,1790203245118,0,0,OCUPADO,1,28,55,120,1,1
1790203247118,sala01,13745,1790203247118,0,0,OCUPADO,1,28,55,120,1,1
1790203249118,sala01,13746,1790203249118,0,0,OCUPADO,1,28,55,120,1,1
1790203251118,sala01,13747,1790203251118,0,0,OCUPADO,0,28,55,120,1,1
1790203253118,sala01,13748,1790203253118,0,0,OCUPADO,1,28,55,120,1,1
1790203255118,sala01,13749,1790203255118,0,0,OCUPADO,1,28,55,120,1,1
1790203257118,sala01,13750,1790203257118,0,0,OCUPADO,1,28,55,120,1,1
1790203259118,sala01,13751,1790203259118,0,0,OCUPADO,0,28,55,120,1,1
1790203261118,sala01,13752,1790203261118,0,0,OCUPADO,1,28,55,120,1,1
1790203263118,sala01,13753,1790203263118,0,0,OCUPADO,1,28,55,120,1,1
1790203265118,sala01,13754,1790203265118,0,0,OCUPADO,1,28,55,120,1,1
1790203267118,sala01,13755,1790203267118,0,0,OCUPADO,0,28,55,120,1,1
1790203269118,sala01,13756,1790203269118,0,0,OCUPADO,1,28,55,120,1,1
1790203271118,sala01,13757,1790203271118,0,0,OCUPADO,1,28,55,120,1,1
1790203273118,sala01,13758,1790203273118,0,0,OCUPADO,1,28,55,120,1,1
1790203275118,sala01,13759,1790203275118,0,0,OCUPADO,0,28,55,120,1,1
1790203277118,sala01,13760,1790203277118,0,0,OCUPADO,1,28,55,120,1,1
1790203279118,sala01,13761,1790203279118,0,0,OCUPADO,1,28,55,120,1,1
1790203281118,sala01,13762,1790203281118,0,0,OCUPADO,1,28,55,120,1,1
1790203283118,sala01,13763,1790203283118,0,0,OCUPADO,0,28,55,120,1,1
1790203285118,sala01,13764,1790203285118,0,0,OCUPADO,1,28,55,120,1,1
1790203287118,sala01,13765,1790203287118,0,0,OCUPADO,1,28,55,120,1,1
1790203289118,sala01,13766,1790203289118,0,0,OCUPADO,1,28,55,120,1,1
1790203291118,sala01,13767,1790203291118,0,0,OCUPADO,0,28,55,120,1,1
1790203293118,sala01,13768,1790203293118,0,0,OCUPADO,1,28,55,120,1,1
1790203295118,sala01,13769,1790203295118,0,0,OCUPADO,1,28,55,120,1,1
1790203297118,sala01,13770,1790203297118,0,0,OCUPADO,1,28,55,120,1,1
1790203299118,sala01,13771,1790203299118,0,0,OCUPADO,0,28,55,120,1,1
1790203301118,sala01,13772,1790203301118,0,0,OCUPADO,1,28,55,120,1,1
1790203303118,sala01,13773,1790203303118,0,0,OCUPADO,1,28,55,120,1,1
1790203305118,sala01,13774,1790203305118,0,0,OCUPADO,1,28,55,120,1,1
1790203307118,sala01,13775,1790203307118,0,0,OCUPADO,0,28,55,120,1,1
1790203309118,sala01,13776,1790203309118,0,0,OCUPADO,1,28,55,120,1,1
1790203311118,sala01,13777,1790203311118,0,0,OCUPADO,1,28,55,120,1,1
1790203313118,sala01,13778,1790203313118,0,0,OCUPADO,1,28,55,120,1,1
1790203315118,sala01,13779,1790203315118,0,0,OCUPADO,0,28,55,120,1,1
1790203317118,sala01,13780,1790203317118,0,0,OCUPADO,1,28,55,120,1,1
1790203319118,sala01,13781,1790203319118,0,0,OCUPADO,1,28,55,120,1,1
1790203321118,sala01,13782,1790203321118,0,0,OCUPADO,1,28,55,120,1,1
1790203323118,sala01,13783,1790203323118,0,0,OCUPADO,0,28,55,120,1,1
1790203325118,sala01,13784,1790203325118,0,0,OCUPADO,1,28,55,120,1,1
1790203327118,sala01,13785,1790203327118,0,0,OCUPADO,1,28,55,120,1,1
1790203329118,sala01,13786,1790203329118,0,0,OCUPADO,1,28,55,120,1,1
1790203331118,sala01,13787,1790203331118,0,0,OCUPADO,0,28,55,120,1,1
1790203333118,sala01,13788,1790203333118,0,0,OCUPADO,1,28,55,120,1,1
1790203335118,sala01,13789,1790203335118,0,0,OCUPADO,1,28,55,120,1,1
1790203337118,sala01,13790,1790203337118,0,0,OCUPADO,1,28,55,120,1,1
1790203339118,sala01,13791,1790203339118,0,0,OCUPADO,0,28,55,120,1,1
1790203341118,sala01,13792,1790203341118,0,0,OCUPADO,1,28,55,120,1,1
1790203343118,sala01,13793,1790203343118,0,0,OCUPADO,1,28,55,120,1,1
1790203345118,sala01,13794,1790203345118,0,0,OCUPADO,1,28,55,120,1,1
1790203347118,sala01,13795,1790203347118,0,0,OCUPADO,0,28,55,120,1,1
1790203349118,sala01,13796,1790203349118,0,0,OCUPADO,1,28,55,120,1,1
1790203351118,sala01,13797,1790203351118,0,0,OCUPADO,1,28,55,120,1,1
1790203353118,sala01,13798,1790203353118,0,0,OCUPADO,1,28,55,120,1,1
1790203355118,sala01,13799,1790203355118,0,0,OCUPADO,0,28,55,120,1,1
1790203357118,sala01,13800,1790203357118,0,0,OCUPADO,1,28,55,120,1,1
1790203359118,sala01,13801,1790203359118,0,0,OCUPADO,1,28,55,120,1,1
1790203361118,sala01,13802,1790203361118,0,0,OCUPADO,1,28,55,120,1,1
1790203363118,sala01,13803,1790203363118,0,0,OCUPADO,0,28,55,120,1,1
1790203365118,sala01,13804,1790203365118,0,0,OCUPADO,1,28,55,120,1,1
1790203367118,sala01,13805,1790203367118,0,0,OCUPADO,1,28,55,120,1,1
1790203369118,sala01,13806,1790203369118,0,0,OCUPADO,1,28,55,120,1,1
1790203371118,sala01,13807,1790203371118,0,0,OCUPADO,0,28,55,120,1,1
1790203373118,sala01,13808,1790203373118,0,0,OCUPADO,1,28,55,120,1,1
1790203375118,sala01,13809,1790203375118,0,0,OCUPADO,1,28,55,120,1,1
1790203377118,sala01,13810,1790203377118,0,0,OCUPADO,1,28,55,120,1,1
1790203379118,sala01,13811,1790203379118,0,0,OCUPADO,0,28,55,120,1,1
1790203381118,sala01,13812,1790203381118,0,0,OCUPADO,1,28,55,120,1,1
1790203383118,sala01,13813,1790203383118,0,0,OCUPADO,1,28,55,120,1,1
1790203385118,sala01,13814,1790203385118,0,0,OCUPADO,1,28,55,120,1,1
1790203387118,sala01,13815,1790203387118,0,0,OCUPADO,0,28,55,120,1,1
1790203389118,sala01,13816,1790203389118,0,0,OCUPADO,1,28,55,120,1,1
1790203391118,sala01,13817,1790203391118,0,0,OCUPADO,1,28,55,120,1,1
1790203393118,sala01,13818,1790203393118,0,0,OCUPADO,1,28,55,120,1,1
1790203395118,sala01,13819,1790203395118,0,0,OCUPADO,0,28,55,120,1,1
1790203397118,sala01,13820,1790203397118,0,0,OCUPADO,1,28,55,120,1,1
1790203399118,sala01,13821,1790203399118,0,0,OCUPADO,1,28,55,120,1,1
1790203401118,sala01,13822,1790203401118,0,0,OCUPADO,1,28,55,120,1,1
1790203403118,sala01,13823,1790203403118,0,0,OCUPADO,0,28,55,120,1,1
1790203405118,sala01,13824,1790203405118,0,0,OCUPADO,1,28,55,120,1,1
1790203407118,sala01,13825,1790203407118,0,0,OCUPADO,1,28,55,120,1,1
1790203409118,sala01,13826,1790203409118,0,0,OCUPADO,1,28,55,120,1,1
1790203411118,sala01,13827,1790203411118,0,0,OCUPADO,0,28,55,120,1,1
1790203413118,sala01,13828,1790203413118,0,0,OCUPADO,1,28,55,120,1,1
1790203415118,sala01,13829,1790203415118,0,0,OCUPADO,1,28,55,120,1,1
1790203417118,sala01,13830,1790203417118,0,0,OCUPADO,1,28,55,120,1,1
1790203419118,sala01,13831,1790203419118,0,0,OCUPADO,0,28,55,120,1,1
1790203421118,sala01,13832,1790203421118,0,0,OCUPADO,1,28,55,120,1,1
1790203423118,sala01,13833,1790203423118,0,0,OCUPADO,1,28,55,120,1,1
1790203425118,sala01,13834,1790203425118,0,0,OCUPADO,1,28,55,120,1,1
1790203427118,sala01,13835,1790203427118,0,0,OCUPADO,0,28,55,120,1,1
1790203429118,sala01,13836,1790203429118,0,0,OCUPADO,1,28,55,120,1,1
1790203431118,sala01,13837,1790203431118,0,0,OCUPADO,1,28,55,120,1,1
1790203433118,sala01,13838,1790203433118,0,0,OCUPADO,1,28,55,120,1,1
1790203435118,sala01,13839,1790203435118,0,0,OCUPADO,0,28,55,120,1,1
1790203437118,sala01,13840,1790203437118,0,0,OCUPADO,1,28,55,120,1,1
1790203439118,sala01,13841,1790203439118,0,0,OCUPADO,1,28,55,120,1,1
1790203441118,sala01,13842,1790203441118,0,0,OCUPADO,1,28,55,120,1,1
1790203443118,sala01,13843,1790203443118,0,0,OCUPADO,0,28,55,120,1,1
1790203445118,sala01,13844,1790203445118,0,0,OCUPADO,1,28,55,120,1,1
1790203447118,sala01,13845,1790203447118,0,0,OCUPADO,1,28,55,120,1,1
1790203449118,sala01,13846,1790203449118,0,0,OCUPADO,1,28,55,120,1,1
1790203451118,sala01,13847,1790203451118,0,0,OCUPADO,0,28,55,120,1,1
1790203453118,sala01,13848,1790203453118,0,0,OCUPADO,1,28,55,120,1,1
1790203455118,sala01,13849,1790203455118,0,0,OCUPADO,1,28,55,120,1,1
1790203457118,sala01,13850,1790203457118,0,0,OCUPADO,1,28,55,120,1,1
1790203459118,sala01,13851,1790203459118,0,0,OCUPADO,0,28,55,120,1,1
1790203461118,sala01,13852,1790203461118,0,0,OCUPADO,1,28,55,120,1,1
1790203463118,sala01,13853,1790203463118,0,0,OCUPADO,1,28,55,120,1,1
1790203465118,sala01,13854,1790203465118,0,0,OCUPADO,1,28,55,120,1,1
1790203467118,sala01,13855,1790203467118,0,0,OCUPADO,0,28,55,120,1,1
1790203469118,sala01,13856,1790203469118,0,0,OCUPADO,1,28,55,120,1,1
1790203471118,sala01,13857,1790203471118,0,0,OCUPADO,1,28,55,120,1,1
1790203473118,sala01,13858,1790203473118,0,0,OCUPADO,1,28,55,120,1,1
1790203475118,sala01,13859,1790203475118,0,0,OCUPADO,0,28,55,120,1,1
1790203477118,sala01,13860,1790203477118,0,0,OCUPADO,1,28,55,120,1,1
1790203479118,sala01,13861,1790203479118,0,0,OCUPADO,1,28,55,120,1,1
1790203481118,sala01,13862,1790203481118,0,0,OCUPADO,1,28,55,120,1,1
1790203483118,sala01,13863,1790203483118,0,0,OCUPADO,0,28,55,120,1,1
1790203485118,sala01,13864,1790203485118,0,0,OCUPADO,1,28,55,120,1,1
1790203487118,sala01,13865,1790203487118,0,0,OCUPADO,1,28,55,120,1,1
1790203489118,sala01,13866,1790203489118,0,0,OCUPADO,1,28,55,120,1,1
1790203491118,sala01,13867,1790203491118,0,0,OCUPADO,0,28,55,120,1,1
1790203493118,sala01,13868,1790203493118,0,0,OCUPADO,1,28,55,120,1,1
1790203495118,sala01,13869,1790203495118,0,0,OCUPADO,1,28,55,120,1,1
1790203497118,sala01,13870,1790203497118,0,0,OCUPADO,1,28,55,120,1,1
1790203499118,sala01,13871,1790203499118,0,0,OCUPADO,0,28,55,120,1,1
1790203501118,sala01,13872,1790203501118,0,0,OCUPADO,1,28,55,120,1,1
1790203503118,sala01,13873,1790203503118,0,0,OCUPADO,1,28,55,120,1,1
1790203505118,sala01,13874,1790203505118,0,0,OCUPADO,1,28,55,120,1,1
1790203507118,sala01,13875,1790203507118,0,0,OCUPADO,0,28,55,120,1,1
1790203509118,sala01,13876,1790203509118,0,0,OCUPADO,1,28,55,120,1,1
1790203511118,sala01,13877,1790203511118,0,0,OCUPADO,1,28,55,120,1,1
1790203513118,sala01,13878,1790203513118,0,0,OCUPADO,1,28,55,120,1,1
1790203515118,sala01,13879,1790203515118,0,0,OCUPADO,0,28,55,120,1,1
1790203517118,sala01,13880,1790203517118,0,0,OCUPADO,1,28,55,120,1,1
1790203519118,sala01,13881,1790203519118,0,0,OCUPADO,1,28,55,120,1,1
1790203521118,sala01,13882,1790203521118,0,0,OCUPADO,1,28,55,120,1,1
1790203523118,sala01,13883,1790203523118,0,0,OCUPADO,0,28,55,120,1,1
1790203525118,sala01,13884,1790203525118,0,0,OCUPADO,1,28,55,120,1,1
1790203527118,sala01,13885,1790203527118,0,0,OCUPADO,1,28,55,120,1,1
1790203529118,sala01,13886,1790203529118,0,0,OCUPADO,1,28,55,120,1,1
1790203531118,sala01,13887,1790203531118,0,0,OCUPADO,0,28,55,120,1,1
1790203533118,sala01,13888,1790203533118,0,0,OCUPADO,1,28,55,120,1,1
1790203535118,sala01,13889,1790203535118,0,0,OCUPADO,1,28,55,120,1,1
1790203537118,sala01,13890,1790203537118,0,0,OCUPADO,1,28,55,120,1,1
1790203539118,sala01,13891,1790203539118,0,0,OCUPADO,0,28,55,120,1,1
1790203541118,sala01,13892,1790203541118,0,0,OCUPADO,1,28,55,120,1,1
1790203543118,sala01,13893,1790203543118,0,0,OCUPADO,1,28,55,120,1,1
1790203545118,sala01,13894,1790203545118,0,0,OCUPADO,1,28,55,120,1,1
1790203547118,sala01,13895,1790203547118,0,0,OCUPADO,0,28,55,120,1,1
1790203549118,sala01,13896,1790203549118,0,0,OCUPADO,1,28,55,120,1,1
1790203551118,sala01,13897,1790203551118,0,0,OCUPADO,1,28,55,120,1,1
1790203553118,sala01,13898,1790203553118,0,0,OCUPADO,1,28,55,120,1,1
1790203555118,sala01,13899,1790203555118,0,0,OCUPADO,0,28,55,120,1,1
1790203557118,sala01,13900,1790203557118,0,0,OCUPADO,1,28,55,120,1,1
1790203559118,sala01,13901,1790203559118,0,0,OCUPADO,1,28,55,120,1,1
1790203561118,sala01,13902,1790203561118,0,0,OCUPADO,1,28,55,120,1,1
1790203563118,sala01,13903,1790203563118,0,0,OCUPADO,0,28,55,120,1,1
1790203565118,sala01,13904,1790203565118,0,0,OCUPADO,1,28,55,120,1,1
1790203567118,sala01,13905,1790203567118,0,0,OCUPADO,1,28,55,120,1,1
1790203569118,sala01,13906,1790203569118,0,0,OCUPADO,1,28,55,120,1,1
1790203571118,sala01,13907,1790203571118,0,0,OCUPADO,0,28,55,120,1,1
1790203573118,sala01,13908,1790203573118,0,0,OCUPADO,1,28,55,120,1,1
1790203575118,sala01,13909,1790203575118,0,0,OCUPADO,1,28,55,120,1,1
1790203577118,sala01,13910,1790203577118,0,0,OCUPADO,1,28,55,120,1,1
1790203579118,sala01,13911,1790203579118,0,0,OCUPADO,0,28,55,120,1,1
1790203581118,sala01,13912,1790203581118,0,0,OCUPADO,1,28,55,120,1,1
1790203583118,sala01,13913,1790203583118,0,0,OCUPADO,1,28,55,120,1,1
1790203585118,sala01,13914,1790203585118,0,0,OCUPADO,1,28,55,120,1,1
1790203587118,sala01,13915,1790203587118,0,0,OCUPADO,0,28,55,120,1,1
1790203589118,sala01,13916,1790203589118,0,0,OCUPADO,1,28,55,120,1,1
1790203591118,sala01,13917,1790203591118,0,0,OCUPADO,1,28,55,120,1,1
1790203593118,sala01,13918,1790203593118,0,0,OCUPADO,1,28,55,120,1,1
1790203595118,sala01,13919,1790203595118,0,0,OCUPADO,0,28,55,120,1,1
1790203597118,sala01,13920,1790203597118,0,0,OCUPADO,1,28,55,120,1,1
1790203599118,sala01,13921,1790203599118,0,0,OCUPADO,1,28,55,120,1,1
1790203601118,sala01,13922,1790203601118,0,0,OCUPADO,1,28,55,120,1,1
1790203603118,sala01,13923,1790203603118,0,0,OCUPADO,0,28,55,120,1,1
1790203605118,sala01,13924,1790203605118,0,0,OCUPADO,1,28,55,120,1,1
1790203607118,sala01,13925,1790203607118,0,0,OCUPADO,1,28,55,120,1,1
1790203609118,sala01,13926,1790203609118,0,0,OCUPADO,1,28,55,120,1,1
1790203611118,sala01,13927,1790203611118,0,0,OCUPADO,0,28,55,120,1,1
1790203613118,sala01,13928,1790203613118,0,0,OCUPADO,1,28,55,120,1,1
1790203615118,sala01,13929,1790203615118,0,0,OCUPADO,1,28,55,120,1,1
1790203617118,sala01,13930,1790203617118,0,0,OCUPADO,1,28,55,120,1,1
1790203619118,sala01,13931,1790203619118,0,0,OCUPADO,0,28,55,120,1,1
1790203621118,sala01,13932,1790203621118,0,0,OCUPADO,1,28,55,120,1,1
1790203623118,sala01,13933,1790203623118,0,0,OCUPADO,1,28,55,120,1,1
1790203625118,sala01,13934,1790203625118,0,0,OCUPADO,1,28,55,120,1,1
1790203627118,sala01,13935,1790203627118,0,0,OCUPADO,0,28,55,120,1,1
1790203629118,sala01,13936,1790203629118,0,0,OCUPADO,1,28,55,120,1,1
1790203631118,sala01,13937,1790203631118,0,0,OCUPADO,1,28,55,120,1,1
1790203633118,sala01,13938,1790203633118,0,0,OCUPADO,1,28,55,120,1,1
1790203635118,sala01,13939,1790203635118,0,0,OCUPADO,0,28,55,120,1,1
1790203637118,sala01,13940,1790203637118,0,0,OCUPADO,1,28,55,120,1,1
1790203639118,sala01,13941,1790203639118,0,0,OCUPADO,1,28,55,120,1,1
1790203641118,sala01,13942,1790203641118,0,0,OCUPADO,1,28,55,120,1,1
1790203643118,sala01,13943,1790203643118,0,0,OCUPADO,0,28,55,120,1,1
1790203645118,sala01,13944,1790203645118,0,0,OCUPADO,1,28,55,120,1,1
1790203647118,sala01,13945,1790203647118,0,0,OCUPADO,1,28,55,120,1,1
1790203649118,sala01,13946,1790203649118,0,0,OCUPADO,1,28,55,120,1,1
1790203651118,sala01,13947,1790203651118,0,0,OCUPADO,0,28,55,120,1,1
1790203653118,sala01,13948,1790203653118,0,0,OCUPADO,1,28,55,120,1,1
1790203655118,sala01,13949,1790203655118,0,0,OCUPADO,1,28,55,120,1,1
1790203657118,sala01,13950,1790203657118,0,0,OCUPADO,1,28,55,120,1,1
1790203659118,sala01,13951,1790203659118,0,0,OCUPADO,0,28,55,120,1,1
1790203661118,sala01,13952,1790203661118,0,0,OCUPADO,1,28,55,120,1,1
1790203663118,sala01,13953,1790203663118,0,0,OCUPADO,1,28,55,120,1,1
1790203665118,sala01,13954,1790203665118,0,0,OCUPADO,1,28,55,120,1,1
1790203667118,sala01,13955,1790203667118,0,0,OCUPADO,0,28,55,120,1,1
1790203669118,sala01,13956,1790203669118,0,0,OCUPADO,1,28,55,120,1,1
1790203671118,sala01,13957,1790203671118,0,0,OCUPADO,1,28,55,120,1,1
1790203673118,sala01,13958,1790203673118,0,0,OCUPADO,1,28,55,120,1,1
1790203675118,sala01,13959,1790203675118,0,0,OCUPADO,0,28,55,120,1,1
1790203677118,sala01,13960,1790203677118,0,0,OCUPADO,1,28,55,120,1,1
1790203679118,sala01,13961,1790203679118,0,0,OCUPADO,1,28,55,120,1,1
1790203681118,sala01,13962,1790203681118,0,0,OCUPADO,1,28,55,120,1,1
1790203683118,sala01,13963,1790203683118,0,0,OCUPADO,0,28,55,120,1,1
1790203685118,sala01,13964,1790203685118,0,0,OCUPADO,1,28,55,120,1,1
1790203687118,sala01,13965,1790203687118,0,0,OCUPADO,1,28,55,120,1,1
1790203689118,sala01,13966,1790203689118,0,0,OCUPADO,1,28,55,120,1,1
1790203691118,sala01,13967,1790203691118,0,0,OCUPADO,0,28,55,120,1,1
1790203693118,sala01,13968,1790203693118,0,0,OCUPADO,1,28,55,120,1,1
1790203695118,sala01,13969,1790203695118,0,0,OCUPADO,1,28,55,120,1,1
1790203697118,sala01,13970,1790203697118,0,0,OCUPADO,1,28,55,120,1,1
1790203699118,sala01,13971,1790203699118,0,0,OCUPADO,0,28,55,120,1,1
1790203701118,sala01,13972,1790203701118,0,0,OCUPADO,1,28,55,120,1,1
1790203703118,sala01,13973,1790203703118,0,0,OCUPADO,1,28,55,120,1,1
1790203705118,sala01,13974,1790203705118,0,0,OCUPADO,1,28,55,120,1,1
1790203707118,sala01,13975,1790203707118,0,0,OCUPADO,0,28,55,120,1,1
1790203709118,sala01,13976,1790203709118,0,0,OCUPADO,1,28,55,120,1,1
1790203711118,sala01,13977,1790203711118,0,0,OCUPADO,1,28,55,120,1,1
1790203713118,sala01,13978,1790203713118,0,0,OCUPADO,1,28,55,120,1,1
1790203715118,sala01,13979,1790203715118,0,0,OCUPADO,0,28,55,120,1,1
1790203717118,sala01,13980,1790203717118,0,0,OCUPADO,1,28,55,120,1,1
1790203719118,sala01,13981,1790203719118,0,0,OCUPADO,1,28,55,120,1,1
1790203721118,sala01,13982,1790203721118,0,0,OCUPADO,1,28,55,120,1,1
1790203723118,sala01,13983,1790203723118,0,0,OCUPADO,0,28,55,120,1,1
1790203725118,sala01,13984,1790203725118,0,0,OCUPADO,1,28,55,120,1,1
1790203727118,sala01,13985,1790203727118,0,0,OCUPADO,1,28,55,120,1,1
1790203729118,sala01,13986,1790203729118,0,0,OCUPADO,1,28,55,120,1,1
1790203731118,sala01,13987,1790203731118,0,0,OCUPADO,0,28,55,120,1,1
1790203733118,sala01,13988,1790203733118,0,0,OCUPADO,1,28,55,120,1,1
1790203735118,sala01,13989,1790203735118,0,0,OCUPADO,1,28,55,120,1,1
1790203737118,sala01,13990,1790203737118,0,0,OCUPADO,1,28,55,120,1,1
1790203739118,sala01,13991,1790203739118,0,0,OCUPADO,0,28,55,120,1,1
1790203741118,sala01,13992,1790203741118,0,0,OCUPADO,1,28,55,120,1,1
1790203743118,sala01,13993,1790203743118,0,0,OCUPADO,1,28,55,120,1,1
1790203745118,sala01,13994,1790203745118,0,0,OCUPADO,1,28,55,120,1,1
1790203747118,sala01,13995,1790203747118,0,0,OCUPADO,0,28,55,120,1,1
1790203749118,sala01,13996,1790203749118,0,0,OCUPADO,1,28,55,120,1,1
1790203751118,sala01,13997,1790203751118,0,0,OCUPADO,1,28,55,120,1,1
1790203753118,sala01,13998,1790203753118,0,0,OCUPADO,1,28,55,120,1,1
1790203755118,sala01,13999,1790203755118,0,0,OCUPADO,0,28,55,120,1,1
1790203757118,sala01,14000,1790203757118,0,0,OCUPADO,1,28,55,120,1,1
1790203759118,sala01,14001,1790203759118,0,0,OCUPADO,1,28,55,120,1,1
1790203761118,sala01,14002,1790203761118,0,0,OCUPADO,1,28,55,120,1,1
1790203763118,sala01,14003,1790203763118,0,0,OCUPADO,0,28,55,120,1,1
1790203765118,sala01,14004,1790203765118,0,0,OCUPADO,1,28,55,120,1,1
1790203767118,sala01,14005,1790203767118,0,0,OCUPADO,1,28,55,120,1,1
1790203769118,sala01,14006,1790203769118,0,0,OCUPADO,1,28,55,120,1,1
1790203771118,sala01,14007,1790203771118,0,0,OCUPADO,0,28,55,120,1,1
1790203773118,sala01,14008,1790203773118,0,0,OCUPADO,1,28,55,120,1,1
1790203775118,sala01,14009,1790203775118,0,0,OCUPADO,1,28,55,120,1,1
1790203777118,sala01,14010,1790203777118,0,0,OCUPADO,1,28,55,120,1,1
1790203779118,sala01,14011,1790203779118,0,0,OCUPADO,0,28,55,120,1,1
1790203781118,sala01,14012,1790203781118,0,0,OCUPADO,1,28,55,120,1,1
1790203783118,sala01,14013,1790203783118,0,0,OCUPADO,1,28,55,120,1,1
1790203785118,sala01,14014,1790203785118,0,0,OCUPADO,1,28,55,120,1,1
1790203787118,sala01,14015,1790203787118,0,0,OCUPADO,0,28,55,120,1,1
1790203789118,sala01,14016,1790203789118,0,0,OCUPADO,1,28,55,120,1,1
1790203791118,sala01,14017,1790203791118,0,0,OCUPADO,1,28,55,120,1,1
1790203793118,sala01,14018,1790203793118,0,0,OCUPADO,1,28,55,120,1,1
1790203795118,sala01,14019,1790203795118,0,0,OCUPADO,0,28,55,120,1,1
1790203797118,sala01,14020,1790203797118,0,0,OCUPADO,1,28,55,120,1,1
1790203799118,sala01,14021,1790203799118,0,0,OCUPADO,1,28,55,120,1,1
1790203801118,sala01,14022,1790203801118,0,0,OCUPADO,1,28,55,120,1,1
1790203803118,sala01,14023,1790203803118,0,0,OCUPADO,0,28,55,120,1,1
1790203805118,sala01,14024,1790203805118,0,0,OCUPADO,1,28,55,120,1,1
1790203807118,sala01,14025,1790203807118,0,0,OCUPADO,1,28,55,120,1,1
1790203809118,sala01,14026,1790203809118,0,0,OCUPADO,1,28,55,120,1,1
1790203811118,sala01,14027,1790203811118,0,0,OCUPADO,0,28,55,120,1,1
1790203813118,sala01,14028,1790203813118,0,0,OCUPADO,1,28,55,120,1,1
1790203815118,sala01,14029,1790203815118,0,0,OCUPADO,1,28,55,120,1,1
1790203817118,sala01,14030,1790203817118,0,0,OCUPADO,1,28,55,120,1,1
1790203819118,sala01,14031,1790203819118,0,0,OCUPADO,0,28,55,120,1,1
1790203821118,sala01,14032,1790203821118,0,0,OCUPADO,1,28,55,120,1,1
1790203823118,sala01,14033,1790203823118,0,0,OCUPADO,1,28,55,120,1,1
1790203825118,sala01,14034,1790203825118,0,0,OCUPADO,1,28,55,120,1,1
1790203827118,sala01,14035,1790203827118,0,0,OCUPADO,0,28,55,120,1,1
1790203829118,sala01,14036,1790203829118,0,0,OCUPADO,1,28,55,120,1,1
1790203831118,sala01,14037,1790203831118,0,0,OCUPADO,1,28,55,120,1,1
1790203833118,sala01,14038,1790203833118,0,0,OCUPADO,1,28,55,120,1,1
1790203835118,sala01,14039,1790203835118,0,0,OCUPADO,0,28,55,120,1,1
1790203837118,sala01,14040,1790203837118,0,0,OCUPADO,1,28,55,120,1,1
1790203839118,sala01,14041,1790203839118,0,0,OCUPADO,1,28,55,120,1,1
1790203841118,sala01,14042,1790203841118,0,0,OCUPADO,1,28,55,120,1,1
1790203843118,sala01,14043,1790203843118,0,0,OCUPADO,0,28,55,120,1,1
1790203845118,sala01,14044,1790203845118,0,0,OCUPADO,1,28,55,120,1,1
1790203847118,sala01,14045,1790203847118,0,0,OCUPADO,1,28,55,120,1,1
1790203849118,sala01,14046,1790203849118,0,0,OCUPADO,1,28,55,120,1,1
1790203851118,sala01,14047,1790203851118,0,0,OCUPADO,0,28,55,120,1,1
1790203853118,sala01,14048,1790203853118,0,0,OCUPADO,1,28,55,120,1,1
1790203855118,sala01,14049,1790203855118,0,0,OCUPADO,1,28,55,120,1,1
1790203857118,sala01,14050,1790203857118,0,0,OCUPADO,1,28,55,120,1,1
1790203859118,sala01,14051,1790203859118,0,0,OCUPADO,0,28,55,120,1,1
1790203861118,sala01,14052,1790203861118,0,0,OCUPADO,1,28,55,120,1,1
1790203863118,sala01,14053,1790203863118,0,0,OCUPADO,1,28,55,120,1,1
1790203865118,sala01,14054,1790203865118,0,0,OCUPADO,1,28,55,120,1,1
1790203867118,sala01,14055,1790203867118,0,0,OCUPADO,0,28,55,120,1,1
1790203869118,sala01,14056,1790203869118,0,0,OCUPADO,1,28,55,120,1,1
1790203871118,sala01,14057,1790203871118,0,0,OCUPADO,1,28,55,120,1,1
1790203873118,sala01,14058,1790203873118,0,0,OCUPADO,1,28,55,120,1,1
1790203875118,sala01,14059,1790203875118,0,0,OCUPADO,0,28,55,120,1,1
1790203877118,sala01,14060,1790203877118,0,0,OCUPADO,1,28,55,120,1,1
1790203879118,sala01,14061,1790203879118,0,0,OCUPADO,1,28,55,120,1,1
1790203881118,sala01,14062,1790203881118,0,0,OCUPADO,1,28,55,120,1,1
1790203883118,sala01,14063,1790203883118,0,0,OCUPADO,0,28,55,120,1,1
1790203885118,sala01,14064,1790203885118,0,0,OCUPADO,1,28,55,120,1,1
1790203887118,sala01,14065,1790203887118,0,0,OCUPADO,1,28,55,120,1,1
1790203889118,sala01,14066,1790203889118,0,0,OCUPADO,1,28,55,120,1,1
1790203891118,sala01,14067,1790203891118,0,0,OCUPADO,0,28,55,120,1,1
1790203893118,sala01,14068,1790203893118,0,0,OCUPADO,1,28,55,120,1,1
1790203895118,sala01,14069,1790203895118,0,0,OCUPADO,1,28,55,120,1,1
1790203897118,sala01,14070,1790203897118,0,0,OCUPADO,1,28,55,120,1,1
1790203899118,sala01,14071,1790203899118,0,0,OCUPADO,0,28,55,120,1,1
1790203901118,sala01,14072,1790203901118,0,0,OCUPADO,1,28,55,120,1,1
1790203903118,sala01,14073,1790203903118,0,0,OCUPADO,1,28,55,120,1,1
1790203905118,sala01,14074,1790203905118,0,0,OCUPADO,1,28,55,120,1,1
1790203907118,sala01,14075,1790203907118,0,0,OCUPADO,0,28,55,120,1,1
1790203909118,sala01,14076,1790203909118,0,0,OCUPADO,1,28,55,120,1,1
1790203911118,sala01,14077,1790203911118,0,0,OCUPADO,1,28,55,120,1,1
1790203913118,sala01,14078,1790203913118,0,0,OCUPADO,1,28,55,120,1,1
1790203915118,sala01,14079,1790203915118,0,0,OCUPADO,0,28,55,120,1,1
1790203917118,sala01,14080,1790203917118,0,0,OCUPADO,1,28,55,120,1,1
1790203919118,sala01,14081,1790203919118,0,0,OCUPADO,1,28,55,120,1,1
1790203921118,sala01,14082,1790203921118,0,0,OCUPADO,1,28,55,120,1,1
1790203923118,sala01,14083,1790203923118,0,0,OCUPADO,0,28,55,120,1,1
1790203925118,sala01,14084,1790203925118,0,0,OCUPADO,1,28,55,120,1,1
1790203927118,sala01,14085,1790203927118,0,0,OCUPADO,1,28,55,120,1,1
1790203929118,sala01,14086,1790203929118,0,0,OCUPADO,1,28,55,120,1,1
1790203931118,sala01,14087,1790203931118,0,0,OCUPADO,0,28,55,120,1,1
1790203933118,sala01,14088,1790203933118,0,0,OCUPADO,1,28,55,120,1,1
1790203935118,sala01,14089,1790203935118,0,0,OCUPADO,1,28,55,120,1,1
1790203937118,sala01,14090,1790203937118,0,0,OCUPADO,1,28,55,120,1,1
1790203939118,sala01,14091,1790203939118,0,0,OCUPADO,0,28,55,120,1,1
1790203941118,sala01,14092,1790203941118,0,0,OCUPADO,1,28,55,120,1,1
1790203943118,sala01,14093,1790203943118,0,0,OCUPADO,1,28,55,120,1,1
1790203945118,sala01,14094,1790203945118,0,0,OCUPADO,1,28,55,120,1,1
1790203947118,sala01,14095,1790203947118,0,0,OCUPADO,0,28,55,120,1,1
1790203949118,sala01,14096,1790203949118,0,0,OCUPADO,1,28,55,120,1,1
1790203951118,sala01,14097,1790203951118,0,0,OCUPADO,1,28,55,120,1,1
1790203953118,sala01,14098,1790203953118,0,0,OCUPADO,1,28,55,120,1,1
1790203955118,sala01,14099,1790203955118,0,0,OCUPADO,0,28,55,120,1,1
1790203957118,sala01,14100,1790203957118,0,0,OCUPADO,1,28,55,120,1,1
1790203959118,sala01,14101,1790203959118,0,0,OCUPADO,1,28,55,120,1,1
1790203961118,sala01,14102,1790203961118,0,0,OCUPADO,1,28,55,120,1,1
1790203963118,sala01,14103,1790203963118,0,0,OCUPADO,0,28,55,120,1,1
1790203965118,sala01,14104,1790203965118,0,0,OCUPADO,1,28,55,120,1,1
1790203967118,sala01,14105,1790203967118,0,0,OCUPADO,1,28,55,120,1,1
1790203969118,sala01,14106,1790203969118,0,0,OCUPADO,1,28,55,120,1,1
1790203971118,sala01,14107,1790203971118,0,0,OCUPADO,0,28,55,120,1,1
1790203973118,sala01,14108,1790203973118,0,0,OCUPADO,1,28,55,120,1,1
1790203975118,sala01,14109,1790203975118,0,0,OCUPADO,1,28,55,120,1,1
1790203977118,sala01,14110,1790203977118,0,0,OCUPADO,1,28,55,120,1,1
1790203979118,sala01,14111,1790203979118,0,0,OCUPADO,0,28,55,120,1,1
1790203981118,sala01,14112,1790203981118,0,0,OCUPADO,1,28,55,120,1,1
1790203983118,sala01,14113,1790203983118,0,0,OCUPADO,1,28,55,120,1,1
1790203985118,sala01,14114,1790203985118,0,0,OCUPADO,1,28,55,120,1,1
1790203987118,sala01,14115,1790203987118,0,0,OCUPADO,0,28,55,120,1,1
1790203989118,sala01,14116,1790203989118,0,0,OCUPADO,1,28,55,120,1,1
1790203991118,sala01,14117,1790203991118,0,0,OCUPADO,1,28,55,120,1,1
1790203993118,sala01,14118,1790203993118,0,0,OCUPADO,1,28,55,120,1,1
1790203995118,sala01,14119,1790203995118,0,0,OCUPADO,0,28,55,120,1,1
1790203997118,sala01,14120,1790203997118,0,0,OCUPADO,1,28,55,120,1,1
1790203999118,sala01,14121,1790203999118,0,0,OCUPADO,1,28,55,120,1,1
1790204001118,sala01,14122,1790204001118,0,0,OCUPADO,1,28,55,120,1,1
1790204003118,sala01,14123,1790204003118,0,0,OCUPADO,0,28,55,120,1,1
1790204005118,sala01,14124,1790204005118,0,0,OCUPADO,1,28,55,120,1,1
1790204007118,sala01,14125,1790204007118,0,0,OCUPADO,1,28,55,120,1,1
1790204009118,sala01,14126,1790204009118,0,0,OCUPADO,1,28,55,120,1,1
1790204011118,sala01,14127,1790204011118,0,0,OCUPADO,0,28,55,120,1,1
1790204013118,sala01,14128,1790204013118,0,0,OCUPADO,1,28,55,120,1,1
1790204015118,sala01,14129,1790204015118,0,0,OCUPADO,1,28,55,120,1,1
1790204017118,sala01,14130,1790204017118,0,0,OCUPADO,1,28,55,120,1,1
1790204019118,sala01,14131,1790204019118,0,0,OCUPADO,0,28,55,120,1,1
1790204021118,sala01,14132,1790204021118,0,0,OCUPADO,1,28,55,120,1,1
1790204023118,sala01,14133,1790204023118,0,0,OCUPADO,1,28,55,120,1,1
1790204025118,sala01,14134,1790204025118,0,0,OCUPADO,1,28,55,120,1,1
1790204027118,sala01,14135,1790204027118,0,0,OCUPADO,0,28,55,120,1,1
1790204029118,sala01,14136,1790204029118,0,0,OCUPADO,1,28,55,120,1,1
1790204031118,sala01,14137,1790204031118,0,0,OCUPADO,1,28,55,120,1,1
1790204033118,sala01,14138,1790204033118,0,0,OCUPADO,1,28,55,120,1,1
1790204035118,sala01,14139,1790204035118,0,0,OCUPADO,0,28,55,120,1,1
1790204037118,sala01,14140,1790204037118,0,0,OCUPADO,1,28,55,120,1,1
1790204039118,sala01,14141,1790204039118,0,0,OCUPADO,1,28,55,120,1,1
1790204041118,sala01,14142,1790204041118,0,0,OCUPADO,1,28,55,120,1,1
1790204043118,sala01,14143,1790204043118,0,0,OCUPADO,0,28,55,120,1,1
1790204045118,sala01,14144,1790204045118,0,0,OCUPADO,1,28,55,120,1,1
1790204047118,sala01,14145,1790204047118,0,0,OCUPADO,1,28,55,120,1,1
1790204049118,sala01,14146,1790204049118,0,0,OCUPADO,1,28,55,120,1,1
1790204051118,sala01,14147,1790204051118,0,0,OCUPADO,0,28,55,120,1,1
1790204053118,sala01,14148,1790204053118,0,0,OCUPADO,1,28,55,120,1,1
1790204055118,sala01,14149,1790204055118,0,0,OCUPADO,1,28,55,120,1,1
1790204057118,sala01,14150,1790204057118,0,0,OCUPADO,1,28,55,120,1,1
1790204059118,sala01,14151,1790204059118,0,0,OCUPADO,0,28,55,120,1,1
1790204061118,sala01,14152,1790204061118,0,0,OCUPADO,1,28,55,120,1,1
1790204063118,sala01,14153,1790204063118,0,0,OCUPADO,1,28,55,120,1,1
1790204065118,sala01,14154,1790204065118,0,0,OCUPADO,1,28,55,120,1,1
1790204067118,sala01,14155,1790204067118,0,0,OCUPADO,0,28,55,120,1,1
1790204069118,sala01,14156,1790204069118,0,0,OCUPADO,1,28,55,120,1,1
1790204071118,sala01,14157,1790204071118,0,0,OCUPADO,1,28,55,120,1,1
1790204073118,sala01,14158,1790204073118,0,0,OCUPADO,1,28,55,120,1,1
1790204075118,sala01,14159,1790204075118,0,0,OCUPADO,0,28,55,120,1,1
1790204077118,sala01,14160,1790204077118,0,0,OCUPADO,1,28,55,120,1,1
1790204079118,sala01,14161,1790204079118,0,0,OCUPADO,1,28,55,120,1,1
1790204081118,sala01,14162,1790204081118,0,0,OCUPADO,1,28,55,120,1,1
1790204083118,sala01,14163,1790204083118,0,0,OCUPADO,0,28,55,120,1,1
1790204085118,sala01,14164,1790204085118,0,0,OCUPADO,1,28,55,120,1,1
1790204087118,sala01,14165,1790204087118,0,0,OCUPADO,1,28,55,120,1,1
1790204089118,sala01,14166,1790204089118,0,0,OCUPADO,1,28,55,120,1,1
1790204091118,sala01,14167,1790204091118,0,0,OCUPADO,0,28,55,120,1,1
1790204093118,sala01,14168,1790204093118,0,0,OCUPADO,1,28,55,120,1,1
1790204095118,sala01,14169,1790204095118,0,0,OCUPADO,1,28,55,120,1,1
1790204097118,sala01,14170,1790204097118,0,0,OCUPADO,1,28,55,120,1,1
1790204099118,sala01,14171,1790204099118,0,0,OCUPADO,0,28,55,120,1,1
1790204101118,sala01,14172,1790204101118,0,0,OCUPADO,1,28,55,120,1,1
1790204103118,sala01,14173,1790204103118,0,0,OCUPADO,1,28,55,120,1,1
1790204105118,sala01,14174,1790204105118,0,0,OCUPADO,1,28,55,120,1,1
1790204107118,sala01,14175,1790204107118,0,0,OCUPADO,0,28,55,120,1,1
1790204109118,sala01,14176,1790204109118,0,0,OCUPADO,1,28,55,120,1,1
1790204111118,sala01,14177,1790204111118,0,0,OCUPADO,1,28,55,120,1,1
1790204113118,sala01,14178,1790204113118,0,0,OCUPADO,1,28,55,120,1,1
1790204115118,sala01,14179,1790204115118,0,0,OCUPADO,0,28,55,120,1,1
1790204117118,sala01,14180,1790204117118,0,0,OCUPADO,1,28,55,120,1,1
1790204119118,sala01,14181,1790204119118,0,0,OCUPADO,1,28,55,120,1,1
1790204121118,sala01,14182,1790204121118,0,0,OCUPADO,1,28,55,120,1,1
1790204123118,sala01,14183,1790204123118,0,0,OCUPADO,0,28,55,120,1,1
1790204125118,sala01,14184,1790204125118,0,0,OCUPADO,1,28,55,120,1,1
1790204127118,sala01,14185,1790204127118,0,0,OCUPADO,1,28,55,120,1,1
1790204129118,sala01,14186,1790204129118,0,0,OCUPADO,1,28,55,120,1,1
1790204131118,sala01,14187,1790204131118,0,0,OCUPADO,0,28,55,120,1,1
1790204133118,sala01,14188,1790204133118,0,0,OCUPADO,1,28,55,120,1,1
1790204135118,sala01,14189,1790204135118,0,0,OCUPADO,1,28,55,120,1,1
1790204137118,sala01,14190,1790204137118,0,0,OCUPADO,1,28,55,120,1,1
1790204139118,sala01,14191,1790204139118,0,0,OCUPADO,0,28,55,120,1,1
1790204141118,sala01,14192,1790204141118,0,0,OCUPADO,1,28,55,120,1,1
1790204143118,sala01,14193,1790204143118,0,0,OCUPADO,1,28,55,120,1,1
1790204145118,sala01,14194,1790204145118,0,0,OCUPADO,1,28,55,120,1,1
1790204147118,sala01,14195,1790204147118,0,0,OCUPADO,0,28,55,120,1,1
1790204149118,sala01,14196,1790204149118,0,0,OCUPADO,1,28,55,120,1,1
1790204151118,sala01,14197,1790204151118,0,0,OCUPADO,1,28,55,120,1,1
1790204153118,sala01,14198,1790204153118,0,0,OCUPADO,1,28,55,120,1,1
1790204155118,sala01,14199,1790204155118,0,0,OCUPADO,0,28,55,120,1,1
1790204157118,sala01,14200,1790204157118,0,0,OCUPADO,1,28,55,120,1,1
1790204159118,sala01,14201,1790204159118,0,0,OCUPADO,1,28,55,120,1,1
1790204161118,sala01,14202,1790204161118,0,0,OCUPADO,1,28,55,120,1,1
1790204163118,sala01,14203,1790204163118,0,0,OCUPADO,0,28,55,120,1,1
1790204165118,sala01,14204,1790204165118,0,0,OCUPADO,1,28,55,120,1,1
1790204167118,sala01,14205,1790204167118,0,0,OCUPADO,1,28,55,120,1,1
1790204169118,sala01,14206,1790204169118,0,0,OCUPADO,1,28,55,120,1,1
1790204171118,sala01,14207,1790204171118,0,0,OCUPADO,0,28,55,120,1,1
1790204173118,sala01,14208,1790204173118,0,0,OCUPADO,1,28,55,120,1,1
1790204175118,sala01,14209,1790204175118,0,0,OCUPADO,1,28,55,120,1,1
1790204177118,sala01,14210,1790204177118,0,0,OCUPADO,1,28,55,120,1,1
1790204179118,sala01,14211,1790204179118,0,0,OCUPADO,0,28,55,120,1,1
1790204181118,sala01,14212,1790204181118,0,0,OCUPADO,1,28,55,120,1,1
1790204183118,sala01,14213,1790204183118,0,0,OCUPADO,1,28,55,120,1,1
1790204185118,sala01,14214,1790204185118,0,0,OCUPADO,1,28,55,120,1,1
1790204187118,sala01,14215,1790204187118,0,0,OCUPADO,0,28,55,120,1,1
1790204189118,sala01,14216,1790204189118,0,0,OCUPADO,1,28,55,120,1,1
1790204191118,sala01,14217,1790204191118,0,0,OCUPADO,1,28,55,120,1,1
1790204193118,sala01,14218,1790204193118,0,0,OCUPADO,1,28,55,120,1,1
1790204195118,sala01,14219,1790204195118,0,0,OCUPADO,0,28,55,120,1,1
1790204197118,sala01,14220,1790204197118,0,0,OCUPADO,1,28,55,120,1,1
1790204199118,sala01,14221,1790204199118,0,0,OCUPADO,1,28,55,120,1,1
1790204201118,sala01,14222,1790204201118,0,0,OCUPADO,1,28,55,120,1,1
1790204203118,sala01,14223,1790204203118,0,0,OCUPADO,0,28,55,120,1,1
1790204205118,sala01,14224,1790204205118,0,0,OCUPADO,1,28,55,120,1,1
1790204207118,sala01,14225,1790204207118,0,0,OCUPADO,1,28,55,120,1,1
1790204209118,sala01,14226,1790204209118,0,0,OCUPADO,1,28,55,120,1,1
1790204211118,sala01,14227,1790204211118,0,0,OCUPADO,0,28,55,120,1,1
1790204213118,sala01,14228,1790204213118,0,0,OCUPADO,1,28,55,120,1,1
1790204215118,sala01,14229,1790204215118,0,0,OCUPADO,1,28,55,120,1,1
1790204217118,sala01,14230,1790204217118,0,0,OCUPADO,1,28,55,120,1,1
1790204219118,sala01,14231,1790204219118,0,0,OCUPADO,0,28,55,120,1,1
1790204221118,sala01,14232,1790204221118,0,0,OCUPADO,1,28,55,120,1,1
1790204223118,sala01,14233,1790204223118,0,0,OCUPADO,1,28,55,120,1,1
1790204225118,sala01,14234,1790204225118,0,0,OCUPADO,1,28,55,120,1,1
1790204227118,sala01,14235,1790204227118,0,0,OCUPADO,0,28,55,120,1,1
1790204229118,sala01,14236,1790204229118,0,0,OCUPADO,1,28,55,120,1,1
1790204231118,sala01,14237,1790204231118,0,0,OCUPADO,1,28,55,120,1,1
1790204233118,sala01,14238,1790204233118,0,0,OCUPADO,1,28,55,120,1,1
1790204235118,sala01,14239,1790204235118,0,0,OCUPADO,0,28,55,120,1,1
1790204237118,sala01,14240,1790204237118,0,0,OCUPADO,1,28,55,120,1,1
1790204239118,sala01,14241,1790204239118,0,0,OCUPADO,1,28,55,120,1,1
1790204241118,sala01,14242,1790204241118,0,0,OCUPADO,1,28,55,120,1,1
1790204243118,sala01,14243,1790204243118,0,0,OCUPADO,0,28,55,120,1,1
1790204245118,sala01,14244,1790204245118,0,0,OCUPADO,1,28,55,120,1,1
1790204247118,sala01,14245,1790204247118,0,0,OCUPADO,1,28,55,120,1,1
1790204249118,sala01,14246,1790204249118,0,0,OCUPADO,1,28,55,120,1,1
1790204251118,sala01,14247,1790204251118,0,0,OCUPADO,0,28,55,120,1,1
1790204253118,sala01,14248,1790204253118,0,0,OCUPADO,1,28,55,120,1,1
1790204255118,sala01,14249,1790204255118,0,0,OCUPADO,1,28,55,120,1,1
1790204257118,sala01,14250,1790204257118,0,0,OCUPADO,1,28,55,120,1,1
1790204259118,sala01,14251,1790204259118,0,0,OCUPADO,0,28,55,120,1,1
1790204261118,sala01,14252,1790204261118,0,0,OCUPADO,1,28,55,120,1,1
1790204263118,sala01,14253,1790204263118,0,0,OCUPADO,1,28,55,120,1,1
1790204265118,sala01,14254,1790204265118,0,0,OCUPADO,1,28,55,120,1,1
1790204267118,sala01,14255,1790204267118,0,0,OCUPADO,0,28,55,120,1,1
1790204269118,sala01,14256,1790204269118,0,0,OCUPADO,1,28,55,120,1,1
1790204271118,sala01,14257,1790204271118,0,0,OCUPADO,1,28,55,120,1,1
1790204273118,sala01,14258,1790204273118,0,0,OCUPADO,1,28,55,120,1,1
1790204275118,sala01,14259,1790204275118,0,0,OCUPADO,0,28,55,120,1,1
1790204277118,sala01,14260,1790204277118,0,0,OCUPADO,1,28,55,120,1,1
1790204279118,sala01,14261,1790204279118,0,0,OCUPADO,1,28,55,120,1,1
1790204281118,sala01,14262,1790204281118,0,0,OCUPADO,1,28,55,120,1,1
1790204283118,sala01,14263,1790204283118,0,0,OCUPADO,0,28,55,120,1,1
1790204285118,sala01,14264,1790204285118,0,0,OCUPADO,1,28,55,120,1,1
1790204287118,sala01,14265,1790204287118,0,0,OCUPADO,1,28,55,120,1,1
1790204289118,sala01,14266,1790204289118,0,0,OCUPADO,1,28,55,120,1,1
1790204291118,sala01,14267,1790204291118,0,0,OCUPADO,0,28,55,120,1,1
1790204293118,sala01,14268,1790204293118,0,0,OCUPADO,1,28,55,120,1,1
1790204295118,sala01,14269,1790204295118,0,0,OCUPADO,1,28,55,120,1,1
1790204297118,sala01,14270,1790204297118,0,0,OCUPADO,1,28,55,120,1,1
1790204299118,sala01,14271,1790204299118,0,0,OCUPADO,0,28,55,120,1,1
1790204301118,sala01,14272,1790204301118,0,0,OCUPADO,1,28,55,120,1,1
1790204303118,sala01,14273,1790204303118,0,0,OCUPADO,1,28,55,120,1,1
1790204305118,sala01,14274,1790204305118,0,0,OCUPADO,1,28,55,120,1,1
1790204307118,sala01,14275,1790204307118,0,0,OCUPADO,0,28,55,120,1,1
1790204309118,sala01,14276,1790204309118,0,0,OCUPADO,1,28,55,120,1,1
1790204311118,sala01,14277,1790204311118,0,0,OCUPADO,1,28,55,120,1,1
1790204313118,sala01,14278,1790204313118,0,0,OCUPADO,1,28,55,120,1,1
1790204315118,sala01,14279,1790204315118,0,0,OCUPADO,0,28,55,120,1,1
1790204317118,sala01,14280,1790204317118,0,0,OCUPADO,1,28,55,120,1,1
1790204319118,sala01,14281,1790204319118,0,0,OCUPADO,1,28,55,120,1,1
1790204321118,sala01,14282,1790204321118,0,0,OCUPADO,1,28,55,120,1,1
1790204323118,sala01,14283,1790204323118,0,0,OCUPADO,0,28,55,120,1,1
1790204325118,sala01,14284,1790204325118,0,0,OCUPADO,1,28,55,120,1,1
1790204327118,sala01,14285,1790204327118,0,0,OCUPADO,1,28,55,120,1,1
1790204329118,sala01,14286,1790204329118,0,0,OCUPADO,1,28,55,120,1,1
1790204331118,sala01,14287,1790204331118,0,0,OCUPADO,0,28,55,120,1,1
1790204333118,sala01,14288,1790204333118,0,0,OCUPADO,1,28,55,120,1,1
1790204335118,sala01,14289,1790204335118,0,0,OCUPADO,1,28,55,120,1,1
1790204337118,sala01,14290,1790204337118,0,0,OCUPADO,1,28,55,120,1,1
1790204339118,sala01,14291,1790204339118,0,0,OCUPADO,0,28,55,120,1,1
1790204341118,sala01,14292,1790204341118,0,0,OCUPADO,1,28,55,120,1,1
1790204343118,sala01,14293,1790204343118,0,0,OCUPADO,1,28,55,120,1,1
1790204345118,sala01,14294,1790204345118,0,0,OCUPADO,1,28,55,120,1,1
1790204347118,sala01,14295,1790204347118,0,0,OCUPADO,0,28,55,120,1,1
1790204349118,sala01,14296,1790204349118,0,0,OCUPADO,1,28,55,120,1,1
1790204351118,sala01,14297,1790204351118,0,0,OCUPADO,1,28,55,120,1,1
1790204353118,sala01,14298,1790204353118,0,0,OCUPADO,1,28,55,120,1,1
1790204355118,sala01,14299,1790204355118,0,0,OCUPADO,0,28,55,120,1,1
1790204357118,sala01,14300,1790204357118,0,0,OCUPADO,1,28,55,120,1,1
1790204359118,sala01,14301,1790204359118,0,0,OCUPADO,1,28,55,120,1,1
1790204361118,sala01,14302,1790204361118,0,0,OCUPADO,1,28,55,120,1,1
1790204363118,sala01,14303,1790204363118,0,0,OCUPADO,0,28,55,120,1,1
1790204365118,sala01,14304,1790204365118,0,0,OCUPADO,1,28,55,120,1,1
1790204367118,sala01,14305,1790204367118,0,0,OCUPADO,1,28,55,120,1,1
1790204369118,sala01,14306,1790204369118,0,0,OCUPADO,1,28,55,120,1,1
1790204371118,sala01,14307,1790204371118,0,0,OCUPADO,0,28,55,120,1,1
1790204373118,sala01,14308,1790204373118,0,0,OCUPADO,1,28,55,120,1,1
1790204375118,sala01,14309,1790204375118,0,0,OCUPADO,1,28,55,120,1,1
1790204377118,sala01,14310,1790204377118,0,0,OCUPADO,1,28,55,120,1,1
1790204379118,sala01,14311,1790204379118,0,0,OCUPADO,0,28,55,120,1,1
1790204381118,sala01,14312,1790204381118,0,0,OCUPADO,1,28,55,120,1,1
1790204383118,sala01,14313,1790204383118,0,0,OCUPADO,1,28,55,120,1,1
1790204385118,sala01,14314,1790204385118,0,0,OCUPADO,1,28,55,120,1,1
1790204387118,sala01,14315,1790204387118,0,0,OCUPADO,0,28,55,120,1,1
1790204389118,sala01,14316,1790204389118,0,0,OCUPADO,1,28,55,120,1,1
1790204391118,sala01,14317,1790204391118,0,0,OCUPADO,1,28,55,120,1,1
1790204393118,sala01,14318,1790204393118,0,0,OCUPADO,1,28,55,120,1,1
1790204395118,sala01,14319,1790204395118,0,0,OCUPADO,0,28,55,120,1,1
1790204397118,sala01,14320,1790204397118,0,0,OCUPADO,1,28,55,120,1,1
1790204399118,sala01,14321,1790204399118,0,0,OCUPADO,1,28,55,120,1,1
1790204401118,sala01,14322,1790204401118,0,0,OCUPADO,1,28,55,120,1,1
1790204403118,sala01,14323,1790204403118,0,0,OCUPADO,0,28,55,120,1,1
1790204405118,sala01,14324,1790204405118,0,0,OCUPADO,1,28,55,120,1,1
1790204407118,sala01,14325,1790204407118,0,0,OCUPADO,1,28,55,120,1,1
1790204409118,sala01,14326,1790204409118,0,0,OCUPADO,1,28,55,120,1,1
1790204411118,sala01,14327,1790204411118,0,0,OCUPADO,0,28,55,120,1,1
1790204413118,sala01,14328,1790204413118,0,0,OCUPADO,1,28,55,120,1,1
1790204415118,sala01,14329,1790204415118,0,0,OCUPADO,1,28,55,120,1,1
1790204417118,sala01,14330,1790204417118,0,0,OCUPADO,1,28,55,120,1,1
1790204419118,sala01,14331,1790204419118,0,0,OCUPADO,0,28,55,120,1,1
1790204421118,sala01,14332,1790204421118,0,0,OCUPADO,1,28,55,120,1,1
1790204423118,sala01,14333,1790204423118,0,0,OCUPADO,1,28,55,120,1,1
1790204425118,sala01,14334,1790204425118,0,0,OCUPADO,1,28,55,120,1,1
1790204427118,sala01,14335,1790204427118,0,0,OCUPADO,0,28,55,120,1,1
1790204429118,sala01,14336,1790204429118,0,0,OCUPADO,1,28,55,120,1,1
1790204431118,sala01,14337,1790204431118,0,0,OCUPADO,1,28,55,120,1,1
1790204433118,sala01,14338,1790204433118,0,0,OCUPADO,1,28,55,120,1,1
1790204435118,sala01,14339,1790204435118,0,0,OCUPADO,0,28,55,120,1,1
1790204437118,sala01,14340,1790204437118,0,0,OCUPADO,1,28,55,120,1,1
1790204439118,sala01,14341,1790204439118,0,0,OCUPADO,1,28,55,120,1,1
1790204441118,sala01,14342,1790204441118,0,0,OCUPADO,1,28,55,120,1,1
1790204443118,sala01,14343,1790204443118,0,0,OCUPADO,0,28,55,120,1,1
1790204445118,sala01,14344,1790204445118,0,0,OCUPADO,1,28,55,120,1,1
1790204447118,sala01,14345,1790204447118,0,0,OCUPADO,1,28,55,120,1,1
1790204449118,sala01,14346,1790204449118,0,0,OCUPADO,1,28,55,120,1,1
1790204451118,sala01,14347,1790204451118,0,0,OCUPADO,0,28,55,120,1,1
1790204453118,sala01,14348,1790204453118,0,0,OCUPADO,1,28,55,120,1,1
1790204455118,sala01,14349,1790204455118,0,0,OCUPADO,1,28,55,120,1,1
1790204457118,sala01,14350,1790204457118,0,0,OCUPADO,1,28,55,120,1,1
1790204459118,sala01,14351,1790204459118,0,0,OCUPADO,0,28,55,120,1,1
1790204461118,sala01,14352,1790204461118,0,0,OCUPADO,1,28,55,120,1,1
1790204463118,sala01,14353,1790204463118,0,0,OCUPADO,1,28,55,120,1,1
1790204465118,sala01,14354,1790204465118,0,0,OCUPADO,1,28,55,120,1,1
1790204467118,sala01,14355,1790204467118,0,0,OCUPADO,0,28,55,120,1,1
1790204469118,sala01,14356,1790204469118,0,0,OCUPADO,1,28,55,120,1,1
1790204471118,sala01,14357,1790204471118,0,0,OCUPADO,1,28,55,120,1,1
1790204473118,sala01,14358,1790204473118,0,0,OCUPADO,1,28,55,120,1,1
1790204475118,sala01,14359,1790204475118,0,0,OCUPADO,0,28,55,120,1,1
1790204477118,sala01,14360,1790204477118,0,0,OCUPADO,1,28,55,120,1,1
1790204479118,sala01,14361,1790204479118,0,0,OCUPADO,1,28,55,120,1,1
1790204481118,sala01,14362,1790204481118,0,0,OCUPADO,1,28,55,120,1,1
1790204483118,sala01,14363,1790204483118,0,0,OCUPADO,0,28,55,120,1,1
1790204485118,sala01,14364,1790204485118,0,0,OCUPADO,1,28,55,120,1,1
1790204487118,sala01,14365,1790204487118,0,0,OCUPADO,1,28,55,120,1,1
1790204489118,sala01,14366,1790204489118,0,0,OCUPADO,1,28,55,120,1,1
1790204491118,sala01,14367,1790204491118,0,0,OCUPADO,0,28,55,120,1,1
1790204493118,sala01,14368,1790204493118,0,0,OCUPADO,1,28,55,120,1,1
1790204495118,sala01,14369,1790204495118,0,0,OCUPADO,1,28,55,120,1,1
1790204497118,sala01,14370,1790204497118,0,0,OCUPADO,1,28,55,120,1,1
1790204499118,sala01,14371,1790204499118,0,0,OCUPADO,0,28,55,120,1,1
1790204501118,sala01,14372,1790204501118,0,0,OCUPADO,1,28,55,120,1,1
1790204503118,sala01,14373,1790204503118,0,0,OCUPADO,1,28,55,120,1,1
1790204505118,sala01,14374,1790204505118,0,0,OCUPADO,1,28,55,120,1,1
1790204507118,sala01,14375,1790204507118,0,0,OCUPADO,0,28,55,120,1,1
1790204509118,sala01,14376,1790204509118,0,0,OCUPADO,1,28,55,120,1,1
1790204511118,sala01,14377,1790204511118,0,0,OCUPADO,1,28,55,120,1,1
1790204513118,sala01,14378,1790204513118,0,0,OCUPADO,1,28,55,120,1,1
1790204515118,sala01,14379,1790204515118,0,0,OCUPADO,0,28,55,120,1,1
1790204517118,sala01,14380,1790204517118,0,0,OCUPADO,1,28,55,120,1,1
1790204519118,sala01,14381,1790204519118,0,0,OCUPADO,1,28,55,120,1,1
1790204521118,sala01,14382,1790204521118,0,0,OCUPADO,1,28,55,120,1,1
1790204523118,sala01,14383,1790204523118,0,0,OCUPADO,0,28,55,120,1,1
1790204525118,sala01,14384,1790204525118,0,0,OCUPADO,1,28,55,120,1,1
1790204527118,sala01,14385,1790204527118,0,0,OCUPADO,1,28,55,120,1,1
1790204529118,sala01,14386,1790204529118,0,0,OCUPADO,1,28,55,120,1,1
1790204531118,sala01,14387,1790204531118,0,0,OCUPADO,0,28,55,120,1,1
1790204533118,sala01,14388,1790204533118,0,0,OCUPADO,1,28,55,120,1,1
1790204535118,sala01,14389,1790204535118,0,0,OCUPADO,1,28,55,120,1,1
1790204537118,sala01,14390,1790204537118,0,0,OCUPADO,1,28,55,120,1,1
1790204539118,sala01,14391,1790204539118,0,0,OCUPADO,0,28,55,120,1,1
1790204541118,sala01,14392,1790204541118,0,0,OCUPADO,1,28,55,120,1,1
1790204543118,sala01,14393,1790204543118,0,0,OCUPADO,1,28,55,120,1,1
1790204545118,sala01,14394,1790204545118,0,0,OCUPADO,1,28,55,120,1,1
1790204547118,sala01,14395,1790204547118,0,0,OCUPADO,0,28,55,120,1,1
1790204549118,sala01,14396,1790204549118,0,0,OCUPADO,1,28,55,120,1,1
1790204551118,sala01,14397,1790204551118,0,0,OCUPADO,1,28,55,120,1,1
1790204553118,sala01,14398,1790204553118,0,0,OCUPADO,1,28,55,120,1,1
1790204555118,sala01,14399,1790204555118,0,0,OCUPADO,0,28,55,120,1,1
1790204557118,sala01,14400,1790204557118,0,0,OCUPADO,1,28,55,120,1,1
1790204559118,sala01,14401,1790204559118,0,0,OCUPADO,1,28,55,120,1,1
1790204561118,sala01,14402,1790204561118,0,0,OCUPADO,1,28,55,120,1,1
1790204563118,sala01,14403,1790204563118,0,0,OCUPADO,0,28,55,120,1,1
