recebidoEm,dispositivo,seq,ts,latenciaMs,perdidas,estado,pir,temperatura,umidade,lux,luz,hvac
1790175765138,sala01,0,1790175765138,0,0,CONFIRMANDO,1,28,55,120,0,0
1790175767138,sala01,1,1790175767138,0,0,CONFIRMANDO,1,28,55,120,0,0
1790175769138,sala01,2,1790175769138,0,0,CONFIRMANDO,1,28,55,120,0,0
1790175771138,sala01,3,1790175771138,0,0,CONFIRMANDO,0,28,55,120,0,0
1790175773138,sala01,4,1790175773138,0,0,OCUPADO,1,28,55,120,1,1
1790175775138,sala01,5,1790175775138,0,0,OCUPADO,1,28,55,120,1,1
1790175777138,sala01,6,1790175777138,0,0,OCUPADO,1,28,55,120,1,1
1790175779138,sala01,7,1790175779138,0,0,OCUPADO,0,28,55,120,1,1
1790175781138,sala01,8,1790175781138,0,0,OCUPADO,1,28,55,120,1,1
1790175783138,sala01,9,1790175783138,0,0,OCUPADO,1,28,55,120,1,1
1790175785138,sala01,10,1790175785138,0,0,OCUPADO,1,28,55,120,1,1
1790175787138,sala01,11,1790175787138,0,0,OCUPADO,0,28,55,120,1,1
1790175789138,sala01,12,1790175789138,0,0,OCUPADO,1,28,55,120,1,1
1790175791138,sala01,13,1790175791138,0,0,OCUPADO,1,28,55,120,1,1
1790175793138,sala01,14,1790175793138,0,0,OCUPADO,1,28,55,120,1,1
1790175795138,sala01,15,1790175795138,0,0,OCUPADO,0,28,55,120,1,1
1790175797138,sala01,16,1790175797138,0,0,OCUPADO,1,28,55,120,1,1
1790175799138,sala01,17,1790175799138,0,0,OCUPADO,1,28,55,120,1,1
1790175801138,sala01,18,1790175801138,0,0,OCUPADO,1,28,55,120,1,1
1790175803138,sala01,19,1790175803138,0,0,OCUPADO,0,28,55,120,1,1
1790175805138,sala01,20,1790175805138,0,0,OCUPADO,1,28,55,120,1,1
1790175807138,sala01,21,1790175807138,0,0,OCUPADO,1,28,55,120,1,1
1790175809138,sala01,22,1790175809138,0,0,OCUPADO,1,28,55,120,1,1
1790175811138,sala01,23,1790175811138,0,0,OCUPADO,0,28,55,120,1,1
1790175813138,sala01,24,1790175813138,0,0,OCUPADO,1,28,55,120,1,1
1790175815138,sala01,25,1790175815138,0,0,OCUPADO,1,28,55,120,1,1
1790175817138,sala01,26,1790175817138,0,0,OCUPADO,1,28,55,120,1,1
1790175819138,sala01,27,1790175819138,0,0,OCUPADO,0,28,55,120,1,1
1790175821138,sala01,28,1790175821138,0,0,OCUPADO,1,28,55,120,1,1
1790175823138,sala01,29,1790175823138,0,0,OCUPADO,1,28,55,120,1,1
1790175825138,sala01,30,1790175825138,0,0,OCUPADO,1,28,55,120,1,1
1790175827138,sala01,31,1790175827138,0,0,OCUPADO,0,28,55,120,1,1
1790175829138,sala01,32,1790175829138,0,0,OCUPADO,1,28,55,120,1,1
1790175831138,sala01,33,1790175831138,0,0,OCUPADO,1,28,55,120,1,1
1790175833138,sala01,34,1790175833138,0,0,OCUPADO,1,28,55,120,1,1
1790175835138,sala01,35,1790175835138,0,0,OCUPADO,0,28,55,120,1,1
1790175837138,sala01,36,1790175837138,0,0,OCUPADO,1,28,55,120,1,1
1790175839138,sala01,37,1790175839138,0,0,OCUPADO,1,28,55,120,1,1
1790175841138,sala01,38,1790175841138,0,0,OCUPADO,1,28,55,120,1,1
1790175843138,sala01,39,1790175843138,0,0,OCUPADO,0,28,55,120,1,1
1790175845138,sala01,40,1790175845138,0,0,OCUPADO,1,28,55,120,1,1
1790175847138,sala01,41,1790175847138,0,0,OCUPADO,1,28,55,120,1,1
1790175849138,sala01,42,1790175849138,0,0,OCUPADO,1,28,55,120,1,1
1790175851138,sala01,43,1790175851138,0,0,OCUPADO,0,28,55,120,1,1
1790175853138,sala01,44,1790175853138,0,0,OCUPADO,1,28,55,120,1,1
1790175855138,sala01,45,1790175855138,0,0,OCUPADO,1,28,55,120,1,1
1790175857138,sala01,46,1790175857138,0,0,OCUPADO,1,28,55,120,1,1
1790175859138,sala01,47,1790175859138,0,0,OCUPADO,0,28,55,120,1,1
1790175861138,sala01,48,1790175861138,0,0,OCUPADO,1,28,55,120,1,1
1790175863138,sala01,49,1790175863138,0,0,OCUPADO,1,28,55,120,1,1
1790175865138,sala01,50,1790175865138,0,0,OCUPADO,1,28,55,120,1,1
1790175867138,sala01,51,1790175867138,0,0,OCUPADO,0,28,55,120,1,1
1790175869138,sala01,52,1790175869138,0,0,OCUPADO,1,28,55,120,1,1
1790175871138,sala01,53,1790175871138,0,0,OCUPADO,1,28,55,120,1,1
1790175873138,sala01,54,1790175873138,0,0,OCUPADO,1,28,55,120,1,1
1790175875138,sala01,55,1790175875138,0,0,OCUPADO,0,28,55,120,1,1
1790175877138,sala01,56,1790175877138,0,0,OCUPADO,1,28,55,120,1,1
1790175879138,sala01,57,1790175879138,0,0,OCUPADO,1,28,55,120,1,1
1790175881138,sala01,58,1790175881138,0,0,OCUPADO,1,28,55,120,1,1
1790175883138,sala01,59,1790175883138,0,0,OCUPADO,0,28,55,120,1,1
1790175885138,sala01,60,1790175885138,0,0,OCUPADO,1,28,55,120,1,1
1790175887138,sala01,61,1790175887138,0,0,OCUPADO,1,28,55,120,1,1
1790175889138,sala01,62,1790175889138,0,0,OCUPADO,1,28,55,120,1,1
1790175891138,sala01,63,1790175891138,0,0,OCUPADO,0,28,55,120,1,1
1790175893138,sala01,64,1790175893138,0,0,OCUPADO,1,28,55,120,1,1
1790175895138,sala01,65,1790175895138,0,0,OCUPADO,1,28,55,120,1,1
1790175897138,sala01,66,1790175897138,0,0,OCUPADO,1,28,55,120,1,1
1790175899138,sala01,67,1790175899138,0,0,OCUPADO,0,28,55,120,1,1
1790175901138,sala01,68,1790175901138,0,0,OCUPADO,1,28,55,120,1,1
1790175903138,sala01,69,1790175903138,0,0,OCUPADO,1,28,55,120,1,1
1790175905138,sala01,70,1790175905138,0,0,OCUPADO,1,28,55,120,1,1
1790175907138,sala01,71,1790175907138,0,0,OCUPADO,0,28,55,120,1,1
1790175909138,sala01,72,1790175909138,0,0,OCUPADO,1,28,55,120,1,1
1790175911138,sala01,73,1790175911138,0,0,OCUPADO,1,28,55,120,1,1
1790175913138,sala01,74,1790175913138,0,0,OCUPADO,1,28,55,120,1,1
1790175915138,sala01,75,1790175915138,0,0,OCUPADO,0,28,55,120,1,1
1790175917138,sala01,76,1790175917138,0,0,OCUPADO,1,28,55,120,1,1
1790175919138,sala01,77,1790175919138,0,0,OCUPADO,1,28,55,120,1,1
1790175921138,sala01,78,1790175921138,0,0,OCUPADO,1,28,55,120,1,1
1790175923138,sala01,79,1790175923138,0,0,OCUPADO,0,28,55,120,1,1
1790175925138,sala01,80,1790175925138,0,0,OCUPADO,1,28,55,120,1,1
1790175927138,sala01,81,1790175927138,0,0,OCUPADO,1,28,55,120,1,1
1790175929138,sala01,82,1790175929138,0,0,OCUPADO,1,28,55,120,1,1
1790175931138,sala01,83,1790175931138,0,0,OCUPADO,0,28,55,120,1,1
1790175933138,sala01,84,1790175933138,0,0,OCUPADO,1,28,55,120,1,1
1790175935138,sala01,85,1790175935138,0,0,OCUPADO,1,28,55,120,1,1
1790175937138,sala01,86,1790175937138,0,0,OCUPADO,1,28,55,120,1,1
1790175939138,sala01,87,1790175939138,0,0,OCUPADO,0,28,55,120,1,1
1790175941138,sala01,88,1790175941138,0,0,OCUPADO,1,28,55,120,1,1
1790175943138,sala01,89,1790175943138,0,0,OCUPADO,1,28,55,120,1,1
1790175945138,sala01,90,1790175945138,0,0,OCUPADO,1,28,55,120,1,1
1790175947138,sala01,91,1790175947138,0,0,OCUPADO,0,28,55,120,1,1
1790175949138,sala01,92,1790175949138,0,0,OCUPADO,1,28,55,120,1,1
1790175951138,sala01,93,1790175951138,0,0,OCUPADO,1,28,55,120,1,1
1790175953138,sala01,94,1790175953138,0,0,OCUPADO,1,28,55,120,1,1
1790175955138,sala01,95,1790175955138,0,0,OCUPADO,0,28,55,120,1,1
1790175957138,sala01,96,1790175957138,0,0,OCUPADO,1,28,55,120,1,1
1790175959138,sala01,97,1790175959138,0,0,OCUPADO,1,28,55,120,1,1
1790175961138,sala01,98,1790175961138,0,0,OCUPADO,1,28,55,120,1,1
1790175963138,sala01,99,1790175963138,0,0,OCUPADO,0,28,55,120,1,1
1790175965138,sala01,100,1790175965138,0,0,OCUPADO,1,28,55,120,1,1
1790175967138,sala01,101,1790175967138,0,0,OCUPADO,1,28,55,120,1,1
1790175969138,sala01,102,1790175969138,0,0,OCUPADO,1,28,55,120,1,1
1790175971138,sala01,103,1790175971138,0,0,OCUPADO,0,28,55,120,1,1
1790175973138,sala01,104,1790175973138,0,0,OCUPADO,1,28,55,120,1,1
1790175975138,sala01,105,1790175975138,0,0,OCUPADO,1,28,55,120,1,1
1790175977138,sala01,106,1790175977138,0,0,OCUPADO,1,28,55,120,1,1
1790175979138,sala01,107,1790175979138,0,0,OCUPADO,0,28,55,120,1,1
1790175981138,sala01,108,1790175981138,0,0,OCUPADO,1,28,55,120,1,1
1790175983138,sala01,109,1790175983138,0,0,OCUPADO,1,28,55,120,1,1
1790175985138,sala01,110,1790175985138,0,0,OCUPADO,1,28,55,120,1,1
1790175987138,sala01,111,1790175987138,0,0,OCUPADO,0,28,55,120,1,1
1790175989138,sala01,112,1790175989138,0,0,OCUPADO,1,28,55,120,1,1
1790175991138,sala01,113,1790175991138,0,0,OCUPADO,1,28,55,120,1,1
1790175993138,sala01,114,1790175993138,0,0,OCUPADO,1,28,55,120,1,1
1790175995138,sala01,115,1790175995138,0,0,OCUPADO,0,28,55,120,1,1
1790175997138,sala01,116,1790175997138,0,0,OCUPADO,1,28,55,120,1,1
1790175999138,sala01,117,1790175999138,0,0,OCUPADO,1,28,55,120,1,1
1790176001138,sala01,118,1790176001138,0,0,OCUPADO,1,28,55,120,1,1
1790176003138,sala01,119,1790176003138,0,0,OCUPADO,0,28,55,120,1,1
1790176005138,sala01,120,1790176005138,0,0,OCUPADO,1,28,55,120,1,1
1790176007138,sala01,121,1790176007138,0,0,OCUPADO,1,28,55,120,1,1
1790176009138,sala01,122,1790176009138,0,0,OCUPADO,1,28,55,120,1,1
1790176011138,sala01,123,1790176011138,0,0,OCUPADO,0,28,55,120,1,1
1790176013138,sala01,124,1790176013138,0,0,OCUPADO,1,28,55,120,1,1
1790176015138,sala01,125,1790176015138,0,0,OCUPADO,1,28,55,120,1,1
1790176017138,sala01,126,1790176017138,0,0,OCUPADO,1,28,55,120,1,1
1790176019138,sala01,127,1790176019138,0,0,OCUPADO,0,28,55,120,1,1
1790176021138,sala01,128,1790176021138,0,0,OCUPADO,1,28,55,120,1,1
1790176023138,sala01,129,1790176023138,0,0,OCUPADO,1,28,55,120,1,1
1790176025138,sala01,130,1790176025138,0,0,OCUPADO,1,28,55,120,1,1
1790176027138,sala01,131,1790176027138,0,0,OCUPADO,0,28,55,120,1,1
1790176029138,sala01,132,1790176029138,0,0,OCUPADO,1,28,55,120,1,1
1790176031138,sala01,133,1790176031138,0,0,OCUPADO,1,28,55,120,1,1
1790176033138,sala01,134,1790176033138,0,0,OCUPADO,1,28,55,120,1,1
1790176035138,sala01,135,1790176035138,0,0,OCUPADO,0,28,55,120,1,1
1790176037138,sala01,136,1790176037138,0,0,OCUPADO,1,28,55,120,1,1
1790176039138,sala01,137,1790176039138,0,0,OCUPADO,1,28,55,120,1,1
1790176041138,sala01,138,1790176041138,0,0,OCUPADO,1,28,55,120,1,1
1790176043138,sala01,139,1790176043138,0,0,OCUPADO,0,28,55,120,1,1
1790176045138,sala01,140,1790176045138,0,0,OCUPADO,1,28,55,120,1,1
1790176047138,sala01,141,1790176047138,0,0,OCUPADO,1,28,55,120,1,1
1790176049138,sala01,142,1790176049138,0,0,OCUPADO,1,28,55,120,1,1
1790176051138,sala01,143,1790176051138,0,0,OCUPADO,0,28,55,120,1,1
1790176053138,sala01,144,1790176053138,0,0,OCUPADO,1,28,55,120,1,1
1790176055138,sala01,145,1790176055138,0,0,OCUPADO,1,28,55,120,1,1
1790176057138,sala01,146,1790176057138,0,0,OCUPADO,1,28,55,120,1,1
1790176059138,sala01,147,1790176059138,0,0,OCUPADO,0,28,55,120,1,1
1790176061138,sala01,148,1790176061138,0,0,OCUPADO,1,28,55,120,1,1
1790176063138,sala01,149,1790176063138,0,0,OCUPADO,1,28,55,120,1,1
1790176065138,sala01,150,1790176065138,0,0,OCUPADO,1,28,55,120,1,1
1790176067138,sala01,151,1790176067138,0,0,OCUPADO,0,28,55,120,1,1
1790176069138,sala01,152,1790176069138,0,0,OCUPADO,1,28,55,120,1,1
1790176071138,sala01,153,1790176071138,0,0,OCUPADO,1,28,55,120,1,1
1790176073138,sala01,154,1790176073138,0,0,OCUPADO,1,28,55,120,1,1
1790176075138,sala01,155,1790176075138,0,0,OCUPADO,0,28,55,120,1,1
1790176077138,sala01,156,1790176077138,0,0,OCUPADO,1,28,55,120,1,1
1790176079138,sala01,157,1790176079138,0,0,OCUPADO,1,28,55,120,1,1
1790176081138,sala01,158,1790176081138,0,0,OCUPADO,1,28,55,120,1,1
1790176083138,sala01,159,1790176083138,0,0,OCUPADO,0,28,55,120,1,1
1790176085138,sala01,160,1790176085138,0,0,OCUPADO,1,28,55,120,1,1
1790176087138,sala01,161,1790176087138,0,0,OCUPADO,1,28,55,120,1,1
1790176089138,sala01,162,1790176089138,0,0,OCUPADO,1,28,55,120,1,1
1790176091138,sala01,163,1790176091138,0,0,OCUPADO,0,28,55,120,1,1
1790176093138,sala01,164,1790176093138,0,0,OCUPADO,1,28,55,120,1,1
1790176095138,sala01,165,1790176095138,0,0,OCUPADO,1,28,55,120,1,1
1790176097138,sala01,166,1790176097138,0,0,OCUPADO,1,28,55,120,1,1
1790176099138,sala01,167,1790176099138,0,0,OCUPADO,0,28,55,120,1,1
1790176101138,sala01,168,1790176101138,0,0,OCUPADO,1,28,55,120,1,1
1790176103138,sala01,169,1790176103138,0,0,OCUPADO,1,28,55,120,1,1
1790176105138,sala01,170,1790176105138,0,0,OCUPADO,1,28,55,120,1,1
1790176107138,sala01,171,1790176107138,0,0,OCUPADO,0,28,55,120,1,1
1790176109138,sala01,172,1790176109138,0,0,OCUPADO,1,28,55,120,1,1
1790176111138,sala01,173,1790176111138,0,0,OCUPADO,1,28,55,120,1,1
1790176113138,sala01,174,1790176113138,0,0,OCUPADO,1,28,55,120,1,1
1790176115138,sala01,175,1790176115138,0,0,OCUPADO,0,28,55,120,1,1
1790176117138,sala01,176,1790176117138,0,0,OCUPADO,1,28,55,120,1,1
1790176119138,sala01,177,1790176119138,0,0,OCUPADO,1,28,55,120,1,1
1790176121138,sala01,178,1790176121138,0,0,OCUPADO,1,28,55,120,1,1
1790176123138,sala01,179,1790176123138,0,0,OCUPADO,0,28,55,120,1,1
1790176125138,sala01,180,1790176125138,0,0,OCUPADO,1,28,55,120,1,1
1790176127138,sala01,181,1790176127138,0,0,OCUPADO,1,28,55,120,1,1
1790176129138,sala01,182,1790176129138,0,0,OCUPADO,1,28,55,120,1,1
1790176131138,sala01,183,1790176131138,0,0,OCUPADO,0,28,55,120,1,1
1790176133138,sala01,184,1790176133138,0,0,OCUPADO,1,28,55,120,1,1
1790176135138,sala01,185,1790176135138,0,0,OCUPADO,1,28,55,120,1,1
1790176137138,sala01,186,1790176137138,0,0,OCUPADO,1,28,55,120,1,1
1790176139138,sala01,187,1790176139138,0,0,OCUPADO,0,28,55,120,1,1
1790176141138,sala01,188,1790176141138,0,0,OCUPADO,1,28,55,120,1,1
1790176143138,sala01,189,1790176143138,0,0,OCUPADO,1,28,55,120,1,1
1790176145138,sala01,190,1790176145138,0,0,OCUPADO,1,28,55,120,1,1
1790176147138,sala01,191,1790176147138,0,0,OCUPADO,0,28,55,120,1,1
1790176149138,sala01,192,1790176149138,0,0,OCUPADO,1,28,55,120,1,1
1790176151138,sala01,193,1790176151138,0,0,OCUPADO,1,28,55,120,1,1
1790176153138,sala01,194,1790176153138,0,0,OCUPADO,1,28,55,120,1,1
1790176155138,sala01,195,1790176155138,0,0,OCUPADO,0,28,55,120,1,1
1790176157138,sala01,196,1790176157138,0,0,OCUPADO,1,28,55,120,1,1
1790176159138,sala01,197,1790176159138,0,0,OCUPADO,1,28,55,120,1,1
1790176161138,sala01,198,1790176161138,0,0,OCUPADO,1,28,55,120,1,1
1790176163138,sala01,199,1790176163138,0,0,OCUPADO,0,28,55,120,1,1
1790176165138,sala01,200,1790176165138,0,0,OCUPADO,1,28,55,120,1,1
1790176167138,sala01,201,1790176167138,0,0,OCUPADO,1,28,55,120,1,1
1790176169138,sala01,202,1790176169138,0,0,OCUPADO,1,28,55,120,1,1
1790176171138,sala01,203,1790176171138,0,0,OCUPADO,0,28,55,120,1,1
1790176173138,sala01,204,1790176173138,0,0,OCUPADO,1,28,55,120,1,1
1790176175138,sala01,205,1790176175138,0,0,OCUPADO,1,28,55,120,1,1
1790176177138,sala01,206,1790176177138,0,0,OCUPADO,1,28,55,120,1,1
1790176179138,sala01,207,1790176179138,0,0,OCUPADO,0,28,55,120,1,1
1790176181138,sala01,208,1790176181138,0,0,OCUPADO,1,28,55,120,1,1
1790176183138,sala01,209,1790176183138,0,0,OCUPADO,1,28,55,120,1,1
1790176185138,sala01,210,1790176185138,0,0,OCUPADO,1,28,55,120,1,1
1790176187138,sala01,211,1790176187138,0,0,OCUPADO,0,28,55,120,1,1
1790176189138,sala01,212,1790176189138,0,0,OCUPADO,1,28,55,120,1,1
1790176191138,sala01,213,1790176191138,0,0,OCUPADO,1,28,55,120,1,1
1790176193138,sala01,214,1790176193138,0,0,OCUPADO,1,28,55,120,1,1
1790176195138,sala01,215,1790176195138,0,0,OCUPADO,0,28,55,120,1,1
1790176197138,sala01,216,1790176197138,0,0,OCUPADO,1,28,55,120,1,1
1790176199138,sala01,217,1790176199138,0,0,OCUPADO,1,28,55,120,1,1
1790176201138,sala01,218,1790176201138,0,0,OCUPADO,1,28,55,120,1,1
1790176203138,sala01,219,1790176203138,0,0,OCUPADO,0,28,55,120,1,1
1790176205138,sala01,220,1790176205138,0,0,OCUPADO,1,28,55,120,1,1
1790176207138,sala01,221,1790176207138,0,0,OCUPADO,1,28,55,120,1,1
1790176209138,sala01,222,1790176209138,0,0,OCUPADO,1,28,55,120,1,1
1790176211138,sala01,223,1790176211138,0,0,OCUPADO,0,28,55,120,1,1
1790176213138,sala01,224,1790176213138,0,0,OCUPADO,1,28,55,120,1,1
1790176215138,sala01,225,1790176215138,0,0,OCUPADO,1,28,55,120,1,1
1790176217138,sala01,226,1790176217138,0,0,OCUPADO,1,28,55,120,1,1
1790176219138,sala01,227,1790176219138,0,0,OCUPADO,0,28,55,120,1,1
1790176221138,sala01,228,1790176221138,0,0,OCUPADO,1,28,55,120,1,1
1790176223138,sala01,229,1790176223138,0,0,OCUPADO,1,28,55,120,1,1
1790176225138,sala01,230,1790176225138,0,0,OCUPADO,1,28,55,120,1,1
1790176227138,sala01,231,1790176227138,0,0,OCUPADO,0,28,55,120,1,1
1790176229138,sala01,232,1790176229138,0,0,OCUPADO,1,28,55,120,1,1
1790176231138,sala01,233,1790176231138,0,0,OCUPADO,1,28,55,120,1,1
1790176233138,sala01,234,1790176233138,0,0,OCUPADO,1,28,55,120,1,1
1790176235138,sala01,235,1790176235138,0,0,OCUPADO,0,28,55,120,1,1
1790176237138,sala01,236,1790176237138,0,0,OCUPADO,1,28,55,120,1,1
1790176239138,sala01,237,1790176239138,0,0,OCUPADO,1,28,55,120,1,1
1790176241138,sala01,238,1790176241138,0,0,OCUPADO,1,28,55,120,1,1
1790176243138,sala01,239,1790176243138,0,0,OCUPADO,0,28,55,120,1,1
1790176245138,sala01,240,1790176245138,0,0,OCUPADO,1,28,55,120,1,1
1790176247138,sala01,241,1790176247138,0,0,OCUPADO,1,28,55,120,1,1
1790176249138,sala01,242,1790176249138,0,0,OCUPADO,1,28,55,120,1,1
1790176251138,sala01,243,1790176251138,0,0,OCUPADO,0,28,55,120,1,1
1790176253138,sala01,244,1790176253138,0,0,OCUPADO,1,28,55,120,1,1
1790176255138,sala01,245,1790176255138,0,0,OCUPADO,1,28,55,120,1,1
1790176257138,sala01,246,1790176257138,0,0,OCUPADO,1,28,55,120,1,1
1790176259138,sala01,247,1790176259138,0,0,OCUPADO,0,28,55,120,1,1
1790176261138,sala01,248,1790176261138,0,0,OCUPADO,1,28,55,120,1,1
1790176263138,sala01,249,1790176263138,0,0,OCUPADO,1,28,55,120,1,1
1790176265138,sala01,250,1790176265138,0,0,OCUPADO,1,28,55,120,1,1
1790176267138,sala01,251,1790176267138,0,0,OCUPADO,0,28,55,120,1,1
1790176269138,sala01,252,1790176269138,0,0,OCUPADO,1,28,55,120,1,1
1790176271138,sala01,253,1790176271138,0,0,OCUPADO,1,28,55,120,1,1
1790176273138,sala01,254,1790176273138,0,0,OCUPADO,1,28,55,120,1,1
1790176275138,sala01,255,1790176275138,0,0,OCUPADO,0,28,55,120,1,1
1790176277138,sala01,256,1790176277138,0,0,OCUPADO,1,28,55,120,1,1
1790176279138,sala01,257,1790176279138,0,0,OCUPADO,1,28,55,120,1,1
1790176281138,sala01,258,1790176281138,0,0,OCUPADO,1,28,55,120,1,1
1790176283138,sala01,259,1790176283138,0,0,OCUPADO,0,28,55,120,1,1
1790176285138,sala01,260,1790176285138,0,0,OCUPADO,1,28,55,120,1,1
1790176287138,sala01,261,1790176287138,0,0,OCUPADO,1,28,55,120,1,1
1790176289138,sala01,262,1790176289138,0,0,OCUPADO,1,28,55,120,1,1
1790176291138,sala01,263,1790176291138,0,0,OCUPADO,0,28,55,120,1,1
1790176293138,sala01,264,1790176293138,0,0,OCUPADO,1,28,55,120,1,1
1790176295138,sala01,265,1790176295138,0,0,OCUPADO,1,28,55,120,1,1
1790176297138,sala01,266,1790176297138,0,0,OCUPADO,1,28,55,120,1,1
1790176299138,sala01,267,1790176299138,0,0,OCUPADO,0,28,55,120,1,1
1790176301138,sala01,268,1790176301138,0,0,OCUPADO,1,28,55,120,1,1
1790176303138,sala01,269,1790176303138,0,0,OCUPADO,1,28,55,120,1,1
1790176305138,sala01,270,1790176305138,0,0,OCUPADO,1,28,55,120,1,1
1790176307138,sala01,271,1790176307138,0,0,OCUPADO,0,28,55,120,1,1
1790176309138,sala01,272,1790176309138,0,0,OCUPADO,1,28,55,120,1,1
1790176311138,sala01,273,1790176311138,0,0,OCUPADO,1,28,55,120,1,1
1790176313138,sala01,274,1790176313138,0,0,OCUPADO,1,28,55,120,1,1
1790176315138,sala01,275,1790176315138,0,0,OCUPADO,0,28,55,120,1,1
1790176317138,sala01,276,1790176317138,0,0,OCUPADO,1,28,55,120,1,1
1790176319138,sala01,277,1790176319138,0,0,OCUPADO,1,28,55,120,1,1
1790176321138,sala01,278,1790176321138,0,0,OCUPADO,1,28,55,120,1,1
1790176323138,sala01,279,1790176323138,0,0,OCUPADO,0,28,55,120,1,1
1790176325138,sala01,280,1790176325138,0,0,OCUPADO,1,28,55,120,1,1
1790176327138,sala01,281,1790176327138,0,0,OCUPADO,1,28,55,120,1,1
1790176329138,sala01,282,1790176329138,0,0,OCUPADO,1,28,55,120,1,1
1790176331138,sala01,283,1790176331138,0,0,OCUPADO,0,28,55,120,1,1
1790176333138,sala01,284,1790176333138,0,0,OCUPADO,1,28,55,120,1,1
1790176335138,sala01,285,1790176335138,0,0,OCUPADO,1,28,55,120,1,1
1790176337138,sala01,286,1790176337138,0,0,OCUPADO,1,28,55,120,1,1
1790176339138,sala01,287,1790176339138,0,0,OCUPADO,0,28,55,120,1,1
1790176341138,sala01,288,1790176341138,0,0,OCUPADO,1,28,55,120,1,1
1790176343138,sala01,289,1790176343138,0,0,OCUPADO,1,28,55,120,1,1
1790176345138,sala01,290,1790176345138,0,0,OCUPADO,1,28,55,120,1,1
1790176347138,sala01,291,1790176347138,0,0,OCUPADO,0,28,55,120,1,1
1790176349138,sala01,292,1790176349138,0,0,OCUPADO,1,28,55,120,1,1
1790176351138,sala01,293,1790176351138,0,0,OCUPADO,1,28,55,120,1,1
1790176353138,sala01,294,1790176353138,0,0,OCUPADO,1,28,55,120,1,1
1790176355138,sala01,295,1790176355138,0,0,OCUPADO,0,28,55,120,1,1
1790176357138,sala01,296,1790176357138,0,0,OCUPADO,1,28,55,120,1,1
1790176359138,sala01,297,1790176359138,0,0,OCUPADO,1,28,55,120,1,1
1790176361138,sala01,298,1790176361138,0,0,OCUPADO,1,28,55,120,1,1
1790176363138,sala01,299,1790176363138,0,0,OCUPADO,0,28,55,120,1,1
1790176365138,sala01,300,1790176365138,0,0,OCUPADO,1,28,55,120,1,1
1790176367138,sala01,301,1790176367138,0,0,OCUPADO,1,28,55,120,1,1
1790176369138,sala01,302,1790176369138,0,0,OCUPADO,1,28,55,120,1,1
1790176371138,sala01,303,1790176371138,0,0,OCUPADO,0,28,55,120,1,1
1790176373138,sala01,304,1790176373138,0,0,OCUPADO,1,28,55,120,1,1
1790176375138,sala01,305,1790176375138,0,0,OCUPADO,1,28,55,120,1,1
1790176377138,sala01,306,1790176377138,0,0,OCUPADO,1,28,55,120,1,1
1790176379138,sala01,307,1790176379138,0,0,OCUPADO,0,28,55,120,1,1
1790176381138,sala01,308,1790176381138,0,0,OCUPADO,1,28,55,120,1,1
1790176383138,sala01,309,1790176383138,0,0,OCUPADO,1,28,55,120,1,1
1790176385138,sala01,310,1790176385138,0,0,OCUPADO,1,28,55,120,1,1
1790176387138,sala01,311,1790176387138,0,0,OCUPADO,0,28,55,120,1,1
1790176389138,sala01,312,1790176389138,0,0,OCUPADO,1,28,55,120,1,1
1790176391138,sala01,313,1790176391138,0,0,OCUPADO,1,28,55,120,1,1
1790176393138,sala01,314,1790176393138,0,0,OCUPADO,1,28,55,120,1,1
1790176395138,sala01,315,1790176395138,0,0,OCUPADO,0,28,55,120,1,1
1790176397138,sala01,316,1790176397138,0,0,OCUPADO,1,28,55,120,1,1
1790176399138,sala01,317,1790176399138,0,0,OCUPADO,1,28,55,120,1,1
1790176401138,sala01,318,1790176401138,0,0,OCUPADO,1,28,55,120,1,1
1790176403138,sala01,319,1790176403138,0,0,OCUPADO,0,28,55,120,1,1
1790176405138,sala01,320,1790176405138,0,0,OCUPADO,1,28,55,120,1,1
1790176407138,sala01,321,1790176407138,0,0,OCUPADO,1,28,55,120,1,1
1790176409138,sala01,322,1790176409138,0,0,OCUPADO,1,28,55,120,1,1
1790176411138,sala01,323,1790176411138,0,0,OCUPADO,0,28,55,120,1,1
1790176413138,sala01,324,1790176413138,0,0,OCUPADO,1,28,55,120,1,1
1790176415138,sala01,325,1790176415138,0,0,OCUPADO,1,28,55,120,1,1
1790176417138,sala01,326,1790176417138,0,0,OCUPADO,1,28,55,120,1,1
1790176419138,sala01,327,1790176419138,0,0,OCUPADO,0,28,55,120,1,1
1790176421138,sala01,328,1790176421138,0,0,OCUPADO,1,28,55,120,1,1
1790176423138,sala01,329,1790176423138,0,0,OCUPADO,1,28,55,120,1,1
1790176425138,sala01,330,1790176425138,0,0,OCUPADO,1,28,55,120,1,1
1790176427138,sala01,331,1790176427138,0,0,OCUPADO,0,28,55,120,1,1
1790176429138,sala01,332,1790176429138,0,0,OCUPADO,1,28,55,120,1,1
1790176431138,sala01,333,1790176431138,0,0,OCUPADO,1,28,55,120,1,1
1790176433138,sala01,334,1790176433138,0,0,OCUPADO,1,28,55,120,1,1
1790176435138,sala01,335,1790176435138,0,0,OCUPADO,0,28,55,120,1,1
1790176437138,sala01,336,1790176437138,0,0,OCUPADO,1,28,55,120,1,1
1790176439138,sala01,337,1790176439138,0,0,OCUPADO,1,28,55,120,1,1
1790176441138,sala01,338,1790176441138,0,0,OCUPADO,1,28,55,120,1,1
1790176443138,sala01,339,1790176443138,0,0,OCUPADO,0,28,55,120,1,1
1790176445138,sala01,340,1790176445138,0,0,OCUPADO,1,28,55,120,1,1
1790176447138,sala01,341,1790176447138,0,0,OCUPADO,1,28,55,120,1,1
1790176449138,sala01,342,1790176449138,0,0,OCUPADO,1,28,55,120,1,1
1790176451138,sala01,343,1790176451138,0,0,OCUPADO,0,28,55,120,1,1
1790176453138,sala01,344,1790176453138,0,0,OCUPADO,1,28,55,120,1,1
1790176455138,sala01,345,1790176455138,0,0,OCUPADO,1,28,55,120,1,1
1790176457138,sala01,346,1790176457138,0,0,OCUPADO,1,28,55,120,1,1
1790176459138,sala01,347,1790176459138,0,0,OCUPADO,0,28,55,120,1,1
1790176461138,sala01,348,1790176461138,0,0,OCUPADO,1,28,55,120,1,1
1790176463138,sala01,349,1790176463138,0,0,OCUPADO,1,28,55,120,1,1
1790176465138,sala01,350,1790176465138,0,0,OCUPADO,1,28,55,120,1,1
1790176467138,sala01,351,1790176467138,0,0,OCUPADO,0,28,55,120,1,1
1790176469138,sala01,352,1790176469138,0,0,OCUPADO,1,28,55,120,1,1
1790176471138,sala01,353,1790176471138,0,0,OCUPADO,1,28,55,120,1,1
1790176473138,sala01,354,1790176473138,0,0,OCUPADO,1,28,55,120,1,1
1790176475138,sala01,355,1790176475138,0,0,OCUPADO,0,28,55,120,1,1
1790176477138,sala01,356,1790176477138,0,0,OCUPADO,1,28,55,120,1,1
1790176479138,sala01,357,1790176479138,0,0,OCUPADO,1,28,55,120,1,1
1790176481138,sala01,358,1790176481138,0,0,OCUPADO,1,28,55,120,1,1
1790176483138,sala01,359,1790176483138,0,0,OCUPADO,0,28,55,120,1,1
1790176485138,sala01,360,1790176485138,0,0,OCUPADO,1,28,55,120,1,1
1790176487138,sala01,361,1790176487138,0,0,OCUPADO,1,28,55,120,1,1
1790176489138,sala01,362,1790176489138,0,0,OCUPADO,1,28,55,120,1,1
1790176491138,sala01,363,1790176491138,0,0,OCUPADO,0,28,55,120,1,1
1790176493138,sala01,364,1790176493138,0,0,OCUPADO,1,28,55,120,1,1
1790176495138,sala01,365,1790176495138,0,0,OCUPADO,1,28,55,120,1,1
1790176497138,sala01,366,1790176497138,0,0,OCUPADO,1,28,55,120,1,1
1790176499138,sala01,367,1790176499138,0,0,OCUPADO,0,28,55,120,1,1
1790176501138,sala01,368,1790176501138,0,0,OCUPADO,1,28,55,120,1,1
1790176503138,sala01,369,1790176503138,0,0,OCUPADO,1,28,55,120,1,1
1790176505138,sala01,370,1790176505138,0,0,OCUPADO,1,28,55,120,1,1
1790176507138,sala01,371,1790176507138,0,0,OCUPADO,0,28,55,120,1,1
1790176509138,sala01,372,1790176509138,0,0,OCUPADO,1,28,55,120,1,1
1790176511138,sala01,373,1790176511138,0,0,OCUPADO,1,28,55,120,1,1
1790176513138,sala01,374,1790176513138,0,0,OCUPADO,1,28,55,120,1,1
1790176515138,sala01,375,1790176515138,0,0,OCUPADO,0,28,55,120,1,1
1790176517138,sala01,376,1790176517138,0,0,OCUPADO,1,28,55,120,1,1
1790176519138,sala01,377,1790176519138,0,0,OCUPADO,1,28,55,120,1,1
1790176521138,sala01,378,1790176521138,0,0,OCUPADO,1,28,55,120,1,1
1790176523138,sala01,379,1790176523138,0,0,OCUPADO,0,28,55,120,1,1
1790176525138,sala01,380,1790176525138,0,0,OCUPADO,1,28,55,120,1,1
1790176527138,sala01,381,1790176527138,0,0,OCUPADO,1,28,55,120,1,1
1790176529138,sala01,382,1790176529138,0,0,OCUPADO,1,28,55,120,1,1
1790176531138,sala01,383,1790176531138,0,0,OCUPADO,0,28,55,120,1,1
1790176533138,sala01,384,1790176533138,0,0,OCUPADO,1,28,55,120,1,1
1790176535138,sala01,385,1790176535138,0,0,OCUPADO,1,28,55,120,1,1
1790176537138,sala01,386,1790176537138,0,0,OCUPADO,1,28,55,120,1,1
1790176539138,sala01,387,1790176539138,0,0,OCUPADO,0,28,55,120,1,1
1790176541138,sala01,388,1790176541138,0,0,OCUPADO,1,28,55,120,1,1
1790176543138,sala01,389,1790176543138,0,0,OCUPADO,1,28,55,120,1,1
1790176545138,sala01,390,1790176545138,0,0,OCUPADO,1,28,55,120,1,1
1790176547138,sala01,391,1790176547138,0,0,OCUPADO,0,28,55,120,1,1
1790176549138,sala01,392,1790176549138,0,0,OCUPADO,1,28,55,120,1,1
1790176551138,sala01,393,1790176551138,0,0,OCUPADO,1,28,55,120,1,1
1790176553138,sala01,394,1790176553138,0,0,OCUPADO,1,28,55,120,1,1
1790176555138,sala01,395,1790176555138,0,0,OCUPADO,0,28,55,120,1,1
1790176557138,sala01,396,1790176557138,0,0,OCUPADO,1,28,55,120,1,1
1790176559138,sala01,397,1790176559138,0,0,OCUPADO,1,28,55,120,1,1
1790176561138,sala01,398,1790176561138,0,0,OCUPADO,1,28,55,120,1,1
1790176563138,sala01,399,1790176563138,0,0,OCUPADO,0,28,55,120,1,1
1790176565138,sala01,400,1790176565138,0,0,OCUPADO,1,28,55,120,1,1
1790176567138,sala01,401,1790176567138,0,0,OCUPADO,1,28,55,120,1,1
1790176569138,sala01,402,1790176569138,0,0,OCUPADO,1,28,55,120,1,1
1790176571138,sala01,403,1790176571138,0,0,OCUPADO,0,28,55,120,1,1
1790176573138,sala01,404,1790176573138,0,0,OCUPADO,1,28,55,120,1,1
1790176575138,sala01,405,1790176575138,0,0,OCUPADO,1,28,55,120,1,1
1790176577138,sala01,406,1790176577138,0,0,OCUPADO,1,28,55,120,1,1
1790176579138,sala01,407,1790176579138,0,0,OCUPADO,0,28,55,120,1,1
1790176581138,sala01,408,1790176581138,0,0,OCUPADO,1,28,55,120,1,1
1790176583138,sala01,409,1790176583138,0,0,OCUPADO,1,28,55,120,1,1
1790176585138,sala01,410,1790176585138,0,0,OCUPADO,1,28,55,120,1,1
1790176587138,sala01,411,1790176587138,0,0,OCUPADO,0,28,55,120,1,1
1790176589138,sala01,412,1790176589138,0,0,OCUPADO,1,28,55,120,1,1
1790176591138,sala01,413,1790176591138,0,0,OCUPADO,1,28,55,120,1,1
1790176593138,sala01,414,1790176593138,0,0,OCUPADO,1,28,55,120,1,1
1790176595138,sala01,415,1790176595138,0,0,OCUPADO,0,28,55,120,1,1
1790176597138,sala01,416,1790176597138,0,0,OCUPADO,1,28,55,120,1,1
1790176599138,sala01,417,1790176599138,0,0,OCUPADO,1,28,55,120,1,1
1790176601138,sala01,418,1790176601138,0,0,OCUPADO,1,28,55,120,1,1
1790176603138,sala01,419,1790176603138,0,0,OCUPADO,0,28,55,120,1,1
1790176605138,sala01,420,1790176605138,0,0,OCUPADO,1,28,55,120,1,1
1790176607138,sala01,421,1790176607138,0,0,OCUPADO,1,28,55,120,1,1
1790176609138,sala01,422,1790176609138,0,0,OCUPADO,1,28,55,120,1,1
1790176611138,sala01,423,1790176611138,0,0,OCUPADO,0,28,55,120,1,1
1790176613138,sala01,424,1790176613138,0,0,OCUPADO,1,28,55,120,1,1
1790176615138,sala01,425,1790176615138,0,0,OCUPADO,1,28,55,120,1,1
1790176617138,sala01,426,1790176617138,0,0,OCUPADO,1,28,55,120,1,1
1790176619138,sala01,427,1790176619138,0,0,OCUPADO,0,28,55,120,1,1
1790176621138,sala01,428,1790176621138,0,0,OCUPADO,1,28,55,120,1,1
1790176623138,sala01,429,1790176623138,0,0,OCUPADO,1,28,55,120,1,1
1790176625138,sala01,430,1790176625138,0,0,OCUPADO,1,28,55,120,1,1
1790176627138,sala01,431,1790176627138,0,0,OCUPADO,0,28,55,120,1,1
1790176629138,sala01,432,1790176629138,0,0,OCUPADO,1,28,55,120,1,1
1790176631138,sala01,433,1790176631138,0,0,OCUPADO,1,28,55,120,1,1
1790176633138,sala01,434,1790176633138,0,0,OCUPADO,1,28,55,120,1,1
1790176635138,sala01,435,1790176635138,0,0,OCUPADO,0,28,55,120,1,1
1790176637138,sala01,436,1790176637138,0,0,OCUPADO,1,28,55,120,1,1
1790176639138,sala01,437,1790176639138,0,0,OCUPADO,1,28,55,120,1,1
1790176641138,sala01,438,1790176641138,0,0,OCUPADO,1,28,55,120,1,1
1790176643138,sala01,439,1790176643138,0,0,OCUPADO,0,28,55,120,1,1
1790176645138,sala01,440,1790176645138,0,0,OCUPADO,1,28,55,120,1,1
1790176647138,sala01,441,1790176647138,0,0,OCUPADO,1,28,55,120,1,1
1790176649138,sala01,442,1790176649138,0,0,OCUPADO,1,28,55,120,1,1
1790176651138,sala01,443,1790176651138,0,0,OCUPADO,0,28,55,120,1,1
1790176653138,sala01,444,1790176653138,0,0,OCUPADO,1,28,55,120,1,1
1790176655138,sala01,445,1790176655138,0,0,OCUPADO,1,28,55,120,1,1
1790176657138,sala01,446,1790176657138,0,0,OCUPADO,1,28,55,120,1,1
1790176659138,sala01,447,1790176659138,0,0,OCUPADO,0,28,55,120,1,1
1790176661138,sala01,448,1790176661138,0,0,OCUPADO,1,28,55,120,1,1
1790176663138,sala01,449,1790176663138,0,0,OCUPADO,1,28,55,120,1,1
1790176665138,sala01,450,1790176665138,0,0,OCUPADO,1,28,55,120,1,1
1790176667138,sala01,451,1790176667138,0,0,OCUPADO,0,28,55,120,1,1
1790176669138,sala01,452,1790176669138,0,0,OCUPADO,1,28,55,120,1,1
1790176671138,sala01,453,1790176671138,0,0,OCUPADO,1,28,55,120,1,1
1790176673138,sala01,454,1790176673138,0,0,OCUPADO,1,28,55,120,1,1
1790176675138,sala01,455,1790176675138,0,0,OCUPADO,0,28,55,120,1,1
1790176677138,sala01,456,1790176677138,0,0,OCUPADO,1,28,55,120,1,1
1790176679138,sala01,457,1790176679138,0,0,OCUPADO,1,28,55,120,1,1
1790176681138,sala01,458,1790176681138,0,0,OCUPADO,1,28,55,120,1,1
1790176683138,sala01,459,1790176683138,0,0,OCUPADO,0,28,55,120,1,1
1790176685138,sala01,460,1790176685138,0,0,OCUPADO,1,28,55,120,1,1
1790176687138,sala01,461,1790176687138,0,0,OCUPADO,1,28,55,120,1,1
1790176689138,sala01,462,1790176689138,0,0,OCUPADO,1,28,55,120,1,1
1790176691138,sala01,463,1790176691138,0,0,OCUPADO,0,28,55,120,1,1
1790176693138,sala01,464,1790176693138,0,0,OCUPADO,1,28,55,120,1,1
1790176695138,sala01,465,1790176695138,0,0,OCUPADO,1,28,55,120,1,1
1790176697138,sala01,466,1790176697138,0,0,OCUPADO,1,28,55,120,1,1
1790176699138,sala01,467,1790176699138,0,0,OCUPADO,0,28,55,120,1,1
1790176701138,sala01,468,1790176701138,0,0,OCUPADO,1,28,55,120,1,1
1790176703138,sala01,469,1790176703138,0,0,OCUPADO,1,28,55,120,1,1
1790176705138,sala01,470,1790176705138,0,0,OCUPADO,1,28,55,120,1,1
1790176707138,sala01,471,1790176707138,0,0,OCUPADO,0,28,55,120,1,1
1790176709138,sala01,472,1790176709138,0,0,OCUPADO,1,28,55,120,1,1
1790176711138,sala01,473,1790176711138,0,0,OCUPADO,1,28,55,120,1,1
1790176713138,sala01,474,1790176713138,0,0,OCUPADO,1,28,55,120,1,1
1790176715138,sala01,475,1790176715138,0,0,OCUPADO,0,28,55,120,1,1
1790176717138,sala01,476,1790176717138,0,0,OCUPADO,1,28,55,120,1,1
1790176719138,sala01,477,1790176719138,0,0,OCUPADO,1,28,55,120,1,1
1790176721138,sala01,478,1790176721138,0,0,OCUPADO,1,28,55,120,1,1
1790176723138,sala01,479,1790176723138,0,0,OCUPADO,0,28,55,120,1,1
1790176725138,sala01,480,1790176725138,0,0,OCUPADO,1,28,55,120,1,1
1790176727138,sala01,481,1790176727138,0,0,OCUPADO,1,28,55,120,1,1
1790176729138,sala01,482,1790176729138,0,0,OCUPADO,1,28,55,120,1,1
1790176731138,sala01,483,1790176731138,0,0,OCUPADO,0,28,55,120,1,1
1790176733138,sala01,484,1790176733138,0,0,OCUPADO,1,28,55,120,1,1
1790176735138,sala01,485,1790176735138,0,0,OCUPADO,1,28,55,120,1,1
1790176737138,sala01,486,1790176737138,0,0,OCUPADO,1,28,55,120,1,1
1790176739138,sala01,487,1790176739138,0,0,OCUPADO,0,28,55,120,1,1
1790176741138,sala01,488,1790176741138,0,0,OCUPADO,1,28,55,120,1,1
1790176743138,sala01,489,1790176743138,0,0,OCUPADO,1,28,55,120,1,1
1790176745138,sala01,490,1790176745138,0,0,OCUPADO,1,28,55,120,1,1
1790176747138,sala01,491,1790176747138,0,0,OCUPADO,0,28,55,120,1,1
1790176749138,sala01,492,1790176749138,0,0,OCUPADO,1,28,55,120,1,1
1790176751138,sala01,493,1790176751138,0,0,OCUPADO,1,28,55,120,1,1
1790176753138,sala01,494,1790176753138,0,0,OCUPADO,1,28,55,120,1,1
1790176755138,sala01,495,1790176755138,0,0,OCUPADO,0,28,55,120,1,1
1790176757138,sala01,496,1790176757138,0,0,OCUPADO,1,28,55,120,1,1
1790176759138,sala01,497,1790176759138,0,0,OCUPADO,1,28,55,120,1,1
1790176761138,sala01,498,1790176761138,0,0,OCUPADO,1,28,55,120,1,1
1790176763138,sala01,499,1790176763138,0,0,OCUPADO,0,28,55,120,1,1
1790176765138,sala01,500,1790176765138,0,0,OCUPADO,1,28,55,120,1,1
1790176767138,sala01,501,1790176767138,0,0,OCUPADO,1,28,55,120,1,1
1790176769138,sala01,502,1790176769138,0,0,OCUPADO,1,28,55,120,1,1
1790176771138,sala01,503,1790176771138,0,0,OCUPADO,0,28,55,120,1,1
1790176773138,sala01,504,1790176773138,0,0,OCUPADO,1,28,55,120,1,1
1790176775138,sala01,505,1790176775138,0,0,OCUPADO,1,28,55,120,1,1
1790176777138,sala01,506,1790176777138,0,0,OCUPADO,1,28,55,120,1,1
1790176779138,sala01,507,1790176779138,0,0,OCUPADO,0,28,55,120,1,1
1790176781138,sala01,508,1790176781138,0,0,OCUPADO,1,28,55,120,1,1
1790176783138,sala01,509,1790176783138,0,0,OCUPADO,1,28,55,120,1,1
1790176785138,sala01,510,1790176785138,0,0,OCUPADO,1,28,55,120,1,1
1790176787138,sala01,511,1790176787138,0,0,OCUPADO,0,28,55,120,1,1
1790176789138,sala01,512,1790176789138,0,0,OCUPADO,1,28,55,120,1,1
1790176791138,sala01,513,1790176791138,0,0,OCUPADO,1,28,55,120,1,1
1790176793138,sala01,514,1790176793138,0,0,OCUPADO,1,28,55,120,1,1
1790176795138,sala01,515,1790176795138,0,0,OCUPADO,0,28,55,120,1,1
1790176797138,sala01,516,1790176797138,0,0,OCUPADO,1,28,55,120,1,1
1790176799138,sala01,517,1790176799138,0,0,OCUPADO,1,28,55,120,1,1
1790176801138,sala01,518,1790176801138,0,0,OCUPADO,1,28,55,120,1,1
1790176803138,sala01,519,1790176803138,0,0,OCUPADO,0,28,55,120,1,1
1790176805138,sala01,520,1790176805138,0,0,OCUPADO,1,28,55,120,1,1
1790176807138,sala01,521,1790176807138,0,0,OCUPADO,1,28,55,120,1,1
1790176809138,sala01,522,1790176809138,0,0,OCUPADO,1,28,55,120,1,1
1790176811138,sala01,523,1790176811138,0,0,OCUPADO,0,28,55,120,1,1
1790176813138,sala01,524,1790176813138,0,0,OCUPADO,1,28,55,120,1,1
1790176815138,sala01,525,1790176815138,0,0,OCUPADO,1,28,55,120,1,1
1790176817138,sala01,526,1790176817138,0,0,OCUPADO,1,28,55,120,1,1
1790176819138,sala01,527,1790176819138,0,0,OCUPADO,0,28,55,120,1,1
1790176821138,sala01,528,1790176821138,0,0,OCUPADO,1,28,55,120,1,1
1790176823138,sala01,529,1790176823138,0,0,OCUPADO,1,28,55,120,1,1
1790176825138,sala01,530,1790176825138,0,0,OCUPADO,1,28,55,120,1,1
1790176827138,sala01,531,1790176827138,0,0,OCUPADO,0,28,55,120,1,1
1790176829138,sala01,532,1790176829138,0,0,OCUPADO,1,28,55,120,1,1
1790176831138,sala01,533,1790176831138,0,0,OCUPADO,1,28,55,120,1,1
1790176833138,sala01,534,1790176833138,0,0,OCUPADO,1,28,55,120,1,1
1790176835138,sala01,535,1790176835138,0,0,OCUPADO,0,28,55,120,1,1
1790176837138,sala01,536,1790176837138,0,0,OCUPADO,1,28,55,120,1,1
1790176839138,sala01,537,1790176839138,0,0,OCUPADO,1,28,55,120,1,1
1790176841138,sala01,538,1790176841138,0,0,OCUPADO,1,28,55,120,1,1
1790176843138,sala01,539,1790176843138,0,0,OCUPADO,0,28,55,120,1,1
1790176845138,sala01,540,1790176845138,0,0,OCUPADO,1,28,55,120,1,1
1790176847138,sala01,541,1790176847138,0,0,OCUPADO,1,28,55,120,1,1
1790176849138,sala01,542,1790176849138,0,0,OCUPADO,1,28,55,120,1,1
1790176851138,sala01,543,1790176851138,0,0,OCUPADO,0,28,55,120,1,1
1790176853138,sala01,544,1790176853138,0,0,OCUPADO,1,28,55,120,1,1
1790176855138,sala01,545,1790176855138,0,0,OCUPADO,1,28,55,120,1,1
1790176857138,sala01,546,1790176857138,0,0,OCUPADO,1,28,55,120,1,1
1790176859138,sala01,547,1790176859138,0,0,OCUPADO,0,28,55,120,1,1
1790176861138,sala01,548,1790176861138,0,0,OCUPADO,1,28,55,120,1,1
1790176863138,sala01,549,1790176863138,0,0,OCUPADO,1,28,55,120,1,1
1790176865138,sala01,550,1790176865138,0,0,OCUPADO,1,28,55,120,1,1
1790176867138,sala01,551,1790176867138,0,0,OCUPADO,0,28,55,120,1,1
1790176869138,sala01,552,1790176869138,0,0,OCUPADO,1,28,55,120,1,1
1790176871138,sala01,553,1790176871138,0,0,OCUPADO,1,28,55,120,1,1
1790176873138,sala01,554,1790176873138,0,0,OCUPADO,1,28,55,120,1,1
1790176875138,sala01,555,1790176875138,0,0,OCUPADO,0,28,55,120,1,1
1790176877138,sala01,556,1790176877138,0,0,OCUPADO,1,28,55,120,1,1
1790176879138,sala01,557,1790176879138,0,0,OCUPADO,1,28,55,120,1,1
1790176881138,sala01,558,1790176881138,0,0,OCUPADO,1,28,55,120,1,1
1790176883138,sala01,559,1790176883138,0,0,OCUPADO,0,28,55,120,1,1
1790176885138,sala01,560,1790176885138,0,0,OCUPADO,1,28,55,120,1,1
1790176887138,sala01,561,1790176887138,0,0,OCUPADO,1,28,55,120,1,1
1790176889138,sala01,562,1790176889138,0,0,OCUPADO,1,28,55,120,1,1
1790176891138,sala01,563,1790176891138,0,0,OCUPADO,0,28,55,120,1,1
1790176893138,sala01,564,1790176893138,0,0,OCUPADO,1,28,55,120,1,1
1790176895138,sala01,565,1790176895138,0,0,OCUPADO,1,28,55,120,1,1
1790176897138,sala01,566,1790176897138,0,0,OCUPADO,1,28,55,120,1,1
1790176899138,sala01,567,1790176899138,0,0,OCUPADO,0,28,55,120,1,1
1790176901138,sala01,568,1790176901138,0,0,OCUPADO,1,28,55,120,1,1
1790176903138,sala01,569,1790176903138,0,0,OCUPADO,1,28,55,120,1,1
1790176905138,sala01,570,1790176905138,0,0,OCUPADO,1,28,55,120,1,1
1790176907138,sala01,571,1790176907138,0,0,OCUPADO,0,28,55,120,1,1
1790176909138,sala01,572,1790176909138,0,0,OCUPADO,1,28,55,120,1,1
1790176911138,sala01,573,1790176911138,0,0,OCUPADO,1,28,55,120,1,1
1790176913138,sala01,574,1790176913138,0,0,OCUPADO,1,28,55,120,1,1
1790176915138,sala01,575,1790176915138,0,0,OCUPADO,0,28,55,120,1,1
1790176917138,sala01,576,1790176917138,0,0,OCUPADO,1,28,55,120,1,1
1790176919138,sala01,577,1790176919138,0,0,OCUPADO,1,28,55,120,1,1
1790176921138,sala01,578,1790176921138,0,0,OCUPADO,1,28,55,120,1,1
1790176923138,sala01,579,1790176923138,0,0,OCUPADO,0,28,55,120,1,1
1790176925138,sala01,580,1790176925138,0,0,OCUPADO,1,28,55,120,1,1
1790176927138,sala01,581,1790176927138,0,0,OCUPADO,1,28,55,120,1,1
1790176929138,sala01,582,1790176929138,0,0,OCUPADO,1,28,55,120,1,1
1790176931138,sala01,583,1790176931138,0,0,OCUPADO,0,28,55,120,1,1
1790176933138,sala01,584,1790176933138,0,0,OCUPADO,1,28,55,120,1,1
1790176935138,sala01,585,1790176935138,0,0,OCUPADO,1,28,55,120,1,1
1790176937138,sala01,586,1790176937138,0,0,OCUPADO,1,28,55,120,1,1
1790176939138,sala01,587,1790176939138,0,0,OCUPADO,0,28,55,120,1,1
1790176941138,sala01,588,1790176941138,0,0,OCUPADO,1,28,55,120,1,1
1790176943138,sala01,589,1790176943138,0,0,OCUPADO,1,28,55,120,1,1
1790176945138,sala01,590,1790176945138,0,0,OCUPADO,1,28,55,120,1,1
1790176947138,sala01,591,1790176947138,0,0,OCUPADO,0,28,55,120,1,1
1790176949138,sala01,592,1790176949138,0,0,OCUPADO,1,28,55,120,1,1
1790176951138,sala01,593,1790176951138,0,0,OCUPADO,1,28,55,120,1,1
1790176953138,sala01,594,1790176953138,0,0,OCUPADO,1,28,55,120,1,1
1790176955138,sala01,595,1790176955138,0,0,OCUPADO,0,28,55,120,1,1
1790176957138,sala01,596,1790176957138,0,0,OCUPADO,1,28,55,120,1,1
1790176959138,sala01,597,1790176959138,0,0,OCUPADO,1,28,55,120,1,1
1790176961138,sala01,598,1790176961138,0,0,OCUPADO,1,28,55,120,1,1
1790176963138,sala01,599,1790176963138,0,0,OCUPADO,0,28,55,120,1,1
1790176965138,sala01,600,1790176965138,0,0,OCUPADO,1,28,55,120,1,1
1790176967138,sala01,601,1790176967138,0,0,OCUPADO,1,28,55,120,1,1
1790176969138,sala01,602,1790176969138,0,0,OCUPADO,1,28,55,120,1,1
1790176971138,sala01,603,1790176971138,0,0,OCUPADO,0,28,55,120,1,1
1790176973138,sala01,604,1790176973138,0,0,OCUPADO,1,28,55,120,1,1
1790176975138,sala01,605,1790176975138,0,0,OCUPADO,1,28,55,120,1,1
1790176977138,sala01,606,1790176977138,0,0,OCUPADO,1,28,55,120,1,1
1790176979138,sala01,607,1790176979138,0,0,OCUPADO,0,28,55,120,1,1
1790176981138,sala01,608,1790176981138,0,0,OCUPADO,1,28,55,120,1,1
1790176983138,sala01,609,1790176983138,0,0,OCUPADO,1,28,55,120,1,1
1790176985138,sala01,610,1790176985138,0,0,OCUPADO,1,28,55,120,1,1
1790176987138,sala01,611,1790176987138,0,0,OCUPADO,0,28,55,120,1,1
1790176989138,sala01,612,1790176989138,0,0,OCUPADO,1,28,55,120,1,1
1790176991138,sala01,613,1790176991138,0,0,OCUPADO,1,28,55,120,1,1
1790176993138,sala01,614,1790176993138,0,0,OCUPADO,1,28,55,120,1,1
1790176995138,sala01,615,1790176995138,0,0,OCUPADO,0,28,55,120,1,1
1790176997138,sala01,616,1790176997138,0,0,OCUPADO,1,28,55,120,1,1
1790176999138,sala01,617,1790176999138,0,0,OCUPADO,1,28,55,120,1,1
1790177001138,sala01,618,1790177001138,0,0,OCUPADO,1,28,55,120,1,1
1790177003138,sala01,619,1790177003138,0,0,OCUPADO,0,28,55,120,1,1
1790177005138,sala01,620,1790177005138,0,0,OCUPADO,1,28,55,120,1,1
1790177007138,sala01,621,1790177007138,0,0,OCUPADO,1,28,55,120,1,1
1790177009138,sala01,622,1790177009138,0,0,OCUPADO,1,28,55,120,1,1
1790177011138,sala01,623,1790177011138,0,0,OCUPADO,0,28,55,120,1,1
1790177013138,sala01,624,1790177013138,0,0,OCUPADO,1,28,55,120,1,1
1790177015138,sala01,625,1790177015138,0,0,OCUPADO,1,28,55,120,1,1
1790177017138,sala01,626,1790177017138,0,0,OCUPADO,1,28,55,120,1,1
1790177019138,sala01,627,1790177019138,0,0,OCUPADO,0,28,55,120,1,1
1790177021138,sala01,628,1790177021138,0,0,OCUPADO,1,28,55,120,1,1
1790177023138,sala01,629,1790177023138,0,0,OCUPADO,1,28,55,120,1,1
1790177025138,sala01,630,1790177025138,0,0,OCUPADO,1,28,55,120,1,1
1790177027138,sala01,631,1790177027138,0,0,OCUPADO,0,28,55,120,1,1
1790177029138,sala01,632,1790177029138,0,0,OCUPADO,1,28,55,120,1,1
1790177031138,sala01,633,1790177031138,0,0,OCUPADO,1,28,55,120,1,1
1790177033138,sala01,634,1790177033138,0,0,OCUPADO,1,28,55,120,1,1
1790177035138,sala01,635,1790177035138,0,0,OCUPADO,0,28,55,120,1,1
1790177037138,sala01,636,1790177037138,0,0,OCUPADO,1,28,55,120,1,1
1790177039138,sala01,637,1790177039138,0,0,OCUPADO,1,28,55,120,1,1
1790177041138,sala01,638,1790177041138,0,0,OCUPADO,1,28,55,120,1,1
1790177043138,sala01,639,1790177043138,0,0,OCUPADO,0,28,55,120,1,1
1790177045138,sala01,640,1790177045138,0,0,OCUPADO,1,28,55,120,1,1
1790177047138,sala01,641,1790177047138,0,0,OCUPADO,1,28,55,120,1,1
1790177049138,sala01,642,1790177049138,0,0,OCUPADO,1,28,55,120,1,1
1790177051138,sala01,643,1790177051138,0,0,OCUPADO,0,28,55,120,1,1
1790177053138,sala01,644,1790177053138,0,0,OCUPADO,1,28,55,120,1,1
1790177055138,sala01,645,1790177055138,0,0,OCUPADO,1,28,55,120,1,1
1790177057138,sala01,646,1790177057138,0,0,OCUPADO,1,28,55,120,1,1
1790177059138,sala01,647,1790177059138,0,0,OCUPADO,0,28,55,120,1,1
1790177061138,sala01,648,1790177061138,0,0,OCUPADO,1,28,55,120,1,1
1790177063138,sala01,649,1790177063138,0,0,OCUPADO,1,28,55,120,1,1
1790177065138,sala01,650,1790177065138,0,0,OCUPADO,1,28,55,120,1,1
1790177067138,sala01,651,1790177067138,0,0,OCUPADO,0,28,55,120,1,1
1790177069138,sala01,652,1790177069138,0,0,OCUPADO,1,28,55,120,1,1
1790177071138,sala01,653,1790177071138,0,0,OCUPADO,1,28,55,120,1,1
1790177073138,sala01,654,1790177073138,0,0,OCUPADO,1,28,55,120,1,1
1790177075138,sala01,655,1790177075138,0,0,OCUPADO,0,28,55,120,1,1
1790177077138,sala01,656,1790177077138,0,0,OCUPADO,1,28,55,120,1,1
1790177079138,sala01,657,1790177079138,0,0,OCUPADO,1,28,55,120,1,1
1790177081138,sala01,658,1790177081138,0,0,OCUPADO,1,28,55,120,1,1
1790177083138,sala01,659,1790177083138,0,0,OCUPADO,0,28,55,120,1,1
1790177085138,sala01,660,1790177085138,0,0,OCUPADO,1,28,55,120,1,1
1790177087138,sala01,661,1790177087138,0,0,OCUPADO,1,28,55,120,1,1
1790177089138,sala01,662,1790177089138,0,0,OCUPADO,1,28,55,120,1,1
1790177091138,sala01,663,1790177091138,0,0,OCUPADO,0,28,55,120,1,1
1790177093138,sala01,664,1790177093138,0,0,OCUPADO,1,28,55,120,1,1
1790177095138,sala01,665,1790177095138,0,0,OCUPADO,1,28,55,120,1,1
1790177097138,sala01,666,1790177097138,0,0,OCUPADO,1,28,55,120,1,1
1790177099138,sala01,667,1790177099138,0,0,OCUPADO,0,28,55,120,1,1
1790177101138,sala01,668,1790177101138,0,0,OCUPADO,1,28,55,120,1,1
1790177103138,sala01,669,1790177103138,0,0,OCUPADO,1,28,55,120,1,1
1790177105138,sala01,670,1790177105138,0,0,OCUPADO,1,28,55,120,1,1
1790177107138,sala01,671,1790177107138,0,0,OCUPADO,0,28,55,120,1,1
1790177109138,sala01,672,1790177109138,0,0,OCUPADO,1,28,55,120,1,1
1790177111138,sala01,673,1790177111138,0,0,OCUPADO,1,28,55,120,1,1
1790177113138,sala01,674,1790177113138,0,0,OCUPADO,1,28,55,120,1,1
1790177115138,sala01,675,1790177115138,0,0,OCUPADO,0,28,55,120,1,1
1790177117138,sala01,676,1790177117138,0,0,OCUPADO,1,28,55,120,1,1
1790177119138,sala01,677,1790177119138,0,0,OCUPADO,1,28,55,120,1,1
1790177121138,sala01,678,1790177121138,0,0,OCUPADO,1,28,55,120,1,1
1790177123138,sala01,679,1790177123138,0,0,OCUPADO,0,28,55,120,1,1
1790177125138,sala01,680,1790177125138,0,0,OCUPADO,1,28,55,120,1,1
1790177127138,sala01,681,1790177127138,0,0,OCUPADO,1,28,55,120,1,1
1790177129138,sala01,682,1790177129138,0,0,OCUPADO,1,28,55,120,1,1
1790177131138,sala01,683,1790177131138,0,0,OCUPADO,0,28,55,120,1,1
1790177133138,sala01,684,1790177133138,0,0,OCUPADO,1,28,55,120,1,1
1790177135138,sala01,685,1790177135138,0,0,OCUPADO,1,28,55,120,1,1
1790177137138,sala01,686,1790177137138,0,0,OCUPADO,1,28,55,120,1,1
1790177139138,sala01,687,1790177139138,0,0,OCUPADO,0,28,55,120,1,1
1790177141138,sala01,688,1790177141138,0,0,OCUPADO,1,28,55,120,1,1
1790177143138,sala01,689,1790177143138,0,0,OCUPADO,1,28,55,120,1,1
1790177145138,sala01,690,1790177145138,0,0,OCUPADO,1,28,55,120,1,1
1790177147138,sala01,691,1790177147138,0,0,OCUPADO,0,28,55,120,1,1
1790177149138,sala01,692,1790177149138,0,0,OCUPADO,1,28,55,120,1,1
1790177151138,sala01,693,1790177151138,0,0,OCUPADO,1,28,55,120,1,1
1790177153138,sala01,694,1790177153138,0,0,OCUPADO,1,28,55,120,1,1
1790177155138,sala01,695,1790177155138,0,0,OCUPADO,0,28,55,120,1,1
1790177157138,sala01,696,1790177157138,0,0,OCUPADO,1,28,55,120,1,1
1790177159138,sala01,697,1790177159138,0,0,OCUPADO,1,28,55,120,1,1
1790177161138,sala01,698,1790177161138,0,0,OCUPADO,1,28,55,120,1,1
1790177163138,sala01,699,1790177163138,0,0,OCUPADO,0,28,55,120,1,1
1790177165138,sala01,700,1790177165138,0,0,OCUPADO,1,28,55,120,1,1
1790177167138,sala01,701,1790177167138,0,0,OCUPADO,1,28,55,120,1,1
1790177169138,sala01,702,1790177169138,0,0,OCUPADO,1,28,55,120,1,1
1790177171138,sala01,703,1790177171138,0,0,OCUPADO,0,28,55,120,1,1
1790177173138,sala01,704,1790177173138,0,0,OCUPADO,1,28,55,120,1,1
1790177175138,sala01,705,1790177175138,0,0,OCUPADO,1,28,55,120,1,1
1790177177138,sala01,706,1790177177138,0,0,OCUPADO,1,28,55,120,1,1
1790177179138,sala01,707,1790177179138,0,0,OCUPADO,0,28,55,120,1,1
1790177181138,sala01,708,1790177181138,0,0,OCUPADO,1,28,55,120,1,1
1790177183138,sala01,709,1790177183138,0,0,OCUPADO,1,28,55,120,1,1
1790177185138,sala01,710,1790177185138,0,0,OCUPADO,1,28,55,120,1,1
1790177187138,sala01,711,1790177187138,0,0,OCUPADO,0,28,55,120,1,1
1790177189138,sala01,712,1790177189138,0,0,OCUPADO,1,28,55,120,1,1
1790177191138,sala01,713,1790177191138,0,0,OCUPADO,1,28,55,120,1,1
1790177193138,sala01,714,1790177193138,0,0,OCUPADO,1,28,55,120,1,1
1790177195138,sala01,715,1790177195138,0,0,OCUPADO,0,28,55,120,1,1
1790177197138,sala01,716,1790177197138,0,0,OCUPADO,1,28,55,120,1,1
1790177199138,sala01,717,1790177199138,0,0,OCUPADO,1,28,55,120,1,1
1790177201138,sala01,718,1790177201138,0,0,OCUPADO,1,28,55,120,1,1
1790177203138,sala01,719,1790177203138,0,0,OCUPADO,0,28,55,120,1,1
1790177205138,sala01,720,1790177205138,0,0,OCUPADO,1,28,55,120,1,1
1790177207138,sala01,721,1790177207138,0,0,OCUPADO,1,28,55,120,1,1
1790177209138,sala01,722,1790177209138,0,0,OCUPADO,1,28,55,120,1,1
1790177211138,sala01,723,1790177211138,0,0,OCUPADO,0,28,55,120,1,1
1790177213138,sala01,724,1790177213138,0,0,OCUPADO,1,28,55,120,1,1
1790177215138,sala01,725,1790177215138,0,0,OCUPADO,1,28,55,120,1,1
1790177217138,sala01,726,1790177217138,0,0,OCUPADO,1,28,55,120,1,1
1790177219138,sala01,727,1790177219138,0,0,OCUPADO,0,28,55,120,1,1
1790177221138,sala01,728,1790177221138,0,0,OCUPADO,1,28,55,120,1,1
1790177223138,sala01,729,1790177223138,0,0,OCUPADO,1,28,55,120,1,1
1790177225138,sala01,730,1790177225138,0,0,OCUPADO,1,28,55,120,1,1
1790177227138,sala01,731,1790177227138,0,0,OCUPADO,0,28,55,120,1,1
1790177229138,sala01,732,1790177229138,0,0,OCUPADO,1,28,55,120,1,1
1790177231138,sala01,733,1790177231138,0,0,OCUPADO,1,28,55,120,1,1
1790177233138,sala01,734,1790177233138,0,0,OCUPADO,1,28,55,120,1,1
1790177235138,sala01,735,1790177235138,0,0,OCUPADO,0,28,55,120,1,1
1790177237138,sala01,736,1790177237138,0,0,OCUPADO,1,28,55,120,1,1
1790177239138,sala01,737,1790177239138,0,0,OCUPADO,1,28,55,120,1,1
1790177241138,sala01,738,1790177241138,0,0,OCUPADO,1,28,55,120,1,1
1790177243138,sala01,739,1790177243138,0,0,OCUPADO,0,28,55,120,1,1
1790177245138,sala01,740,1790177245138,0,0,OCUPADO,1,28,55,120,1,1
1790177247138,sala01,741,1790177247138,0,0,OCUPADO,1,28,55,120,1,1
1790177249138,sala01,742,1790177249138,0,0,OCUPADO,1,28,55,120,1,1
1790177251138,sala01,743,1790177251138,0,0,OCUPADO,0,28,55,120,1,1
1790177253138,sala01,744,1790177253138,0,0,OCUPADO,1,28,55,120,1,1
1790177255138,sala01,745,1790177255138,0,0,OCUPADO,1,28,55,120,1,1
1790177257138,sala01,746,1790177257138,0,0,OCUPADO,1,28,55,120,1,1
1790177259138,sala01,747,1790177259138,0,0,OCUPADO,0,28,55,120,1,1
1790177261138,sala01,748,1790177261138,0,0,OCUPADO,1,28,55,120,1,1
1790177263138,sala01,749,1790177263138,0,0,OCUPADO,1,28,55,120,1,1
1790177265138,sala01,750,1790177265138,0,0,OCUPADO,1,28,55,120,1,1
1790177267138,sala01,751,1790177267138,0,0,OCUPADO,0,28,55,120,1,1
1790177269138,sala01,752,1790177269138,0,0,OCUPADO,1,28,55,120,1,1
1790177271138,sala01,753,1790177271138,0,0,OCUPADO,1,28,55,120,1,1
1790177273138,sala01,754,1790177273138,0,0,OCUPADO,1,28,55,120,1,1
1790177275138,sala01,755,1790177275138,0,0,OCUPADO,0,28,55,120,1,1
1790177277138,sala01,756,1790177277138,0,0,OCUPADO,1,28,55,120,1,1
1790177279138,sala01,757,1790177279138,0,0,OCUPADO,1,28,55,120,1,1
1790177281138,sala01,758,1790177281138,0,0,OCUPADO,1,28,55,120,1,1
1790177283138,sala01,759,1790177283138,0,0,OCUPADO,0,28,55,120,1,1
1790177285138,sala01,760,1790177285138,0,0,OCUPADO,1,28,55,120,1,1
1790177287138,sala01,761,1790177287138,0,0,OCUPADO,1,28,55,120,1,1
1790177289138,sala01,762,1790177289138,0,0,OCUPADO,1,28,55,120,1,1
1790177291138,sala01,763,1790177291138,0,0,OCUPADO,0,28,55,120,1,1
1790177293138,sala01,764,1790177293138,0,0,OCUPADO,1,28,55,120,1,1
1790177295138,sala01,765,1790177295138,0,0,OCUPADO,1,28,55,120,1,1
1790177297138,sala01,766,1790177297138,0,0,OCUPADO,1,28,55,120,1,1
1790177299138,sala01,767,1790177299138,0,0,OCUPADO,0,28,55,120,1,1
1790177301138,sala01,768,1790177301138,0,0,OCUPADO,1,28,55,120,1,1
1790177303138,sala01,769,1790177303138,0,0,OCUPADO,1,28,55,120,1,1
1790177305138,sala01,770,1790177305138,0,0,OCUPADO,1,28,55,120,1,1
1790177307138,sala01,771,1790177307138,0,0,OCUPADO,0,28,55,120,1,1
1790177309138,sala01,772,1790177309138,0,0,OCUPADO,1,28,55,120,1,1
1790177311138,sala01,773,1790177311138,0,0,OCUPADO,1,28,55,120,1,1
1790177313138,sala01,774,1790177313138,0,0,OCUPADO,1,28,55,120,1,1
1790177315138,sala01,775,1790177315138,0,0,OCUPADO,0,28,55,120,1,1
1790177317138,sala01,776,1790177317138,0,0,OCUPADO,1,28,55,120,1,1
1790177319138,sala01,777,1790177319138,0,0,OCUPADO,1,28,55,120,1,1
1790177321138,sala01,778,1790177321138,0,0,OCUPADO,1,28,55,120,1,1
1790177323138,sala01,779,1790177323138,0,0,OCUPADO,0,28,55,120,1,1
1790177325138,sala01,780,1790177325138,0,0,OCUPADO,1,28,55,120,1,1
1790177327138,sala01,781,1790177327138,0,0,OCUPADO,1,28,55,120,1,1
1790177329138,sala01,782,1790177329138,0,0,OCUPADO,1,28,55,120,1,1
1790177331138,sala01,783,1790177331138,0,0,OCUPADO,0,28,55,120,1,1
1790177333138,sala01,784,1790177333138,0,0,OCUPADO,1,28,55,120,1,1
1790177335138,sala01,785,1790177335138,0,0,OCUPADO,1,28,55,120,1,1
1790177337138,sala01,786,1790177337138,0,0,OCUPADO,1,28,55,120,1,1
1790177339138,sala01,787,1790177339138,0,0,OCUPADO,0,28,55,120,1,1
1790177341138,sala01,788,1790177341138,0,0,OCUPADO,1,28,55,120,1,1
1790177343138,sala01,789,1790177343138,0,0,OCUPADO,1,28,55,120,1,1
1790177345138,sala01,790,1790177345138,0,0,OCUPADO,1,28,55,120,1,1
1790177347138,sala01,791,1790177347138,0,0,OCUPADO,0,28,55,120,1,1
1790177349138,sala01,792,1790177349138,0,0,OCUPADO,1,28,55,120,1,1
1790177351138,sala01,793,1790177351138,0,0,OCUPADO,1,28,55,120,1,1
1790177353138,sala01,794,1790177353138,0,0,OCUPADO,1,28,55,120,1,1
1790177355138,sala01,795,1790177355138,0,0,OCUPADO,0,28,55,120,1,1
1790177357138,sala01,796,1790177357138,0,0,OCUPADO,1,28,55,120,1,1
1790177359138,sala01,797,1790177359138,0,0,OCUPADO,1,28,55,120,1,1
1790177361138,sala01,798,1790177361138,0,0,OCUPADO,1,28,55,120,1,1
1790177363138,sala01,799,1790177363138,0,0,OCUPADO,0,28,55,120,1,1
1790177365138,sala01,800,1790177365138,0,0,OCUPADO,1,28,55,120,1,1
1790177367138,sala01,801,1790177367138,0,0,OCUPADO,1,28,55,120,1,1
1790177369138,sala01,802,1790177369138,0,0,OCUPADO,1,28,55,120,1,1
1790177371138,sala01,803,1790177371138,0,0,OCUPADO,0,28,55,120,1,1
1790177373138,sala01,804,1790177373138,0,0,OCUPADO,1,28,55,120,1,1
1790177375138,sala01,805,1790177375138,0,0,OCUPADO,1,28,55,120,1,1
1790177377138,sala01,806,1790177377138,0,0,OCUPADO,1,28,55,120,1,1
1790177379138,sala01,807,1790177379138,0,0,OCUPADO,0,28,55,120,1,1
1790177381138,sala01,808,1790177381138,0,0,OCUPADO,1,28,55,120,1,1
1790177383138,sala01,809,1790177383138,0,0,OCUPADO,1,28,55,120,1,1
1790177385138,sala01,810,1790177385138,0,0,OCUPADO,1,28,55,120,1,1
1790177387138,sala01,811,1790177387138,0,0,OCUPADO,0,28,55,120,1,1
1790177389138,sala01,812,1790177389138,0,0,OCUPADO,1,28,55,120,1,1
1790177391138,sala01,813,1790177391138,0,0,OCUPADO,1,28,55,120,1,1
1790177393138,sala01,814,1790177393138,0,0,OCUPADO,1,28,55,120,1,1
1790177395138,sala01,815,1790177395138,0,0,OCUPADO,0,28,55,120,1,1
1790177397138,sala01,816,1790177397138,0,0,OCUPADO,1,28,55,120,1,1
1790177399138,sala01,817,1790177399138,0,0,OCUPADO,1,28,55,120,1,1
1790177401138,sala01,818,1790177401138,0,0,OCUPADO,1,28,55,120,1,1
1790177403138,sala01,819,1790177403138,0,0,OCUPADO,0,28,55,120,1,1
1790177405138,sala01,820,1790177405138,0,0,OCUPADO,1,28,55,120,1,1
1790177407138,sala01,821,1790177407138,0,0,OCUPADO,1,28,55,120,1,1
1790177409138,sala01,822,1790177409138,0,0,OCUPADO,1,28,55,120,1,1
1790177411138,sala01,823,1790177411138,0,0,OCUPADO,0,28,55,120,1,1
1790177413138,sala01,824,1790177413138,0,0,OCUPADO,1,28,55,120,1,1
1790177415138,sala01,825,1790177415138,0,0,OCUPADO,1,28,55,120,1,1
1790177417138,sala01,826,1790177417138,0,0,OCUPADO,1,28,55,120,1,1
1790177419138,sala01,827,1790177419138,0,0,OCUPADO,0,28,55,120,1,1
1790177421138,sala01,828,1790177421138,0,0,OCUPADO,1,28,55,120,1,1
1790177423138,sala01,829,1790177423138,0,0,OCUPADO,1,28,55,120,1,1
1790177425138,sala01,830,1790177425138,0,0,OCUPADO,1,28,55,120,1,1
1790177427138,sala01,831,1790177427138,0,0,OCUPADO,0,28,55,120,1,1
1790177429138,sala01,832,1790177429138,0,0,OCUPADO,1,28,55,120,1,1
1790177431138,sala01,833,1790177431138,0,0,OCUPADO,1,28,55,120,1,1
1790177433138,sala01,834,1790177433138,0,0,OCUPADO,1,28,55,120,1,1
1790177435138,sala01,835,1790177435138,0,0,OCUPADO,0,28,55,120,1,1
1790177437138,sala01,836,1790177437138,0,0,OCUPADO,1,28,55,120,1,1
1790177439138,sala01,837,1790177439138,0,0,OCUPADO,1,28,55,120,1,1
1790177441138,sala01,838,1790177441138,0,0,OCUPADO,1,28,55,120,1,1
1790177443138,sala01,839,1790177443138,0,0,OCUPADO,0,28,55,120,1,1
1790177445138,sala01,840,1790177445138,0,0,OCUPADO,1,28,55,120,1,1
1790177447138,sala01,841,1790177447138,0,0,OCUPADO,1,28,55,120,1,1
1790177449138,sala01,842,1790177449138,0,0,OCUPADO,1,28,55,120,1,1
1790177451138,sala01,843,1790177451138,0,0,OCUPADO,0,28,55,120,1,1
1790177453138,sala01,844,1790177453138,0,0,OCUPADO,1,28,55,120,1,1
1790177455138,sala01,845,1790177455138,0,0,OCUPADO,1,28,55,120,1,1
1790177457138,sala01,846,1790177457138,0,0,OCUPADO,1,28,55,120,1,1
1790177459138,sala01,847,1790177459138,0,0,OCUPADO,0,28,55,120,1,1
1790177461138,sala01,848,1790177461138,0,0,OCUPADO,1,28,55,120,1,1
1790177463138,sala01,849,1790177463138,0,0,OCUPADO,1,28,55,120,1,1
1790177465138,sala01,850,1790177465138,0,0,OCUPADO,1,28,55,120,1,1
1790177467138,sala01,851,1790177467138,0,0,OCUPADO,0,28,55,120,1,1
1790177469138,sala01,852,1790177469138,0,0,OCUPADO,1,28,55,120,1,1
1790177471138,sala01,853,1790177471138,0,0,OCUPADO,1,28,55,120,1,1
1790177473138,sala01,854,1790177473138,0,0,OCUPADO,1,28,55,120,1,1
1790177475138,sala01,855,1790177475138,0,0,OCUPADO,0,28,55,120,1,1
1790177477138,sala01,856,1790177477138,0,0,OCUPADO,1,28,55,120,1,1
1790177479138,sala01,857,1790177479138,0,0,OCUPADO,1,28,55,120,1,1
1790177481138,sala01,858,1790177481138,0,0,OCUPADO,1,28,55,120,1,1
1790177483138,sala01,859,1790177483138,0,0,OCUPADO,0,28,55,120,1,1
1790177485138,sala01,860,1790177485138,0,0,OCUPADO,1,28,55,120,1,1
1790177487138,sala01,861,1790177487138,0,0,OCUPADO,1,28,55,120,1,1
1790177489138,sala01,862,1790177489138,0,0,OCUPADO,1,28,55,120,1,1
1790177491138,sala01,863,1790177491138,0,0,OCUPADO,0,28,55,120,1,1
1790177493138,sala01,864,1790177493138,0,0,OCUPADO,1,28,55,120,1,1
1790177495138,sala01,865,1790177495138,0,0,OCUPADO,1,28,55,120,1,1
1790177497138,sala01,866,1790177497138,0,0,OCUPADO,1,28,55,120,1,1
1790177499138,sala01,867,1790177499138,0,0,OCUPADO,0,28,55,120,1,1
1790177501138,sala01,868,1790177501138,0,0,OCUPADO,1,28,55,120,1,1
1790177503138,sala01,869,1790177503138,0,0,OCUPADO,1,28,55,120,1,1
1790177505138,sala01,870,1790177505138,0,0,OCUPADO,1,28,55,120,1,1
1790177507138,sala01,871,1790177507138,0,0,OCUPADO,0,28,55,120,1,1
1790177509138,sala01,872,1790177509138,0,0,OCUPADO,1,28,55,120,1,1
1790177511138,sala01,873,1790177511138,0,0,OCUPADO,1,28,55,120,1,1
1790177513138,sala01,874,1790177513138,0,0,OCUPADO,1,28,55,120,1,1
1790177515138,sala01,875,1790177515138,0,0,OCUPADO,0,28,55,120,1,1
1790177517138,sala01,876,1790177517138,0,0,OCUPADO,1,28,55,120,1,1
1790177519138,sala01,877,1790177519138,0,0,OCUPADO,1,28,55,120,1,1
1790177521138,sala01,878,1790177521138,0,0,OCUPADO,1,28,55,120,1,1
1790177523138,sala01,879,1790177523138,0,0,OCUPADO,0,28,55,120,1,1
1790177525138,sala01,880,1790177525138,0,0,OCUPADO,1,28,55,120,1,1
1790177527138,sala01,881,1790177527138,0,0,OCUPADO,1,28,55,120,1,1
1790177529138,sala01,882,1790177529138,0,0,OCUPADO,1,28,55,120,1,1
1790177531138,sala01,883,1790177531138,0,0,OCUPADO,0,28,55,120,1,1
1790177533138,sala01,884,1790177533138,0,0,OCUPADO,1,28,55,120,1,1
1790177535138,sala01,885,1790177535138,0,0,OCUPADO,1,28,55,120,1,1
1790177537138,sala01,886,1790177537138,0,0,OCUPADO,1,28,55,120,1,1
1790177539138,sala01,887,1790177539138,0,0,OCUPADO,0,28,55,120,1,1
1790177541138,sala01,888,1790177541138,0,0,OCUPADO,1,28,55,120,1,1
1790177543138,sala01,889,1790177543138,0,0,OCUPADO,1,28,55,120,1,1
1790177545138,sala01,890,1790177545138,0,0,OCUPADO,1,28,55,120,1,1
1790177547138,sala01,891,1790177547138,0,0,OCUPADO,0,28,55,120,1,1
1790177549138,sala01,892,1790177549138,0,0,OCUPADO,1,28,55,120,1,1
1790177551138,sala01,893,1790177551138,0,0,OCUPADO,1,28,55,120,1,1
1790177553138,sala01,894,1790177553138,0,0,OCUPADO,1,28,55,120,1,1
1790177555138,sala01,895,1790177555138,0,0,OCUPADO,0,28,55,120,1,1
1790177557138,sala01,896,1790177557138,0,0,OCUPADO,1,28,55,120,1,1
1790177559138,sala01,897,1790177559138,0,0,OCUPADO,1,28,55,120,1,1
1790177561138,sala01,898,1790177561138,0,0,OCUPADO,1,28,55,120,1,1
1790177563138,sala01,899,1790177563138,0,0,OCUPADO,0,28,55,120,1,1
1790177565138,sala01,900,1790177565138,0,0,OCUPADO,1,28,55,120,1,1
1790177567138,sala01,901,1790177567138,0,0,OCUPADO,1,28,55,120,1,1
1790177569138,sala01,902,1790177569138,0,0,OCUPADO,1,28,55,120,1,1
1790177571138,sala01,903,1790177571138,0,0,OCUPADO,0,28,55,120,1,1
1790177573138,sala01,904,1790177573138,0,0,OCUPADO,1,28,55,120,1,1
1790177575138,sala01,905,1790177575138,0,0,OCUPADO,1,28,55,120,1,1
1790177577138,sala01,906,1790177577138,0,0,OCUPADO,1,28,55,120,1,1
1790177579138,sala01,907,1790177579138,0,0,OCUPADO,0,28,55,120,1,1
1790177581138,sala01,908,1790177581138,0,0,OCUPADO,1,28,55,120,1,1
1790177583138,sala01,909,1790177583138,0,0,OCUPADO,1,28,55,120,1,1
1790177585138,sala01,910,1790177585138,0,0,OCUPADO,1,28,55,120,1,1
1790177587138,sala01,911,1790177587138,0,0,OCUPADO,0,28,55,120,1,1
1790177589138,sala01,912,1790177589138,0,0,OCUPADO,1,28,55,120,1,1
1790177591138,sala01,913,1790177591138,0,0,OCUPADO,1,28,55,120,1,1
1790177593138,sala01,914,1790177593138,0,0,OCUPADO,1,28,55,120,1,1
1790177595138,sala01,915,1790177595138,0,0,OCUPADO,0,28,55,120,1,1
1790177597138,sala01,916,1790177597138,0,0,OCUPADO,1,28,55,120,1,1
1790177599138,sala01,917,1790177599138,0,0,OCUPADO,1,28,55,120,1,1
1790177601138,sala01,918,1790177601138,0,0,OCUPADO,1,28,55,120,1,1
1790177603138,sala01,919,1790177603138,0,0,OCUPADO,0,28,55,120,1,1
1790177605138,sala01,920,1790177605138,0,0,OCUPADO,1,28,55,120,1,1
1790177607138,sala01,921,1790177607138,0,0,OCUPADO,1,28,55,120,1,1
1790177609138,sala01,922,1790177609138,0,0,OCUPADO,1,28,55,120,1,1
1790177611138,sala01,923,1790177611138,0,0,OCUPADO,0,28,55,120,1,1
1790177613138,sala01,924,1790177613138,0,0,OCUPADO,1,28,55,120,1,1
1790177615138,sala01,925,1790177615138,0,0,OCUPADO,1,28,55,120,1,1
1790177617138,sala01,926,1790177617138,0,0,OCUPADO,1,28,55,120,1,1
1790177619138,sala01,927,1790177619138,0,0,OCUPADO,0,28,55,120,1,1
1790177621138,sala01,928,1790177621138,0,0,OCUPADO,1,28,55,120,1,1
1790177623138,sala01,929,1790177623138,0,0,OCUPADO,1,28,55,120,1,1
1790177625138,sala01,930,1790177625138,0,0,OCUPADO,1,28,55,120,1,1
1790177627138,sala01,931,1790177627138,0,0,OCUPADO,0,28,55,120,1,1
1790177629138,sala01,932,1790177629138,0,0,OCUPADO,1,28,55,120,1,1
1790177631138,sala01,933,1790177631138,0,0,OCUPADO,1,28,55,120,1,1
1790177633138,sala01,934,1790177633138,0,0,OCUPADO,1,28,55,120,1,1
1790177635138,sala01,935,1790177635138,0,0,OCUPADO,0,28,55,120,1,1
1790177637138,sala01,936,1790177637138,0,0,OCUPADO,1,28,55,120,1,1
1790177639138,sala01,937,1790177639138,0,0,OCUPADO,1,28,55,120,1,1
1790177641138,sala01,938,1790177641138,0,0,OCUPADO,1,28,55,120,1,1
1790177643138,sala01,939,1790177643138,0,0,OCUPADO,0,28,55,120,1,1
1790177645138,sala01,940,1790177645138,0,0,OCUPADO,1,28,55,120,1,1
1790177647138,sala01,941,1790177647138,0,0,OCUPADO,1,28,55,120,1,1
1790177649138,sala01,942,1790177649138,0,0,OCUPADO,1,28,55,120,1,1
1790177651138,sala01,943,1790177651138,0,0,OCUPADO,0,28,55,120,1,1
1790177653138,sala01,944,1790177653138,0,0,OCUPADO,1,28,55,120,1,1
1790177655138,sala01,945,1790177655138,0,0,OCUPADO,1,28,55,120,1,1
1790177657138,sala01,946,1790177657138,0,0,OCUPADO,1,28,55,120,1,1
1790177659138,sala01,947,1790177659138,0,0,OCUPADO,0,28,55,120,1,1
1790177661138,sala01,948,1790177661138,0,0,OCUPADO,1,28,55,120,1,1
1790177663138,sala01,949,1790177663138,0,0,OCUPADO,1,28,55,120,1,1
1790177665138,sala01,950,1790177665138,0,0,OCUPADO,1,28,55,120,1,1
1790177667138,sala01,951,1790177667138,0,0,OCUPADO,0,28,55,120,1,1
1790177669138,sala01,952,1790177669138,0,0,OCUPADO,1,28,55,120,1,1
1790177671138,sala01,953,1790177671138,0,0,OCUPADO,1,28,55,120,1,1
1790177673138,sala01,954,1790177673138,0,0,OCUPADO,1,28,55,120,1,1
1790177675138,sala01,955,1790177675138,0,0,OCUPADO,0,28,55,120,1,1
1790177677138,sala01,956,1790177677138,0,0,OCUPADO,1,28,55,120,1,1
1790177679138,sala01,957,1790177679138,0,0,OCUPADO,1,28,55,120,1,1
1790177681138,sala01,958,1790177681138,0,0,OCUPADO,1,28,55,120,1,1
1790177683138,sala01,959,1790177683138,0,0,OCUPADO,0,28,55,120,1,1
1790177685138,sala01,960,1790177685138,0,0,OCUPADO,1,28,55,120,1,1
1790177687138,sala01,961,1790177687138,0,0,OCUPADO,1,28,55,120,1,1
1790177689138,sala01,962,1790177689138,0,0,OCUPADO,1,28,55,120,1,1
1790177691138,sala01,963,1790177691138,0,0,OCUPADO,0,28,55,120,1,1
1790177693138,sala01,964,1790177693138,0,0,OCUPADO,1,28,55,120,1,1
1790177695138,sala01,965,1790177695138,0,0,OCUPADO,1,28,55,120,1,1
1790177697138,sala01,966,1790177697138,0,0,OCUPADO,1,28,55,120,1,1
1790177699138,sala01,967,1790177699138,0,0,OCUPADO,0,28,55,120,1,1
1790177701138,sala01,968,1790177701138,0,0,OCUPADO,1,28,55,120,1,1
1790177703138,sala01,969,1790177703138,0,0,OCUPADO,1,28,55,120,1,1
1790177705138,sala01,970,1790177705138,0,0,OCUPADO,1,28,55,120,1,1
1790177707138,sala01,971,1790177707138,0,0,OCUPADO,0,28,55,120,1,1
1790177709138,sala01,972,1790177709138,0,0,OCUPADO,1,28,55,120,1,1
1790177711138,sala01,973,1790177711138,0,0,OCUPADO,1,28,55,120,1,1
1790177713138,sala01,974,1790177713138,0,0,OCUPADO,1,28,55,120,1,1
1790177715138,sala01,975,1790177715138,0,0,OCUPADO,0,28,55,120,1,1
1790177717138,sala01,976,1790177717138,0,0,OCUPADO,1,28,55,120,1,1
1790177719138,sala01,977,1790177719138,0,0,OCUPADO,1,28,55,120,1,1
1790177721138,sala01,978,1790177721138,0,0,OCUPADO,1,28,55,120,1,1
1790177723138,sala01,979,1790177723138,0,0,OCUPADO,0,28,55,120,1,1
1790177725138,sala01,980,1790177725138,0,0,OCUPADO,1,28,55,120,1,1
1790177727138,sala01,981,1790177727138,0,0,OCUPADO,1,28,55,120,1,1
1790177729138,sala01,982,1790177729138,0,0,OCUPADO,1,28,55,120,1,1
1790177731138,sala01,983,1790177731138,0,0,OCUPADO,0,28,55,120,1,1
1790177733138,sala01,984,1790177733138,0,0,OCUPADO,1,28,55,120,1,1
1790177735138,sala01,985,1790177735138,0,0,OCUPADO,1,28,55,120,1,1
1790177737138,sala01,986,1790177737138,0,0,OCUPADO,1,28,55,120,1,1
1790177739138,sala01,987,1790177739138,0,0,OCUPADO,0,28,55,120,1,1
1790177741138,sala01,988,1790177741138,0,0,OCUPADO,1,28,55,120,1,1
1790177743138,sala01,989,1790177743138,0,0,OCUPADO,1,28,55,120,1,1
1790177745138,sala01,990,1790177745138,0,0,OCUPADO,1,28,55,120,1,1
1790177747138,sala01,991,1790177747138,0,0,OCUPADO,0,28,55,120,1,1
1790177749138,sala01,992,1790177749138,0,0,OCUPADO,1,28,55,120,1,1
1790177751138,sala01,993,1790177751138,0,0,OCUPADO,1,28,55,120,1,1
1790177753138,sala01,994,1790177753138,0,0,OCUPADO,1,28,55,120,1,1
1790177755138,sala01,995,1790177755138,0,0,OCUPADO,0,28,55,120,1,1
1790177757138,sala01,996,1790177757138,0,0,OCUPADO,1,28,55,120,1,1
1790177759138,sala01,997,1790177759138,0,0,OCUPADO,1,28,55,120,1,1
1790177761138,sala01,998,1790177761138,0,0,OCUPADO,1,28,55,120,1,1
1790177763138,sala01,999,1790177763138,0,0,OCUPADO,0,28,55,120,1,1
1790177765138,sala01,1000,1790177765138,0,0,OCUPADO,1,28,55,120,1,1
1790177767138,sala01,1001,1790177767138,0,0,OCUPADO,1,28,55,120,1,1
1790177769138,sala01,1002,1790177769138,0,0,OCUPADO,1,28,55,120,1,1
1790177771138,sala01,1003,1790177771138,0,0,OCUPADO,0,28,55,120,1,1
1790177773138,sala01,1004,1790177773138,0,0,OCUPADO,1,28,55,120,1,1
1790177775138,sala01,1005,1790177775138,0,0,OCUPADO,1,28,55,120,1,1
1790177777138,sala01,1006,1790177777138,0,0,OCUPADO,1,28,55,120,1,1
1790177779138,sala01,1007,1790177779138,0,0,OCUPADO,0,28,55,120,1,1
1790177781138,sala01,1008,1790177781138,0,0,OCUPADO,1,28,55,120,1,1
1790177783138,sala01,1009,1790177783138,0,0,OCUPADO,1,28,55,120,1,1
1790177785138,sala01,1010,1790177785138,0,0,OCUPADO,1,28,55,120,1,1
1790177787138,sala01,1011,1790177787138,0,0,OCUPADO,0,28,55,120,1,1
1790177789138,sala01,1012,1790177789138,0,0,OCUPADO,1,28,55,120,1,1
1790177791138,sala01,1013,1790177791138,0,0,OCUPADO,1,28,55,120,1,1
1790177793138,sala01,1014,1790177793138,0,0,OCUPADO,1,28,55,120,1,1
1790177795138,sala01,1015,1790177795138,0,0,OCUPADO,0,28,55,120,1,1
1790177797138,sala01,1016,1790177797138,0,0,OCUPADO,1,28,55,120,1,1
1790177799138,sala01,1017,1790177799138,0,0,OCUPADO,1,28,55,120,1,1
1790177801138,sala01,1018,1790177801138,0,0,OCUPADO,1,28,55,120,1,1
1790177803138,sala01,1019,1790177803138,0,0,OCUPADO,0,28,55,120,1,1
1790177805138,sala01,1020,1790177805138,0,0,OCUPADO,1,28,55,120,1,1
1790177807138,sala01,1021,1790177807138,0,0,OCUPADO,1,28,55,120,1,1
1790177809138,sala01,1022,1790177809138,0,0,OCUPADO,1,28,55,120,1,1
1790177811138,sala01,1023,1790177811138,0,0,OCUPADO,0,28,55,120,1,1
1790177813138,sala01,1024,1790177813138,0,0,OCUPADO,1,28,55,120,1,1
1790177815138,sala01,1025,1790177815138,0,0,OCUPADO,1,28,55,120,1,1
1790177817138,sala01,1026,1790177817138,0,0,OCUPADO,1,28,55,120,1,1
1790177819138,sala01,1027,1790177819138,0,0,OCUPADO,0,28,55,120,1,1
1790177821138,sala01,1028,1790177821138,0,0,OCUPADO,1,28,55,120,1,1
1790177823138,sala01,1029,1790177823138,0,0,OCUPADO,1,28,55,120,1,1
1790177825138,sala01,1030,1790177825138,0,0,OCUPADO,1,28,55,120,1,1
1790177827138,sala01,1031,1790177827138,0,0,OCUPADO,0,28,55,120,1,1
1790177829138,sala01,1032,1790177829138,0,0,OCUPADO,1,28,55,120,1,1
1790177831138,sala01,1033,1790177831138,0,0,OCUPADO,1,28,55,120,1,1
1790177833138,sala01,1034,1790177833138,0,0,OCUPADO,1,28,55,120,1,1
1790177835138,sala01,1035,1790177835138,0,0,OCUPADO,0,28,55,120,1,1
1790177837138,sala01,1036,1790177837138,0,0,OCUPADO,1,28,55,120,1,1
1790177839138,sala01,1037,1790177839138,0,0,OCUPADO,1,28,55,120,1,1
1790177841138,sala01,1038,1790177841138,0,0,OCUPADO,1,28,55,120,1,1
1790177843138,sala01,1039,1790177843138,0,0,OCUPADO,0,28,55,120,1,1
1790177845138,sala01,1040,1790177845138,0,0,OCUPADO,1,28,55,120,1,1
1790177847138,sala01,1041,1790177847138,0,0,OCUPADO,1,28,55,120,1,1
1790177849138,sala01,1042,1790177849138,0,0,OCUPADO,1,28,55,120,1,1
1790177851138,sala01,1043,1790177851138,0,0,OCUPADO,0,28,55,120,1,1
1790177853138,sala01,1044,1790177853138,0,0,OCUPADO,1,28,55,120,1,1
1790177855138,sala01,1045,1790177855138,0,0,OCUPADO,1,28,55,120,1,1
1790177857138,sala01,1046,1790177857138,0,0,OCUPADO,1,28,55,120,1,1
1790177859138,sala01,1047,1790177859138,0,0,OCUPADO,0,28,55,120,1,1
1790177861138,sala01,1048,1790177861138,0,0,OCUPADO,1,28,55,120,1,1
1790177863138,sala01,1049,1790177863138,0,0,OCUPADO,1,28,55,120,1,1
1790177865138,sala01,1050,1790177865138,0,0,OCUPADO,1,28,55,120,1,1
1790177867138,sala01,1051,1790177867138,0,0,OCUPADO,0,28,55,120,1,1
1790177869138,sala01,1052,1790177869138,0,0,OCUPADO,1,28,55,120,1,1
1790177871138,sala01,1053,1790177871138,0,0,OCUPADO,1,28,55,120,1,1
1790177873138,sala01,1054,1790177873138,0,0,OCUPADO,1,28,55,120,1,1
1790177875138,sala01,1055,1790177875138,0,0,OCUPADO,0,28,55,120,1,1
1790177877138,sala01,1056,1790177877138,0,0,OCUPADO,1,28,55,120,1,1
1790177879138,sala01,1057,1790177879138,0,0,OCUPADO,1,28,55,120,1,1
1790177881138,sala01,1058,1790177881138,0,0,OCUPADO,1,28,55,120,1,1
1790177883138,sala01,1059,1790177883138,0,0,OCUPADO,0,28,55,120,1,1
1790177885138,sala01,1060,1790177885138,0,0,OCUPADO,1,28,55,120,1,1
1790177887138,sala01,1061,1790177887138,0,0,OCUPADO,1,28,55,120,1,1
1790177889138,sala01,1062,1790177889138,0,0,OCUPADO,1,28,55,120,1,1
1790177891138,sala01,1063,1790177891138,0,0,OCUPADO,0,28,55,120,1,1
1790177893138,sala01,1064,1790177893138,0,0,OCUPADO,1,28,55,120,1,1
1790177895138,sala01,1065,1790177895138,0,0,OCUPADO,1,28,55,120,1,1
1790177897138,sala01,1066,1790177897138,0,0,OCUPADO,1,28,55,120,1,1
1790177899138,sala01,1067,1790177899138,0,0,OCUPADO,0,28,55,120,1,1
1790177901138,sala01,1068,1790177901138,0,0,OCUPADO,1,28,55,120,1,1
1790177903138,sala01,1069,1790177903138,0,0,OCUPADO,1,28,55,120,1,1
1790177905138,sala01,1070,1790177905138,0,0,OCUPADO,1,28,55,120,1,1
1790177907138,sala01,1071,1790177907138,0,0,OCUPADO,0,28,55,120,1,1
1790177909138,sala01,1072,1790177909138,0,0,OCUPADO,1,28,55,120,1,1
1790177911138,sala01,1073,1790177911138,0,0,OCUPADO,1,28,55,120,1,1
1790177913138,sala01,1074,1790177913138,0,0,OCUPADO,1,28,55,120,1,1
1790177915138,sala01,1075,1790177915138,0,0,OCUPADO,0,28,55,120,1,1
1790177917138,sala01,1076,1790177917138,0,0,OCUPADO,1,28,55,120,1,1
1790177919138,sala01,1077,1790177919138,0,0,OCUPADO,1,28,55,120,1,1
1790177921138,sala01,1078,1790177921138,0,0,OCUPADO,1,28,55,120,1,1
1790177923138,sala01,1079,1790177923138,0,0,OCUPADO,0,28,55,120,1,1
1790177925138,sala01,1080,1790177925138,0,0,OCUPADO,1,28,55,120,1,1
1790177927138,sala01,1081,1790177927138,0,0,OCUPADO,1,28,55,120,1,1
1790177929138,sala01,1082,1790177929138,0,0,OCUPADO,1,28,55,120,1,1
1790177931138,sala01,1083,1790177931138,0,0,OCUPADO,0,28,55,120,1,1
1790177933138,sala01,1084,1790177933138,0,0,OCUPADO,1,28,55,120,1,1
1790177935138,sala01,1085,1790177935138,0,0,OCUPADO,1,28,55,120,1,1
1790177937138,sala01,1086,1790177937138,0,0,OCUPADO,1,28,55,120,1,1
1790177939138,sala01,1087,1790177939138,0,0,OCUPADO,0,28,55,120,1,1
1790177941138,sala01,1088,1790177941138,0,0,OCUPADO,1,28,55,120,1,1
1790177943138,sala01,1089,1790177943138,0,0,OCUPADO,1,28,55,120,1,1
1790177945138,sala01,1090,1790177945138,0,0,OCUPADO,1,28,55,120,1,1
1790177947138,sala01,1091,1790177947138,0,0,OCUPADO,0,28,55,120,1,1
1790177949138,sala01,1092,1790177949138,0,0,OCUPADO,1,28,55,120,1,1
1790177951138,sala01,1093,1790177951138,0,0,OCUPADO,1,28,55,120,1,1
1790177953138,sala01,1094,1790177953138,0,0,OCUPADO,1,28,55,120,1,1
1790177955138,sala01,1095,1790177955138,0,0,OCUPADO,0,28,55,120,1,1
1790177957138,sala01,1096,1790177957138,0,0,OCUPADO,1,28,55,120,1,1
1790177959138,sala01,1097,1790177959138,0,0,OCUPADO,1,28,55,120,1,1
1790177961138,sala01,1098,1790177961138,0,0,OCUPADO,1,28,55,120,1,1
1790177963138,sala01,1099,1790177963138,0,0,OCUPADO,0,28,55,120,1,1
1790177965138,sala01,1100,1790177965138,0,0,OCUPADO,1,28,55,120,1,1
1790177967138,sala01,1101,1790177967138,0,0,OCUPADO,1,28,55,120,1,1
1790177969138,sala01,1102,1790177969138,0,0,OCUPADO,1,28,55,120,1,1
1790177971138,sala01,1103,1790177971138,0,0,OCUPADO,0,28,55,120,1,1
1790177973138,sala01,1104,1790177973138,0,0,OCUPADO,1,28,55,120,1,1
1790177975138,sala01,1105,1790177975138,0,0,OCUPADO,1,28,55,120,1,1
1790177977138,sala01,1106,1790177977138,0,0,OCUPADO,1,28,55,120,1,1
1790177979138,sala01,1107,1790177979138,0,0,OCUPADO,0,28,55,120,1,1
1790177981138,sala01,1108,1790177981138,0,0,OCUPADO,1,28,55,120,1,1
1790177983138,sala01,1109,1790177983138,0,0,OCUPADO,1,28,55,120,1,1
1790177985138,sala01,1110,1790177985138,0,0,OCUPADO,1,28,55,120,1,1
1790177987138,sala01,1111,1790177987138,0,0,OCUPADO,0,28,55,120,1,1
1790177989138,sala01,1112,1790177989138,0,0,OCUPADO,1,28,55,120,1,1
1790177991138,sala01,1113,1790177991138,0,0,OCUPADO,1,28,55,120,1,1
1790177993138,sala01,1114,1790177993138,0,0,OCUPADO,1,28,55,120,1,1
1790177995138,sala01,1115,1790177995138,0,0,OCUPADO,0,28,55,120,1,1
1790177997138,sala01,1116,1790177997138,0,0,OCUPADO,1,28,55,120,1,1
1790177999138,sala01,1117,1790177999138,0,0,OCUPADO,1,28,55,120,1,1
1790178001138,sala01,1118,1790178001138,0,0,OCUPADO,1,28,55,120,1,1
1790178003138,sala01,1119,1790178003138,0,0,OCUPADO,0,28,55,120,1,1
1790178005138,sala01,1120,1790178005138,0,0,OCUPADO,1,28,55,120,1,1
1790178007138,sala01,1121,1790178007138,0,0,OCUPADO,1,28,55,120,1,1
1790178009138,sala01,1122,1790178009138,0,0,OCUPADO,1,28,55,120,1,1
1790178011138,sala01,1123,1790178011138,0,0,OCUPADO,0,28,55,120,1,1
1790178013138,sala01,1124,1790178013138,0,0,OCUPADO,1,28,55,120,1,1
1790178015138,sala01,1125,1790178015138,0,0,OCUPADO,1,28,55,120,1,1
1790178017138,sala01,1126,1790178017138,0,0,OCUPADO,1,28,55,120,1,1
1790178019138,sala01,1127,1790178019138,0,0,OCUPADO,0,28,55,120,1,1
1790178021138,sala01,1128,1790178021138,0,0,OCUPADO,1,28,55,120,1,1
1790178023138,sala01,1129,1790178023138,0,0,OCUPADO,1,28,55,120,1,1
1790178025138,sala01,1130,1790178025138,0,0,OCUPADO,1,28,55,120,1,1
1790178027138,sala01,1131,1790178027138,0,0,OCUPADO,0,28,55,120,1,1
1790178029138,sala01,1132,1790178029138,0,0,OCUPADO,1,28,55,120,1,1
1790178031138,sala01,1133,1790178031138,0,0,OCUPADO,1,28,55,120,1,1
1790178033138,sala01,1134,1790178033138,0,0,OCUPADO,1,28,55,120,1,1
1790178035138,sala01,1135,1790178035138,0,0,OCUPADO,0,28,55,120,1,1
1790178037138,sala01,1136,1790178037138,0,0,OCUPADO,1,28,55,120,1,1
1790178039138,sala01,1137,1790178039138,0,0,OCUPADO,1,28,55,120,1,1
1790178041138,sala01,1138,1790178041138,0,0,OCUPADO,1,28,55,120,1,1
1790178043138,sala01,1139,1790178043138,0,0,OCUPADO,0,28,55,120,1,1
1790178045138,sala01,1140,1790178045138,0,0,OCUPADO,1,28,55,120,1,1
1790178047138,sala01,1141,1790178047138,0,0,OCUPADO,1,28,55,120,1,1
1790178049138,sala01,1142,1790178049138,0,0,OCUPADO,1,28,55,120,1,1
1790178051138,sala01,1143,1790178051138,0,0,OCUPADO,0,28,55,120,1,1
1790178053138,sala01,1144,1790178053138,0,0,OCUPADO,1,28,55,120,1,1
1790178055138,sala01,1145,1790178055138,0,0,OCUPADO,1,28,55,120,1,1
1790178057138,sala01,1146,1790178057138,0,0,OCUPADO,1,28,55,120,1,1
1790178059138,sala01,1147,1790178059138,0,0,OCUPADO,0,28,55,120,1,1
1790178061138,sala01,1148,1790178061138,0,0,OCUPADO,1,28,55,120,1,1
1790178063138,sala01,1149,1790178063138,0,0,OCUPADO,1,28,55,120,1,1
1790178065138,sala01,1150,1790178065138,0,0,OCUPADO,1,28,55,120,1,1
1790178067138,sala01,1151,1790178067138,0,0,OCUPADO,0,28,55,120,1,1
1790178069138,sala01,1152,1790178069138,0,0,OCUPADO,1,28,55,120,1,1
1790178071138,sala01,1153,1790178071138,0,0,OCUPADO,1,28,55,120,1,1
1790178073138,sala01,1154,1790178073138,0,0,OCUPADO,1,28,55,120,1,1
1790178075138,sala01,1155,1790178075138,0,0,OCUPADO,0,28,55,120,1,1
1790178077138,sala01,1156,1790178077138,0,0,OCUPADO,1,28,55,120,1,1
1790178079138,sala01,1157,1790178079138,0,0,OCUPADO,1,28,55,120,1,1
1790178081138,sala01,1158,1790178081138,0,0,OCUPADO,1,28,55,120,1,1
1790178083138,sala01,1159,1790178083138,0,0,OCUPADO,0,28,55,120,1,1
1790178085138,sala01,1160,1790178085138,0,0,OCUPADO,1,28,55,120,1,1
1790178087138,sala01,1161,1790178087138,0,0,OCUPADO,1,28,55,120,1,1
1790178089138,sala01,1162,1790178089138,0,0,OCUPADO,1,28,55,120,1,1
1790178091138,sala01,1163,1790178091138,0,0,OCUPADO,0,28,55,120,1,1
1790178093138,sala01,1164,1790178093138,0,0,OCUPADO,1,28,55,120,1,1
1790178095138,sala01,1165,1790178095138,0,0,OCUPADO,1,28,55,120,1,1
1790178097138,sala01,1166,1790178097138,0,0,OCUPADO,1,28,55,120,1,1
1790178099138,sala01,1167,1790178099138,0,0,OCUPADO,0,28,55,120,1,1
1790178101138,sala01,1168,1790178101138,0,0,OCUPADO,1,28,55,120,1,1
1790178103138,sala01,1169,1790178103138,0,0,OCUPADO,1,28,55,120,1,1
1790178105138,sala01,1170,1790178105138,0,0,OCUPADO,1,28,55,120,1,1
1790178107138,sala01,1171,1790178107138,0,0,OCUPADO,0,28,55,120,1,1
1790178109138,sala01,1172,1790178109138,0,0,OCUPADO,1,28,55,120,1,1
1790178111138,sala01,1173,1790178111138,0,0,OCUPADO,1,28,55,120,1,1
1790178113138,sala01,1174,1790178113138,0,0,OCUPADO,1,28,55,120,1,1
1790178115138,sala01,1175,1790178115138,0,0,OCUPADO,0,28,55,120,1,1
1790178117138,sala01,1176,1790178117138,0,0,OCUPADO,1,28,55,120,1,1
1790178119138,sala01,1177,1790178119138,0,0,OCUPADO,1,28,55,120,1,1
1790178121138,sala01,1178,1790178121138,0,0,OCUPADO,1,28,55,120,1,1
1790178123138,sala01,1179,1790178123138,0,0,OCUPADO,0,28,55,120,1,1
1790178125138,sala01,1180,1790178125138,0,0,OCUPADO,1,28,55,120,1,1
1790178127138,sala01,1181,1790178127138,0,0,OCUPADO,1,28,55,120,1,1
1790178129138,sala01,1182,1790178129138,0,0,OCUPADO,1,28,55,120,1,1
1790178131138,sala01,1183,1790178131138,0,0,OCUPADO,0,28,55,120,1,1
1790178133138,sala01,1184,1790178133138,0,0,OCUPADO,1,28,55,120,1,1
1790178135138,sala01,1185,1790178135138,0,0,OCUPADO,1,28,55,120,1,1
1790178137138,sala01,1186,1790178137138,0,0,OCUPADO,1,28,55,120,1,1
1790178139138,sala01,1187,1790178139138,0,0,OCUPADO,0,28,55,120,1,1
1790178141138,sala01,1188,1790178141138,0,0,OCUPADO,1,28,55,120,1,1
1790178143138,sala01,1189,1790178143138,0,0,OCUPADO,1,28,55,120,1,1
1790178145138,sala01,1190,1790178145138,0,0,OCUPADO,1,28,55,120,1,1
1790178147138,sala01,1191,1790178147138,0,0,OCUPADO,0,28,55,120,1,1
1790178149138,sala01,1192,1790178149138,0,0,OCUPADO,1,28,55,120,1,1
1790178151138,sala01,1193,1790178151138,0,0,OCUPADO,1,28,55,120,1,1
1790178153138,sala01,1194,1790178153138,0,0,OCUPADO,1,28,55,120,1,1
1790178155138,sala01,1195,1790178155138,0,0,OCUPADO,0,28,55,120,1,1
1790178157138,sala01,1196,1790178157138,0,0,OCUPADO,1,28,55,120,1,1
1790178159138,sala01,1197,1790178159138,0,0,OCUPADO,1,28,55,120,1,1
1790178161138,sala01,1198,1790178161138,0,0,OCUPADO,1,28,55,120,1,1
1790178163138,sala01,1199,1790178163138,0,0,OCUPADO,0,28,55,120,1,1
1790178165138,sala01,1200,1790178165138,0,0,OCUPADO,1,28,55,120,1,1
1790178167138,sala01,1201,1790178167138,0,0,OCUPADO,1,28,55,120,1,1
1790178169138,sala01,1202,1790178169138,0,0,OCUPADO,1,28,55,120,1,1
1790178171138,sala01,1203,1790178171138,0,0,OCUPADO,0,28,55,120,1,1
1790178173138,sala01,1204,1790178173138,0,0,OCUPADO,1,28,55,120,1,1
1790178175138,sala01,1205,1790178175138,0,0,OCUPADO,1,28,55,120,1,1
1790178177138,sala01,1206,1790178177138,0,0,OCUPADO,1,28,55,120,1,1
1790178179138,sala01,1207,1790178179138,0,0,OCUPADO,0,28,55,120,1,1
1790178181138,sala01,1208,1790178181138,0,0,OCUPADO,1,28,55,120,1,1
1790178183138,sala01,1209,1790178183138,0,0,OCUPADO,1,28,55,120,1,1
1790178185138,sala01,1210,1790178185138,0,0,OCUPADO,1,28,55,120,1,1
1790178187138,sala01,1211,1790178187138,0,0,OCUPADO,0,28,55,120,1,1
1790178189138,sala01,1212,1790178189138,0,0,OCUPADO,1,28,55,120,1,1
1790178191138,sala01,1213,1790178191138,0,0,OCUPADO,1,28,55,120,1,1
1790178193138,sala01,1214,1790178193138,0,0,OCUPADO,1,28,55,120,1,1
1790178195138,sala01,1215,1790178195138,0,0,OCUPADO,0,28,55,120,1,1
1790178197138,sala01,1216,1790178197138,0,0,OCUPADO,1,28,55,120,1,1
1790178199138,sala01,1217,1790178199138,0,0,OCUPADO,1,28,55,120,1,1
1790178201138,sala01,1218,1790178201138,0,0,OCUPADO,1,28,55,120,1,1
1790178203138,sala01,1219,1790178203138,0,0,OCUPADO,0,28,55,120,1,1
1790178205138,sala01,1220,1790178205138,0,0,OCUPADO,1,28,55,120,1,1
1790178207138,sala01,1221,1790178207138,0,0,OCUPADO,1,28,55,120,1,1
1790178209138,sala01,1222,1790178209138,0,0,OCUPADO,1,28,55,120,1,1
1790178211138,sala01,1223,1790178211138,0,0,OCUPADO,0,28,55,120,1,1
1790178213138,sala01,1224,1790178213138,0,0,OCUPADO,1,28,55,120,1,1
1790178215138,sala01,1225,1790178215138,0,0,OCUPADO,1,28,55,120,1,1
1790178217138,sala01,1226,1790178217138,0,0,OCUPADO,1,28,55,120,1,1
1790178219138,sala01,1227,1790178219138,0,0,OCUPADO,0,28,55,120,1,1
1790178221138,sala01,1228,1790178221138,0,0,OCUPADO,1,28,55,120,1,1
1790178223138,sala01,1229,1790178223138,0,0,OCUPADO,1,28,55,120,1,1
1790178225138,sala01,1230,1790178225138,0,0,OCUPADO,1,28,55,120,1,1
1790178227138,sala01,1231,1790178227138,0,0,OCUPADO,0,28,55,120,1,1
1790178229138,sala01,1232,1790178229138,0,0,OCUPADO,1,28,55,120,1,1
1790178231138,sala01,1233,1790178231138,0,0,OCUPADO,1,28,55,120,1,1
1790178233138,sala01,1234,1790178233138,0,0,OCUPADO,1,28,55,120,1,1
1790178235138,sala01,1235,1790178235138,0,0,OCUPADO,0,28,55,120,1,1
1790178237138,sala01,1236,1790178237138,0,0,OCUPADO,1,28,55,120,1,1
1790178239138,sala01,1237,1790178239138,0,0,OCUPADO,1,28,55,120,1,1
1790178241138,sala01,1238,1790178241138,0,0,OCUPADO,1,28,55,120,1,1
1790178243138,sala01,1239,1790178243138,0,0,OCUPADO,0,28,55,120,1,1
1790178245138,sala01,1240,1790178245138,0,0,OCUPADO,1,28,55,120,1,1
1790178247138,sala01,1241,1790178247138,0,0,OCUPADO,1,28,55,120,1,1
1790178249138,sala01,1242,1790178249138,0,0,OCUPADO,1,28,55,120,1,1
1790178251138,sala01,1243,1790178251138,0,0,OCUPADO,0,28,55,120,1,1
1790178253138,sala01,1244,1790178253138,0,0,OCUPADO,1,28,55,120,1,1
1790178255138,sala01,1245,1790178255138,0,0,OCUPADO,1,28,55,120,1,1
1790178257138,sala01,1246,1790178257138,0,0,OCUPADO,1,28,55,120,1,1
1790178259138,sala01,1247,1790178259138,0,0,OCUPADO,0,28,55,120,1,1
1790178261138,sala01,1248,1790178261138,0,0,OCUPADO,1,28,55,120,1,1
1790178263138,sala01,1249,1790178263138,0,0,OCUPADO,1,28,55,120,1,1
1790178265138,sala01,1250,1790178265138,0,0,OCUPADO,1,28,55,120,1,1
1790178267138,sala01,1251,1790178267138,0,0,OCUPADO,0,28,55,120,1,1
1790178269138,sala01,1252,1790178269138,0,0,OCUPADO,1,28,55,120,1,1
1790178271138,sala01,1253,1790178271138,0,0,OCUPADO,1,28,55,120,1,1
1790178273138,sala01,1254,1790178273138,0,0,OCUPADO,1,28,55,120,1,1
1790178275138,sala01,1255,1790178275138,0,0,OCUPADO,0,28,55,120,1,1
1790178277138,sala01,1256,1790178277138,0,0,OCUPADO,1,28,55,120,1,1
1790178279138,sala01,1257,1790178279138,0,0,OCUPADO,1,28,55,120,1,1
1790178281138,sala01,1258,1790178281138,0,0,OCUPADO,1,28,55,120,1,1
1790178283138,sala01,1259,1790178283138,0,0,OCUPADO,0,28,55,120,1,1
1790178285138,sala01,1260,1790178285138,0,0,OCUPADO,1,28,55,120,1,1
1790178287138,sala01,1261,1790178287138,0,0,OCUPADO,1,28,55,120,1,1
1790178289138,sala01,1262,1790178289138,0,0,OCUPADO,1,28,55,120,1,1
1790178291138,sala01,1263,1790178291138,0,0,OCUPADO,0,28,55,120,1,1
1790178293138,sala01,1264,1790178293138,0,0,OCUPADO,1,28,55,120,1,1
1790178295138,sala01,1265,1790178295138,0,0,OCUPADO,1,28,55,120,1,1
1790178297138,sala01,1266,1790178297138,0,0,OCUPADO,1,28,55,120,1,1
1790178299138,sala01,1267,1790178299138,0,0,OCUPADO,0,28,55,120,1,1
1790178301138,sala01,1268,1790178301138,0,0,OCUPADO,1,28,55,120,1,1
1790178303138,sala01,1269,1790178303138,0,0,OCUPADO,1,28,55,120,1,1
1790178305138,sala01,1270,1790178305138,0,0,OCUPADO,1,28,55,120,1,1
1790178307138,sala01,1271,1790178307138,0,0,OCUPADO,0,28,55,120,1,1
1790178309138,sala01,1272,1790178309138,0,0,OCUPADO,1,28,55,120,1,1
1790178311138,sala01,1273,1790178311138,0,0,OCUPADO,1,28,55,120,1,1
1790178313138,sala01,1274,1790178313138,0,0,OCUPADO,1,28,55,120,1,1
1790178315138,sala01,1275,1790178315138,0,0,OCUPADO,0,28,55,120,1,1
1790178317138,sala01,1276,1790178317138,0,0,OCUPADO,1,28,55,120,1,1
1790178319138,sala01,1277,1790178319138,0,0,OCUPADO,1,28,55,120,1,1
1790178321138,sala01,1278,1790178321138,0,0,OCUPADO,1,28,55,120,1,1
1790178323138,sala01,1279,1790178323138,0,0,OCUPADO,0,28,55,120,1,1
1790178325138,sala01,1280,1790178325138,0,0,OCUPADO,1,28,55,120,1,1
1790178327138,sala01,1281,1790178327138,0,0,OCUPADO,1,28,55,120,1,1
1790178329138,sala01,1282,1790178329138,0,0,OCUPADO,1,28,55,120,1,1
1790178331138,sala01,1283,1790178331138,0,0,OCUPADO,0,28,55,120,1,1
1790178333138,sala01,1284,1790178333138,0,0,OCUPADO,1,28,55,120,1,1
1790178335138,sala01,1285,1790178335138,0,0,OCUPADO,1,28,55,120,1,1
1790178337138,sala01,1286,1790178337138,0,0,OCUPADO,1,28,55,120,1,1
1790178339138,sala01,1287,1790178339138,0,0,OCUPADO,0,28,55,120,1,1
1790178341138,sala01,1288,1790178341138,0,0,OCUPADO,1,28,55,120,1,1
1790178343138,sala01,1289,1790178343138,0,0,OCUPADO,1,28,55,120,1,1
1790178345138,sala01,1290,1790178345138,0,0,OCUPADO,1,28,55,120,1,1
1790178347138,sala01,1291,1790178347138,0,0,OCUPADO,0,28,55,120,1,1
1790178349138,sala01,1292,1790178349138,0,0,OCUPADO,1,28,55,120,1,1
1790178351138,sala01,1293,1790178351138,0,0,OCUPADO,1,28,55,120,1,1
1790178353138,sala01,1294,1790178353138,0,0,OCUPADO,1,28,55,120,1,1
1790178355138,sala01,1295,1790178355138,0,0,OCUPADO,0,28,55,120,1,1
1790178357138,sala01,1296,1790178357138,0,0,OCUPADO,1,28,55,120,1,1
1790178359138,sala01,1297,1790178359138,0,0,OCUPADO,1,28,55,120,1,1
1790178361138,sala01,1298,1790178361138,0,0,OCUPADO,1,28,55,120,1,1
1790178363138,sala01,1299,1790178363138,0,0,OCUPADO,0,28,55,120,1,1
1790178365138,sala01,1300,1790178365138,0,0,OCUPADO,1,28,55,120,1,1
1790178367138,sala01,1301,1790178367138,0,0,OCUPADO,1,28,55,120,1,1
1790178369138,sala01,1302,1790178369138,0,0,OCUPADO,1,28,55,120,1,1
1790178371138,sala01,1303,1790178371138,0,0,OCUPADO,0,28,55,120,1,1
1790178373138,sala01,1304,1790178373138,0,0,OCUPADO,1,28,55,120,1,1
1790178375138,sala01,1305,1790178375138,0,0,OCUPADO,1,28,55,120,1,1
1790178377138,sala01,1306,1790178377138,0,0,OCUPADO,1,28,55,120,1,1
1790178379138,sala01,1307,1790178379138,0,0,OCUPADO,0,28,55,120,1,1
1790178381138,sala01,1308,1790178381138,0,0,OCUPADO,1,28,55,120,1,1
1790178383138,sala01,1309,1790178383138,0,0,OCUPADO,1,28,55,120,1,1
1790178385138,sala01,1310,1790178385138,0,0,OCUPADO,1,28,55,120,1,1
1790178387138,sala01,1311,1790178387138,0,0,OCUPADO,0,28,55,120,1,1
1790178389138,sala01,1312,1790178389138,0,0,OCUPADO,1,28,55,120,1,1
1790178391138,sala01,1313,1790178391138,0,0,OCUPADO,1,28,55,120,1,1
1790178393138,sala01,1314,1790178393138,0,0,OCUPADO,1,28,55,120,1,1
1790178395138,sala01,1315,1790178395138,0,0,OCUPADO,0,28,55,120,1,1
1790178397138,sala01,1316,1790178397138,0,0,OCUPADO,1,28,55,120,1,1
1790178399138,sala01,1317,1790178399138,0,0,OCUPADO,1,28,55,120,1,1
1790178401138,sala01,1318,1790178401138,0,0,OCUPADO,1,28,55,120,1,1
1790178403138,sala01,1319,1790178403138,0,0,OCUPADO,0,28,55,120,1,1
1790178405138,sala01,1320,1790178405138,0,0,OCUPADO,1,28,55,120,1,1
1790178407138,sala01,1321,1790178407138,0,0,OCUPADO,1,28,55,120,1,1
1790178409138,sala01,1322,1790178409138,0,0,OCUPADO,1,28,55,120,1,1
1790178411138,sala01,1323,1790178411138,0,0,OCUPADO,0,28,55,120,1,1
1790178413138,sala01,1324,1790178413138,0,0,OCUPADO,1,28,55,120,1,1
1790178415138,sala01,1325,1790178415138,0,0,OCUPADO,1,28,55,120,1,1
1790178417138,sala01,1326,1790178417138,0,0,OCUPADO,1,28,55,120,1,1
1790178419138,sala01,1327,1790178419138,0,0,OCUPADO,0,28,55,120,1,1
1790178421138,sala01,1328,1790178421138,0,0,OCUPADO,1,28,55,120,1,1
1790178423138,sala01,1329,1790178423138,0,0,OCUPADO,1,28,55,120,1,1
1790178425138,sala01,1330,1790178425138,0,0,OCUPADO,1,28,55,120,1,1
1790178427138,sala01,1331,1790178427138,0,0,OCUPADO,0,28,55,120,1,1
1790178429138,sala01,1332,1790178429138,0,0,OCUPADO,1,28,55,120,1,1
1790178431138,sala01,1333,1790178431138,0,0,OCUPADO,1,28,55,120,1,1
1790178433138,sala01,1334,1790178433138,0,0,OCUPADO,1,28,55,120,1,1
1790178435138,sala01,1335,1790178435138,0,0,OCUPADO,0,28,55,120,1,1
1790178437138,sala01,1336,1790178437138,0,0,OCUPADO,1,28,55,120,1,1
1790178439138,sala01,1337,1790178439138,0,0,OCUPADO,1,28,55,120,1,1
1790178441138,sala01,1338,1790178441138,0,0,OCUPADO,1,28,55,120,1,1
1790178443138,sala01,1339,1790178443138,0,0,OCUPADO,0,28,55,120,1,1
1790178445138,sala01,1340,1790178445138,0,0,OCUPADO,1,28,55,120,1,1
1790178447138,sala01,1341,1790178447138,0,0,OCUPADO,1,28,55,120,1,1
1790178449138,sala01,1342,1790178449138,0,0,OCUPADO,1,28,55,120,1,1
1790178451138,sala01,1343,1790178451138,0,0,OCUPADO,0,28,55,120,1,1
1790178453138,sala01,1344,1790178453138,0,0,OCUPADO,1,28,55,120,1,1
1790178455138,sala01,1345,1790178455138,0,0,OCUPADO,1,28,55,120,1,1
1790178457138,sala01,1346,1790178457138,0,0,OCUPADO,1,28,55,120,1,1
1790178459138,sala01,1347,1790178459138,0,0,OCUPADO,0,28,55,120,1,1
1790178461138,sala01,1348,1790178461138,0,0,OCUPADO,1,28,55,120,1,1
1790178463138,sala01,1349,1790178463138,0,0,OCUPADO,1,28,55,120,1,1
1790178465138,sala01,1350,1790178465138,0,0,OCUPADO,1,28,55,120,1,1
1790178467138,sala01,1351,1790178467138,0,0,OCUPADO,0,28,55,120,1,1
1790178469138,sala01,1352,1790178469138,0,0,OCUPADO,1,28,55,120,1,1
1790178471138,sala01,1353,1790178471138,0,0,OCUPADO,1,28,55,120,1,1
1790178473138,sala01,1354,1790178473138,0,0,OCUPADO,1,28,55,120,1,1
1790178475138,sala01,1355,1790178475138,0,0,OCUPADO,0,28,55,120,1,1
1790178477138,sala01,1356,1790178477138,0,0,OCUPADO,1,28,55,120,1,1
1790178479138,sala01,1357,1790178479138,0,0,OCUPADO,1,28,55,120,1,1
1790178481138,sala01,1358,1790178481138,0,0,OCUPADO,1,28,55,120,1,1
1790178483138,sala01,1359,1790178483138,0,0,OCUPADO,0,28,55,120,1,1
1790178485138,sala01,1360,1790178485138,0,0,OCUPADO,1,28,55,120,1,1
1790178487138,sala01,1361,1790178487138,0,0,OCUPADO,1,28,55,120,1,1
1790178489138,sala01,1362,1790178489138,0,0,OCUPADO,1,28,55,120,1,1
1790178491138,sala01,1363,1790178491138,0,0,OCUPADO,0,28,55,120,1,1
1790178493138,sala01,1364,1790178493138,0,0,OCUPADO,1,28,55,120,1,1
1790178495138,sala01,1365,1790178495138,0,0,OCUPADO,1,28,55,120,1,1
1790178497138,sala01,1366,1790178497138,0,0,OCUPADO,1,28,55,120,1,1
1790178499138,sala01,1367,1790178499138,0,0,OCUPADO,0,28,55,120,1,1
1790178501138,sala01,1368,1790178501138,0,0,OCUPADO,1,28,55,120,1,1
1790178503138,sala01,1369,1790178503138,0,0,OCUPADO,1,28,55,120,1,1
1790178505138,sala01,1370,1790178505138,0,0,OCUPADO,1,28,55,120,1,1
1790178507138,sala01,1371,1790178507138,0,0,OCUPADO,0,28,55,120,1,1
1790178509138,sala01,1372,1790178509138,0,0,OCUPADO,1,28,55,120,1,1
1790178511138,sala01,1373,1790178511138,0,0,OCUPADO,1,28,55,120,1,1
1790178513138,sala01,1374,1790178513138,0,0,OCUPADO,1,28,55,120,1,1
1790178515138,sala01,1375,1790178515138,0,0,OCUPADO,0,28,55,120,1,1
1790178517138,sala01,1376,1790178517138,0,0,OCUPADO,1,28,55,120,1,1
1790178519138,sala01,1377,1790178519138,0,0,OCUPADO,1,28,55,120,1,1
1790178521138,sala01,1378,1790178521138,0,0,OCUPADO,1,28,55,120,1,1
1790178523138,sala01,1379,1790178523138,0,0,OCUPADO,0,28,55,120,1,1
1790178525138,sala01,1380,1790178525138,0,0,OCUPADO,1,28,55,120,1,1
1790178527138,sala01,1381,1790178527138,0,0,OCUPADO,1,28,55,120,1,1
1790178529138,sala01,1382,1790178529138,0,0,OCUPADO,1,28,55,120,1,1
1790178531138,sala01,1383,1790178531138,0,0,OCUPADO,0,28,55,120,1,1
1790178533138,sala01,1384,1790178533138,0,0,OCUPADO,1,28,55,120,1,1
1790178535138,sala01,1385,1790178535138,0,0,OCUPADO,1,28,55,120,1,1
1790178537138,sala01,1386,1790178537138,0,0,OCUPADO,1,28,55,120,1,1
1790178539138,sala01,1387,1790178539138,0,0,OCUPADO,0,28,55,120,1,1
1790178541138,sala01,1388,1790178541138,0,0,OCUPADO,1,28,55,120,1,1
1790178543138,sala01,1389,1790178543138,0,0,OCUPADO,1,28,55,120,1,1
1790178545138,sala01,1390,1790178545138,0,0,OCUPADO,1,28,55,120,1,1
1790178547138,sala01,1391,1790178547138,0,0,OCUPADO,0,28,55,120,1,1
1790178549138,sala01,1392,1790178549138,0,0,OCUPADO,1,28,55,120,1,1
1790178551138,sala01,1393,1790178551138,0,0,OCUPADO,1,28,55,120,1,1
1790178553138,sala01,1394,1790178553138,0,0,OCUPADO,1,28,55,120,1,1
1790178555138,sala01,1395,1790178555138,0,0,OCUPADO,0,28,55,120,1,1
1790178557138,sala01,1396,1790178557138,0,0,OCUPADO,1,28,55,120,1,1
1790178559138,sala01,1397,1790178559138,0,0,OCUPADO,1,28,55,120,1,1
1790178561138,sala01,1398,1790178561138,0,0,OCUPADO,1,28,55,120,1,1
1790178563138,sala01,1399,1790178563138,0,0,OCUPADO,0,28,55,120,1,1
1790178565138,sala01,1400,1790178565138,0,0,OCUPADO,1,28,55,120,1,1
1790178567138,sala01,1401,1790178567138,0,0,OCUPADO,1,28,55,120,1,1
1790178569138,sala01,1402,1790178569138,0,0,OCUPADO,1,28,55,120,1,1
1790178571138,sala01,1403,1790178571138,0,0,OCUPADO,0,28,55,120,1,1
1790178573138,sala01,1404,1790178573138,0,0,OCUPADO,1,28,55,120,1,1
1790178575138,sala01,1405,1790178575138,0,0,OCUPADO,1,28,55,120,1,1
1790178577138,sala01,1406,1790178577138,0,0,OCUPADO,1,28,55,120,1,1
1790178579138,sala01,1407,1790178579138,0,0,OCUPADO,0,28,55,120,1,1
1790178581138,sala01,1408,1790178581138,0,0,OCUPADO,1,28,55,120,1,1
1790178583138,sala01,1409,1790178583138,0,0,OCUPADO,1,28,55,120,1,1
1790178585138,sala01,1410,1790178585138,0,0,OCUPADO,1,28,55,120,1,1
1790178587138,sala01,1411,1790178587138,0,0,OCUPADO,0,28,55,120,1,1
1790178589138,sala01,1412,1790178589138,0,0,OCUPADO,1,28,55,120,1,1
1790178591138,sala01,1413,1790178591138,0,0,OCUPADO,1,28,55,120,1,1
1790178593138,sala01,1414,1790178593138,0,0,OCUPADO,1,28,55,120,1,1
1790178595138,sala01,1415,1790178595138,0,0,OCUPADO,0,28,55,120,1,1
1790178597138,sala01,1416,1790178597138,0,0,OCUPADO,1,28,55,120,1,1
1790178599138,sala01,1417,1790178599138,0,0,OCUPADO,1,28,55,120,1,1
1790178601138,sala01,1418,1790178601138,0,0,OCUPADO,1,28,55,120,1,1
1790178603138,sala01,1419,1790178603138,0,0,OCUPADO,0,28,55,120,1,1
1790178605138,sala01,1420,1790178605138,0,0,OCUPADO,1,28,55,120,1,1
1790178607138,sala01,1421,1790178607138,0,0,OCUPADO,1,28,55,120,1,1
1790178609138,sala01,1422,1790178609138,0,0,OCUPADO,1,28,55,120,1,1
1790178611138,sala01,1423,1790178611138,0,0,OCUPADO,0,28,55,120,1,1
1790178613138,sala01,1424,1790178613138,0,0,OCUPADO,1,28,55,120,1,1
1790178615138,sala01,1425,1790178615138,0,0,OCUPADO,1,28,55,120,1,1
1790178617138,sala01,1426,1790178617138,0,0,OCUPADO,1,28,55,120,1,1
1790178619138,sala01,1427,1790178619138,0,0,OCUPADO,0,28,55,120,1,1
1790178621138,sala01,1428,1790178621138,0,0,OCUPADO,1,28,55,120,1,1
1790178623138,sala01,1429,1790178623138,0,0,OCUPADO,1,28,55,120,1,1
1790178625138,sala01,1430,1790178625138,0,0,OCUPADO,1,28,55,120,1,1
1790178627138,sala01,1431,1790178627138,0,0,OCUPADO,0,28,55,120,1,1
1790178629138,sala01,1432,1790178629138,0,0,OCUPADO,1,28,55,120,1,1
1790178631138,sala01,1433,1790178631138,0,0,OCUPADO,1,28,55,120,1,1
1790178633138,sala01,1434,1790178633138,0,0,OCUPADO,1,28,55,120,1,1
1790178635138,sala01,1435,1790178635138,0,0,OCUPADO,0,28,55,120,1,1
1790178637138,sala01,1436,1790178637138,0,0,OCUPADO,1,28,55,120,1,1
1790178639138,sala01,1437,1790178639138,0,0,OCUPADO,1,28,55,120,1,1
1790178641138,sala01,1438,1790178641138,0,0,OCUPADO,1,28,55,120,1,1
1790178643138,sala01,1439,1790178643138,0,0,OCUPADO,0,28,55,120,1,1
1790178645138,sala01,1440,1790178645138,0,0,OCUPADO,1,28,55,120,1,1
1790178647138,sala01,1441,1790178647138,0,0,OCUPADO,1,28,55,120,1,1
1790178649138,sala01,1442,1790178649138,0,0,OCUPADO,1,28,55,120,1,1
1790178651138,sala01,1443,1790178651138,0,0,OCUPADO,0,28,55,120,1,1
1790178653138,sala01,1444,1790178653138,0,0,OCUPADO,1,28,55,120,1,1
1790178655138,sala01,1445,1790178655138,0,0,OCUPADO,1,28,55,120,1,1
1790178657138,sala01,1446,1790178657138,0,0,OCUPADO,1,28,55,120,1,1
1790178659138,sala01,1447,1790178659138,0,0,OCUPADO,0,28,55,120,1,1
1790178661138,sala01,1448,1790178661138,0,0,OCUPADO,1,28,55,120,1,1
1790178663138,sala01,1449,1790178663138,0,0,OCUPADO,1,28,55,120,1,1
1790178665138,sala01,1450,1790178665138,0,0,OCUPADO,1,28,55,120,1,1
1790178667138,sala01,1451,1790178667138,0,0,OCUPADO,0,28,55,120,1,1
1790178669138,sala01,1452,1790178669138,0,0,OCUPADO,1,28,55,120,1,1
1790178671138,sala01,1453,1790178671138,0,0,OCUPADO,1,28,55,120,1,1
1790178673138,sala01,1454,1790178673138,0,0,OCUPADO,1,28,55,120,1,1
1790178675138,sala01,1455,1790178675138,0,0,OCUPADO,0,28,55,120,1,1
1790178677138,sala01,1456,1790178677138,0,0,OCUPADO,1,28,55,120,1,1
1790178679138,sala01,1457,1790178679138,0,0,OCUPADO,1,28,55,120,1,1
1790178681138,sala01,1458,1790178681138,0,0,OCUPADO,1,28,55,120,1,1
1790178683138,sala01,1459,1790178683138,0,0,OCUPADO,0,28,55,120,1,1
1790178685138,sala01,1460,1790178685138,0,0,OCUPADO,1,28,55,120,1,1
1790178687138,sala01,1461,1790178687138,0,0,OCUPADO,1,28,55,120,1,1
1790178689138,sala01,1462,1790178689138,0,0,OCUPADO,1,28,55,120,1,1
1790178691138,sala01,1463,1790178691138,0,0,OCUPADO,0,28,55,120,1,1
1790178693138,sala01,1464,1790178693138,0,0,OCUPADO,1,28,55,120,1,1
1790178695138,sala01,1465,1790178695138,0,0,OCUPADO,1,28,55,120,1,1
1790178697138,sala01,1466,1790178697138,0,0,OCUPADO,1,28,55,120,1,1
1790178699138,sala01,1467,1790178699138,0,0,OCUPADO,0,28,55,120,1,1
1790178701138,sala01,1468,1790178701138,0,0,OCUPADO,1,28,55,120,1,1
1790178703138,sala01,1469,1790178703138,0,0,OCUPADO,1,28,55,120,1,1
1790178705138,sala01,1470,1790178705138,0,0,OCUPADO,1,28,55,120,1,1
1790178707138,sala01,1471,1790178707138,0,0,OCUPADO,0,28,55,120,1,1
1790178709138,sala01,1472,1790178709138,0,0,OCUPADO,1,28,55,120,1,1
1790178711138,sala01,1473,1790178711138,0,0,OCUPADO,1,28,55,120,1,1
1790178713138,sala01,1474,1790178713138,0,0,OCUPADO,1,28,55,120,1,1
1790178715138,sala01,1475,1790178715138,0,0,OCUPADO,0,28,55,120,1,1
1790178717138,sala01,1476,1790178717138,0,0,OCUPADO,1,28,55,120,1,1
1790178719138,sala01,1477,1790178719138,0,0,OCUPADO,1,28,55,120,1,1
1790178721138,sala01,1478,1790178721138,0,0,OCUPADO,1,28,55,120,1,1
1790178723138,sala01,1479,1790178723138,0,0,OCUPADO,0,28,55,120,1,1
1790178725138,sala01,1480,1790178725138,0,0,OCUPADO,1,28,55,120,1,1
1790178727138,sala01,1481,1790178727138,0,0,OCUPADO,1,28,55,120,1,1
1790178729138,sala01,1482,1790178729138,0,0,OCUPADO,1,28,55,120,1,1
1790178731138,sala01,1483,1790178731138,0,0,OCUPADO,0,28,55,120,1,1
1790178733138,sala01,1484,1790178733138,0,0,OCUPADO,1,28,55,120,1,1
1790178735138,sala01,1485,1790178735138,0,0,OCUPADO,1,28,55,120,1,1
1790178737138,sala01,1486,1790178737138,0,0,OCUPADO,1,28,55,120,1,1
1790178739138,sala01,1487,1790178739138,0,0,OCUPADO,0,28,55,120,1,1
1790178741138,sala01,1488,1790178741138,0,0,OCUPADO,1,28,55,120,1,1
1790178743138,sala01,1489,1790178743138,0,0,OCUPADO,1,28,55,120,1,1
1790178745138,sala01,1490,1790178745138,0,0,OCUPADO,1,28,55,120,1,1
1790178747138,sala01,1491,1790178747138,0,0,OCUPADO,0,28,55,120,1,1
1790178749138,sala01,1492,1790178749138,0,0,OCUPADO,1,28,55,120,1,1
1790178751138,sala01,1493,1790178751138,0,0,OCUPADO,1,28,55,120,1,1
1790178753138,sala01,1494,1790178753138,0,0,OCUPADO,1,28,55,120,1,1
1790178755138,sala01,1495,1790178755138,0,0,OCUPADO,0,28,55,120,1,1
1790178757138,sala01,1496,1790178757138,0,0,OCUPADO,1,28,55,120,1,1
1790178759138,sala01,1497,1790178759138,0,0,OCUPADO,1,28,55,120,1,1
1790178761138,sala01,1498,1790178761138,0,0,OCUPADO,1,28,55,120,1,1
1790178763138,sala01,1499,1790178763138,0,0,OCUPADO,0,28,55,120,1,1
1790178765138,sala01,1500,1790178765138,0,0,OCUPADO,1,28,55,120,1,1
1790178767138,sala01,1501,1790178767138,0,0,OCUPADO,1,28,55,120,1,1
1790178769138,sala01,1502,1790178769138,0,0,OCUPADO,1,28,55,120,1,1
1790178771138,sala01,1503,1790178771138,0,0,OCUPADO,0,28,55,120,1,1
1790178773138,sala01,1504,1790178773138,0,0,OCUPADO,1,28,55,120,1,1
1790178775138,sala01,1505,1790178775138,0,0,OCUPADO,1,28,55,120,1,1
1790178777138,sala01,1506,1790178777138,0,0,OCUPADO,1,28,55,120,1,1
1790178779138,sala01,1507,1790178779138,0,0,OCUPADO,0,28,55,120,1,1
1790178781138,sala01,1508,1790178781138,0,0,OCUPADO,1,28,55,120,1,1
1790178783138,sala01,1509,1790178783138,0,0,OCUPADO,1,28,55,120,1,1
1790178785138,sala01,1510,1790178785138,0,0,OCUPADO,1,28,55,120,1,1
1790178787138,sala01,1511,1790178787138,0,0,OCUPADO,0,28,55,120,1,1
1790178789138,sala01,1512,1790178789138,0,0,OCUPADO,1,28,55,120,1,1
1790178791138,sala01,1513,1790178791138,0,0,OCUPADO,1,28,55,120,1,1
1790178793138,sala01,1514,1790178793138,0,0,OCUPADO,1,28,55,120,1,1
1790178795138,sala01,1515,1790178795138,0,0,OCUPADO,0,28,55,120,1,1
1790178797138,sala01,1516,1790178797138,0,0,OCUPADO,1,28,55,120,1,1
1790178799138,sala01,1517,1790178799138,0,0,OCUPADO,1,28,55,120,1,1
1790178801138,sala01,1518,1790178801138,0,0,OCUPADO,1,28,55,120,1,1
1790178803138,sala01,1519,1790178803138,0,0,OCUPADO,0,28,55,120,1,1
1790178805138,sala01,1520,1790178805138,0,0,OCUPADO,1,28,55,120,1,1
1790178807138,sala01,1521,1790178807138,0,0,OCUPADO,1,28,55,120,1,1
1790178809138,sala01,1522,1790178809138,0,0,OCUPADO,1,28,55,120,1,1
1790178811138,sala01,1523,1790178811138,0,0,OCUPADO,0,28,55,120,1,1
1790178813138,sala01,1524,1790178813138,0,0,OCUPADO,1,28,55,120,1,1
1790178815138,sala01,1525,1790178815138,0,0,OCUPADO,1,28,55,120,1,1
1790178817138,sala01,1526,1790178817138,0,0,OCUPADO,1,28,55,120,1,1
1790178819138,sala01,1527,1790178819138,0,0,OCUPADO,0,28,55,120,1,1
1790178821138,sala01,1528,1790178821138,0,0,OCUPADO,1,28,55,120,1,1
1790178823138,sala01,1529,1790178823138,0,0,OCUPADO,1,28,55,120,1,1
1790178825138,sala01,1530,1790178825138,0,0,OCUPADO,1,28,55,120,1,1
1790178827138,sala01,1531,1790178827138,0,0,OCUPADO,0,28,55,120,1,1
1790178829138,sala01,1532,1790178829138,0,0,OCUPADO,1,28,55,120,1,1
1790178831138,sala01,1533,1790178831138,0,0,OCUPADO,1,28,55,120,1,1
1790178833138,sala01,1534,1790178833138,0,0,OCUPADO,1,28,55,120,1,1
1790178835138,sala01,1535,1790178835138,0,0,OCUPADO,0,28,55,120,1,1
1790178837138,sala01,1536,1790178837138,0,0,OCUPADO,1,28,55,120,1,1
1790178839138,sala01,1537,1790178839138,0,0,OCUPADO,1,28,55,120,1,1
1790178841138,sala01,1538,1790178841138,0,0,OCUPADO,1,28,55,120,1,1
1790178843138,sala01,1539,1790178843138,0,0,OCUPADO,0,28,55,120,1,1
1790178845138,sala01,1540,1790178845138,0,0,OCUPADO,1,28,55,120,1,1
1790178847138,sala01,1541,1790178847138,0,0,OCUPADO,1,28,55,120,1,1
1790178849138,sala01,1542,1790178849138,0,0,OCUPADO,1,28,55,120,1,1
1790178851138,sala01,1543,1790178851138,0,0,OCUPADO,0,28,55,120,1,1
1790178853138,sala01,1544,1790178853138,0,0,OCUPADO,1,28,55,120,1,1
1790178855138,sala01,1545,1790178855138,0,0,OCUPADO,1,28,55,120,1,1
1790178857138,sala01,1546,1790178857138,0,0,OCUPADO,1,28,55,120,1,1
1790178859138,sala01,1547,1790178859138,0,0,OCUPADO,0,28,55,120,1,1
1790178861138,sala01,1548,1790178861138,0,0,OCUPADO,1,28,55,120,1,1
1790178863138,sala01,1549,1790178863138,0,0,OCUPADO,1,28,55,120,1,1
1790178865138,sala01,1550,1790178865138,0,0,OCUPADO,1,28,55,120,1,1
1790178867138,sala01,1551,1790178867138,0,0,OCUPADO,0,28,55,120,1,1
1790178869138,sala01,1552,1790178869138,0,0,OCUPADO,1,28,55,120,1,1
1790178871138,sala01,1553,1790178871138,0,0,OCUPADO,1,28,55,120,1,1
1790178873138,sala01,1554,1790178873138,0,0,OCUPADO,1,28,55,120,1,1
1790178875138,sala01,1555,1790178875138,0,0,OCUPADO,0,28,55,120,1,1
1790178877138,sala01,1556,1790178877138,0,0,OCUPADO,1,28,55,120,1,1
1790178879138,sala01,1557,1790178879138,0,0,OCUPADO,1,28,55,120,1,1
1790178881138,sala01,1558,1790178881138,0,0,OCUPADO,1,28,55,120,1,1
1790178883138,sala01,1559,1790178883138,0,0,OCUPADO,0,28,55,120,1,1
1790178885138,sala01,1560,1790178885138,0,0,OCUPADO,1,28,55,120,1,1
1790178887138,sala01,1561,1790178887138,0,0,OCUPADO,1,28,55,120,1,1
1790178889138,sala01,1562,1790178889138,0,0,OCUPADO,1,28,55,120,1,1
1790178891138,sala01,1563,1790178891138,0,0,OCUPADO,0,28,55,120,1,1
1790178893138,sala01,1564,1790178893138,0,0,OCUPADO,1,28,55,120,1,1
1790178895138,sala01,1565,1790178895138,0,0,OCUPADO,1,28,55,120,1,1
1790178897138,sala01,1566,1790178897138,0,0,OCUPADO,1,28,55,120,1,1
1790178899138,sala01,1567,1790178899138,0,0,OCUPADO,0,28,55,120,1,1
1790178901138,sala01,1568,1790178901138,0,0,OCUPADO,1,28,55,120,1,1
1790178903138,sala01,1569,1790178903138,0,0,OCUPADO,1,28,55,120,1,1
1790178905138,sala01,1570,1790178905138,0,0,OCUPADO,1,28,55,120,1,1
1790178907138,sala01,1571,1790178907138,0,0,OCUPADO,0,28,55,120,1,1
1790178909138,sala01,1572,1790178909138,0,0,OCUPADO,1,28,55,120,1,1
1790178911138,sala01,1573,1790178911138,0,0,OCUPADO,1,28,55,120,1,1
1790178913138,sala01,1574,1790178913138,0,0,OCUPADO,1,28,55,120,1,1
1790178915138,sala01,1575,1790178915138,0,0,OCUPADO,0,28,55,120,1,1
1790178917138,sala01,1576,1790178917138,0,0,OCUPADO,1,28,55,120,1,1
1790178919138,sala01,1577,1790178919138,0,0,OCUPADO,1,28,55,120,1,1
1790178921138,sala01,1578,1790178921138,0,0,OCUPADO,1,28,55,120,1,1
1790178923138,sala01,1579,1790178923138,0,0,OCUPADO,0,28,55,120,1,1
1790178925138,sala01,1580,1790178925138,0,0,OCUPADO,1,28,55,120,1,1
1790178927138,sala01,1581,1790178927138,0,0,OCUPADO,1,28,55,120,1,1
1790178929138,sala01,1582,1790178929138,0,0,OCUPADO,1,28,55,120,1,1
1790178931138,sala01,1583,1790178931138,0,0,OCUPADO,0,28,55,120,1,1
1790178933138,sala01,1584,1790178933138,0,0,OCUPADO,1,28,55,120,1,1
1790178935138,sala01,1585,1790178935138,0,0,OCUPADO,1,28,55,120,1,1
1790178937138,sala01,1586,1790178937138,0,0,OCUPADO,1,28,55,120,1,1
1790178939138,sala01,1587,1790178939138,0,0,OCUPADO,0,28,55,120,1,1
1790178941138,sala01,1588,1790178941138,0,0,OCUPADO,1,28,55,120,1,1
1790178943138,sala01,1589,1790178943138,0,0,OCUPADO,1,28,55,120,1,1
1790178945138,sala01,1590,1790178945138,0,0,OCUPADO,1,28,55,120,1,1
1790178947138,sala01,1591,1790178947138,0,0,OCUPADO,0,28,55,120,1,1
1790178949138,sala01,1592,1790178949138,0,0,OCUPADO,1,28,55,120,1,1
1790178951138,sala01,1593,1790178951138,0,0,OCUPADO,1,28,55,120,1,1
1790178953138,sala01,1594,1790178953138,0,0,OCUPADO,1,28,55,120,1,1
1790178955138,sala01,1595,1790178955138,0,0,OCUPADO,0,28,55,120,1,1
1790178957138,sala01,1596,1790178957138,0,0,OCUPADO,1,28,55,120,1,1
1790178959138,sala01,1597,1790178959138,0,0,OCUPADO,1,28,55,120,1,1
1790178961138,sala01,1598,1790178961138,0,0,OCUPADO,1,28,55,120,1,1
1790178963138,sala01,1599,1790178963138,0,0,OCUPADO,0,28,55,120,1,1
1790178965138,sala01,1600,1790178965138,0,0,OCUPADO,1,28,55,120,1,1
1790178967138,sala01,1601,1790178967138,0,0,OCUPADO,1,28,55,120,1,1
1790178969138,sala01,1602,1790178969138,0,0,OCUPADO,1,28,55,120,1,1
1790178971138,sala01,1603,1790178971138,0,0,OCUPADO,0,28,55,120,1,1
1790178973138,sala01,1604,1790178973138,0,0,OCUPADO,1,28,55,120,1,1
1790178975138,sala01,1605,1790178975138,0,0,OCUPADO,1,28,55,120,1,1
1790178977138,sala01,1606,1790178977138,0,0,OCUPADO,1,28,55,120,1,1
1790178979138,sala01,1607,1790178979138,0,0,OCUPADO,0,28,55,120,1,1
1790178981138,sala01,1608,1790178981138,0,0,OCUPADO,1,28,55,120,1,1
1790178983138,sala01,1609,1790178983138,0,0,OCUPADO,1,28,55,120,1,1
1790178985138,sala01,1610,1790178985138,0,0,OCUPADO,1,28,55,120,1,1
1790178987138,sala01,1611,1790178987138,0,0,OCUPADO,0,28,55,120,1,1
1790178989138,sala01,1612,1790178989138,0,0,OCUPADO,1,28,55,120,1,1
1790178991138,sala01,1613,1790178991138,0,0,OCUPADO,1,28,55,120,1,1
1790178993138,sala01,1614,1790178993138,0,0,OCUPADO,1,28,55,120,1,1
1790178995138,sala01,1615,1790178995138,0,0,OCUPADO,0,28,55,120,1,1
1790178997138,sala01,1616,1790178997138,0,0,OCUPADO,1,28,55,120,1,1
1790178999138,sala01,1617,1790178999138,0,0,OCUPADO,1,28,55,120,1,1
1790179001138,sala01,1618,1790179001138,0,0,OCUPADO,1,28,55,120,1,1
1790179003138,sala01,1619,1790179003138,0,0,OCUPADO,0,28,55,120,1,1
1790179005138,sala01,1620,1790179005138,0,0,OCUPADO,1,28,55,120,1,1
1790179007138,sala01,1621,1790179007138,0,0,OCUPADO,1,28,55,120,1,1
1790179009138,sala01,1622,1790179009138,0,0,OCUPADO,1,28,55,120,1,1
1790179011138,sala01,1623,1790179011138,0,0,OCUPADO,0,28,55,120,1,1
1790179013138,sala01,1624,1790179013138,0,0,OCUPADO,1,28,55,120,1,1
1790179015138,sala01,1625,1790179015138,0,0,OCUPADO,1,28,55,120,1,1
1790179017138,sala01,1626,1790179017138,0,0,OCUPADO,1,28,55,120,1,1
1790179019138,sala01,1627,1790179019138,0,0,OCUPADO,0,28,55,120,1,1
1790179021138,sala01,1628,1790179021138,0,0,OCUPADO,1,28,55,120,1,1
1790179023138,sala01,1629,1790179023138,0,0,OCUPADO,1,28,55,120,1,1
1790179025138,sala01,1630,1790179025138,0,0,OCUPADO,1,28,55,120,1,1
1790179027138,sala01,1631,1790179027138,0,0,OCUPADO,0,28,55,120,1,1
1790179029138,sala01,1632,1790179029138,0,0,OCUPADO,1,28,55,120,1,1
1790179031138,sala01,1633,1790179031138,0,0,OCUPADO,1,28,55,120,1,1
1790179033138,sala01,1634,1790179033138,0,0,OCUPADO,1,28,55,120,1,1
1790179035138,sala01,1635,1790179035138,0,0,OCUPADO,0,28,55,120,1,1
1790179037138,sala01,1636,1790179037138,0,0,OCUPADO,1,28,55,120,1,1
1790179039138,sala01,1637,1790179039138,0,0,OCUPADO,1,28,55,120,1,1
1790179041138,sala01,1638,1790179041138,0,0,OCUPADO,1,28,55,120,1,1
1790179043138,sala01,1639,1790179043138,0,0,OCUPADO,0,28,55,120,1,1
1790179045138,sala01,1640,1790179045138,0,0,OCUPADO,1,28,55,120,1,1
1790179047138,sala01,1641,1790179047138,0,0,OCUPADO,1,28,55,120,1,1
1790179049138,sala01,1642,1790179049138,0,0,OCUPADO,1,28,55,120,1,1
1790179051138,sala01,1643,1790179051138,0,0,OCUPADO,0,28,55,120,1,1
1790179053138,sala01,1644,1790179053138,0,0,OCUPADO,1,28,55,120,1,1
1790179055138,sala01,1645,1790179055138,0,0,OCUPADO,1,28,55,120,1,1
1790179057138,sala01,1646,1790179057138,0,0,OCUPADO,1,28,55,120,1,1
1790179059138,sala01,1647,1790179059138,0,0,OCUPADO,0,28,55,120,1,1
1790179061138,sala01,1648,1790179061138,0,0,OCUPADO,1,28,55,120,1,1
1790179063138,sala01,1649,1790179063138,0,0,OCUPADO,1,28,55,120,1,1
1790179065138,sala01,1650,1790179065138,0,0,OCUPADO,1,28,55,120,1,1
1790179067138,sala01,1651,1790179067138,0,0,OCUPADO,0,28,55,120,1,1
1790179069138,sala01,1652,1790179069138,0,0,OCUPADO,1,28,55,120,1,1
1790179071138,sala01,1653,1790179071138,0,0,OCUPADO,1,28,55,120,1,1
1790179073138,sala01,1654,1790179073138,0,0,OCUPADO,1,28,55,120,1,1
1790179075138,sala01,1655,1790179075138,0,0,OCUPADO,0,28,55,120,1,1
1790179077138,sala01,1656,1790179077138,0,0,OCUPADO,1,28,55,120,1,1
1790179079138,sala01,1657,1790179079138,0,0,OCUPADO,1,28,55,120,1,1
1790179081138,sala01,1658,1790179081138,0,0,OCUPADO,1,28,55,120,1,1
1790179083138,sala01,1659,1790179083138,0,0,OCUPADO,0,28,55,120,1,1
1790179085138,sala01,1660,1790179085138,0,0,OCUPADO,1,28,55,120,1,1
1790179087138,sala01,1661,1790179087138,0,0,OCUPADO,1,28,55,120,1,1
1790179089138,sala01,1662,1790179089138,0,0,OCUPADO,1,28,55,120,1,1
1790179091138,sala01,1663,1790179091138,0,0,OCUPADO,0,28,55,120,1,1
1790179093138,sala01,1664,1790179093138,0,0,OCUPADO,1,28,55,120,1,1
1790179095138,sala01,1665,1790179095138,0,0,OCUPADO,1,28,55,120,1,1
1790179097138,sala01,1666,1790179097138,0,0,OCUPADO,1,28,55,120,1,1
1790179099138,sala01,1667,1790179099138,0,0,OCUPADO,0,28,55,120,1,1
1790179101138,sala01,1668,1790179101138,0,0,OCUPADO,1,28,55,120,1,1
1790179103138,sala01,1669,1790179103138,0,0,OCUPADO,1,28,55,120,1,1
1790179105138,sala01,1670,1790179105138,0,0,OCUPADO,1,28,55,120,1,1
1790179107138,sala01,1671,1790179107138,0,0,OCUPADO,0,28,55,120,1,1
1790179109138,sala01,1672,1790179109138,0,0,OCUPADO,1,28,55,120,1,1
1790179111138,sala01,1673,1790179111138,0,0,OCUPADO,1,28,55,120,1,1
1790179113138,sala01,1674,1790179113138,0,0,OCUPADO,1,28,55,120,1,1
1790179115138,sala01,1675,1790179115138,0,0,OCUPADO,0,28,55,120,1,1
1790179117138,sala01,1676,1790179117138,0,0,OCUPADO,1,28,55,120,1,1
1790179119138,sala01,1677,1790179119138,0,0,OCUPADO,1,28,55,120,1,1
1790179121138,sala01,1678,1790179121138,0,0,OCUPADO,1,28,55,120,1,1
1790179123138,sala01,1679,1790179123138,0,0,OCUPADO,0,28,55,120,1,1
1790179125138,sala01,1680,1790179125138,0,0,OCUPADO,1,28,55,120,1,1
1790179127138,sala01,1681,1790179127138,0,0,OCUPADO,1,28,55,120,1,1
1790179129138,sala01,1682,1790179129138,0,0,OCUPADO,1,28,55,120,1,1
1790179131138,sala01,1683,1790179131138,0,0,OCUPADO,0,28,55,120,1,1
1790179133138,sala01,1684,1790179133138,0,0,OCUPADO,1,28,55,120,1,1
1790179135138,sala01,1685,1790179135138,0,0,OCUPADO,1,28,55,120,1,1
1790179137138,sala01,1686,1790179137138,0,0,OCUPADO,1,28,55,120,1,1
1790179139138,sala01,1687,1790179139138,0,0,OCUPADO,0,28,55,120,1,1
1790179141138,sala01,1688,1790179141138,0,0,OCUPADO,1,28,55,120,1,1
1790179143138,sala01,1689,1790179143138,0,0,OCUPADO,1,28,55,120,1,1
1790179145138,sala01,1690,1790179145138,0,0,OCUPADO,1,28,55,120,1,1
1790179147138,sala01,1691,1790179147138,0,0,OCUPADO,0,28,55,120,1,1
1790179149138,sala01,1692,1790179149138,0,0,OCUPADO,1,28,55,120,1,1
1790179151138,sala01,1693,1790179151138,0,0,OCUPADO,1,28,55,120,1,1
1790179153138,sala01,1694,1790179153138,0,0,OCUPADO,1,28,55,120,1,1
1790179155138,sala01,1695,1790179155138,0,0,OCUPADO,0,28,55,120,1,1
1790179157138,sala01,1696,1790179157138,0,0,OCUPADO,1,28,55,120,1,1
1790179159138,sala01,1697,1790179159138,0,0,OCUPADO,1,28,55,120,1,1
1790179161138,sala01,1698,1790179161138,0,0,OCUPADO,1,28,55,120,1,1
1790179163138,sala01,1699,1790179163138,0,0,OCUPADO,0,28,55,120,1,1
1790179165138,sala01,1700,1790179165138,0,0,OCUPADO,1,28,55,120,1,1
1790179167138,sala01,1701,1790179167138,0,0,OCUPADO,1,28,55,120,1,1
1790179169138,sala01,1702,1790179169138,0,0,OCUPADO,1,28,55,120,1,1
1790179171138,sala01,1703,1790179171138,0,0,OCUPADO,0,28,55,120,1,1
1790179173138,sala01,1704,1790179173138,0,0,OCUPADO,1,28,55,120,1,1
1790179175138,sala01,1705,1790179175138,0,0,OCUPADO,1,28,55,120,1,1
1790179177138,sala01,1706,1790179177138,0,0,OCUPADO,1,28,55,120,1,1
1790179179138,sala01,1707,1790179179138,0,0,OCUPADO,0,28,55,120,1,1
1790179181138,sala01,1708,1790179181138,0,0,OCUPADO,1,28,55,120,1,1
1790179183138,sala01,1709,1790179183138,0,0,OCUPADO,1,28,55,120,1,1
1790179185138,sala01,1710,1790179185138,0,0,OCUPADO,1,28,55,120,1,1
1790179187138,sala01,1711,1790179187138,0,0,OCUPADO,0,28,55,120,1,1
1790179189138,sala01,1712,1790179189138,0,0,OCUPADO,1,28,55,120,1,1
1790179191138,sala01,1713,1790179191138,0,0,OCUPADO,1,28,55,120,1,1
1790179193138,sala01,1714,1790179193138,0,0,OCUPADO,1,28,55,120,1,1
1790179195138,sala01,1715,1790179195138,0,0,OCUPADO,0,28,55,120,1,1
1790179197138,sala01,1716,1790179197138,0,0,OCUPADO,1,28,55,120,1,1
1790179199138,sala01,1717,1790179199138,0,0,OCUPADO,1,28,55,120,1,1
1790179201138,sala01,1718,1790179201138,0,0,OCUPADO,1,28,55,120,1,1
1790179203138,sala01,1719,1790179203138,0,0,OCUPADO,0,28,55,120,1,1
1790179205138,sala01,1720,1790179205138,0,0,OCUPADO,1,28,55,120,1,1
1790179207138,sala01,1721,1790179207138,0,0,OCUPADO,1,28,55,120,1,1
1790179209138,sala01,1722,1790179209138,0,0,OCUPADO,1,28,55,120,1,1
1790179211138,sala01,1723,1790179211138,0,0,OCUPADO,0,28,55,120,1,1
1790179213138,sala01,1724,1790179213138,0,0,OCUPADO,1,28,55,120,1,1
1790179215138,sala01,1725,1790179215138,0,0,OCUPADO,1,28,55,120,1,1
1790179217138,sala01,1726,1790179217138,0,0,OCUPADO,1,28,55,120,1,1
1790179219138,sala01,1727,1790179219138,0,0,OCUPADO,0,28,55,120,1,1
1790179221138,sala01,1728,1790179221138,0,0,OCUPADO,1,28,55,120,1,1
1790179223138,sala01,1729,1790179223138,0,0,OCUPADO,1,28,55,120,1,1
1790179225138,sala01,1730,1790179225138,0,0,OCUPADO,1,28,55,120,1,1
1790179227138,sala01,1731,1790179227138,0,0,OCUPADO,0,28,55,120,1,1
1790179229138,sala01,1732,1790179229138,0,0,OCUPADO,1,28,55,120,1,1
1790179231138,sala01,1733,1790179231138,0,0,OCUPADO,1,28,55,120,1,1
1790179233138,sala01,1734,1790179233138,0,0,OCUPADO,1,28,55,120,1,1
1790179235138,sala01,1735,1790179235138,0,0,OCUPADO,0,28,55,120,1,1
1790179237138,sala01,1736,1790179237138,0,0,OCUPADO,1,28,55,120,1,1
1790179239138,sala01,1737,1790179239138,0,0,OCUPADO,1,28,55,120,1,1
1790179241138,sala01,1738,1790179241138,0,0,OCUPADO,1,28,55,120,1,1
1790179243138,sala01,1739,1790179243138,0,0,OCUPADO,0,28,55,120,1,1
1790179245138,sala01,1740,1790179245138,0,0,OCUPADO,1,28,55,120,1,1
1790179247138,sala01,1741,1790179247138,0,0,OCUPADO,1,28,55,120,1,1
1790179249138,sala01,1742,1790179249138,0,0,OCUPADO,1,28,55,120,1,1
1790179251138,sala01,1743,1790179251138,0,0,OCUPADO,0,28,55,120,1,1
1790179253138,sala01,1744,1790179253138,0,0,OCUPADO,1,28,55,120,1,1
1790179255138,sala01,1745,1790179255138,0,0,OCUPADO,1,28,55,120,1,1
1790179257138,sala01,1746,1790179257138,0,0,OCUPADO,1,28,55,120,1,1
1790179259138,sala01,1747,1790179259138,0,0,OCUPADO,0,28,55,120,1,1
1790179261138,sala01,1748,1790179261138,0,0,OCUPADO,1,28,55,120,1,1
1790179263138,sala01,1749,1790179263138,0,0,OCUPADO,1,28,55,120,1,1
1790179265138,sala01,1750,1790179265138,0,0,OCUPADO,1,28,55,120,1,1
1790179267138,sala01,1751,1790179267138,0,0,OCUPADO,0,28,55,120,1,1
1790179269138,sala01,1752,1790179269138,0,0,OCUPADO,1,28,55,120,1,1
1790179271138,sala01,1753,1790179271138,0,0,OCUPADO,1,28,55,120,1,1
1790179273138,sala01,1754,1790179273138,0,0,OCUPADO,1,28,55,120,1,1
1790179275138,sala01,1755,1790179275138,0,0,OCUPADO,0,28,55,120,1,1
1790179277138,sala01,1756,1790179277138,0,0,OCUPADO,1,28,55,120,1,1
1790179279138,sala01,1757,1790179279138,0,0,OCUPADO,1,28,55,120,1,1
1790179281138,sala01,1758,1790179281138,0,0,OCUPADO,1,28,55,120,1,1
1790179283138,sala01,1759,1790179283138,0,0,OCUPADO,0,28,55,120,1,1
1790179285138,sala01,1760,1790179285138,0,0,OCUPADO,1,28,55,120,1,1
1790179287138,sala01,1761,1790179287138,0,0,OCUPADO,1,28,55,120,1,1
1790179289138,sala01,1762,1790179289138,0,0,OCUPADO,1,28,55,120,1,1
1790179291138,sala01,1763,1790179291138,0,0,OCUPADO,0,28,55,120,1,1
1790179293138,sala01,1764,1790179293138,0,0,OCUPADO,1,28,55,120,1,1
1790179295138,sala01,1765,1790179295138,0,0,OCUPADO,1,28,55,120,1,1
1790179297138,sala01,1766,1790179297138,0,0,OCUPADO,1,28,55,120,1,1
1790179299138,sala01,1767,1790179299138,0,0,OCUPADO,0,28,55,120,1,1
1790179301138,sala01,1768,1790179301138,0,0,OCUPADO,1,28,55,120,1,1
1790179303138,sala01,1769,1790179303138,0,0,OCUPADO,1,28,55,120,1,1
1790179305138,sala01,1770,1790179305138,0,0,OCUPADO,1,28,55,120,1,1
1790179307138,sala01,1771,1790179307138,0,0,OCUPADO,0,28,55,120,1,1
1790179309138,sala01,1772,1790179309138,0,0,OCUPADO,1,28,55,120,1,1
1790179311138,sala01,1773,1790179311138,0,0,OCUPADO,1,28,55,120,1,1
1790179313138,sala01,1774,1790179313138,0,0,OCUPADO,1,28,55,120,1,1
1790179315138,sala01,1775,1790179315138,0,0,OCUPADO,0,28,55,120,1,1
1790179317138,sala01,1776,1790179317138,0,0,OCUPADO,1,28,55,120,1,1
1790179319138,sala01,1777,1790179319138,0,0,OCUPADO,1,28,55,120,1,1
1790179321138,sala01,1778,1790179321138,0,0,OCUPADO,1,28,55,120,1,1
1790179323138,sala01,1779,1790179323138,0,0,OCUPADO,0,28,55,120,1,1
1790179325138,sala01,1780,1790179325138,0,0,OCUPADO,1,28,55,120,1,1
1790179327138,sala01,1781,1790179327138,0,0,OCUPADO,1,28,55,120,1,1
1790179329138,sala01,1782,1790179329138,0,0,OCUPADO,1,28,55,120,1,1
1790179331138,sala01,1783,1790179331138,0,0,OCUPADO,0,28,55,120,1,1
1790179333138,sala01,1784,1790179333138,0,0,OCUPADO,1,28,55,120,1,1
1790179335138,sala01,1785,1790179335138,0,0,OCUPADO,1,28,55,120,1,1
1790179337138,sala01,1786,1790179337138,0,0,OCUPADO,1,28,55,120,1,1
1790179339138,sala01,1787,1790179339138,0,0,OCUPADO,0,28,55,120,1,1
1790179341138,sala01,1788,1790179341138,0,0,OCUPADO,1,28,55,120,1,1
1790179343138,sala01,1789,1790179343138,0,0,OCUPADO,1,28,55,120,1,1
1790179345138,sala01,1790,1790179345138,0,0,OCUPADO,1,28,55,120,1,1
1790179347138,sala01,1791,1790179347138,0,0,OCUPADO,0,28,55,120,1,1
1790179349138,sala01,1792,1790179349138,0,0,OCUPADO,1,28,55,120,1,1
1790179351138,sala01,1793,1790179351138,0,0,OCUPADO,1,28,55,120,1,1
1790179353138,sala01,1794,1790179353138,0,0,OCUPADO,1,28,55,120,1,1
1790179355138,sala01,1795,1790179355138,0,0,OCUPADO,0,28,55,120,1,1
1790179357138,sala01,1796,1790179357138,0,0,OCUPADO,1,28,55,120,1,1
1790179359138,sala01,1797,1790179359138,0,0,OCUPADO,1,28,55,120,1,1
1790179361138,sala01,1798,1790179361138,0,0,OCUPADO,1,28,55,120,1,1
1790179363138,sala01,1799,1790179363138,0,0,OCUPADO,0,28,55,120,1,1
1790179365138,sala01,1800,1790179365138,0,0,OCUPADO,0,28,55,120,1,1
1790179367138,sala01,1801,1790179367138,0,0,OCUPADO,0,28,55,120,1,1
1790179369138,sala01,1802,1790179369138,0,0,OCUPADO,0,28,55,120,1,1
1790179371138,sala01,1803,1790179371138,0,0,OCUPADO,0,28,55,120,1,1
1790179373138,sala01,1804,1790179373138,0,0,OCUPADO,0,28,55,120,1,1
1790179375138,sala01,1805,1790179375138,0,0,OCUPADO,0,28,55,120,1,1
1790179377138,sala01,1806,1790179377138,0,0,OCUPADO,0,28,55,120,1,1
1790179379138,sala01,1807,1790179379138,0,0,OCUPADO,0,28,55,120,1,1
1790179381138,sala01,1808,1790179381138,0,0,OCUPADO,0,28,55,120,1,1
1790179383138,sala01,1809,1790179383138,0,0,OCUPADO,0,28,55,120,1,1
1790179385138,sala01,1810,1790179385138,0,0,OCUPADO,0,28,55,120,1,1
1790179387138,sala01,1811,1790179387138,0,0,OCUPADO,0,28,55,120,1,1
1790179389138,sala01,1812,1790179389138,0,0,OCUPADO,0,28,55,120,1,1
1790179391138,sala01,1813,1790179391138,0,0,OCUPADO,0,28,55,120,1,1
1790179392138,sala01,1814,1790179392138,0,0,DESOCUPADO,0,28,55,120,0,0
1790179394138,sala01,1815,1790179394138,0,0,DESOCUPADO,0,28,55,120,0,0
1790179396138,sala01,1816,1790179396138,0,0,DESOCUPADO,0,28,55,120,0,0
1790179398138,sala01,1817,1790179398138,0,0,DESOCUPADO,0,28,55,120,0,0
1790179400138,sala01,1818,1790179400138,0,0,DESOCUPADO,0,28,55,120,0,0
1790179402138,sala01,1819,1790179402138,0,0,DESOCUPADO,0,28,55,120,0,0
1790179404138,sala01,1820,1790179404138,0,0,DESOCUPADO,0,28,55,120,0,0
1790179406138,sala01,1821,1790179406138,0,0,DESOCUPADO,0,28,55,120,0,0
1790179408138,sala01,1822,1790179408138,0,0,DESOCUPADO,0,28,55,120,0,0
1790179410138,sala01,1823,1790179410138,0,0,DESOCUPADO,0,28,55,120,0,0
1790179412138,sala01,1824,1790179412138,0,0,DESOCUPADO,0,28,55,120,0,0
1790179414138,sala01,1825,1790179414138,0,0,DESOCUPADO,0,28,55,120,0,0
1790179416138,sala01,1826,1790179416138,0,0,DESOCUPADO,0,28,55,120,0,0
1790179418138,sala01,1827,1790179418138,0,0,DESOCUPADO,0,28,55,120,0,0
1790179420138,sala01,1828,1790179420138,0,0,DESOCUPADO,0,28,55,120,0,0
1790179422138,sala01,1829,1790179422138,0,0,DESOCUPADO,0,28,55,120,0,0
1790179424138,sala01,1830,1790179424138,0,0,DESOCUPADO,0,28,55,120,0,0
1790179426138,sala01,1831,1790179426138,0,0,DESOCUPADO,0,28,55,120,0,0
1790179428138,sala01,1832,1790179428138,0,0,DESOCUPADO,0,28,55,120,0,0
1790179430138,sala01,1833,1790179430138,0,0,DESOCUPADO,0,28,55,120,0,0
1790179432138,sala01,1834,1790179432138,0,0,DESOCUPADO,0,28,55,120,0,0
1790179434138,sala01,1835,1790179434138,0,0,DESOCUPADO,0,28,55,120,0,0
1790179436138,sala01,1836,1790179436138,0,0,DESOCUPADO,0,28,55,120,0,0
1790179438138,sala01,1837,1790179438138,0,0,DESOCUPADO,0,28,55,120,0,0
1790179440138,sala01,1838,1790179440138,0,0,DESOCUPADO,0,28,55,120,0,0
1790179442138,sala01,1839,1790179442138,0,0,DESOCUPADO,0,28,55,120,0,0
1790179444138,sala01,1840,1790179444138,0,0,DESOCUPADO,0,28,55,120,0,0
1790179446138,sala01,1841,1790179446138,0,0,DESOCUPADO,0,28,55,120,0,0
1790179448138,sala01,1842,1790179448138,0,0,DESOCUPADO,0,28,55,120,0,0
1790179450138,sala01,1843,1790179450138,0,0,DESOCUPADO,0,28,55,120,0,0
1790179452138,sala01,1844,1790179452138,0,0,DESOCUPADO,0,28,55,120,0,0
1790179454138,sala01,1845,1790179454138,0,0,DESOCUPADO,0,28,55,120,0,0
1790179456138,sala01,1846,1790179456138,0,0,DESOCUPADO,0,28,55,120,0,0
1790179458138,sala01,1847,1790179458138,0,0,DESOCUPADO,0,28,55,120,0,0
1790179460138,sala01,1848,1790179460138,0,0,DESOCUPADO,0,28,55,120,0,0
1790179462138,sala01,1849,1790179462138,0,0,DESOCUPADO,0,28,55,120,0,0
1790179464138,sala01,1850,1790179464138,0,0,DESOCUPADO,0,28,55,120,0,0
1790179466138,sala01,1851,1790179466138,0,0,DESOCUPADO,0,28,55,120,0,0
1790179468138,sala01,1852,1790179468138,0,0,DESOCUPADO,0,28,55,120,0,0
1790179470138,sala01,1853,1790179470138,0,0,DESOCUPADO,0,28,55,120,0,0
1790179472138,sala01,1854,1790179472138,0,0,DESOCUPADO,0,28,55,120,0,0
1790179474138,sala01,1855,1790179474138,0,0,DESOCUPADO,0,28,55,120,0,0
1790179476138,sala01,1856,1790179476138,0,0,DESOCUPADO,0,28,55,120,0,0
1790179478138,sala01,1857,1790179478138,0,0,DESOCUPADO,0,28,55,120,0,0
1790179480138,sala01,1858,1790179480138,0,0,DESOCUPADO,0,28,55,120,0,0
1790179482138,sala01,1859,1790179482138,0,0,DESOCUPADO,0,28,55,120,0,0
1790179484138,sala01,1860,1790179484138,0,0,DESOCUPADO,0,28,55,120,0,0
1790179486138,sala01,1861,1790179486138,0,0,DESOCUPADO,0,28,55,120,0,0
1790179488138,sala01,1862,1790179488138,0,0,DESOCUPADO,0,28,55,120,0,0
1790179490138,sala01,1863,1790179490138,0,0,DESOCUPADO,0,28,55,120,0,0
1790179492138,sala01,1864,1790179492138,0,0,DESOCUPADO,0,28,55,120,0,0
1790179494138,sala01,1865,1790179494138,0,0,DESOCUPADO,0,28,55,120,0,0
1790179496138,sala01,1866,1790179496138,0,0,DESOCUPADO,0,28,55,120,0,0
1790179498138,sala01,1867,1790179498138,0,0,DESOCUPADO,0,28,55,120,0,0
1790179500138,sala01,1868,1790179500138,0,0,DESOCUPADO,0,28,55,120,0,0
1790179502138,sala01,1869,1790179502138,0,0,DESOCUPADO,0,28,55,120,0,0
1790179504138,sala01,1870,1790179504138,0,0,DESOCUPADO,0,28,55,120,0,0
1790179506138,sala01,1871,1790179506138,0,0,DESOCUPADO,0,28,55,120,0,0
1790179508138,sala01,1872,1790179508138,0,0,DESOCUPADO,0,28,55,120,0,0
1790179510138,sala01,1873,1790179510138,0,0,DESOCUPADO,0,28,55,120,0,0
1790179512138,sala01,1874,1790179512138,0,0,DESOCUPADO,0,28,55,120,0,0
1790179514138,sala01,1875,1790179514138,0,0,DESOCUPADO,0,28,55,120,0,0
1790179516138,sala01,1876,1790179516138,0,0,DESOCUPADO,0,28,55,120,0,0
1790179518138,sala01,1877,1790179518138,0,0,DESOCUPADO,0,28,55,120,0,0
1790179520138,sala01,1878,1790179520138,0,0,DESOCUPADO,0,28,55,120,0,0
1790179522138,sala01,1879,1790179522138,0,0,DESOCUPADO,0,28,55,120,0,0
1790179524138,sala01,1880,1790179524138,0,0,DESOCUPADO,0,28,55,120,0,0
1790179526138,sala01,1881,1790179526138,0,0,DESOCUPADO,0,28,55,120,0,0
1790179528138,sala01,1882,1790179528138,0,0,DESOCUPADO,0,28,55,120,0,0
1790179530138,sala01,1883,1790179530138,0,0,DESOCUPADO,0,28,55,120,0,0
1790179532138,sala01,1884,1790179532138,0,0,DESOCUPADO,0,28,55,120,0,0
1790179534138,sala01,1885,1790179534138,0,0,DESOCUPADO,0,28,55,120,0,0
1790179536138,sala01,1886,1790179536138,0,0,DESOCUPADO,0,28,55,120,0,0
1790179538138,sala01,1887,1790179538138,0,0,DESOCUPADO,0,28,55,120,0,0
1790179540138,sala01,1888,1790179540138,0,0,DESOCUPADO,0,28,55,120,0,0
1790179542138,sala01,1889,1790179542138,0,0,DESOCUPADO,0,28,55,120,0,0
1790179544138,sala01,1890,1790179544138,0,0,DESOCUPADO,0,28,55,120,0,0
1790179546138,sala01,1891,1790179546138,0,0,DESOCUPADO,0,28,55,120,0,0
1790179548138,sala01,1892,1790179548138,0,0,DESOCUPADO,0,28,55,120,0,0
1790179550138,sala01,1893,1790179550138,0,0,DESOCUPADO,0,28,55,120,0,0
1790179552138,sala01,1894,1790179552138,0,0,DESOCUPADO,0,28,55,120,0,0
1790179554138,sala01,1895,1790179554138,0,0,DESOCUPADO,0,28,55,120,0,0
1790179556138,sala01,1896,1790179556138,0,0,DESOCUPADO,0,28,55,120,0,0
1790179558138,sala01,1897,1790179558138,0,0,DESOCUPADO,0,28,55,120,0,0
1790179560138,sala01,1898,1790179560138,0,0,DESOCUPADO,0,28,55,120,0,0
1790179562138,sala01,1899,1790179562138,0,0,DESOCUPADO,0,28,55,120,0,0
1790179564138,sala01,1900,1790179564138,0,0,DESOCUPADO,0,28,55,120,0,0
1790179566138,sala01,1901,1790179566138,0,0,DESOCUPADO,0,28,55,120,0,0
1790179568138,sala01,1902,1790179568138,0,0,DESOCUPADO,0,28,55,120,0,0
1790179570138,sala01,1903,1790179570138,0,0,DESOCUPADO,0,28,55,120,0,0
1790179572138,sala01,1904,1790179572138,0,0,DESOCUPADO,0,28,55,120,0,0
1790179574138,sala01,1905,1790179574138,0,0,DESOCUPADO,0,28,55,120,0,0
1790179576138,sala01,1906,1790179576138,0,0,DESOCUPADO,0,28,55,120,0,0
1790179578138,sala01,1907,1790179578138,0,0,DESOCUPADO,0,28,55,120,0,0
1790179580138,sala01,1908,1790179580138,0,0,DESOCUPADO,0,28,55,120,0,0
1790179582138,sala01,1909,1790179582138,0,0,DESOCUPADO,0,28,55,120,0,0
1790179584138,sala01,1910,1790179584138,0,0,DESOCUPADO,0,28,55,120,0,0
1790179586138,sala01,1911,1790179586138,0,0,DESOCUPADO,0,28,55,120,0,0
1790179588138,sala01,1912,1790179588138,0,0,DESOCUPADO,0,28,55,120,0,0
1790179590138,sala01,1913,1790179590138,0,0,DESOCUPADO,0,28,55,120,0,0
1790179592138,sala01,1914,1790179592138,0,0,DESOCUPADO,0,28,55,120,0,0
1790179594138,sala01,1915,1790179594138,0,0,DESOCUPADO,0,28,55,120,0,0
1790179596138,sala01,1916,1790179596138,0,0,DESOCUPADO,0,28,55,120,0,0
1790179598138,sala01,1917,1790179598138,0,0,DESOCUPADO,0,28,55,120,0,0
1790179600138,sala01,1918,1790179600138,0,0,DESOCUPADO,0,28,55,120,0,0
1790179602138,sala01,1919,1790179602138,0,0,DESOCUPADO,0,28,55,120,0,0
1790179604138,sala01,1920,1790179604138,0,0,DESOCUPADO,0,28,55,120,0,0
1790179606138,sala01,1921,1790179606138,0,0,DESOCUPADO,0,28,55,120,0,0
1790179608138,sala01,1922,1790179608138,0,0,DESOCUPADO,0,28,55,120,0,0
1790179610138,sala01,1923,1790179610138,0,0,DESOCUPADO,0,28,55,120,0,0
1790179612138,sala01,1924,1790179612138,0,0,DESOCUPADO,0,28,55,120,0,0
1790179614138,sala01,1925,1790179614138,0,0,DESOCUPADO,0,28,55,120,0,0
1790179616138,sala01,1926,1790179616138,0,0,DESOCUPADO,0,28,55,120,0,0
1790179618138,sala01,1927,1790179618138,0,0,DESOCUPADO,0,28,55,120,0,0
1790179620138,sala01,1928,1790179620138,0,0,DESOCUPADO,0,28,55,120,0,0
1790179622138,sala01,1929,1790179622138,0,0,DESOCUPADO,0,28,55,120,0,0
1790179624138,sala01,1930,1790179624138,0,0,DESOCUPADO,0,28,55,120,0,0
1790179626138,sala01,1931,1790179626138,0,0,DESOCUPADO,0,28,55,120,0,0
1790179628138,sala01,1932,1790179628138,0,0,DESOCUPADO,0,28,55,120,0,0
1790179630138,sala01,1933,1790179630138,0,0,DESOCUPADO,0,28,55,120,0,0
1790179632138,sala01,1934,1790179632138,0,0,DESOCUPADO,0,28,55,120,0,0
1790179634138,sala01,1935,1790179634138,0,0,DESOCUPADO,0,28,55,120,0,0
1790179636138,sala01,1936,1790179636138,0,0,DESOCUPADO,0,28,55,120,0,0
1790179638138,sala01,1937,1790179638138,0,0,DESOCUPADO,0,28,55,120,0,0
1790179640138,sala01,1938,1790179640138,0,0,DESOCUPADO,0,28,55,120,0,0
1790179642138,sala01,1939,1790179642138,0,0,DESOCUPADO,0,28,55,120,0,0
1790179644138,sala01,1940,1790179644138,0,0,DESOCUPADO,0,28,55,120,0,0
1790179646138,sala01,1941,1790179646138,0,0,DESOCUPADO,0,28,55,120,0,0
1790179648138,sala01,1942,1790179648138,0,0,DESOCUPADO,0,28,55,120,0,0
1790179650138,sala01,1943,1790179650138,0,0,DESOCUPADO,0,28,55,120,0,0
1790179652138,sala01,1944,1790179652138,0,0,DESOCUPADO,0,28,55,120,0,0
1790179654138,sala01,1945,1790179654138,0,0,DESOCUPADO,0,28,55,120,0,0
1790179656138,sala01,1946,1790179656138,0,0,DESOCUPADO,0,28,55,120,0,0
1790179658138,sala01,1947,1790179658138,0,0,DESOCUPADO,0,28,55,120,0,0
1790179660138,sala01,1948,1790179660138,0,0,DESOCUPADO,0,28,55,120,0,0
1790179662138,sala01,1949,1790179662138,0,0,DESOCUPADO,0,28,55,120,0,0
1790179664138,sala01,1950,1790179664138,0,0,DESOCUPADO,0,28,55,120,0,0
1790179666138,sala01,1951,1790179666138,0,0,DESOCUPADO,0,28,55,120,0,0
1790179668138,sala01,1952,1790179668138,0,0,DESOCUPADO,0,28,55,120,0,0
1790179669138,sala01,1953,1790179669138,0,0,CONFIRMANDO,1,28,55,120,0,0
1790179671138,sala01,1954,1790179671138,0,0,CONFIRMANDO,1,28,55,120,0,0
1790179673138,sala01,1955,1790179673138,0,0,CONFIRMANDO,1,28,55,120,0,0
1790179675138,sala01,1956,1790179675138,0,0,CONFIRMANDO,0,28,55,120,0,0
1790179677138,sala01,1957,1790179677138,0,0,OCUPADO,1,28,55,120,1,1
1790179679138,sala01,1958,1790179679138,0,0,OCUPADO,1,28,55,120,1,1
1790179681138,sala01,1959,1790179681138,0,0,OCUPADO,1,28,55,120,1,1
1790179683138,sala01,1960,1790179683138,0,0,OCUPADO,0,28,55,120,1,1
1790179685138,sala01,1961,1790179685138,0,0,OCUPADO,1,28,55,120,1,1
1790179687138,sala01,1962,1790179687138,0,0,OCUPADO,1,28,55,120,1,1
1790179689138,sala01,1963,1790179689138,0,0,OCUPADO,1,28,55,120,1,1
1790179691138,sala01,1964,1790179691138,0,0,OCUPADO,0,28,55,120,1,1
1790179693138,sala01,1965,1790179693138,0,0,OCUPADO,1,28,55,120,1,1
1790179695138,sala01,1966,1790179695138,0,0,OCUPADO,1,28,55,120,1,1
1790179697138,sala01,1967,1790179697138,0,0,OCUPADO,1,28,55,120,1,1
1790179699138,sala01,1968,1790179699138,0,0,OCUPADO,0,28,55,120,1,1
1790179701138,sala01,1969,1790179701138,0,0,OCUPADO,1,28,55,120,1,1
1790179703138,sala01,1970,1790179703138,0,0,OCUPADO,1,28,55,120,1,1
1790179705138,sala01,1971,1790179705138,0,0,OCUPADO,1,28,55,120,1,1
1790179707138,sala01,1972,1790179707138,0,0,OCUPADO,0,28,55,120,1,1
1790179709138,sala01,1973,1790179709138,0,0,OCUPADO,1,28,55,120,1,1
1790179711138,sala01,1974,1790179711138,0,0,OCUPADO,1,28,55,120,1,1
1790179713138,sala01,1975,1790179713138,0,0,OCUPADO,1,28,55,120,1,1
1790179715138,sala01,1976,1790179715138,0,0,OCUPADO,0,28,55,120,1,1
1790179717138,sala01,1977,1790179717138,0,0,OCUPADO,1,28,55,120,1,1
1790179719138,sala01,1978,1790179719138,0,0,OCUPADO,1,28,55,120,1,1
1790179721138,sala01,1979,1790179721138,0,0,OCUPADO,1,28,55,120,1,1
1790179723138,sala01,1980,1790179723138,0,0,OCUPADO,0,28,55,120,1,1
1790179725138,sala01,1981,1790179725138,0,0,OCUPADO,1,28,55,120,1,1
1790179727138,sala01,1982,1790179727138,0,0,OCUPADO,1,28,55,120,1,1
1790179729138,sala01,1983,1790179729138,0,0,OCUPADO,1,28,55,120,1,1
1790179731138,sala01,1984,1790179731138,0,0,OCUPADO,0,28,55,120,1,1
1790179733138,sala01,1985,1790179733138,0,0,OCUPADO,1,28,55,120,1,1
1790179735138,sala01,1986,1790179735138,0,0,OCUPADO,1,28,55,120,1,1
1790179737138,sala01,1987,1790179737138,0,0,OCUPADO,1,28,55,120,1,1
1790179739138,sala01,1988,1790179739138,0,0,OCUPADO,0,28,55,120,1,1
1790179741138,sala01,1989,1790179741138,0,0,OCUPADO,1,28,55,120,1,1
1790179743138,sala01,1990,1790179743138,0,0,OCUPADO,1,28,55,120,1,1
1790179745138,sala01,1991,1790179745138,0,0,OCUPADO,1,28,55,120,1,1
1790179747138,sala01,1992,1790179747138,0,0,OCUPADO,0,28,55,120,1,1
1790179749138,sala01,1993,1790179749138,0,0,OCUPADO,1,28,55,120,1,1
1790179751138,sala01,1994,1790179751138,0,0,OCUPADO,1,28,55,120,1,1
1790179753138,sala01,1995,1790179753138,0,0,OCUPADO,1,28,55,120,1,1
1790179755138,sala01,1996,1790179755138,0,0,OCUPADO,0,28,55,120,1,1
1790179757138,sala01,1997,1790179757138,0,0,OCUPADO,1,28,55,120,1,1
1790179759138,sala01,1998,1790179759138,0,0,OCUPADO,1,28,55,120,1,1
1790179761138,sala01,1999,1790179761138,0,0,OCUPADO,1,28,55,120,1,1
1790179763138,sala01,2000,1790179763138,0,0,OCUPADO,0,28,55,120,1,1
1790179765138,sala01,2001,1790179765138,0,0,OCUPADO,1,28,55,120,1,1
1790179767138,sala01,2002,1790179767138,0,0,OCUPADO,1,28,55,120,1,1
1790179769138,sala01,2003,1790179769138,0,0,OCUPADO,1,28,55,120,1,1
1790179771138,sala01,2004,1790179771138,0,0,OCUPADO,0,28,55,120,1,1
1790179773138,sala01,2005,1790179773138,0,0,OCUPADO,1,28,55,120,1,1
1790179775138,sala01,2006,1790179775138,0,0,OCUPADO,1,28,55,120,1,1
1790179777138,sala01,2007,1790179777138,0,0,OCUPADO,1,28,55,120,1,1
1790179779138,sala01,2008,1790179779138,0,0,OCUPADO,0,28,55,120,1,1
1790179781138,sala01,2009,1790179781138,0,0,OCUPADO,1,28,55,120,1,1
1790179783138,sala01,2010,1790179783138,0,0,OCUPADO,1,28,55,120,1,1
1790179785138,sala01,2011,1790179785138,0,0,OCUPADO,1,28,55,120,1,1
1790179787138,sala01,2012,1790179787138,0,0,OCUPADO,0,28,55,120,1,1
1790179789138,sala01,2013,1790179789138,0,0,OCUPADO,1,28,55,120,1,1
1790179791138,sala01,2014,1790179791138,0,0,OCUPADO,1,28,55,120,1,1
1790179793138,sala01,2015,1790179793138,0,0,OCUPADO,1,28,55,120,1,1
1790179795138,sala01,2016,1790179795138,0,0,OCUPADO,0,28,55,120,1,1
1790179797138,sala01,2017,1790179797138,0,0,OCUPADO,1,28,55,120,1,1
1790179799138,sala01,2018,1790179799138,0,0,OCUPADO,1,28,55,120,1,1
1790179801138,sala01,2019,1790179801138,0,0,OCUPADO,1,28,55,120,1,1
1790179803138,sala01,2020,1790179803138,0,0,OCUPADO,0,28,55,120,1,1
1790179805138,sala01,2021,1790179805138,0,0,OCUPADO,1,28,55,120,1,1
1790179807138,sala01,2022,1790179807138,0,0,OCUPADO,1,28,55,120,1,1
1790179809138,sala01,2023,1790179809138,0,0,OCUPADO,1,28,55,120,1,1
1790179811138,sala01,2024,1790179811138,0,0,OCUPADO,0,28,55,120,1,1
1790179813138,sala01,2025,1790179813138,0,0,OCUPADO,1,28,55,120,1,1
1790179815138,sala01,2026,1790179815138,0,0,OCUPADO,1,28,55,120,1,1
1790179817138,sala01,2027,1790179817138,0,0,OCUPADO,1,28,55,120,1,1
1790179819138,sala01,2028,1790179819138,0,0,OCUPADO,0,28,55,120,1,1
1790179821138,sala01,2029,1790179821138,0,0,OCUPADO,1,28,55,120,1,1
1790179823138,sala01,2030,1790179823138,0,0,OCUPADO,1,28,55,120,1,1
1790179825138,sala01,2031,1790179825138,0,0,OCUPADO,1,28,55,120,1,1
1790179827138,sala01,2032,1790179827138,0,0,OCUPADO,0,28,55,120,1,1
1790179829138,sala01,2033,1790179829138,0,0,OCUPADO,1,28,55,120,1,1
1790179831138,sala01,2034,1790179831138,0,0,OCUPADO,1,28,55,120,1,1
1790179833138,sala01,2035,1790179833138,0,0,OCUPADO,1,28,55,120,1,1
1790179835138,sala01,2036,1790179835138,0,0,OCUPADO,0,28,55,120,1,1
1790179837138,sala01,2037,1790179837138,0,0,OCUPADO,1,28,55,120,1,1
1790179839138,sala01,2038,1790179839138,0,0,OCUPADO,1,28,55,120,1,1
1790179841138,sala01,2039,1790179841138,0,0,OCUPADO,1,28,55,120,1,1
1790179843138,sala01,2040,1790179843138,0,0,OCUPADO,0,28,55,120,1,1
1790179845138,sala01,2041,1790179845138,0,0,OCUPADO,1,28,55,120,1,1
1790179847138,sala01,2042,1790179847138,0,0,OCUPADO,1,28,55,120,1,1
1790179849138,sala01,2043,1790179849138,0,0,OCUPADO,1,28,55,120,1,1
1790179851138,sala01,2044,1790179851138,0,0,OCUPADO,0,28,55,120,1,1
1790179853138,sala01,2045,1790179853138,0,0,OCUPADO,1,28,55,120,1,1
1790179855138,sala01,2046,1790179855138,0,0,OCUPADO,1,28,55,120,1,1
1790179857138,sala01,2047,1790179857138,0,0,OCUPADO,1,28,55,120,1,1
1790179859138,sala01,2048,1790179859138,0,0,OCUPADO,0,28,55,120,1,1
1790179861138,sala01,2049,1790179861138,0,0,OCUPADO,1,28,55,120,1,1
1790179863138,sala01,2050,1790179863138,0,0,OCUPADO,1,28,55,120,1,1
1790179865138,sala01,2051,1790179865138,0,0,OCUPADO,1,28,55,120,1,1
1790179867138,sala01,2052,1790179867138,0,0,OCUPADO,0,28,55,120,1,1
1790179869138,sala01,2053,1790179869138,0,0,OCUPADO,1,28,55,120,1,1
1790179871138,sala01,2054,1790179871138,0,0,OCUPADO,1,28,55,120,1,1
1790179873138,sala01,2055,1790179873138,0,0,OCUPADO,1,28,55,120,1,1
1790179875138,sala01,2056,1790179875138,0,0,OCUPADO,0,28,55,120,1,1
1790179877138,sala01,2057,1790179877138,0,0,OCUPADO,1,28,55,120,1,1
1790179879138,sala01,2058,1790179879138,0,0,OCUPADO,1,28,55,120,1,1
1790179881138,sala01,2059,1790179881138,0,0,OCUPADO,1,28,55,120,1,1
1790179883138,sala01,2060,1790179883138,0,0,OCUPADO,0,28,55,120,1,1
1790179885138,sala01,2061,1790179885138,0,0,OCUPADO,1,28,55,120,1,1
1790179887138,sala01,2062,1790179887138,0,0,OCUPADO,1,28,55,120,1,1
1790179889138,sala01,2063,1790179889138,0,0,OCUPADO,1,28,55,120,1,1
1790179891138,sala01,2064,1790179891138,0,0,OCUPADO,0,28,55,120,1,1
1790179893138,sala01,2065,1790179893138,0,0,OCUPADO,1,28,55,120,1,1
1790179895138,sala01,2066,1790179895138,0,0,OCUPADO,1,28,55,120,1,1
1790179897138,sala01,2067,1790179897138,0,0,OCUPADO,1,28,55,120,1,1
1790179899138,sala01,2068,1790179899138,0,0,OCUPADO,0,28,55,120,1,1
1790179901138,sala01,2069,1790179901138,0,0,OCUPADO,1,28,55,120,1,1
1790179903138,sala01,2070,1790179903138,0,0,OCUPADO,1,28,55,120,1,1
1790179905138,sala01,2071,1790179905138,0,0,OCUPADO,1,28,55,120,1,1
1790179907138,sala01,2072,1790179907138,0,0,OCUPADO,0,28,55,120,1,1
1790179909138,sala01,2073,1790179909138,0,0,OCUPADO,1,28,55,120,1,1
1790179911138,sala01,2074,1790179911138,0,0,OCUPADO,1,28,55,120,1,1
1790179913138,sala01,2075,1790179913138,0,0,OCUPADO,1,28,55,120,1,1
1790179915138,sala01,2076,1790179915138,0,0,OCUPADO,0,28,55,120,1,1
1790179917138,sala01,2077,1790179917138,0,0,OCUPADO,1,28,55,120,1,1
1790179919138,sala01,2078,1790179919138,0,0,OCUPADO,1,28,55,120,1,1
1790179921138,sala01,2079,1790179921138,0,0,OCUPADO,1,28,55,120,1,1
1790179923138,sala01,2080,1790179923138,0,0,OCUPADO,0,28,55,120,1,1
1790179925138,sala01,2081,1790179925138,0,0,OCUPADO,1,28,55,120,1,1
1790179927138,sala01,2082,1790179927138,0,0,OCUPADO,1,28,55,120,1,1
1790179929138,sala01,2083,1790179929138,0,0,OCUPADO,1,28,55,120,1,1
1790179931138,sala01,2084,1790179931138,0,0,OCUPADO,0,28,55,120,1,1
1790179933138,sala01,2085,1790179933138,0,0,OCUPADO,1,28,55,120,1,1
1790179935138,sala01,2086,1790179935138,0,0,OCUPADO,1,28,55,120,1,1
1790179937138,sala01,2087,1790179937138,0,0,OCUPADO,1,28,55,120,1,1
1790179939138,sala01,2088,1790179939138,0,0,OCUPADO,0,28,55,120,1,1
1790179941138,sala01,2089,1790179941138,0,0,OCUPADO,1,28,55,120,1,1
1790179943138,sala01,2090,1790179943138,0,0,OCUPADO,1,28,55,120,1,1
1790179945138,sala01,2091,1790179945138,0,0,OCUPADO,1,28,55,120,1,1
1790179947138,sala01,2092,1790179947138,0,0,OCUPADO,0,28,55,120,1,1
1790179949138,sala01,2093,1790179949138,0,0,OCUPADO,1,28,55,120,1,1
1790179951138,sala01,2094,1790179951138,0,0,OCUPADO,1,28,55,120,1,1
1790179953138,sala01,2095,1790179953138,0,0,OCUPADO,1,28,55,120,1,1
1790179955138,sala01,2096,1790179955138,0,0,OCUPADO,0,28,55,120,1,1
1790179957138,sala01,2097,1790179957138,0,0,OCUPADO,1,28,55,120,1,1
1790179959138,sala01,2098,1790179959138,0,0,OCUPADO,1,28,55,120,1,1
1790179961138,sala01,2099,1790179961138,0,0,OCUPADO,1,28,55,120,1,1
1790179963138,sala01,2100,1790179963138,0,0,OCUPADO,0,28,55,120,1,1
1790179965138,sala01,2101,1790179965138,0,0,OCUPADO,1,28,55,120,1,1
1790179967138,sala01,2102,1790179967138,0,0,OCUPADO,1,28,55,120,1,1
1790179969138,sala01,2103,1790179969138,0,0,OCUPADO,1,28,55,120,1,1
1790179971138,sala01,2104,1790179971138,0,0,OCUPADO,0,28,55,120,1,1
1790179973138,sala01,2105,1790179973138,0,0,OCUPADO,1,28,55,120,1,1
1790179975138,sala01,2106,1790179975138,0,0,OCUPADO,1,28,55,120,1,1
1790179977138,sala01,2107,1790179977138,0,0,OCUPADO,1,28,55,120,1,1
1790179979138,sala01,2108,1790179979138,0,0,OCUPADO,0,28,55,120,1,1
1790179981138,sala01,2109,1790179981138,0,0,OCUPADO,1,28,55,120,1,1
1790179983138,sala01,2110,1790179983138,0,0,OCUPADO,1,28,55,120,1,1
1790179985138,sala01,2111,1790179985138,0,0,OCUPADO,1,28,55,120,1,1
1790179987138,sala01,2112,1790179987138,0,0,OCUPADO,0,28,55,120,1,1
1790179989138,sala01,2113,1790179989138,0,0,OCUPADO,1,28,55,120,1,1
1790179991138,sala01,2114,1790179991138,0,0,OCUPADO,1,28,55,120,1,1
1790179993138,sala01,2115,1790179993138,0,0,OCUPADO,1,28,55,120,1,1
1790179995138,sala01,2116,1790179995138,0,0,OCUPADO,0,28,55,120,1,1
1790179997138,sala01,2117,1790179997138,0,0,OCUPADO,1,28,55,120,1,1
1790179999138,sala01,2118,1790179999138,0,0,OCUPADO,1,28,55,120,1,1
1790180001138,sala01,2119,1790180001138,0,0,OCUPADO,1,28,55,120,1,1
1790180003138,sala01,2120,1790180003138,0,0,OCUPADO,0,28,55,120,1,1
1790180005138,sala01,2121,1790180005138,0,0,OCUPADO,1,28,55,120,1,1
1790180007138,sala01,2122,1790180007138,0,0,OCUPADO,1,28,55,120,1,1
1790180009138,sala01,2123,1790180009138,0,0,OCUPADO,1,28,55,120,1,1
1790180011138,sala01,2124,1790180011138,0,0,OCUPADO,0,28,55,120,1,1
1790180013138,sala01,2125,1790180013138,0,0,OCUPADO,1,28,55,120,1,1
1790180015138,sala01,2126,1790180015138,0,0,OCUPADO,1,28,55,120,1,1
1790180017138,sala01,2127,1790180017138,0,0,OCUPADO,1,28,55,120,1,1
1790180019138,sala01,2128,1790180019138,0,0,OCUPADO,0,28,55,120,1,1
1790180021138,sala01,2129,1790180021138,0,0,OCUPADO,1,28,55,120,1,1
1790180023138,sala01,2130,1790180023138,0,0,OCUPADO,1,28,55,120,1,1
1790180025138,sala01,2131,1790180025138,0,0,OCUPADO,1,28,55,120,1,1
1790180027138,sala01,2132,1790180027138,0,0,OCUPADO,0,28,55,120,1,1
1790180029138,sala01,2133,1790180029138,0,0,OCUPADO,1,28,55,120,1,1
1790180031138,sala01,2134,1790180031138,0,0,OCUPADO,1,28,55,120,1,1
1790180033138,sala01,2135,1790180033138,0,0,OCUPADO,1,28,55,120,1,1
1790180035138,sala01,2136,1790180035138,0,0,OCUPADO,0,28,55,120,1,1
1790180037138,sala01,2137,1790180037138,0,0,OCUPADO,1,28,55,120,1,1
1790180039138,sala01,2138,1790180039138,0,0,OCUPADO,1,28,55,120,1,1
1790180041138,sala01,2139,1790180041138,0,0,OCUPADO,1,28,55,120,1,1
1790180043138,sala01,2140,1790180043138,0,0,OCUPADO,0,28,55,120,1,1
1790180045138,sala01,2141,1790180045138,0,0,OCUPADO,1,28,55,120,1,1
1790180047138,sala01,2142,1790180047138,0,0,OCUPADO,1,28,55,120,1,1
1790180049138,sala01,2143,1790180049138,0,0,OCUPADO,1,28,55,120,1,1
1790180051138,sala01,2144,1790180051138,0,0,OCUPADO,0,28,55,120,1,1
1790180053138,sala01,2145,1790180053138,0,0,OCUPADO,1,28,55,120,1,1
1790180055138,sala01,2146,1790180055138,0,0,OCUPADO,1,28,55,120,1,1
1790180057138,sala01,2147,1790180057138,0,0,OCUPADO,1,28,55,120,1,1
1790180059138,sala01,2148,1790180059138,0,0,OCUPADO,0,28,55,120,1,1
1790180061138,sala01,2149,1790180061138,0,0,OCUPADO,1,28,55,120,1,1
1790180063138,sala01,2150,1790180063138,0,0,OCUPADO,1,28,55,120,1,1
1790180065138,sala01,2151,1790180065138,0,0,OCUPADO,1,28,55,120,1,1
1790180067138,sala01,2152,1790180067138,0,0,OCUPADO,0,28,55,120,1,1
1790180069138,sala01,2153,1790180069138,0,0,OCUPADO,1,28,55,120,1,1
1790180071138,sala01,2154,1790180071138,0,0,OCUPADO,1,28,55,120,1,1
1790180073138,sala01,2155,1790180073138,0,0,OCUPADO,1,28,55,120,1,1
1790180075138,sala01,2156,1790180075138,0,0,OCUPADO,0,28,55,120,1,1
1790180077138,sala01,2157,1790180077138,0,0,OCUPADO,1,28,55,120,1,1
1790180079138,sala01,2158,1790180079138,0,0,OCUPADO,1,28,55,120,1,1
1790180081138,sala01,2159,1790180081138,0,0,OCUPADO,1,28,55,120,1,1
1790180083138,sala01,2160,1790180083138,0,0,OCUPADO,0,28,55,120,1,1
1790180085138,sala01,2161,1790180085138,0,0,OCUPADO,1,28,55,120,1,1
1790180087138,sala01,2162,1790180087138,0,0,OCUPADO,1,28,55,120,1,1
1790180089138,sala01,2163,1790180089138,0,0,OCUPADO,1,28,55,120,1,1
1790180091138,sala01,2164,1790180091138,0,0,OCUPADO,0,28,55,120,1,1
1790180093138,sala01,2165,1790180093138,0,0,OCUPADO,1,28,55,120,1,1
1790180095138,sala01,2166,1790180095138,0,0,OCUPADO,1,28,55,120,1,1
1790180097138,sala01,2167,1790180097138,0,0,OCUPADO,1,28,55,120,1,1
1790180099138,sala01,2168,1790180099138,0,0,OCUPADO,0,28,55,120,1,1
1790180101138,sala01,2169,1790180101138,0,0,OCUPADO,1,28,55,120,1,1
1790180103138,sala01,2170,1790180103138,0,0,OCUPADO,1,28,55,120,1,1
1790180105138,sala01,2171,1790180105138,0,0,OCUPADO,1,28,55,120,1,1
1790180107138,sala01,2172,1790180107138,0,0,OCUPADO,0,28,55,120,1,1
1790180109138,sala01,2173,1790180109138,0,0,OCUPADO,1,28,55,120,1,1
1790180111138,sala01,2174,1790180111138,0,0,OCUPADO,1,28,55,120,1,1
1790180113138,sala01,2175,1790180113138,0,0,OCUPADO,1,28,55,120,1,1
1790180115138,sala01,2176,1790180115138,0,0,OCUPADO,0,28,55,120,1,1
1790180117138,sala01,2177,1790180117138,0,0,OCUPADO,1,28,55,120,1,1
1790180119138,sala01,2178,1790180119138,0,0,OCUPADO,1,28,55,120,1,1
1790180121138,sala01,2179,1790180121138,0,0,OCUPADO,1,28,55,120,1,1
1790180123138,sala01,2180,1790180123138,0,0,OCUPADO,0,28,55,120,1,1
1790180125138,sala01,2181,1790180125138,0,0,OCUPADO,1,28,55,120,1,1
1790180127138,sala01,2182,1790180127138,0,0,OCUPADO,1,28,55,120,1,1
1790180129138,sala01,2183,1790180129138,0,0,OCUPADO,1,28,55,120,1,1
1790180131138,sala01,2184,1790180131138,0,0,OCUPADO,0,28,55,120,1,1
1790180133138,sala01,2185,1790180133138,0,0,OCUPADO,1,28,55,120,1,1
1790180135138,sala01,2186,1790180135138,0,0,OCUPADO,1,28,55,120,1,1
1790180137138,sala01,2187,1790180137138,0,0,OCUPADO,1,28,55,120,1,1
1790180139138,sala01,2188,1790180139138,0,0,OCUPADO,0,28,55,120,1,1
1790180141138,sala01,2189,1790180141138,0,0,OCUPADO,1,28,55,120,1,1
1790180143138,sala01,2190,1790180143138,0,0,OCUPADO,1,28,55,120,1,1
1790180145138,sala01,2191,1790180145138,0,0,OCUPADO,1,28,55,120,1,1
1790180147138,sala01,2192,1790180147138,0,0,OCUPADO,0,28,55,120,1,1
1790180149138,sala01,2193,1790180149138,0,0,OCUPADO,1,28,55,120,1,1
1790180151138,sala01,2194,1790180151138,0,0,OCUPADO,1,28,55,120,1,1
1790180153138,sala01,2195,1790180153138,0,0,OCUPADO,1,28,55,120,1,1
1790180155138,sala01,2196,1790180155138,0,0,OCUPADO,0,28,55,120,1,1
1790180157138,sala01,2197,1790180157138,0,0,OCUPADO,1,28,55,120,1,1
1790180159138,sala01,2198,1790180159138,0,0,OCUPADO,1,28,55,120,1,1
1790180161138,sala01,2199,1790180161138,0,0,OCUPADO,1,28,55,120,1,1
1790180163138,sala01,2200,1790180163138,0,0,OCUPADO,0,28,55,120,1,1
1790180165138,sala01,2201,1790180165138,0,0,OCUPADO,1,28,55,120,1,1
1790180167138,sala01,2202,1790180167138,0,0,OCUPADO,1,28,55,120,1,1
1790180169138,sala01,2203,1790180169138,0,0,OCUPADO,1,28,55,120,1,1
1790180171138,sala01,2204,1790180171138,0,0,OCUPADO,0,28,55,120,1,1
1790180173138,sala01,2205,1790180173138,0,0,OCUPADO,1,28,55,120,1,1
1790180175138,sala01,2206,1790180175138,0,0,OCUPADO,1,28,55,120,1,1
1790180177138,sala01,2207,1790180177138,0,0,OCUPADO,1,28,55,120,1,1
1790180179138,sala01,2208,1790180179138,0,0,OCUPADO,0,28,55,120,1,1
1790180181138,sala01,2209,1790180181138,0,0,OCUPADO,1,28,55,120,1,1
1790180183138,sala01,2210,1790180183138,0,0,OCUPADO,1,28,55,120,1,1
1790180185138,sala01,2211,1790180185138,0,0,OCUPADO,1,28,55,120,1,1
1790180187138,sala01,2212,1790180187138,0,0,OCUPADO,0,28,55,120,1,1
1790180189138,sala01,2213,1790180189138,0,0,OCUPADO,1,28,55,120,1,1
1790180191138,sala01,2214,1790180191138,0,0,OCUPADO,1,28,55,120,1,1
1790180193138,sala01,2215,1790180193138,0,0,OCUPADO,1,28,55,120,1,1
1790180195138,sala01,2216,1790180195138,0,0,OCUPADO,0,28,55,120,1,1
1790180197138,sala01,2217,1790180197138,0,0,OCUPADO,1,28,55,120,1,1
1790180199138,sala01,2218,1790180199138,0,0,OCUPADO,1,28,55,120,1,1
1790180201138,sala01,2219,1790180201138,0,0,OCUPADO,1,28,55,120,1,1
1790180203138,sala01,2220,1790180203138,0,0,OCUPADO,0,28,55,120,1,1
1790180205138,sala01,2221,1790180205138,0,0,OCUPADO,1,28,55,120,1,1
1790180207138,sala01,2222,1790180207138,0,0,OCUPADO,1,28,55,120,1,1
1790180209138,sala01,2223,1790180209138,0,0,OCUPADO,1,28,55,120,1,1
1790180211138,sala01,2224,1790180211138,0,0,OCUPADO,0,28,55,120,1,1
1790180213138,sala01,2225,1790180213138,0,0,OCUPADO,1,28,55,120,1,1
1790180215138,sala01,2226,1790180215138,0,0,OCUPADO,1,28,55,120,1,1
1790180217138,sala01,2227,1790180217138,0,0,OCUPADO,1,28,55,120,1,1
1790180219138,sala01,2228,1790180219138,0,0,OCUPADO,0,28,55,120,1,1
1790180221138,sala01,2229,1790180221138,0,0,OCUPADO,1,28,55,120,1,1
1790180223138,sala01,2230,1790180223138,0,0,OCUPADO,1,28,55,120,1,1
1790180225138,sala01,2231,1790180225138,0,0,OCUPADO,1,28,55,120,1,1
1790180227138,sala01,2232,1790180227138,0,0,OCUPADO,0,28,55,120,1,1
1790180229138,sala01,2233,1790180229138,0,0,OCUPADO,1,28,55,120,1,1
1790180231138,sala01,2234,1790180231138,0,0,OCUPADO,1,28,55,120,1,1
1790180233138,sala01,2235,1790180233138,0,0,OCUPADO,1,28,55,120,1,1
1790180235138,sala01,2236,1790180235138,0,0,OCUPADO,0,28,55,120,1,1
1790180237138,sala01,2237,1790180237138,0,0,OCUPADO,1,28,55,120,1,1
1790180239138,sala01,2238,1790180239138,0,0,OCUPADO,1,28,55,120,1,1
1790180241138,sala01,2239,1790180241138,0,0,OCUPADO,1,28,55,120,1,1
1790180243138,sala01,2240,1790180243138,0,0,OCUPADO,0,28,55,120,1,1
1790180245138,sala01,2241,1790180245138,0,0,OCUPADO,1,28,55,120,1,1
1790180247138,sala01,2242,1790180247138,0,0,OCUPADO,1,28,55,120,1,1
1790180249138,sala01,2243,1790180249138,0,0,OCUPADO,1,28,55,120,1,1
1790180251138,sala01,2244,1790180251138,0,0,OCUPADO,0,28,55,120,1,1
1790180253138,sala01,2245,1790180253138,0,0,OCUPADO,1,28,55,120,1,1
1790180255138,sala01,2246,1790180255138,0,0,OCUPADO,1,28,55,120,1,1
1790180257138,sala01,2247,1790180257138,0,0,OCUPADO,1,28,55,120,1,1
1790180259138,sala01,2248,1790180259138,0,0,OCUPADO,0,28,55,120,1,1
1790180261138,sala01,2249,1790180261138,0,0,OCUPADO,1,28,55,120,1,1
1790180263138,sala01,2250,1790180263138,0,0,OCUPADO,1,28,55,120,1,1
1790180265138,sala01,2251,1790180265138,0,0,OCUPADO,1,28,55,120,1,1
1790180267138,sala01,2252,1790180267138,0,0,OCUPADO,0,28,55,120,1,1
1790180269138,sala01,2253,1790180269138,0,0,OCUPADO,1,28,55,120,1,1
1790180271138,sala01,2254,1790180271138,0,0,OCUPADO,1,28,55,120,1,1
1790180273138,sala01,2255,1790180273138,0,0,OCUPADO,1,28,55,120,1,1
1790180275138,sala01,2256,1790180275138,0,0,OCUPADO,0,28,55,120,1,1
1790180277138,sala01,2257,1790180277138,0,0,OCUPADO,1,28,55,120,1,1
1790180279138,sala01,2258,1790180279138,0,0,OCUPADO,1,28,55,120,1,1
1790180281138,sala01,2259,1790180281138,0,0,OCUPADO,1,28,55,120,1,1
1790180283138,sala01,2260,1790180283138,0,0,OCUPADO,0,28,55,120,1,1
1790180285138,sala01,2261,1790180285138,0,0,OCUPADO,1,28,55,120,1,1
1790180287138,sala01,2262,1790180287138,0,0,OCUPADO,1,28,55,120,1,1
1790180289138,sala01,2263,1790180289138,0,0,OCUPADO,1,28,55,120,1,1
1790180291138,sala01,2264,1790180291138,0,0,OCUPADO,0,28,55,120,1,1
1790180293138,sala01,2265,1790180293138,0,0,OCUPADO,1,28,55,120,1,1
1790180295138,sala01,2266,1790180295138,0,0,OCUPADO,1,28,55,120,1,1
1790180297138,sala01,2267,1790180297138,0,0,OCUPADO,1,28,55,120,1,1
1790180299138,sala01,2268,1790180299138,0,0,OCUPADO,0,28,55,120,1,1
1790180301138,sala01,2269,1790180301138,0,0,OCUPADO,1,28,55,120,1,1
1790180303138,sala01,2270,1790180303138,0,0,OCUPADO,1,28,55,120,1,1
1790180305138,sala01,2271,1790180305138,0,0,OCUPADO,1,28,55,120,1,1
1790180307138,sala01,2272,1790180307138,0,0,OCUPADO,0,28,55,120,1,1
1790180309138,sala01,2273,1790180309138,0,0,OCUPADO,1,28,55,120,1,1
1790180311138,sala01,2274,1790180311138,0,0,OCUPADO,1,28,55,120,1,1
1790180313138,sala01,2275,1790180313138,0,0,OCUPADO,1,28,55,120,1,1
1790180315138,sala01,2276,1790180315138,0,0,OCUPADO,0,28,55,120,1,1
1790180317138,sala01,2277,1790180317138,0,0,OCUPADO,1,28,55,120,1,1
1790180319138,sala01,2278,1790180319138,0,0,OCUPADO,1,28,55,120,1,1
1790180321138,sala01,2279,1790180321138,0,0,OCUPADO,1,28,55,120,1,1
1790180323138,sala01,2280,1790180323138,0,0,OCUPADO,0,28,55,120,1,1
1790180325138,sala01,2281,1790180325138,0,0,OCUPADO,1,28,55,120,1,1
1790180327138,sala01,2282,1790180327138,0,0,OCUPADO,1,28,55,120,1,1
1790180329138,sala01,2283,1790180329138,0,0,OCUPADO,1,28,55,120,1,1
1790180331138,sala01,2284,1790180331138,0,0,OCUPADO,0,28,55,120,1,1
1790180333138,sala01,2285,1790180333138,0,0,OCUPADO,1,28,55,120,1,1
1790180335138,sala01,2286,1790180335138,0,0,OCUPADO,1,28,55,120,1,1
1790180337138,sala01,2287,1790180337138,0,0,OCUPADO,1,28,55,120,1,1
1790180339138,sala01,2288,1790180339138,0,0,OCUPADO,0,28,55,120,1,1
1790180341138,sala01,2289,1790180341138,0,0,OCUPADO,1,28,55,120,1,1
1790180343138,sala01,2290,1790180343138,0,0,OCUPADO,1,28,55,120,1,1
1790180345138,sala01,2291,1790180345138,0,0,OCUPADO,1,28,55,120,1,1
1790180347138,sala01,2292,1790180347138,0,0,OCUPADO,0,28,55,120,1,1
1790180349138,sala01,2293,1790180349138,0,0,OCUPADO,1,28,55,120,1,1
1790180351138,sala01,2294,1790180351138,0,0,OCUPADO,1,28,55,120,1,1
1790180353138,sala01,2295,1790180353138,0,0,OCUPADO,1,28,55,120,1,1
1790180355138,sala01,2296,1790180355138,0,0,OCUPADO,0,28,55,120,1,1
1790180357138,sala01,2297,1790180357138,0,0,OCUPADO,1,28,55,120,1,1
1790180359138,sala01,2298,1790180359138,0,0,OCUPADO,1,28,55,120,1,1
1790180361138,sala01,2299,1790180361138,0,0,OCUPADO,1,28,55,120,1,1
1790180363138,sala01,2300,1790180363138,0,0,OCUPADO,0,28,55,120,1,1
1790180365138,sala01,2301,1790180365138,0,0,OCUPADO,1,28,55,120,1,1
1790180367138,sala01,2302,1790180367138,0,0,OCUPADO,1,28,55,120,1,1
1790180369138,sala01,2303,1790180369138,0,0,OCUPADO,1,28,55,120,1,1
1790180371138,sala01,2304,1790180371138,0,0,OCUPADO,0,28,55,120,1,1
1790180373138,sala01,2305,1790180373138,0,0,OCUPADO,1,28,55,120,1,1
1790180375138,sala01,2306,1790180375138,0,0,OCUPADO,1,28,55,120,1,1
1790180377138,sala01,2307,1790180377138,0,0,OCUPADO,1,28,55,120,1,1
1790180379138,sala01,2308,1790180379138,0,0,OCUPADO,0,28,55,120,1,1
1790180381138,sala01,2309,1790180381138,0,0,OCUPADO,1,28,55,120,1,1
1790180383138,sala01,2310,1790180383138,0,0,OCUPADO,1,28,55,120,1,1
1790180385138,sala01,2311,1790180385138,0,0,OCUPADO,1,28,55,120,1,1
1790180387138,sala01,2312,1790180387138,0,0,OCUPADO,0,28,55,120,1,1
1790180389138,sala01,2313,1790180389138,0,0,OCUPADO,1,28,55,120,1,1
1790180391138,sala01,2314,1790180391138,0,0,OCUPADO,1,28,55,120,1,1
1790180393138,sala01,2315,1790180393138,0,0,OCUPADO,1,28,55,120,1,1
1790180395138,sala01,2316,1790180395138,0,0,OCUPADO,0,28,55,120,1,1
1790180397138,sala01,2317,1790180397138,0,0,OCUPADO,1,28,55,120,1,1
1790180399138,sala01,2318,1790180399138,0,0,OCUPADO,1,28,55,120,1,1
1790180401138,sala01,2319,1790180401138,0,0,OCUPADO,1,28,55,120,1,1
1790180403138,sala01,2320,1790180403138,0,0,OCUPADO,0,28,55,120,1,1
1790180405138,sala01,2321,1790180405138,0,0,OCUPADO,1,28,55,120,1,1
1790180407138,sala01,2322,1790180407138,0,0,OCUPADO,1,28,55,120,1,1
1790180409138,sala01,2323,1790180409138,0,0,OCUPADO,1,28,55,120,1,1
1790180411138,sala01,2324,1790180411138,0,0,OCUPADO,0,28,55,120,1,1
1790180413138,sala01,2325,1790180413138,0,0,OCUPADO,1,28,55,120,1,1
1790180415138,sala01,2326,1790180415138,0,0,OCUPADO,1,28,55,120,1,1
1790180417138,sala01,2327,1790180417138,0,0,OCUPADO,1,28,55,120,1,1
1790180419138,sala01,2328,1790180419138,0,0,OCUPADO,0,28,55,120,1,1
1790180421138,sala01,2329,1790180421138,0,0,OCUPADO,1,28,55,120,1,1
1790180423138,sala01,2330,1790180423138,0,0,OCUPADO,1,28,55,120,1,1
1790180425138,sala01,2331,1790180425138,0,0,OCUPADO,1,28,55,120,1,1
1790180427138,sala01,2332,1790180427138,0,0,OCUPADO,0,28,55,120,1,1
1790180429138,sala01,2333,1790180429138,0,0,OCUPADO,1,28,55,120,1,1
1790180431138,sala01,2334,1790180431138,0,0,OCUPADO,1,28,55,120,1,1
1790180433138,sala01,2335,1790180433138,0,0,OCUPADO,1,28,55,120,1,1
1790180435138,sala01,2336,1790180435138,0,0,OCUPADO,0,28,55,120,1,1
1790180437138,sala01,2337,1790180437138,0,0,OCUPADO,1,28,55,120,1,1
1790180439138,sala01,2338,1790180439138,0,0,OCUPADO,1,28,55,120,1,1
1790180441138,sala01,2339,1790180441138,0,0,OCUPADO,1,28,55,120,1,1
1790180443138,sala01,2340,1790180443138,0,0,OCUPADO,0,28,55,120,1,1
1790180445138,sala01,2341,1790180445138,0,0,OCUPADO,1,28,55,120,1,1
1790180447138,sala01,2342,1790180447138,0,0,OCUPADO,1,28,55,120,1,1
1790180449138,sala01,2343,1790180449138,0,0,OCUPADO,1,28,55,120,1,1
1790180451138,sala01,2344,1790180451138,0,0,OCUPADO,0,28,55,120,1,1
1790180453138,sala01,2345,1790180453138,0,0,OCUPADO,1,28,55,120,1,1
1790180455138,sala01,2346,1790180455138,0,0,OCUPADO,1,28,55,120,1,1
1790180457138,sala01,2347,1790180457138,0,0,OCUPADO,1,28,55,120,1,1
1790180459138,sala01,2348,1790180459138,0,0,OCUPADO,0,28,55,120,1,1
1790180461138,sala01,2349,1790180461138,0,0,OCUPADO,1,28,55,120,1,1
1790180463138,sala01,2350,1790180463138,0,0,OCUPADO,1,28,55,120,1,1
1790180465138,sala01,2351,1790180465138,0,0,OCUPADO,1,28,55,120,1,1
1790180467138,sala01,2352,1790180467138,0,0,OCUPADO,0,28,55,120,1,1
1790180469138,sala01,2353,1790180469138,0,0,OCUPADO,1,28,55,120,1,1
1790180471138,sala01,2354,1790180471138,0,0,OCUPADO,1,28,55,120,1,1
1790180473138,sala01,2355,1790180473138,0,0,OCUPADO,1,28,55,120,1,1
1790180475138,sala01,2356,1790180475138,0,0,OCUPADO,0,28,55,120,1,1
1790180477138,sala01,2357,1790180477138,0,0,OCUPADO,1,28,55,120,1,1
1790180479138,sala01,2358,1790180479138,0,0,OCUPADO,1,28,55,120,1,1
1790180481138,sala01,2359,1790180481138,0,0,OCUPADO,1,28,55,120,1,1
1790180483138,sala01,2360,1790180483138,0,0,OCUPADO,0,28,55,120,1,1
1790180485138,sala01,2361,1790180485138,0,0,OCUPADO,1,28,55,120,1,1
1790180487138,sala01,2362,1790180487138,0,0,OCUPADO,1,28,55,120,1,1
1790180489138,sala01,2363,1790180489138,0,0,OCUPADO,1,28,55,120,1,1
1790180491138,sala01,2364,1790180491138,0,0,OCUPADO,0,28,55,120,1,1
1790180493138,sala01,2365,1790180493138,0,0,OCUPADO,1,28,55,120,1,1
1790180495138,sala01,2366,1790180495138,0,0,OCUPADO,1,28,55,120,1,1
1790180497138,sala01,2367,1790180497138,0,0,OCUPADO,1,28,55,120,1,1
1790180499138,sala01,2368,1790180499138,0,0,OCUPADO,0,28,55,120,1,1
1790180501138,sala01,2369,1790180501138,0,0,OCUPADO,1,28,55,120,1,1
1790180503138,sala01,2370,1790180503138,0,0,OCUPADO,1,28,55,120,1,1
1790180505138,sala01,2371,1790180505138,0,0,OCUPADO,1,28,55,120,1,1
1790180507138,sala01,2372,1790180507138,0,0,OCUPADO,0,28,55,120,1,1
1790180509138,sala01,2373,1790180509138,0,0,OCUPADO,1,28,55,120,1,1
1790180511138,sala01,2374,1790180511138,0,0,OCUPADO,1,28,55,120,1,1
1790180513138,sala01,2375,1790180513138,0,0,OCUPADO,1,28,55,120,1,1
1790180515138,sala01,2376,1790180515138,0,0,OCUPADO,0,28,55,120,1,1
1790180517138,sala01,2377,1790180517138,0,0,OCUPADO,1,28,55,120,1,1
1790180519138,sala01,2378,1790180519138,0,0,OCUPADO,1,28,55,120,1,1
1790180521138,sala01,2379,1790180521138,0,0,OCUPADO,1,28,55,120,1,1
1790180523138,sala01,2380,1790180523138,0,0,OCUPADO,0,28,55,120,1,1
1790180525138,sala01,2381,1790180525138,0,0,OCUPADO,1,28,55,120,1,1
1790180527138,sala01,2382,1790180527138,0,0,OCUPADO,1,28,55,120,1,1
1790180529138,sala01,2383,1790180529138,0,0,OCUPADO,1,28,55,120,1,1
1790180531138,sala01,2384,1790180531138,0,0,OCUPADO,0,28,55,120,1,1
1790180533138,sala01,2385,1790180533138,0,0,OCUPADO,1,28,55,120,1,1
1790180535138,sala01,2386,1790180535138,0,0,OCUPADO,1,28,55,120,1,1
1790180537138,sala01,2387,1790180537138,0,0,OCUPADO,1,28,55,120,1,1
1790180539138,sala01,2388,1790180539138,0,0,OCUPADO,0,28,55,120,1,1
1790180541138,sala01,2389,1790180541138,0,0,OCUPADO,1,28,55,120,1,1
1790180543138,sala01,2390,1790180543138,0,0,OCUPADO,1,28,55,120,1,1
1790180545138,sala01,2391,1790180545138,0,0,OCUPADO,1,28,55,120,1,1
1790180547138,sala01,2392,1790180547138,0,0,OCUPADO,0,28,55,120,1,1
1790180549138,sala01,2393,1790180549138,0,0,OCUPADO,1,28,55,120,1,1
1790180551138,sala01,2394,1790180551138,0,0,OCUPADO,1,28,55,120,1,1
1790180553138,sala01,2395,1790180553138,0,0,OCUPADO,1,28,55,120,1,1
1790180555138,sala01,2396,1790180555138,0,0,OCUPADO,0,28,55,120,1,1
1790180557138,sala01,2397,1790180557138,0,0,OCUPADO,1,28,55,120,1,1
1790180559138,sala01,2398,1790180559138,0,0,OCUPADO,1,28,55,120,1,1
1790180561138,sala01,2399,1790180561138,0,0,OCUPADO,1,28,55,120,1,1
1790180563138,sala01,2400,1790180563138,0,0,OCUPADO,0,28,55,120,1,1
1790180565138,sala01,2401,1790180565138,0,0,OCUPADO,1,28,55,120,1,1
1790180567138,sala01,2402,1790180567138,0,0,OCUPADO,1,28,55,120,1,1
1790180569138,sala01,2403,1790180569138,0,0,OCUPADO,1,28,55,120,1,1
1790180571138,sala01,2404,1790180571138,0,0,OCUPADO,0,28,55,120,1,1
1790180573138,sala01,2405,1790180573138,0,0,OCUPADO,1,28,55,120,1,1
1790180575138,sala01,2406,1790180575138,0,0,OCUPADO,1,28,55,120,1,1
1790180577138,sala01,2407,1790180577138,0,0,OCUPADO,1,28,55,120,1,1
1790180579138,sala01,2408,1790180579138,0,0,OCUPADO,0,28,55,120,1,1
1790180581138,sala01,2409,1790180581138,0,0,OCUPADO,1,28,55,120,1,1
1790180583138,sala01,2410,1790180583138,0,0,OCUPADO,1,28,55,120,1,1
1790180585138,sala01,2411,1790180585138,0,0,OCUPADO,1,28,55,120,1,1
1790180587138,sala01,2412,1790180587138,0,0,OCUPADO,0,28,55,120,1,1
1790180589138,sala01,2413,1790180589138,0,0,OCUPADO,1,28,55,120,1,1
1790180591138,sala01,2414,1790180591138,0,0,OCUPADO,1,28,55,120,1,1
1790180593138,sala01,2415,1790180593138,0,0,OCUPADO,1,28,55,120,1,1
1790180595138,sala01,2416,1790180595138,0,0,OCUPADO,0,28,55,120,1,1
1790180597138,sala01,2417,1790180597138,0,0,OCUPADO,1,28,55,120,1,1
1790180599138,sala01,2418,1790180599138,0,0,OCUPADO,1,28,55,120,1,1
1790180601138,sala01,2419,1790180601138,0,0,OCUPADO,1,28,55,120,1,1
1790180603138,sala01,2420,1790180603138,0,0,OCUPADO,0,28,55,120,1,1
1790180605138,sala01,2421,1790180605138,0,0,OCUPADO,1,28,55,120,1,1
1790180607138,sala01,2422,1790180607138,0,0,OCUPADO,1,28,55,120,1,1
1790180609138,sala01,2423,1790180609138,0,0,OCUPADO,1,28,55,120,1,1
1790180611138,sala01,2424,1790180611138,0,0,OCUPADO,0,28,55,120,1,1
1790180613138,sala01,2425,1790180613138,0,0,OCUPADO,1,28,55,120,1,1
1790180615138,sala01,2426,1790180615138,0,0,OCUPADO,1,28,55,120,1,1
1790180617138,sala01,2427,1790180617138,0,0,OCUPADO,1,28,55,120,1,1
1790180619138,sala01,2428,1790180619138,0,0,OCUPADO,0,28,55,120,1,1
1790180621138,sala01,2429,1790180621138,0,0,OCUPADO,1,28,55,120,1,1
1790180623138,sala01,2430,1790180623138,0,0,OCUPADO,1,28,55,120,1,1
1790180625138,sala01,2431,1790180625138,0,0,OCUPADO,1,28,55,120,1,1
1790180627138,sala01,2432,1790180627138,0,0,OCUPADO,0,28,55,120,1,1
1790180629138,sala01,2433,1790180629138,0,0,OCUPADO,1,28,55,120,1,1
1790180631138,sala01,2434,1790180631138,0,0,OCUPADO,1,28,55,120,1,1
1790180633138,sala01,2435,1790180633138,0,0,OCUPADO,1,28,55,120,1,1
1790180635138,sala01,2436,1790180635138,0,0,OCUPADO,0,28,55,120,1,1
1790180637138,sala01,2437,1790180637138,0,0,OCUPADO,1,28,55,120,1,1
1790180639138,sala01,2438,1790180639138,0,0,OCUPADO,1,28,55,120,1,1
1790180641138,sala01,2439,1790180641138,0,0,OCUPADO,1,28,55,120,1,1
1790180643138,sala01,2440,1790180643138,0,0,OCUPADO,0,28,55,120,1,1
1790180645138,sala01,2441,1790180645138,0,0,OCUPADO,1,28,55,120,1,1
1790180647138,sala01,2442,1790180647138,0,0,OCUPADO,1,28,55,120,1,1
1790180649138,sala01,2443,1790180649138,0,0,OCUPADO,1,28,55,120,1,1
1790180651138,sala01,2444,1790180651138,0,0,OCUPADO,0,28,55,120,1,1
1790180653138,sala01,2445,1790180653138,0,0,OCUPADO,1,28,55,120,1,1
1790180655138,sala01,2446,1790180655138,0,0,OCUPADO,1,28,55,120,1,1
1790180657138,sala01,2447,1790180657138,0,0,OCUPADO,1,28,55,120,1,1
1790180659138,sala01,2448,1790180659138,0,0,OCUPADO,0,28,55,120,1,1
1790180661138,sala01,2449,1790180661138,0,0,OCUPADO,1,28,55,120,1,1
1790180663138,sala01,2450,1790180663138,0,0,OCUPADO,1,28,55,120,1,1
1790180665138,sala01,2451,1790180665138,0,0,OCUPADO,1,28,55,120,1,1
1790180667138,sala01,2452,1790180667138,0,0,OCUPADO,0,28,55,120,1,1
1790180669138,sala01,2453,1790180669138,0,0,OCUPADO,1,28,55,120,1,1
1790180671138,sala01,2454,1790180671138,0,0,OCUPADO,1,28,55,120,1,1
1790180673138,sala01,2455,1790180673138,0,0,OCUPADO,1,28,55,120,1,1
1790180675138,sala01,2456,1790180675138,0,0,OCUPADO,0,28,55,120,1,1
1790180677138,sala01,2457,1790180677138,0,0,OCUPADO,1,28,55,120,1,1
1790180679138,sala01,2458,1790180679138,0,0,OCUPADO,1,28,55,120,1,1
1790180681138,sala01,2459,1790180681138,0,0,OCUPADO,1,28,55,120,1,1
1790180683138,sala01,2460,1790180683138,0,0,OCUPADO,0,28,55,120,1,1
1790180685138,sala01,2461,1790180685138,0,0,OCUPADO,1,28,55,120,1,1
1790180687138,sala01,2462,1790180687138,0,0,OCUPADO,1,28,55,120,1,1
1790180689138,sala01,2463,1790180689138,0,0,OCUPADO,1,28,55,120,1,1
1790180691138,sala01,2464,1790180691138,0,0,OCUPADO,0,28,55,120,1,1
1790180693138,sala01,2465,1790180693138,0,0,OCUPADO,1,28,55,120,1,1
1790180695138,sala01,2466,1790180695138,0,0,OCUPADO,1,28,55,120,1,1
1790180697138,sala01,2467,1790180697138,0,0,OCUPADO,1,28,55,120,1,1
1790180699138,sala01,2468,1790180699138,0,0,OCUPADO,0,28,55,120,1,1
1790180701138,sala01,2469,1790180701138,0,0,OCUPADO,1,28,55,120,1,1
1790180703138,sala01,2470,1790180703138,0,0,OCUPADO,1,28,55,120,1,1
1790180705138,sala01,2471,1790180705138,0,0,OCUPADO,1,28,55,120,1,1
1790180707138,sala01,2472,1790180707138,0,0,OCUPADO,0,28,55,120,1,1
1790180709138,sala01,2473,1790180709138,0,0,OCUPADO,1,28,55,120,1,1
1790180711138,sala01,2474,1790180711138,0,0,OCUPADO,1,28,55,120,1,1
1790180713138,sala01,2475,1790180713138,0,0,OCUPADO,1,28,55,120,1,1
1790180715138,sala01,2476,1790180715138,0,0,OCUPADO,0,28,55,120,1,1
1790180717138,sala01,2477,1790180717138,0,0,OCUPADO,1,28,55,120,1,1
1790180719138,sala01,2478,1790180719138,0,0,OCUPADO,1,28,55,120,1,1
1790180721138,sala01,2479,1790180721138,0,0,OCUPADO,1,28,55,120,1,1
1790180723138,sala01,2480,1790180723138,0,0,OCUPADO,0,28,55,120,1,1
1790180725138,sala01,2481,1790180725138,0,0,OCUPADO,1,28,55,120,1,1
1790180727138,sala01,2482,1790180727138,0,0,OCUPADO,1,28,55,120,1,1
1790180729138,sala01,2483,1790180729138,0,0,OCUPADO,1,28,55,120,1,1
1790180731138,sala01,2484,1790180731138,0,0,OCUPADO,0,28,55,120,1,1
1790180733138,sala01,2485,1790180733138,0,0,OCUPADO,1,28,55,120,1,1
1790180735138,sala01,2486,1790180735138,0,0,OCUPADO,1,28,55,120,1,1
1790180737138,sala01,2487,1790180737138,0,0,OCUPADO,1,28,55,120,1,1
1790180739138,sala01,2488,1790180739138,0,0,OCUPADO,0,28,55,120,1,1
1790180741138,sala01,2489,1790180741138,0,0,OCUPADO,1,28,55,120,1,1
1790180743138,sala01,2490,1790180743138,0,0,OCUPADO,1,28,55,120,1,1
1790180745138,sala01,2491,1790180745138,0,0,OCUPADO,1,28,55,120,1,1
1790180747138,sala01,2492,1790180747138,0,0,OCUPADO,0,28,55,120,1,1
1790180749138,sala01,2493,1790180749138,0,0,OCUPADO,1,28,55,120,1,1
1790180751138,sala01,2494,1790180751138,0,0,OCUPADO,1,28,55,120,1,1
1790180753138,sala01,2495,1790180753138,0,0,OCUPADO,1,28,55,120,1,1
1790180755138,sala01,2496,1790180755138,0,0,OCUPADO,0,28,55,120,1,1
1790180757138,sala01,2497,1790180757138,0,0,OCUPADO,1,28,55,120,1,1
1790180759138,sala01,2498,1790180759138,0,0,OCUPADO,1,28,55,120,1,1
1790180761138,sala01,2499,1790180761138,0,0,OCUPADO,1,28,55,120,1,1
1790180763138,sala01,2500,1790180763138,0,0,OCUPADO,0,28,55,120,1,1
1790180765138,sala01,2501,1790180765138,0,0,OCUPADO,1,28,55,120,1,1
1790180767138,sala01,2502,1790180767138,0,0,OCUPADO,1,28,55,120,1,1
1790180769138,sala01,2503,1790180769138,0,0,OCUPADO,1,28,55,120,1,1
1790180771138,sala01,2504,1790180771138,0,0,OCUPADO,0,28,55,120,1,1
1790180773138,sala01,2505,1790180773138,0,0,OCUPADO,1,28,55,120,1,1
1790180775138,sala01,2506,1790180775138,0,0,OCUPADO,1,28,55,120,1,1
1790180777138,sala01,2507,1790180777138,0,0,OCUPADO,1,28,55,120,1,1
1790180779138,sala01,2508,1790180779138,0,0,OCUPADO,0,28,55,120,1,1
1790180781138,sala01,2509,1790180781138,0,0,OCUPADO,1,28,55,120,1,1
1790180783138,sala01,2510,1790180783138,0,0,OCUPADO,1,28,55,120,1,1
1790180785138,sala01,2511,1790180785138,0,0,OCUPADO,1,28,55,120,1,1
1790180787138,sala01,2512,1790180787138,0,0,OCUPADO,0,28,55,120,1,1
1790180789138,sala01,2513,1790180789138,0,0,OCUPADO,1,28,55,120,1,1
1790180791138,sala01,2514,1790180791138,0,0,OCUPADO,1,28,55,120,1,1
1790180793138,sala01,2515,1790180793138,0,0,OCUPADO,1,28,55,120,1,1
1790180795138,sala01,2516,1790180795138,0,0,OCUPADO,0,28,55,120,1,1
1790180797138,sala01,2517,1790180797138,0,0,OCUPADO,1,28,55,120,1,1
1790180799138,sala01,2518,1790180799138,0,0,OCUPADO,1,28,55,120,1,1
1790180801138,sala01,2519,1790180801138,0,0,OCUPADO,1,28,55,120,1,1
1790180803138,sala01,2520,1790180803138,0,0,OCUPADO,0,28,55,120,1,1
1790180805138,sala01,2521,1790180805138,0,0,OCUPADO,1,28,55,120,1,1
1790180807138,sala01,2522,1790180807138,0,0,OCUPADO,1,28,55,120,1,1
1790180809138,sala01,2523,1790180809138,0,0,OCUPADO,1,28,55,120,1,1
1790180811138,sala01,2524,1790180811138,0,0,OCUPADO,0,28,55,120,1,1
1790180813138,sala01,2525,1790180813138,0,0,OCUPADO,1,28,55,120,1,1
1790180815138,sala01,2526,1790180815138,0,0,OCUPADO,1,28,55,120,1,1
1790180817138,sala01,2527,1790180817138,0,0,OCUPADO,1,28,55,120,1,1
1790180819138,sala01,2528,1790180819138,0,0,OCUPADO,0,28,55,120,1,1
1790180821138,sala01,2529,1790180821138,0,0,OCUPADO,1,28,55,120,1,1
1790180823138,sala01,2530,1790180823138,0,0,OCUPADO,1,28,55,120,1,1
1790180825138,sala01,2531,1790180825138,0,0,OCUPADO,1,28,55,120,1,1
1790180827138,sala01,2532,1790180827138,0,0,OCUPADO,0,28,55,120,1,1
1790180829138,sala01,2533,1790180829138,0,0,OCUPADO,1,28,55,120,1,1
1790180831138,sala01,2534,1790180831138,0,0,OCUPADO,1,28,55,120,1,1
1790180833138,sala01,2535,1790180833138,0,0,OCUPADO,1,28,55,120,1,1
1790180835138,sala01,2536,1790180835138,0,0,OCUPADO,0,28,55,120,1,1
1790180837138,sala01,2537,1790180837138,0,0,OCUPADO,1,28,55,120,1,1
1790180839138,sala01,2538,1790180839138,0,0,OCUPADO,1,28,55,120,1,1
1790180841138,sala01,2539,1790180841138,0,0,OCUPADO,1,28,55,120,1,1
1790180843138,sala01,2540,1790180843138,0,0,OCUPADO,0,28,55,120,1,1
1790180845138,sala01,2541,1790180845138,0,0,OCUPADO,1,28,55,120,1,1
1790180847138,sala01,2542,1790180847138,0,0,OCUPADO,1,28,55,120,1,1
1790180849138,sala01,2543,1790180849138,0,0,OCUPADO,1,28,55,120,1,1
1790180851138,sala01,2544,1790180851138,0,0,OCUPADO,0,28,55,120,1,1
1790180853138,sala01,2545,1790180853138,0,0,OCUPADO,1,28,55,120,1,1
1790180855138,sala01,2546,1790180855138,0,0,OCUPADO,1,28,55,120,1,1
1790180857138,sala01,2547,1790180857138,0,0,OCUPADO,1,28,55,120,1,1
1790180859138,sala01,2548,1790180859138,0,0,OCUPADO,0,28,55,120,1,1
1790180861138,sala01,2549,1790180861138,0,0,OCUPADO,1,28,55,120,1,1
1790180863138,sala01,2550,1790180863138,0,0,OCUPADO,1,28,55,120,1,1
1790180865138,sala01,2551,1790180865138,0,0,OCUPADO,1,28,55,120,1,1
1790180867138,sala01,2552,1790180867138,0,0,OCUPADO,0,28,55,120,1,1
1790180869138,sala01,2553,1790180869138,0,0,OCUPADO,1,28,55,120,1,1
1790180871138,sala01,2554,1790180871138,0,0,OCUPADO,1,28,55,120,1,1
1790180873138,sala01,2555,1790180873138,0,0,OCUPADO,1,28,55,120,1,1
1790180875138,sala01,2556,1790180875138,0,0,OCUPADO,0,28,55,120,1,1
1790180877138,sala01,2557,1790180877138,0,0,OCUPADO,1,28,55,120,1,1
1790180879138,sala01,2558,1790180879138,0,0,OCUPADO,1,28,55,120,1,1
1790180881138,sala01,2559,1790180881138,0,0,OCUPADO,1,28,55,120,1,1
1790180883138,sala01,2560,1790180883138,0,0,OCUPADO,0,28,55,120,1,1
1790180885138,sala01,2561,1790180885138,0,0,OCUPADO,1,28,55,120,1,1
1790180887138,sala01,2562,1790180887138,0,0,OCUPADO,1,28,55,120,1,1
1790180889138,sala01,2563,1790180889138,0,0,OCUPADO,1,28,55,120,1,1
1790180891138,sala01,2564,1790180891138,0,0,OCUPADO,0,28,55,120,1,1
1790180893138,sala01,2565,1790180893138,0,0,OCUPADO,1,28,55,120,1,1
1790180895138,sala01,2566,1790180895138,0,0,OCUPADO,1,28,55,120,1,1
1790180897138,sala01,2567,1790180897138,0,0,OCUPADO,1,28,55,120,1,1
1790180899138,sala01,2568,1790180899138,0,0,OCUPADO,0,28,55,120,1,1
1790180901138,sala01,2569,1790180901138,0,0,OCUPADO,1,28,55,120,1,1
1790180903138,sala01,2570,1790180903138,0,0,OCUPADO,1,28,55,120,1,1
1790180905138,sala01,2571,1790180905138,0,0,OCUPADO,1,28,55,120,1,1
1790180907138,sala01,2572,1790180907138,0,0,OCUPADO,0,28,55,120,1,1
1790180909138,sala01,2573,1790180909138,0,0,OCUPADO,1,28,55,120,1,1
1790180911138,sala01,2574,1790180911138,0,0,OCUPADO,1,28,55,120,1,1
1790180913138,sala01,2575,1790180913138,0,0,OCUPADO,1,28,55,120,1,1
1790180915138,sala01,2576,1790180915138,0,0,OCUPADO,0,28,55,120,1,1
1790180917138,sala01,2577,1790180917138,0,0,OCUPADO,1,28,55,120,1,1
1790180919138,sala01,2578,1790180919138,0,0,OCUPADO,1,28,55,120,1,1
1790180921138,sala01,2579,1790180921138,0,0,OCUPADO,1,28,55,120,1,1
1790180923138,sala01,2580,1790180923138,0,0,OCUPADO,0,28,55,120,1,1
1790180925138,sala01,2581,1790180925138,0,0,OCUPADO,1,28,55,120,1,1
1790180927138,sala01,2582,1790180927138,0,0,OCUPADO,1,28,55,120,1,1
1790180929138,sala01,2583,1790180929138,0,0,OCUPADO,1,28,55,120,1,1
1790180931138,sala01,2584,1790180931138,0,0,OCUPADO,0,28,55,120,1,1
1790180933138,sala01,2585,1790180933138,0,0,OCUPADO,1,28,55,120,1,1
1790180935138,sala01,2586,1790180935138,0,0,OCUPADO,1,28,55,120,1,1
1790180937138,sala01,2587,1790180937138,0,0,OCUPADO,1,28,55,120,1,1
1790180939138,sala01,2588,1790180939138,0,0,OCUPADO,0,28,55,120,1,1
1790180941138,sala01,2589,1790180941138,0,0,OCUPADO,1,28,55,120,1,1
1790180943138,sala01,2590,1790180943138,0,0,OCUPADO,1,28,55,120,1,1
1790180945138,sala01,2591,1790180945138,0,0,OCUPADO,1,28,55,120,1,1
1790180947138,sala01,2592,1790180947138,0,0,OCUPADO,0,28,55,120,1,1
1790180949138,sala01,2593,1790180949138,0,0,OCUPADO,1,28,55,120,1,1
1790180951138,sala01,2594,1790180951138,0,0,OCUPADO,1,28,55,120,1,1
1790180953138,sala01,2595,1790180953138,0,0,OCUPADO,1,28,55,120,1,1
1790180955138,sala01,2596,1790180955138,0,0,OCUPADO,0,28,55,120,1,1
1790180957138,sala01,2597,1790180957138,0,0,OCUPADO,1,28,55,120,1,1
1790180959138,sala01,2598,1790180959138,0,0,OCUPADO,1,28,55,120,1,1
1790180961138,sala01,2599,1790180961138,0,0,OCUPADO,1,28,55,120,1,1
1790180963138,sala01,2600,1790180963138,0,0,OCUPADO,0,28,55,120,1,1
1790180965138,sala01,2601,1790180965138,0,0,OCUPADO,1,28,55,120,1,1
1790180967138,sala01,2602,1790180967138,0,0,OCUPADO,1,28,55,120,1,1
1790180969138,sala01,2603,1790180969138,0,0,OCUPADO,1,28,55,120,1,1
1790180971138,sala01,2604,1790180971138,0,0,OCUPADO,0,28,55,120,1,1
1790180973138,sala01,2605,1790180973138,0,0,OCUPADO,1,28,55,120,1,1
1790180975138,sala01,2606,1790180975138,0,0,OCUPADO,1,28,55,120,1,1
1790180977138,sala01,2607,1790180977138,0,0,OCUPADO,1,28,55,120,1,1
1790180979138,sala01,2608,1790180979138,0,0,OCUPADO,0,28,55,120,1,1
1790180981138,sala01,2609,1790180981138,0,0,OCUPADO,1,28,55,120,1,1
1790180983138,sala01,2610,1790180983138,0,0,OCUPADO,1,28,55,120,1,1
1790180985138,sala01,2611,1790180985138,0,0,OCUPADO,1,28,55,120,1,1
1790180987138,sala01,2612,1790180987138,0,0,OCUPADO,0,28,55,120,1,1
1790180989138,sala01,2613,1790180989138,0,0,OCUPADO,1,28,55,120,1,1
1790180991138,sala01,2614,1790180991138,0,0,OCUPADO,1,28,55,120,1,1
1790180993138,sala01,2615,1790180993138,0,0,OCUPADO,1,28,55,120,1,1
1790180995138,sala01,2616,1790180995138,0,0,OCUPADO,0,28,55,120,1,1
1790180997138,sala01,2617,1790180997138,0,0,OCUPADO,1,28,55,120,1,1
1790180999138,sala01,2618,1790180999138,0,0,OCUPADO,1,28,55,120,1,1
1790181001138,sala01,2619,1790181001138,0,0,OCUPADO,1,28,55,120,1,1
1790181003138,sala01,2620,1790181003138,0,0,OCUPADO,0,28,55,120,1,1
1790181005138,sala01,2621,1790181005138,0,0,OCUPADO,1,28,55,120,1,1
1790181007138,sala01,2622,1790181007138,0,0,OCUPADO,1,28,55,120,1,1
1790181009138,sala01,2623,1790181009138,0,0,OCUPADO,1,28,55,120,1,1
1790181011138,sala01,2624,1790181011138,0,0,OCUPADO,0,28,55,120,1,1
1790181013138,sala01,2625,1790181013138,0,0,OCUPADO,1,28,55,120,1,1
1790181015138,sala01,2626,1790181015138,0,0,OCUPADO,1,28,55,120,1,1
1790181017138,sala01,2627,1790181017138,0,0,OCUPADO,1,28,55,120,1,1
1790181019138,sala01,2628,1790181019138,0,0,OCUPADO,0,28,55,120,1,1
1790181021138,sala01,2629,1790181021138,0,0,OCUPADO,1,28,55,120,1,1
1790181023138,sala01,2630,1790181023138,0,0,OCUPADO,1,28,55,120,1,1
1790181025138,sala01,2631,1790181025138,0,0,OCUPADO,1,28,55,120,1,1
1790181027138,sala01,2632,1790181027138,0,0,OCUPADO,0,28,55,120,1,1
1790181029138,sala01,2633,1790181029138,0,0,OCUPADO,1,28,55,120,1,1
1790181031138,sala01,2634,1790181031138,0,0,OCUPADO,1,28,55,120,1,1
1790181033138,sala01,2635,1790181033138,0,0,OCUPADO,1,28,55,120,1,1
1790181035138,sala01,2636,1790181035138,0,0,OCUPADO,0,28,55,120,1,1
1790181037138,sala01,2637,1790181037138,0,0,OCUPADO,1,28,55,120,1,1
1790181039138,sala01,2638,1790181039138,0,0,OCUPADO,1,28,55,120,1,1
1790181041138,sala01,2639,1790181041138,0,0,OCUPADO,1,28,55,120,1,1
1790181043138,sala01,2640,1790181043138,0,0,OCUPADO,0,28,55,120,1,1
1790181045138,sala01,2641,1790181045138,0,0,OCUPADO,1,28,55,120,1,1
1790181047138,sala01,2642,1790181047138,0,0,OCUPADO,1,28,55,120,1,1
1790181049138,sala01,2643,1790181049138,0,0,OCUPADO,1,28,55,120,1,1
1790181051138,sala01,2644,1790181051138,0,0,OCUPADO,0,28,55,120,1,1
1790181053138,sala01,2645,1790181053138,0,0,OCUPADO,1,28,55,120,1,1
1790181055138,sala01,2646,1790181055138,0,0,OCUPADO,1,28,55,120,1,1
1790181057138,sala01,2647,1790181057138,0,0,OCUPADO,1,28,55,120,1,1
1790181059138,sala01,2648,1790181059138,0,0,OCUPADO,0,28,55,120,1,1
1790181061138,sala01,2649,1790181061138,0,0,OCUPADO,1,28,55,120,1,1
1790181063138,sala01,2650,1790181063138,0,0,OCUPADO,1,28,55,120,1,1
1790181065138,sala01,2651,1790181065138,0,0,OCUPADO,1,28,55,120,1,1
1790181067138,sala01,2652,1790181067138,0,0,OCUPADO,0,28,55,120,1,1
1790181069138,sala01,2653,1790181069138,0,0,OCUPADO,1,28,55,120,1,1
1790181071138,sala01,2654,1790181071138,0,0,OCUPADO,1,28,55,120,1,1
1790181073138,sala01,2655,1790181073138,0,0,OCUPADO,1,28,55,120,1,1
1790181075138,sala01,2656,1790181075138,0,0,OCUPADO,0,28,55,120,1,1
1790181077138,sala01,2657,1790181077138,0,0,OCUPADO,1,28,55,120,1,1
1790181079138,sala01,2658,1790181079138,0,0,OCUPADO,1,28,55,120,1,1
1790181081138,sala01,2659,1790181081138,0,0,OCUPADO,1,28,55,120,1,1
1790181083138,sala01,2660,1790181083138,0,0,OCUPADO,0,28,55,120,1,1
1790181085138,sala01,2661,1790181085138,0,0,OCUPADO,1,28,55,120,1,1
1790181087138,sala01,2662,1790181087138,0,0,OCUPADO,1,28,55,120,1,1
1790181089138,sala01,2663,1790181089138,0,0,OCUPADO,1,28,55,120,1,1
1790181091138,sala01,2664,1790181091138,0,0,OCUPADO,0,28,55,120,1,1
1790181093138,sala01,2665,1790181093138,0,0,OCUPADO,1,28,55,120,1,1
1790181095138,sala01,2666,1790181095138,0,0,OCUPADO,1,28,55,120,1,1
1790181097138,sala01,2667,1790181097138,0,0,OCUPADO,1,28,55,120,1,1
1790181099138,sala01,2668,1790181099138,0,0,OCUPADO,0,28,55,120,1,1
1790181101138,sala01,2669,1790181101138,0,0,OCUPADO,1,28,55,120,1,1
1790181103138,sala01,2670,1790181103138,0,0,OCUPADO,1,28,55,120,1,1
1790181105138,sala01,2671,1790181105138,0,0,OCUPADO,1,28,55,120,1,1
1790181107138,sala01,2672,1790181107138,0,0,OCUPADO,0,28,55,120,1,1
1790181109138,sala01,2673,1790181109138,0,0,OCUPADO,1,28,55,120,1,1
1790181111138,sala01,2674,1790181111138,0,0,OCUPADO,1,28,55,120,1,1
1790181113138,sala01,2675,1790181113138,0,0,OCUPADO,1,28,55,120,1,1
1790181115138,sala01,2676,1790181115138,0,0,OCUPADO,0,28,55,120,1,1
1790181117138,sala01,2677,1790181117138,0,0,OCUPADO,1,28,55,120,1,1
1790181119138,sala01,2678,1790181119138,0,0,OCUPADO,1,28,55,120,1,1
1790181121138,sala01,2679,1790181121138,0,0,OCUPADO,1,28,55,120,1,1
1790181123138,sala01,2680,1790181123138,0,0,OCUPADO,0,28,55,120,1,1
1790181125138,sala01,2681,1790181125138,0,0,OCUPADO,1,28,55,120,1,1
1790181127138,sala01,2682,1790181127138,0,0,OCUPADO,1,28,55,120,1,1
1790181129138,sala01,2683,1790181129138,0,0,OCUPADO,1,28,55,120,1,1
1790181131138,sala01,2684,1790181131138,0,0,OCUPADO,0,28,55,120,1,1
1790181133138,sala01,2685,1790181133138,0,0,OCUPADO,1,28,55,120,1,1
1790181135138,sala01,2686,1790181135138,0,0,OCUPADO,1,28,55,120,1,1
1790181137138,sala01,2687,1790181137138,0,0,OCUPADO,1,28,55,120,1,1
1790181139138,sala01,2688,1790181139138,0,0,OCUPADO,0,28,55,120,1,1
1790181141138,sala01,2689,1790181141138,0,0,OCUPADO,1,28,55,120,1,1
1790181143138,sala01,2690,1790181143138,0,0,OCUPADO,1,28,55,120,1,1
1790181145138,sala01,2691,1790181145138,0,0,OCUPADO,1,28,55,120,1,1
1790181147138,sala01,2692,1790181147138,0,0,OCUPADO,0,28,55,120,1,1
1790181149138,sala01,2693,1790181149138,0,0,OCUPADO,1,28,55,120,1,1
1790181151138,sala01,2694,1790181151138,0,0,OCUPADO,1,28,55,120,1,1
1790181153138,sala01,2695,1790181153138,0,0,OCUPADO,1,28,55,120,1,1
1790181155138,sala01,2696,1790181155138,0,0,OCUPADO,0,28,55,120,1,1
1790181157138,sala01,2697,1790181157138,0,0,OCUPADO,1,28,55,120,1,1
1790181159138,sala01,2698,1790181159138,0,0,OCUPADO,1,28,55,120,1,1
1790181161138,sala01,2699,1790181161138,0,0,OCUPADO,1,28,55,120,1,1
1790181163138,sala01,2700,1790181163138,0,0,OCUPADO,0,28,55,120,1,1
1790181165138,sala01,2701,1790181165138,0,0,OCUPADO,1,28,55,120,1,1
1790181167138,sala01,2702,1790181167138,0,0,OCUPADO,1,28,55,120,1,1
1790181169138,sala01,2703,1790181169138,0,0,OCUPADO,1,28,55,120,1,1
1790181171138,sala01,2704,1790181171138,0,0,OCUPADO,0,28,55,120,1,1
1790181173138,sala01,2705,1790181173138,0,0,OCUPADO,1,28,55,120,1,1
1790181175138,sala01,2706,1790181175138,0,0,OCUPADO,1,28,55,120,1,1
1790181177138,sala01,2707,1790181177138,0,0,OCUPADO,1,28,55,120,1,1
1790181179138,sala01,2708,1790181179138,0,0,OCUPADO,0,28,55,120,1,1
1790181181138,sala01,2709,1790181181138,0,0,OCUPADO,1,28,55,120,1,1
1790181183138,sala01,2710,1790181183138,0,0,OCUPADO,1,28,55,120,1,1
1790181185138,sala01,2711,1790181185138,0,0,OCUPADO,1,28,55,120,1,1
1790181187138,sala01,2712,1790181187138,0,0,OCUPADO,0,28,55,120,1,1
1790181189138,sala01,2713,1790181189138,0,0,OCUPADO,1,28,55,120,1,1
1790181191138,sala01,2714,1790181191138,0,0,OCUPADO,1,28,55,120,1,1
1790181193138,sala01,2715,1790181193138,0,0,OCUPADO,1,28,55,120,1,1
1790181195138,sala01,2716,1790181195138,0,0,OCUPADO,0,28,55,120,1,1
1790181197138,sala01,2717,1790181197138,0,0,OCUPADO,1,28,55,120,1,1
1790181199138,sala01,2718,1790181199138,0,0,OCUPADO,1,28,55,120,1,1
1790181201138,sala01,2719,1790181201138,0,0,OCUPADO,1,28,55,120,1,1
1790181203138,sala01,2720,1790181203138,0,0,OCUPADO,0,28,55,120,1,1
1790181205138,sala01,2721,1790181205138,0,0,OCUPADO,1,28,55,120,1,1
1790181207138,sala01,2722,1790181207138,0,0,OCUPADO,1,28,55,120,1,1
1790181209138,sala01,2723,1790181209138,0,0,OCUPADO,1,28,55,120,1,1
1790181211138,sala01,2724,1790181211138,0,0,OCUPADO,0,28,55,120,1,1
1790181213138,sala01,2725,1790181213138,0,0,OCUPADO,1,28,55,120,1,1
1790181215138,sala01,2726,1790181215138,0,0,OCUPADO,1,28,55,120,1,1
1790181217138,sala01,2727,1790181217138,0,0,OCUPADO,1,28,55,120,1,1
1790181219138,sala01,2728,1790181219138,0,0,OCUPADO,0,28,55,120,1,1
1790181221138,sala01,2729,1790181221138,0,0,OCUPADO,1,28,55,120,1,1
1790181223138,sala01,2730,1790181223138,0,0,OCUPADO,1,28,55,120,1,1
1790181225138,sala01,2731,1790181225138,0,0,OCUPADO,1,28,55,120,1,1
1790181227138,sala01,2732,1790181227138,0,0,OCUPADO,0,28,55,120,1,1
1790181229138,sala01,2733,1790181229138,0,0,OCUPADO,1,28,55,120,1,1
1790181231138,sala01,2734,1790181231138,0,0,OCUPADO,1,28,55,120,1,1
1790181233138,sala01,2735,1790181233138,0,0,OCUPADO,1,28,55,120,1,1
1790181235138,sala01,2736,1790181235138,0,0,OCUPADO,0,28,55,120,1,1
1790181237138,sala01,2737,1790181237138,0,0,OCUPADO,1,28,55,120,1,1
1790181239138,sala01,2738,1790181239138,0,0,OCUPADO,1,28,55,120,1,1
1790181241138,sala01,2739,1790181241138,0,0,OCUPADO,1,28,55,120,1,1
1790181243138,sala01,2740,1790181243138,0,0,OCUPADO,0,28,55,120,1,1
1790181245138,sala01,2741,1790181245138,0,0,OCUPADO,1,28,55,120,1,1
1790181247138,sala01,2742,1790181247138,0,0,OCUPADO,1,28,55,120,1,1
1790181249138,sala01,2743,1790181249138,0,0,OCUPADO,1,28,55,120,1,1
1790181251138,sala01,2744,1790181251138,0,0,OCUPADO,0,28,55,120,1,1
1790181253138,sala01,2745,1790181253138,0,0,OCUPADO,1,28,55,120,1,1
1790181255138,sala01,2746,1790181255138,0,0,OCUPADO,1,28,55,120,1,1
1790181257138,sala01,2747,1790181257138,0,0,OCUPADO,1,28,55,120,1,1
1790181259138,sala01,2748,1790181259138,0,0,OCUPADO,0,28,55,120,1,1
1790181261138,sala01,2749,1790181261138,0,0,OCUPADO,1,28,55,120,1,1
1790181263138,sala01,2750,1790181263138,0,0,OCUPADO,1,28,55,120,1,1
1790181265138,sala01,2751,1790181265138,0,0,OCUPADO,1,28,55,120,1,1
1790181267138,sala01,2752,1790181267138,0,0,OCUPADO,0,28,55,120,1,1
1790181269138,sala01,2753,1790181269138,0,0,OCUPADO,1,28,55,120,1,1
1790181271138,sala01,2754,1790181271138,0,0,OCUPADO,1,28,55,120,1,1
1790181273138,sala01,2755,1790181273138,0,0,OCUPADO,1,28,55,120,1,1
1790181275138,sala01,2756,1790181275138,0,0,OCUPADO,0,28,55,120,1,1
1790181277138,sala01,2757,1790181277138,0,0,OCUPADO,1,28,55,120,1,1
1790181279138,sala01,2758,1790181279138,0,0,OCUPADO,1,28,55,120,1,1
1790181281138,sala01,2759,1790181281138,0,0,OCUPADO,1,28,55,120,1,1
1790181283138,sala01,2760,1790181283138,0,0,OCUPADO,0,28,55,120,1,1
1790181285138,sala01,2761,1790181285138,0,0,OCUPADO,1,28,55,120,1,1
1790181287138,sala01,2762,1790181287138,0,0,OCUPADO,1,28,55,120,1,1
1790181289138,sala01,2763,1790181289138,0,0,OCUPADO,1,28,55,120,1,1
1790181291138,sala01,2764,1790181291138,0,0,OCUPADO,0,28,55,120,1,1
1790181293138,sala01,2765,1790181293138,0,0,OCUPADO,1,28,55,120,1,1
1790181295138,sala01,2766,1790181295138,0,0,OCUPADO,1,28,55,120,1,1
1790181297138,sala01,2767,1790181297138,0,0,OCUPADO,1,28,55,120,1,1
1790181299138,sala01,2768,1790181299138,0,0,OCUPADO,0,28,55,120,1,1
1790181301138,sala01,2769,1790181301138,0,0,OCUPADO,1,28,55,120,1,1
1790181303138,sala01,2770,1790181303138,0,0,OCUPADO,1,28,55,120,1,1
1790181305138,sala01,2771,1790181305138,0,0,OCUPADO,1,28,55,120,1,1
1790181307138,sala01,2772,1790181307138,0,0,OCUPADO,0,28,55,120,1,1
1790181309138,sala01,2773,1790181309138,0,0,OCUPADO,1,28,55,120,1,1
1790181311138,sala01,2774,1790181311138,0,0,OCUPADO,1,28,55,120,1,1
1790181313138,sala01,2775,1790181313138,0,0,OCUPADO,1,28,55,120,1,1
1790181315138,sala01,2776,1790181315138,0,0,OCUPADO,0,28,55,120,1,1
1790181317138,sala01,2777,1790181317138,0,0,OCUPADO,1,28,55,120,1,1
1790181319138,sala01,2778,1790181319138,0,0,OCUPADO,1,28,55,120,1,1
1790181321138,sala01,2779,1790181321138,0,0,OCUPADO,1,28,55,120,1,1
1790181323138,sala01,2780,1790181323138,0,0,OCUPADO,0,28,55,120,1,1
1790181325138,sala01,2781,1790181325138,0,0,OCUPADO,1,28,55,120,1,1
1790181327138,sala01,2782,1790181327138,0,0,OCUPADO,1,28,55,120,1,1
1790181329138,sala01,2783,1790181329138,0,0,OCUPADO,1,28,55,120,1,1
1790181331138,sala01,2784,1790181331138,0,0,OCUPADO,0,28,55,120,1,1
1790181333138,sala01,2785,1790181333138,0,0,OCUPADO,1,28,55,120,1,1
1790181335138,sala01,2786,1790181335138,0,0,OCUPADO,1,28,55,120,1,1
1790181337138,sala01,2787,1790181337138,0,0,OCUPADO,1,28,55,120,1,1
1790181339138,sala01,2788,1790181339138,0,0,OCUPADO,0,28,55,120,1,1
1790181341138,sala01,2789,1790181341138,0,0,OCUPADO,1,28,55,120,1,1
1790181343138,sala01,2790,1790181343138,0,0,OCUPADO,1,28,55,120,1,1
1790181345138,sala01,2791,1790181345138,0,0,OCUPADO,1,28,55,120,1,1
1790181347138,sala01,2792,1790181347138,0,0,OCUPADO,0,28,55,120,1,1
1790181349138,sala01,2793,1790181349138,0,0,OCUPADO,1,28,55,120,1,1
1790181351138,sala01,2794,1790181351138,0,0,OCUPADO,1,28,55,120,1,1
1790181353138,sala01,2795,1790181353138,0,0,OCUPADO,1,28,55,120,1,1
1790181355138,sala01,2796,1790181355138,0,0,OCUPADO,0,28,55,120,1,1
1790181357138,sala01,2797,1790181357138,0,0,OCUPADO,1,28,55,120,1,1
1790181359138,sala01,2798,1790181359138,0,0,OCUPADO,1,28,55,120,1,1
1790181361138,sala01,2799,1790181361138,0,0,OCUPADO,1,28,55,120,1,1
1790181363138,sala01,2800,1790181363138,0,0,OCUPADO,0,28,55,120,1,1
1790181365138,sala01,2801,1790181365138,0,0,OCUPADO,1,28,55,120,1,1
1790181367138,sala01,2802,1790181367138,0,0,OCUPADO,1,28,55,120,1,1
1790181369138,sala01,2803,1790181369138,0,0,OCUPADO,1,28,55,120,1,1
1790181371138,sala01,2804,1790181371138,0,0,OCUPADO,0,28,55,120,1,1
1790181373138,sala01,2805,1790181373138,0,0,OCUPADO,1,28,55,120,1,1
1790181375138,sala01,2806,1790181375138,0,0,OCUPADO,1,28,55,120,1,1
1790181377138,sala01,2807,1790181377138,0,0,OCUPADO,1,28,55,120,1,1
1790181379138,sala01,2808,1790181379138,0,0,OCUPADO,0,28,55,120,1,1
1790181381138,sala01,2809,1790181381138,0,0,OCUPADO,1,28,55,120,1,1
1790181383138,sala01,2810,1790181383138,0,0,OCUPADO,1,28,55,120,1,1
1790181385138,sala01,2811,1790181385138,0,0,OCUPADO,1,28,55,120,1,1
1790181387138,sala01,2812,1790181387138,0,0,OCUPADO,0,28,55,120,1,1
1790181389138,sala01,2813,1790181389138,0,0,OCUPADO,1,28,55,120,1,1
1790181391138,sala01,2814,1790181391138,0,0,OCUPADO,1,28,55,120,1,1
1790181393138,sala01,2815,1790181393138,0,0,OCUPADO,1,28,55,120,1,1
1790181395138,sala01,2816,1790181395138,0,0,OCUPADO,0,28,55,120,1,1
1790181397138,sala01,2817,1790181397138,0,0,OCUPADO,1,28,55,120,1,1
1790181399138,sala01,2818,1790181399138,0,0,OCUPADO,1,28,55,120,1,1
1790181401138,sala01,2819,1790181401138,0,0,OCUPADO,1,28,55,120,1,1
1790181403138,sala01,2820,1790181403138,0,0,OCUPADO,0,28,55,120,1,1
1790181405138,sala01,2821,1790181405138,0,0,OCUPADO,1,28,55,120,1,1
1790181407138,sala01,2822,1790181407138,0,0,OCUPADO,1,28,55,120,1,1
1790181409138,sala01,2823,1790181409138,0,0,OCUPADO,1,28,55,120,1,1
1790181411138,sala01,2824,1790181411138,0,0,OCUPADO,0,28,55,120,1,1
1790181413138,sala01,2825,1790181413138,0,0,OCUPADO,1,28,55,120,1,1
1790181415138,sala01,2826,1790181415138,0,0,OCUPADO,1,28,55,120,1,1
1790181417138,sala01,2827,1790181417138,0,0,OCUPADO,1,28,55,120,1,1
1790181419138,sala01,2828,1790181419138,0,0,OCUPADO,0,28,55,120,1,1
1790181421138,sala01,2829,1790181421138,0,0,OCUPADO,1,28,55,120,1,1
1790181423138,sala01,2830,1790181423138,0,0,OCUPADO,1,28,55,120,1,1
1790181425138,sala01,2831,1790181425138,0,0,OCUPADO,1,28,55,120,1,1
1790181427138,sala01,2832,1790181427138,0,0,OCUPADO,0,28,55,120,1,1
1790181429138,sala01,2833,1790181429138,0,0,OCUPADO,1,28,55,120,1,1
1790181431138,sala01,2834,1790181431138,0,0,OCUPADO,1,28,55,120,1,1
1790181433138,sala01,2835,1790181433138,0,0,OCUPADO,1,28,55,120,1,1
1790181435138,sala01,2836,1790181435138,0,0,OCUPADO,0,28,55,120,1,1
1790181437138,sala01,2837,1790181437138,0,0,OCUPADO,1,28,55,120,1,1
1790181439138,sala01,2838,1790181439138,0,0,OCUPADO,1,28,55,120,1,1
1790181441138,sala01,2839,1790181441138,0,0,OCUPADO,1,28,55,120,1,1
1790181443138,sala01,2840,1790181443138,0,0,OCUPADO,0,28,55,120,1,1
1790181445138,sala01,2841,1790181445138,0,0,OCUPADO,1,28,55,120,1,1
1790181447138,sala01,2842,1790181447138,0,0,OCUPADO,1,28,55,120,1,1
1790181449138,sala01,2843,1790181449138,0,0,OCUPADO,1,28,55,120,1,1
1790181451138,sala01,2844,1790181451138,0,0,OCUPADO,0,28,55,120,1,1
1790181453138,sala01,2845,1790181453138,0,0,OCUPADO,1,28,55,120,1,1
1790181455138,sala01,2846,1790181455138,0,0,OCUPADO,1,28,55,120,1,1
1790181457138,sala01,2847,1790181457138,0,0,OCUPADO,1,28,55,120,1,1
1790181459138,sala01,2848,1790181459138,0,0,OCUPADO,0,28,55,120,1,1
1790181461138,sala01,2849,1790181461138,0,0,OCUPADO,1,28,55,120,1,1
1790181463138,sala01,2850,1790181463138,0,0,OCUPADO,1,28,55,120,1,1
1790181465138,sala01,2851,1790181465138,0,0,OCUPADO,1,28,55,120,1,1
1790181467138,sala01,2852,1790181467138,0,0,OCUPADO,0,28,55,120,1,1
1790181469138,sala01,2853,1790181469138,0,0,OCUPADO,1,28,55,120,1,1
1790181471138,sala01,2854,1790181471138,0,0,OCUPADO,1,28,55,120,1,1
1790181473138,sala01,2855,1790181473138,0,0,OCUPADO,1,28,55,120,1,1
1790181475138,sala01,2856,1790181475138,0,0,OCUPADO,0,28,55,120,1,1
1790181477138,sala01,2857,1790181477138,0,0,OCUPADO,1,28,55,120,1,1
1790181479138,sala01,2858,1790181479138,0,0,OCUPADO,1,28,55,120,1,1
1790181481138,sala01,2859,1790181481138,0,0,OCUPADO,1,28,55,120,1,1
1790181483138,sala01,2860,1790181483138,0,0,OCUPADO,0,28,55,120,1,1
1790181485138,sala01,2861,1790181485138,0,0,OCUPADO,1,28,55,120,1,1
1790181487138,sala01,2862,1790181487138,0,0,OCUPADO,1,28,55,120,1,1
1790181489138,sala01,2863,1790181489138,0,0,OCUPADO,1,28,55,120,1,1
1790181491138,sala01,2864,1790181491138,0,0,OCUPADO,0,28,55,120,1,1
1790181493138,sala01,2865,1790181493138,0,0,OCUPADO,1,28,55,120,1,1
1790181495138,sala01,2866,1790181495138,0,0,OCUPADO,1,28,55,120,1,1
1790181497138,sala01,2867,1790181497138,0,0,OCUPADO,1,28,55,120,1,1
1790181499138,sala01,2868,1790181499138,0,0,OCUPADO,0,28,55,120,1,1
1790181501138,sala01,2869,1790181501138,0,0,OCUPADO,1,28,55,120,1,1
1790181503138,sala01,2870,1790181503138,0,0,OCUPADO,1,28,55,120,1,1
1790181505138,sala01,2871,1790181505138,0,0,OCUPADO,1,28,55,120,1,1
1790181507138,sala01,2872,1790181507138,0,0,OCUPADO,0,28,55,120,1,1
1790181509138,sala01,2873,1790181509138,0,0,OCUPADO,1,28,55,120,1,1
1790181511138,sala01,2874,1790181511138,0,0,OCUPADO,1,28,55,120,1,1
1790181513138,sala01,2875,1790181513138,0,0,OCUPADO,1,28,55,120,1,1
1790181515138,sala01,2876,1790181515138,0,0,OCUPADO,0,28,55,120,1,1
1790181517138,sala01,2877,1790181517138,0,0,OCUPADO,1,28,55,120,1,1
1790181519138,sala01,2878,1790181519138,0,0,OCUPADO,1,28,55,120,1,1
1790181521138,sala01,2879,1790181521138,0,0,OCUPADO,1,28,55,120,1,1
1790181523138,sala01,2880,1790181523138,0,0,OCUPADO,0,28,55,120,1,1
1790181525138,sala01,2881,1790181525138,0,0,OCUPADO,1,28,55,120,1,1
1790181527138,sala01,2882,1790181527138,0,0,OCUPADO,1,28,55,120,1,1
1790181529138,sala01,2883,1790181529138,0,0,OCUPADO,1,28,55,120,1,1
1790181531138,sala01,2884,1790181531138,0,0,OCUPADO,0,28,55,120,1,1
1790181533138,sala01,2885,1790181533138,0,0,OCUPADO,1,28,55,120,1,1
1790181535138,sala01,2886,1790181535138,0,0,OCUPADO,1,28,55,120,1,1
1790181537138,sala01,2887,1790181537138,0,0,OCUPADO,1,28,55,120,1,1
1790181539138,sala01,2888,1790181539138,0,0,OCUPADO,0,28,55,120,1,1
1790181541138,sala01,2889,1790181541138,0,0,OCUPADO,1,28,55,120,1,1
1790181543138,sala01,2890,1790181543138,0,0,OCUPADO,1,28,55,120,1,1
1790181545138,sala01,2891,1790181545138,0,0,OCUPADO,1,28,55,120,1,1
1790181547138,sala01,2892,1790181547138,0,0,OCUPADO,0,28,55,120,1,1
1790181549138,sala01,2893,1790181549138,0,0,OCUPADO,1,28,55,120,1,1
1790181551138,sala01,2894,1790181551138,0,0,OCUPADO,1,28,55,120,1,1
1790181553138,sala01,2895,1790181553138,0,0,OCUPADO,1,28,55,120,1,1
1790181555138,sala01,2896,1790181555138,0,0,OCUPADO,0,28,55,120,1,1
1790181557138,sala01,2897,1790181557138,0,0,OCUPADO,1,28,55,120,1,1
1790181559138,sala01,2898,1790181559138,0,0,OCUPADO,1,28,55,120,1,1
1790181561138,sala01,2899,1790181561138,0,0,OCUPADO,1,28,55,120,1,1
1790181563138,sala01,2900,1790181563138,0,0,OCUPADO,0,28,55,120,1,1
1790181565138,sala01,2901,1790181565138,0,0,OCUPADO,1,28,55,120,1,1
1790181567138,sala01,2902,1790181567138,0,0,OCUPADO,1,28,55,120,1,1
1790181569138,sala01,2903,1790181569138,0,0,OCUPADO,1,28,55,120,1,1
1790181571138,sala01,2904,1790181571138,0,0,OCUPADO,0,28,55,120,1,1
1790181573138,sala01,2905,1790181573138,0,0,OCUPADO,1,28,55,120,1,1
1790181575138,sala01,2906,1790181575138,0,0,OCUPADO,1,28,55,120,1,1
1790181577138,sala01,2907,1790181577138,0,0,OCUPADO,1,28,55,120,1,1
1790181579138,sala01,2908,1790181579138,0,0,OCUPADO,0,28,55,120,1,1
1790181581138,sala01,2909,1790181581138,0,0,OCUPADO,1,28,55,120,1,1
1790181583138,sala01,2910,1790181583138,0,0,OCUPADO,1,28,55,120,1,1
1790181585138,sala01,2911,1790181585138,0,0,OCUPADO,1,28,55,120,1,1
1790181587138,sala01,2912,1790181587138,0,0,OCUPADO,0,28,55,120,1,1
1790181589138,sala01,2913,1790181589138,0,0,OCUPADO,1,28,55,120,1,1
1790181591138,sala01,2914,1790181591138,0,0,OCUPADO,1,28,55,120,1,1
1790181593138,sala01,2915,1790181593138,0,0,OCUPADO,1,28,55,120,1,1
1790181595138,sala01,2916,1790181595138,0,0,OCUPADO,0,28,55,120,1,1
1790181597138,sala01,2917,1790181597138,0,0,OCUPADO,1,28,55,120,1,1
1790181599138,sala01,2918,1790181599138,0,0,OCUPADO,1,28,55,120,1,1
1790181601138,sala01,2919,1790181601138,0,0,OCUPADO,1,28,55,120,1,1
1790181603138,sala01,2920,1790181603138,0,0,OCUPADO,0,28,55,120,1,1
1790181605138,sala01,2921,1790181605138,0,0,OCUPADO,1,28,55,120,1,1
1790181607138,sala01,2922,1790181607138,0,0,OCUPADO,1,28,55,120,1,1
1790181609138,sala01,2923,1790181609138,0,0,OCUPADO,1,28,55,120,1,1
1790181611138,sala01,2924,1790181611138,0,0,OCUPADO,0,28,55,120,1,1
1790181613138,sala01,2925,1790181613138,0,0,OCUPADO,1,28,55,120,1,1
1790181615138,sala01,2926,1790181615138,0,0,OCUPADO,1,28,55,120,1,1
1790181617138,sala01,2927,1790181617138,0,0,OCUPADO,1,28,55,120,1,1
1790181619138,sala01,2928,1790181619138,0,0,OCUPADO,0,28,55,120,1,1
1790181621138,sala01,2929,1790181621138,0,0,OCUPADO,1,28,55,120,1,1
1790181623138,sala01,2930,1790181623138,0,0,OCUPADO,1,28,55,120,1,1
1790181625138,sala01,2931,1790181625138,0,0,OCUPADO,1,28,55,120,1,1
1790181627138,sala01,2932,1790181627138,0,0,OCUPADO,0,28,55,120,1,1
1790181629138,sala01,2933,1790181629138,0,0,OCUPADO,1,28,55,120,1,1
1790181631138,sala01,2934,1790181631138,0,0,OCUPADO,1,28,55,120,1,1
1790181633138,sala01,2935,1790181633138,0,0,OCUPADO,1,28,55,120,1,1
1790181635138,sala01,2936,1790181635138,0,0,OCUPADO,0,28,55,120,1,1
1790181637138,sala01,2937,1790181637138,0,0,OCUPADO,1,28,55,120,1,1
1790181639138,sala01,2938,1790181639138,0,0,OCUPADO,1,28,55,120,1,1
1790181641138,sala01,2939,1790181641138,0,0,OCUPADO,1,28,55,120,1,1
1790181643138,sala01,2940,1790181643138,0,0,OCUPADO,0,28,55,120,1,1
1790181645138,sala01,2941,1790181645138,0,0,OCUPADO,1,28,55,120,1,1
1790181647138,sala01,2942,1790181647138,0,0,OCUPADO,1,28,55,120,1,1
1790181649138,sala01,2943,1790181649138,0,0,OCUPADO,1,28,55,120,1,1
1790181651138,sala01,2944,1790181651138,0,0,OCUPADO,0,28,55,120,1,1
1790181653138,sala01,2945,1790181653138,0,0,OCUPADO,1,28,55,120,1,1
1790181655138,sala01,2946,1790181655138,0,0,OCUPADO,1,28,55,120,1,1
1790181657138,sala01,2947,1790181657138,0,0,OCUPADO,1,28,55,120,1,1
1790181659138,sala01,2948,1790181659138,0,0,OCUPADO,0,28,55,120,1,1
1790181661138,sala01,2949,1790181661138,0,0,OCUPADO,1,28,55,120,1,1
1790181663138,sala01,2950,1790181663138,0,0,OCUPADO,1,28,55,120,1,1
1790181665138,sala01,2951,1790181665138,0,0,OCUPADO,1,28,55,120,1,1
1790181667138,sala01,2952,1790181667138,0,0,OCUPADO,0,28,55,120,1,1
1790181669138,sala01,2953,1790181669138,0,0,OCUPADO,1,28,55,120,1,1
1790181671138,sala01,2954,1790181671138,0,0,OCUPADO,1,28,55,120,1,1
1790181673138,sala01,2955,1790181673138,0,0,OCUPADO,1,28,55,120,1,1
1790181675138,sala01,2956,1790181675138,0,0,OCUPADO,0,28,55,120,1,1
1790181677138,sala01,2957,1790181677138,0,0,OCUPADO,1,28,55,120,1,1
1790181679138,sala01,2958,1790181679138,0,0,OCUPADO,1,28,55,120,1,1
1790181681138,sala01,2959,1790181681138,0,0,OCUPADO,1,28,55,120,1,1
1790181683138,sala01,2960,1790181683138,0,0,OCUPADO,0,28,55,120,1,1
1790181685138,sala01,2961,1790181685138,0,0,OCUPADO,1,28,55,120,1,1
1790181687138,sala01,2962,1790181687138,0,0,OCUPADO,1,28,55,120,1,1
1790181689138,sala01,2963,1790181689138,0,0,OCUPADO,1,28,55,120,1,1
1790181691138,sala01,2964,1790181691138,0,0,OCUPADO,0,28,55,120,1,1
1790181693138,sala01,2965,1790181693138,0,0,OCUPADO,1,28,55,120,1,1
1790181695138,sala01,2966,1790181695138,0,0,OCUPADO,1,28,55,120,1,1
1790181697138,sala01,2967,1790181697138,0,0,OCUPADO,1,28,55,120,1,1
1790181699138,sala01,2968,1790181699138,0,0,OCUPADO,0,28,55,120,1,1
1790181701138,sala01,2969,1790181701138,0,0,OCUPADO,1,28,55,120,1,1
1790181703138,sala01,2970,1790181703138,0,0,OCUPADO,1,28,55,120,1,1
1790181705138,sala01,2971,1790181705138,0,0,OCUPADO,1,28,55,120,1,1
1790181707138,sala01,2972,1790181707138,0,0,OCUPADO,0,28,55,120,1,1
1790181709138,sala01,2973,1790181709138,0,0,OCUPADO,1,28,55,120,1,1
1790181711138,sala01,2974,1790181711138,0,0,OCUPADO,1,28,55,120,1,1
1790181713138,sala01,2975,1790181713138,0,0,OCUPADO,1,28,55,120,1,1
1790181715138,sala01,2976,1790181715138,0,0,OCUPADO,0,28,55,120,1,1
1790181717138,sala01,2977,1790181717138,0,0,OCUPADO,1,28,55,120,1,1
1790181719138,sala01,2978,1790181719138,0,0,OCUPADO,1,28,55,120,1,1
1790181721138,sala01,2979,1790181721138,0,0,OCUPADO,1,28,55,120,1,1
1790181723138,sala01,2980,1790181723138,0,0,OCUPADO,0,28,55,120,1,1
1790181725138,sala01,2981,1790181725138,0,0,OCUPADO,1,28,55,120,1,1
1790181727138,sala01,2982,1790181727138,0,0,OCUPADO,1,28,55,120,1,1
1790181729138,sala01,2983,1790181729138,0,0,OCUPADO,1,28,55,120,1,1
1790181731138,sala01,2984,1790181731138,0,0,OCUPADO,0,28,55,120,1,1
1790181733138,sala01,2985,1790181733138,0,0,OCUPADO,1,28,55,120,1,1
1790181735138,sala01,2986,1790181735138,0,0,OCUPADO,1,28,55,120,1,1
1790181737138,sala01,2987,1790181737138,0,0,OCUPADO,1,28,55,120,1,1
1790181739138,sala01,2988,1790181739138,0,0,OCUPADO,0,28,55,120,1,1
1790181741138,sala01,2989,1790181741138,0,0,OCUPADO,1,28,55,120,1,1
1790181743138,sala01,2990,1790181743138,0,0,OCUPADO,1,28,55,120,1,1
1790181745138,sala01,2991,1790181745138,0,0,OCUPADO,1,28,55,120,1,1
1790181747138,sala01,2992,1790181747138,0,0,OCUPADO,0,28,55,120,1,1
1790181749138,sala01,2993,1790181749138,0,0,OCUPADO,1,28,55,120,1,1
1790181751138,sala01,2994,1790181751138,0,0,OCUPADO,1,28,55,120,1,1
1790181753138,sala01,2995,1790181753138,0,0,OCUPADO,1,28,55,120,1,1
1790181755138,sala01,2996,1790181755138,0,0,OCUPADO,0,28,55,120,1,1
1790181757138,sala01,2997,1790181757138,0,0,OCUPADO,1,28,55,120,1,1
1790181759138,sala01,2998,1790181759138,0,0,OCUPADO,1,28,55,120,1,1
1790181761138,sala01,2999,1790181761138,0,0,OCUPADO,1,28,55,120,1,1
1790181763138,sala01,3000,1790181763138,0,0,OCUPADO,0,28,55,120,1,1
1790181765138,sala01,3001,1790181765138,0,0,OCUPADO,1,28,55,120,1,1
1790181767138,sala01,3002,1790181767138,0,0,OCUPADO,1,28,55,120,1,1
1790181769138,sala01,3003,1790181769138,0,0,OCUPADO,1,28,55,120,1,1
1790181771138,sala01,3004,1790181771138,0,0,OCUPADO,0,28,55,120,1,1
1790181773138,sala01,3005,1790181773138,0,0,OCUPADO,1,28,55,120,1,1
1790181775138,sala01,3006,1790181775138,0,0,OCUPADO,1,28,55,120,1,1
1790181777138,sala01,3007,1790181777138,0,0,OCUPADO,1,28,55,120,1,1
1790181779138,sala01,3008,1790181779138,0,0,OCUPADO,0,28,55,120,1,1
1790181781138,sala01,3009,1790181781138,0,0,OCUPADO,1,28,55,120,1,1
1790181783138,sala01,3010,1790181783138,0,0,OCUPADO,1,28,55,120,1,1
1790181785138,sala01,3011,1790181785138,0,0,OCUPADO,1,28,55,120,1,1
1790181787138,sala01,3012,1790181787138,0,0,OCUPADO,0,28,55,120,1,1
1790181789138,sala01,3013,1790181789138,0,0,OCUPADO,1,28,55,120,1,1
1790181791138,sala01,3014,1790181791138,0,0,OCUPADO,1,28,55,120,1,1
1790181793138,sala01,3015,1790181793138,0,0,OCUPADO,1,28,55,120,1,1
1790181795138,sala01,3016,1790181795138,0,0,OCUPADO,0,28,55,120,1,1
1790181797138,sala01,3017,1790181797138,0,0,OCUPADO,1,28,55,120,1,1
1790181799138,sala01,3018,1790181799138,0,0,OCUPADO,1,28,55,120,1,1
1790181801138,sala01,3019,1790181801138,0,0,OCUPADO,1,28,55,120,1,1
1790181803138,sala01,3020,1790181803138,0,0,OCUPADO,0,28,55,120,1,1
1790181805138,sala01,3021,1790181805138,0,0,OCUPADO,1,28,55,120,1,1
1790181807138,sala01,3022,1790181807138,0,0,OCUPADO,1,28,55,120,1,1
1790181809138,sala01,3023,1790181809138,0,0,OCUPADO,1,28,55,120,1,1
1790181811138,sala01,3024,1790181811138,0,0,OCUPADO,0,28,55,120,1,1
1790181813138,sala01,3025,1790181813138,0,0,OCUPADO,1,28,55,120,1,1
1790181815138,sala01,3026,1790181815138,0,0,OCUPADO,1,28,55,120,1,1
1790181817138,sala01,3027,1790181817138,0,0,OCUPADO,1,28,55,120,1,1
1790181819138,sala01,3028,1790181819138,0,0,OCUPADO,0,28,55,120,1,1
1790181821138,sala01,3029,1790181821138,0,0,OCUPADO,1,28,55,120,1,1
1790181823138,sala01,3030,1790181823138,0,0,OCUPADO,1,28,55,120,1,1
1790181825138,sala01,3031,1790181825138,0,0,OCUPADO,1,28,55,120,1,1
1790181827138,sala01,3032,1790181827138,0,0,OCUPADO,0,28,55,120,1,1
1790181829138,sala01,3033,1790181829138,0,0,OCUPADO,1,28,55,120,1,1
1790181831138,sala01,3034,1790181831138,0,0,OCUPADO,1,28,55,120,1,1
1790181833138,sala01,3035,1790181833138,0,0,OCUPADO,1,28,55,120,1,1
1790181835138,sala01,3036,1790181835138,0,0,OCUPADO,0,28,55,120,1,1
1790181837138,sala01,3037,1790181837138,0,0,OCUPADO,1,28,55,120,1,1
1790181839138,sala01,3038,1790181839138,0,0,OCUPADO,1,28,55,120,1,1
1790181841138,sala01,3039,1790181841138,0,0,OCUPADO,1,28,55,120,1,1
1790181843138,sala01,3040,1790181843138,0,0,OCUPADO,0,28,55,120,1,1
1790181845138,sala01,3041,1790181845138,0,0,OCUPADO,1,28,55,120,1,1
1790181847138,sala01,3042,1790181847138,0,0,OCUPADO,1,28,55,120,1,1
1790181849138,sala01,3043,1790181849138,0,0,OCUPADO,1,28,55,120,1,1
1790181851138,sala01,3044,1790181851138,0,0,OCUPADO,0,28,55,120,1,1
1790181853138,sala01,3045,1790181853138,0,0,OCUPADO,1,28,55,120,1,1
1790181855138,sala01,3046,1790181855138,0,0,OCUPADO,1,28,55,120,1,1
1790181857138,sala01,3047,1790181857138,0,0,OCUPADO,1,28,55,120,1,1
1790181859138,sala01,3048,1790181859138,0,0,OCUPADO,0,28,55,120,1,1
1790181861138,sala01,3049,1790181861138,0,0,OCUPADO,1,28,55,120,1,1
1790181863138,sala01,3050,1790181863138,0,0,OCUPADO,1,28,55,120,1,1
1790181865138,sala01,3051,1790181865138,0,0,OCUPADO,1,28,55,120,1,1
1790181867138,sala01,3052,1790181867138,0,0,OCUPADO,0,28,55,120,1,1
1790181869138,sala01,3053,1790181869138,0,0,OCUPADO,1,28,55,120,1,1
1790181871138,sala01,3054,1790181871138,0,0,OCUPADO,1,28,55,120,1,1
1790181873138,sala01,3055,1790181873138,0,0,OCUPADO,1,28,55,120,1,1
1790181875138,sala01,3056,1790181875138,0,0,OCUPADO,0,28,55,120,1,1
1790181877138,sala01,3057,1790181877138,0,0,OCUPADO,1,28,55,120,1,1
1790181879138,sala01,3058,1790181879138,0,0,OCUPADO,1,28,55,120,1,1
1790181881138,sala01,3059,1790181881138,0,0,OCUPADO,1,28,55,120,1,1
1790181883138,sala01,3060,1790181883138,0,0,OCUPADO,0,28,55,120,1,1
1790181885138,sala01,3061,1790181885138,0,0,OCUPADO,1,28,55,120,1,1
1790181887138,sala01,3062,1790181887138,0,0,OCUPADO,1,28,55,120,1,1
1790181889138,sala01,3063,1790181889138,0,0,OCUPADO,1,28,55,120,1,1
1790181891138,sala01,3064,1790181891138,0,0,OCUPADO,0,28,55,120,1,1
1790181893138,sala01,3065,1790181893138,0,0,OCUPADO,1,28,55,120,1,1
1790181895138,sala01,3066,1790181895138,0,0,OCUPADO,1,28,55,120,1,1
1790181897138,sala01,3067,1790181897138,0,0,OCUPADO,1,28,55,120,1,1
1790181899138,sala01,3068,1790181899138,0,0,OCUPADO,0,28,55,120,1,1
1790181901138,sala01,3069,1790181901138,0,0,OCUPADO,1,28,55,120,1,1
1790181903138,sala01,3070,1790181903138,0,0,OCUPADO,1,28,55,120,1,1
1790181905138,sala01,3071,1790181905138,0,0,OCUPADO,1,28,55,120,1,1
1790181907138,sala01,3072,1790181907138,0,0,OCUPADO,0,28,55,120,1,1
1790181909138,sala01,3073,1790181909138,0,0,OCUPADO,1,28,55,120,1,1
1790181911138,sala01,3074,1790181911138,0,0,OCUPADO,1,28,55,120,1,1
1790181913138,sala01,3075,1790181913138,0,0,OCUPADO,1,28,55,120,1,1
1790181915138,sala01,3076,1790181915138,0,0,OCUPADO,0,28,55,120,1,1
1790181917138,sala01,3077,1790181917138,0,0,OCUPADO,1,28,55,120,1,1
1790181919138,sala01,3078,1790181919138,0,0,OCUPADO,1,28,55,120,1,1
1790181921138,sala01,3079,1790181921138,0,0,OCUPADO,1,28,55,120,1,1
1790181923138,sala01,3080,1790181923138,0,0,OCUPADO,0,28,55,120,1,1
1790181925138,sala01,3081,1790181925138,0,0,OCUPADO,1,28,55,120,1,1
1790181927138,sala01,3082,1790181927138,0,0,OCUPADO,1,28,55,120,1,1
1790181929138,sala01,3083,1790181929138,0,0,OCUPADO,1,28,55,120,1,1
1790181931138,sala01,3084,1790181931138,0,0,OCUPADO,0,28,55,120,1,1
1790181933138,sala01,3085,1790181933138,0,0,OCUPADO,1,28,55,120,1,1
1790181935138,sala01,3086,1790181935138,0,0,OCUPADO,1,28,55,120,1,1
1790181937138,sala01,3087,1790181937138,0,0,OCUPADO,1,28,55,120,1,1
1790181939138,sala01,3088,1790181939138,0,0,OCUPADO,0,28,55,120,1,1
1790181941138,sala01,3089,1790181941138,0,0,OCUPADO,1,28,55,120,1,1
1790181943138,sala01,3090,1790181943138,0,0,OCUPADO,1,28,55,120,1,1
1790181945138,sala01,3091,1790181945138,0,0,OCUPADO,1,28,55,120,1,1
1790181947138,sala01,3092,1790181947138,0,0,OCUPADO,0,28,55,120,1,1
1790181949138,sala01,3093,1790181949138,0,0,OCUPADO,1,28,55,120,1,1
1790181951138,sala01,3094,1790181951138,0,0,OCUPADO,1,28,55,120,1,1
1790181953138,sala01,3095,1790181953138,0,0,OCUPADO,1,28,55,120,1,1
1790181955138,sala01,3096,1790181955138,0,0,OCUPADO,0,28,55,120,1,1
1790181957138,sala01,3097,1790181957138,0,0,OCUPADO,1,28,55,120,1,1
1790181959138,sala01,3098,1790181959138,0,0,OCUPADO,1,28,55,120,1,1
1790181961138,sala01,3099,1790181961138,0,0,OCUPADO,1,28,55,120,1,1
1790181963138,sala01,3100,1790181963138,0,0,OCUPADO,0,28,55,120,1,1
1790181965138,sala01,3101,1790181965138,0,0,OCUPADO,1,28,55,120,1,1
1790181967138,sala01,3102,1790181967138,0,0,OCUPADO,1,28,55,120,1,1
1790181969138,sala01,3103,1790181969138,0,0,OCUPADO,1,28,55,120,1,1
1790181971138,sala01,3104,1790181971138,0,0,OCUPADO,0,28,55,120,1,1
1790181973138,sala01,3105,1790181973138,0,0,OCUPADO,1,28,55,120,1,1
1790181975138,sala01,3106,1790181975138,0,0,OCUPADO,1,28,55,120,1,1
1790181977138,sala01,3107,1790181977138,0,0,OCUPADO,1,28,55,120,1,1
1790181979138,sala01,3108,1790181979138,0,0,OCUPADO,0,28,55,120,1,1
1790181981138,sala01,3109,1790181981138,0,0,OCUPADO,1,28,55,120,1,1
1790181983138,sala01,3110,1790181983138,0,0,OCUPADO,1,28,55,120,1,1
1790181985138,sala01,3111,1790181985138,0,0,OCUPADO,1,28,55,120,1,1
1790181987138,sala01,3112,1790181987138,0,0,OCUPADO,0,28,55,120,1,1
1790181989138,sala01,3113,1790181989138,0,0,OCUPADO,1,28,55,120,1,1
1790181991138,sala01,3114,1790181991138,0,0,OCUPADO,1,28,55,120,1,1
1790181993138,sala01,3115,1790181993138,0,0,OCUPADO,1,28,55,120,1,1
1790181995138,sala01,3116,1790181995138,0,0,OCUPADO,0,28,55,120,1,1
1790181997138,sala01,3117,1790181997138,0,0,OCUPADO,1,28,55,120,1,1
1790181999138,sala01,3118,1790181999138,0,0,OCUPADO,1,28,55,120,1,1
1790182001138,sala01,3119,1790182001138,0,0,OCUPADO,1,28,55,120,1,1
1790182003138,sala01,3120,1790182003138,0,0,OCUPADO,0,28,55,120,1,1
1790182005138,sala01,3121,1790182005138,0,0,OCUPADO,1,28,55,120,1,1
1790182007138,sala01,3122,1790182007138,0,0,OCUPADO,1,28,55,120,1,1
1790182009138,sala01,3123,1790182009138,0,0,OCUPADO,1,28,55,120,1,1
1790182011138,sala01,3124,1790182011138,0,0,OCUPADO,0,28,55,120,1,1
1790182013138,sala01,3125,1790182013138,0,0,OCUPADO,1,28,55,120,1,1
1790182015138,sala01,3126,1790182015138,0,0,OCUPADO,1,28,55,120,1,1
1790182017138,sala01,3127,1790182017138,0,0,OCUPADO,1,28,55,120,1,1
1790182019138,sala01,3128,1790182019138,0,0,OCUPADO,0,28,55,120,1,1
1790182021138,sala01,3129,1790182021138,0,0,OCUPADO,1,28,55,120,1,1
1790182023138,sala01,3130,1790182023138,0,0,OCUPADO,1,28,55,120,1,1
1790182025138,sala01,3131,1790182025138,0,0,OCUPADO,1,28,55,120,1,1
1790182027138,sala01,3132,1790182027138,0,0,OCUPADO,0,28,55,120,1,1
1790182029138,sala01,3133,1790182029138,0,0,OCUPADO,1,28,55,120,1,1
1790182031138,sala01,3134,1790182031138,0,0,OCUPADO,1,28,55,120,1,1
1790182033138,sala01,3135,1790182033138,0,0,OCUPADO,1,28,55,120,1,1
1790182035138,sala01,3136,1790182035138,0,0,OCUPADO,0,28,55,120,1,1
1790182037138,sala01,3137,1790182037138,0,0,OCUPADO,1,28,55,120,1,1
1790182039138,sala01,3138,1790182039138,0,0,OCUPADO,1,28,55,120,1,1
1790182041138,sala01,3139,1790182041138,0,0,OCUPADO,1,28,55,120,1,1
1790182043138,sala01,3140,1790182043138,0,0,OCUPADO,0,28,55,120,1,1
1790182045138,sala01,3141,1790182045138,0,0,OCUPADO,1,28,55,120,1,1
1790182047138,sala01,3142,1790182047138,0,0,OCUPADO,1,28,55,120,1,1
1790182049138,sala01,3143,1790182049138,0,0,OCUPADO,1,28,55,120,1,1
1790182051138,sala01,3144,1790182051138,0,0,OCUPADO,0,28,55,120,1,1
1790182053138,sala01,3145,1790182053138,0,0,OCUPADO,1,28,55,120,1,1
1790182055138,sala01,3146,1790182055138,0,0,OCUPADO,1,28,55,120,1,1
1790182057138,sala01,3147,1790182057138,0,0,OCUPADO,1,28,55,120,1,1
1790182059138,sala01,3148,1790182059138,0,0,OCUPADO,0,28,55,120,1,1
1790182061138,sala01,3149,1790182061138,0,0,OCUPADO,1,28,55,120,1,1
1790182063138,sala01,3150,1790182063138,0,0,OCUPADO,1,28,55,120,1,1
1790182065138,sala01,3151,1790182065138,0,0,OCUPADO,1,28,55,120,1,1
1790182067138,sala01,3152,1790182067138,0,0,OCUPADO,0,28,55,120,1,1
1790182069138,sala01,3153,1790182069138,0,0,OCUPADO,1,28,55,120,1,1
1790182071138,sala01,3154,1790182071138,0,0,OCUPADO,1,28,55,120,1,1
1790182073138,sala01,3155,1790182073138,0,0,OCUPADO,1,28,55,120,1,1
1790182075138,sala01,3156,1790182075138,0,0,OCUPADO,0,28,55,120,1,1
1790182077138,sala01,3157,1790182077138,0,0,OCUPADO,1,28,55,120,1,1
1790182079138,sala01,3158,1790182079138,0,0,OCUPADO,1,28,55,120,1,1
1790182081138,sala01,3159,1790182081138,0,0,OCUPADO,1,28,55,120,1,1
1790182083138,sala01,3160,1790182083138,0,0,OCUPADO,0,28,55,120,1,1
1790182085138,sala01,3161,1790182085138,0,0,OCUPADO,1,28,55,120,1,1
1790182087138,sala01,3162,1790182087138,0,0,OCUPADO,1,28,55,120,1,1
1790182089138,sala01,3163,1790182089138,0,0,OCUPADO,1,28,55,120,1,1
1790182091138,sala01,3164,1790182091138,0,0,OCUPADO,0,28,55,120,1,1
1790182093138,sala01,3165,1790182093138,0,0,OCUPADO,1,28,55,120,1,1
1790182095138,sala01,3166,1790182095138,0,0,OCUPADO,1,28,55,120,1,1
1790182097138,sala01,3167,1790182097138,0,0,OCUPADO,1,28,55,120,1,1
1790182099138,sala01,3168,1790182099138,0,0,OCUPADO,0,28,55,120,1,1
1790182101138,sala01,3169,1790182101138,0,0,OCUPADO,1,28,55,120,1,1
1790182103138,sala01,3170,1790182103138,0,0,OCUPADO,1,28,55,120,1,1
1790182105138,sala01,3171,1790182105138,0,0,OCUPADO,1,28,55,120,1,1
1790182107138,sala01,3172,1790182107138,0,0,OCUPADO,0,28,55,120,1,1
1790182109138,sala01,3173,1790182109138,0,0,OCUPADO,1,28,55,120,1,1
1790182111138,sala01,3174,1790182111138,0,0,OCUPADO,1,28,55,120,1,1
1790182113138,sala01,3175,1790182113138,0,0,OCUPADO,1,28,55,120,1,1
1790182115138,sala01,3176,1790182115138,0,0,OCUPADO,0,28,55,120,1,1
1790182117138,sala01,3177,1790182117138,0,0,OCUPADO,1,28,55,120,1,1
1790182119138,sala01,3178,1790182119138,0,0,OCUPADO,1,28,55,120,1,1
1790182121138,sala01,3179,1790182121138,0,0,OCUPADO,1,28,55,120,1,1
1790182123138,sala01,3180,1790182123138,0,0,OCUPADO,0,28,55,120,1,1
1790182125138,sala01,3181,1790182125138,0,0,OCUPADO,1,28,55,120,1,1
1790182127138,sala01,3182,1790182127138,0,0,OCUPADO,1,28,55,120,1,1
1790182129138,sala01,3183,1790182129138,0,0,OCUPADO,1,28,55,120,1,1
1790182131138,sala01,3184,1790182131138,0,0,OCUPADO,0,28,55,120,1,1
1790182133138,sala01,3185,1790182133138,0,0,OCUPADO,1,28,55,120,1,1
1790182135138,sala01,3186,1790182135138,0,0,OCUPADO,1,28,55,120,1,1
1790182137138,sala01,3187,1790182137138,0,0,OCUPADO,1,28,55,120,1,1
1790182139138,sala01,3188,1790182139138,0,0,OCUPADO,0,28,55,120,1,1
1790182141138,sala01,3189,1790182141138,0,0,OCUPADO,1,28,55,120,1,1
1790182143138,sala01,3190,1790182143138,0,0,OCUPADO,1,28,55,120,1,1
1790182145138,sala01,3191,1790182145138,0,0,OCUPADO,1,28,55,120,1,1
1790182147138,sala01,3192,1790182147138,0,0,OCUPADO,0,28,55,120,1,1
1790182149138,sala01,3193,1790182149138,0,0,OCUPADO,1,28,55,120,1,1
1790182151138,sala01,3194,1790182151138,0,0,OCUPADO,1,28,55,120,1,1
1790182153138,sala01,3195,1790182153138,0,0,OCUPADO,1,28,55,120,1,1
1790182155138,sala01,3196,1790182155138,0,0,OCUPADO,0,28,55,120,1,1
1790182157138,sala01,3197,1790182157138,0,0,OCUPADO,1,28,55,120,1,1
1790182159138,sala01,3198,1790182159138,0,0,OCUPADO,1,28,55,120,1,1
1790182161138,sala01,3199,1790182161138,0,0,OCUPADO,1,28,55,120,1,1
1790182163138,sala01,3200,1790182163138,0,0,OCUPADO,0,28,55,120,1,1
1790182165138,sala01,3201,1790182165138,0,0,OCUPADO,1,28,55,120,1,1
1790182167138,sala01,3202,1790182167138,0,0,OCUPADO,1,28,55,120,1,1
1790182169138,sala01,3203,1790182169138,0,0,OCUPADO,1,28,55,120,1,1
1790182171138,sala01,3204,1790182171138,0,0,OCUPADO,0,28,55,120,1,1
1790182173138,sala01,3205,1790182173138,0,0,OCUPADO,1,28,55,120,1,1
1790182175138,sala01,3206,1790182175138,0,0,OCUPADO,1,28,55,120,1,1
1790182177138,sala01,3207,1790182177138,0,0,OCUPADO,1,28,55,120,1,1
1790182179138,sala01,3208,1790182179138,0,0,OCUPADO,0,28,55,120,1,1
1790182181138,sala01,3209,1790182181138,0,0,OCUPADO,1,28,55,120,1,1
1790182183138,sala01,3210,1790182183138,0,0,OCUPADO,1,28,55,120,1,1
1790182185138,sala01,3211,1790182185138,0,0,OCUPADO,1,28,55,120,1,1
1790182187138,sala01,3212,1790182187138,0,0,OCUPADO,0,28,55,120,1,1
1790182189138,sala01,3213,1790182189138,0,0,OCUPADO,1,28,55,120,1,1
1790182191138,sala01,3214,1790182191138,0,0,OCUPADO,1,28,55,120,1,1
1790182193138,sala01,3215,1790182193138,0,0,OCUPADO,1,28,55,120,1,1
1790182195138,sala01,3216,1790182195138,0,0,OCUPADO,0,28,55,120,1,1
1790182197138,sala01,3217,1790182197138,0,0,OCUPADO,1,28,55,120,1,1
1790182199138,sala01,3218,1790182199138,0,0,OCUPADO,1,28,55,120,1,1
1790182201138,sala01,3219,1790182201138,0,0,OCUPADO,1,28,55,120,1,1
1790182203138,sala01,3220,1790182203138,0,0,OCUPADO,0,28,55,120,1,1
1790182205138,sala01,3221,1790182205138,0,0,OCUPADO,1,28,55,120,1,1
1790182207138,sala01,3222,1790182207138,0,0,OCUPADO,1,28,55,120,1,1
1790182209138,sala01,3223,1790182209138,0,0,OCUPADO,1,28,55,120,1,1
1790182211138,sala01,3224,1790182211138,0,0,OCUPADO,0,28,55,120,1,1
1790182213138,sala01,3225,1790182213138,0,0,OCUPADO,1,28,55,120,1,1
1790182215138,sala01,3226,1790182215138,0,0,OCUPADO,1,28,55,120,1,1
1790182217138,sala01,3227,1790182217138,0,0,OCUPADO,1,28,55,120,1,1
1790182219138,sala01,3228,1790182219138,0,0,OCUPADO,0,28,55,120,1,1
1790182221138,sala01,3229,1790182221138,0,0,OCUPADO,1,28,55,120,1,1
1790182223138,sala01,3230,1790182223138,0,0,OCUPADO,1,28,55,120,1,1
1790182225138,sala01,3231,1790182225138,0,0,OCUPADO,1,28,55,120,1,1
1790182227138,sala01,3232,1790182227138,0,0,OCUPADO,0,28,55,120,1,1
1790182229138,sala01,3233,1790182229138,0,0,OCUPADO,1,28,55,120,1,1
1790182231138,sala01,3234,1790182231138,0,0,OCUPADO,1,28,55,120,1,1
1790182233138,sala01,3235,1790182233138,0,0,OCUPADO,1,28,55,120,1,1
1790182235138,sala01,3236,1790182235138,0,0,OCUPADO,0,28,55,120,1,1
1790182237138,sala01,3237,1790182237138,0,0,OCUPADO,1,28,55,120,1,1
1790182239138,sala01,3238,1790182239138,0,0,OCUPADO,1,28,55,120,1,1
1790182241138,sala01,3239,1790182241138,0,0,OCUPADO,1,28,55,120,1,1
1790182243138,sala01,3240,1790182243138,0,0,OCUPADO,0,28,55,120,1,1
1790182245138,sala01,3241,1790182245138,0,0,OCUPADO,1,28,55,120,1,1
1790182247138,sala01,3242,1790182247138,0,0,OCUPADO,1,28,55,120,1,1
1790182249138,sala01,3243,1790182249138,0,0,OCUPADO,1,28,55,120,1,1
1790182251138,sala01,3244,1790182251138,0,0,OCUPADO,0,28,55,120,1,1
1790182253138,sala01,3245,1790182253138,0,0,OCUPADO,1,28,55,120,1,1
1790182255138,sala01,3246,1790182255138,0,0,OCUPADO,1,28,55,120,1,1
1790182257138,sala01,3247,1790182257138,0,0,OCUPADO,1,28,55,120,1,1
1790182259138,sala01,3248,1790182259138,0,0,OCUPADO,0,28,55,120,1,1
1790182261138,sala01,3249,1790182261138,0,0,OCUPADO,1,28,55,120,1,1
1790182263138,sala01,3250,1790182263138,0,0,OCUPADO,1,28,55,120,1,1
1790182265138,sala01,3251,1790182265138,0,0,OCUPADO,1,28,55,120,1,1
1790182267138,sala01,3252,1790182267138,0,0,OCUPADO,0,28,55,120,1,1
1790182269138,sala01,3253,1790182269138,0,0,OCUPADO,1,28,55,120,1,1
1790182271138,sala01,3254,1790182271138,0,0,OCUPADO,1,28,55,120,1,1
1790182273138,sala01,3255,1790182273138,0,0,OCUPADO,1,28,55,120,1,1
1790182275138,sala01,3256,1790182275138,0,0,OCUPADO,0,28,55,120,1,1
1790182277138,sala01,3257,1790182277138,0,0,OCUPADO,1,28,55,120,1,1
1790182279138,sala01,3258,1790182279138,0,0,OCUPADO,1,28,55,120,1,1
1790182281138,sala01,3259,1790182281138,0,0,OCUPADO,1,28,55,120,1,1
1790182283138,sala01,3260,1790182283138,0,0,OCUPADO,0,28,55,120,1,1
1790182285138,sala01,3261,1790182285138,0,0,OCUPADO,1,28,55,120,1,1
1790182287138,sala01,3262,1790182287138,0,0,OCUPADO,1,28,55,120,1,1
1790182289138,sala01,3263,1790182289138,0,0,OCUPADO,1,28,55,120,1,1
1790182291138,sala01,3264,1790182291138,0,0,OCUPADO,0,28,55,120,1,1
1790182293138,sala01,3265,1790182293138,0,0,OCUPADO,1,28,55,120,1,1
1790182295138,sala01,3266,1790182295138,0,0,OCUPADO,1,28,55,120,1,1
1790182297138,sala01,3267,1790182297138,0,0,OCUPADO,1,28,55,120,1,1
1790182299138,sala01,3268,1790182299138,0,0,OCUPADO,0,28,55,120,1,1
1790182301138,sala01,3269,1790182301138,0,0,OCUPADO,1,28,55,120,1,1
1790182303138,sala01,3270,1790182303138,0,0,OCUPADO,1,28,55,120,1,1
1790182305138,sala01,3271,1790182305138,0,0,OCUPADO,1,28,55,120,1,1
1790182307138,sala01,3272,1790182307138,0,0,OCUPADO,0,28,55,120,1,1
1790182309138,sala01,3273,1790182309138,0,0,OCUPADO,1,28,55,120,1,1
1790182311138,sala01,3274,1790182311138,0,0,OCUPADO,1,28,55,120,1,1
1790182313138,sala01,3275,1790182313138,0,0,OCUPADO,1,28,55,120,1,1
1790182315138,sala01,3276,1790182315138,0,0,OCUPADO,0,28,55,120,1,1
1790182317138,sala01,3277,1790182317138,0,0,OCUPADO,1,28,55,120,1,1
1790182319138,sala01,3278,1790182319138,0,0,OCUPADO,1,28,55,120,1,1
1790182321138,sala01,3279,1790182321138,0,0,OCUPADO,1,28,55,120,1,1
1790182323138,sala01,3280,1790182323138,0,0,OCUPADO,0,28,55,120,1,1
1790182325138,sala01,3281,1790182325138,0,0,OCUPADO,1,28,55,120,1,1
1790182327138,sala01,3282,1790182327138,0,0,OCUPADO,1,28,55,120,1,1
1790182329138,sala01,3283,1790182329138,0,0,OCUPADO,1,28,55,120,1,1
1790182331138,sala01,3284,1790182331138,0,0,OCUPADO,0,28,55,120,1,1
1790182333138,sala01,3285,1790182333138,0,0,OCUPADO,1,28,55,120,1,1
1790182335138,sala01,3286,1790182335138,0,0,OCUPADO,1,28,55,120,1,1
1790182337138,sala01,3287,1790182337138,0,0,OCUPADO,1,28,55,120,1,1
1790182339138,sala01,3288,1790182339138,0,0,OCUPADO,0,28,55,120,1,1
1790182341138,sala01,3289,1790182341138,0,0,OCUPADO,1,28,55,120,1,1
1790182343138,sala01,3290,1790182343138,0,0,OCUPADO,1,28,55,120,1,1
1790182345138,sala01,3291,1790182345138,0,0,OCUPADO,1,28,55,120,1,1
1790182347138,sala01,3292,1790182347138,0,0,OCUPADO,0,28,55,120,1,1
1790182349138,sala01,3293,1790182349138,0,0,OCUPADO,1,28,55,120,1,1
1790182351138,sala01,3294,1790182351138,0,0,OCUPADO,1,28,55,120,1,1
1790182353138,sala01,3295,1790182353138,0,0,OCUPADO,1,28,55,120,1,1
1790182355138,sala01,3296,1790182355138,0,0,OCUPADO,0,28,55,120,1,1
1790182357138,sala01,3297,1790182357138,0,0,OCUPADO,1,28,55,120,1,1
1790182359138,sala01,3298,1790182359138,0,0,OCUPADO,1,28,55,120,1,1
1790182361138,sala01,3299,1790182361138,0,0,OCUPADO,1,28,55,120,1,1
1790182363138,sala01,3300,1790182363138,0,0,OCUPADO,0,28,55,120,1,1
1790182365138,sala01,3301,1790182365138,0,0,OCUPADO,1,28,55,120,1,1
1790182367138,sala01,3302,1790182367138,0,0,OCUPADO,1,28,55,120,1,1
1790182369138,sala01,3303,1790182369138,0,0,OCUPADO,1,28,55,120,1,1
1790182371138,sala01,3304,1790182371138,0,0,OCUPADO,0,28,55,120,1,1
1790182373138,sala01,3305,1790182373138,0,0,OCUPADO,1,28,55,120,1,1
1790182375138,sala01,3306,1790182375138,0,0,OCUPADO,1,28,55,120,1,1
1790182377138,sala01,3307,1790182377138,0,0,OCUPADO,1,28,55,120,1,1
1790182379138,sala01,3308,1790182379138,0,0,OCUPADO,0,28,55,120,1,1
1790182381138,sala01,3309,1790182381138,0,0,OCUPADO,1,28,55,120,1,1
1790182383138,sala01,3310,1790182383138,0,0,OCUPADO,1,28,55,120,1,1
1790182385138,sala01,3311,1790182385138,0,0,OCUPADO,1,28,55,120,1,1
1790182387138,sala01,3312,1790182387138,0,0,OCUPADO,0,28,55,120,1,1
1790182389138,sala01,3313,1790182389138,0,0,OCUPADO,1,28,55,120,1,1
1790182391138,sala01,3314,1790182391138,0,0,OCUPADO,1,28,55,120,1,1
1790182393138,sala01,3315,1790182393138,0,0,OCUPADO,1,28,55,120,1,1
1790182395138,sala01,3316,1790182395138,0,0,OCUPADO,0,28,55,120,1,1
1790182397138,sala01,3317,1790182397138,0,0,OCUPADO,1,28,55,120,1,1
1790182399138,sala01,3318,1790182399138,0,0,OCUPADO,1,28,55,120,1,1
1790182401138,sala01,3319,1790182401138,0,0,OCUPADO,1,28,55,120,1,1
1790182403138,sala01,3320,1790182403138,0,0,OCUPADO,0,28,55,120,1,1
1790182405138,sala01,3321,1790182405138,0,0,OCUPADO,1,28,55,120,1,1
1790182407138,sala01,3322,1790182407138,0,0,OCUPADO,1,28,55,120,1,1
1790182409138,sala01,3323,1790182409138,0,0,OCUPADO,1,28,55,120,1,1
1790182411138,sala01,3324,1790182411138,0,0,OCUPADO,0,28,55,120,1,1
1790182413138,sala01,3325,1790182413138,0,0,OCUPADO,1,28,55,120,1,1
1790182415138,sala01,3326,1790182415138,0,0,OCUPADO,1,28,55,120,1,1
1790182417138,sala01,3327,1790182417138,0,0,OCUPADO,1,28,55,120,1,1
1790182419138,sala01,3328,1790182419138,0,0,OCUPADO,0,28,55,120,1,1
1790182421138,sala01,3329,1790182421138,0,0,OCUPADO,1,28,55,120,1,1
1790182423138,sala01,3330,1790182423138,0,0,OCUPADO,1,28,55,120,1,1
1790182425138,sala01,3331,1790182425138,0,0,OCUPADO,1,28,55,120,1,1
1790182427138,sala01,3332,1790182427138,0,0,OCUPADO,0,28,55,120,1,1
1790182429138,sala01,3333,1790182429138,0,0,OCUPADO,1,28,55,120,1,1
1790182431138,sala01,3334,1790182431138,0,0,OCUPADO,1,28,55,120,1,1
1790182433138,sala01,3335,1790182433138,0,0,OCUPADO,1,28,55,120,1,1
1790182435138,sala01,3336,1790182435138,0,0,OCUPADO,0,28,55,120,1,1
1790182437138,sala01,3337,1790182437138,0,0,OCUPADO,1,28,55,120,1,1
1790182439138,sala01,3338,1790182439138,0,0,OCUPADO,1,28,55,120,1,1
1790182441138,sala01,3339,1790182441138,0,0,OCUPADO,1,28,55,120,1,1
1790182443138,sala01,3340,1790182443138,0,0,OCUPADO,0,28,55,120,1,1
1790182445138,sala01,3341,1790182445138,0,0,OCUPADO,1,28,55,120,1,1
1790182447138,sala01,3342,1790182447138,0,0,OCUPADO,1,28,55,120,1,1
1790182449138,sala01,3343,1790182449138,0,0,OCUPADO,1,28,55,120,1,1
1790182451138,sala01,3344,1790182451138,0,0,OCUPADO,0,28,55,120,1,1
1790182453138,sala01,3345,1790182453138,0,0,OCUPADO,1,28,55,120,1,1
1790182455138,sala01,3346,1790182455138,0,0,OCUPADO,1,28,55,120,1,1
1790182457138,sala01,3347,1790182457138,0,0,OCUPADO,1,28,55,120,1,1
1790182459138,sala01,3348,1790182459138,0,0,OCUPADO,0,28,55,120,1,1
1790182461138,sala01,3349,1790182461138,0,0,OCUPADO,1,28,55,120,1,1
1790182463138,sala01,3350,1790182463138,0,0,OCUPADO,1,28,55,120,1,1
1790182465138,sala01,3351,1790182465138,0,0,OCUPADO,1,28,55,120,1,1
1790182467138,sala01,3352,1790182467138,0,0,OCUPADO,0,28,55,120,1,1
1790182469138,sala01,3353,1790182469138,0,0,OCUPADO,1,28,55,120,1,1
1790182471138,sala01,3354,1790182471138,0,0,OCUPADO,1,28,55,120,1,1
1790182473138,sala01,3355,1790182473138,0,0,OCUPADO,1,28,55,120,1,1
1790182475138,sala01,3356,1790182475138,0,0,OCUPADO,0,28,55,120,1,1
1790182477138,sala01,3357,1790182477138,0,0,OCUPADO,1,28,55,120,1,1
1790182479138,sala01,3358,1790182479138,0,0,OCUPADO,1,28,55,120,1,1
1790182481138,sala01,3359,1790182481138,0,0,OCUPADO,1,28,55,120,1,1
1790182483138,sala01,3360,1790182483138,0,0,OCUPADO,0,28,55,120,1,1
1790182485138,sala01,3361,1790182485138,0,0,OCUPADO,1,28,55,120,1,1
1790182487138,sala01,3362,1790182487138,0,0,OCUPADO,1,28,55,120,1,1
1790182489138,sala01,3363,1790182489138,0,0,OCUPADO,1,28,55,120,1,1
1790182491138,sala01,3364,1790182491138,0,0,OCUPADO,0,28,55,120,1,1
1790182493138,sala01,3365,1790182493138,0,0,OCUPADO,1,28,55,120,1,1
1790182495138,sala01,3366,1790182495138,0,0,OCUPADO,1,28,55,120,1,1
1790182497138,sala01,3367,1790182497138,0,0,OCUPADO,1,28,55,120,1,1
1790182499138,sala01,3368,1790182499138,0,0,OCUPADO,0,28,55,120,1,1
1790182501138,sala01,3369,1790182501138,0,0,OCUPADO,1,28,55,120,1,1
1790182503138,sala01,3370,1790182503138,0,0,OCUPADO,1,28,55,120,1,1
1790182505138,sala01,3371,1790182505138,0,0,OCUPADO,1,28,55,120,1,1
1790182507138,sala01,3372,1790182507138,0,0,OCUPADO,0,28,55,120,1,1
1790182509138,sala01,3373,1790182509138,0,0,OCUPADO,1,28,55,120,1,1
1790182511138,sala01,3374,1790182511138,0,0,OCUPADO,1,28,55,120,1,1
1790182513138,sala01,3375,1790182513138,0,0,OCUPADO,1,28,55,120,1,1
1790182515138,sala01,3376,1790182515138,0,0,OCUPADO,0,28,55,120,1,1
1790182517138,sala01,3377,1790182517138,0,0,OCUPADO,1,28,55,120,1,1
1790182519138,sala01,3378,1790182519138,0,0,OCUPADO,1,28,55,120,1,1
1790182521138,sala01,3379,1790182521138,0,0,OCUPADO,1,28,55,120,1,1
1790182523138,sala01,3380,1790182523138,0,0,OCUPADO,0,28,55,120,1,1
1790182525138,sala01,3381,1790182525138,0,0,OCUPADO,1,28,55,120,1,1
1790182527138,sala01,3382,1790182527138,0,0,OCUPADO,1,28,55,120,1,1
1790182529138,sala01,3383,1790182529138,0,0,OCUPADO,1,28,55,120,1,1
1790182531138,sala01,3384,1790182531138,0,0,OCUPADO,0,28,55,120,1,1
1790182533138,sala01,3385,1790182533138,0,0,OCUPADO,1,28,55,120,1,1
1790182535138,sala01,3386,1790182535138,0,0,OCUPADO,1,28,55,120,1,1
1790182537138,sala01,3387,1790182537138,0,0,OCUPADO,1,28,55,120,1,1
1790182539138,sala01,3388,1790182539138,0,0,OCUPADO,0,28,55,120,1,1
1790182541138,sala01,3389,1790182541138,0,0,OCUPADO,1,28,55,120,1,1
1790182543138,sala01,3390,1790182543138,0,0,OCUPADO,1,28,55,120,1,1
1790182545138,sala01,3391,1790182545138,0,0,OCUPADO,1,28,55,120,1,1
1790182547138,sala01,3392,1790182547138,0,0,OCUPADO,0,28,55,120,1,1
1790182549138,sala01,3393,1790182549138,0,0,OCUPADO,1,28,55,120,1,1
1790182551138,sala01,3394,1790182551138,0,0,OCUPADO,1,28,55,120,1,1
1790182553138,sala01,3395,1790182553138,0,0,OCUPADO,1,28,55,120,1,1
1790182555138,sala01,3396,1790182555138,0,0,OCUPADO,0,28,55,120,1,1
1790182557138,sala01,3397,1790182557138,0,0,OCUPADO,1,28,55,120,1,1
1790182559138,sala01,3398,1790182559138,0,0,OCUPADO,1,28,55,120,1,1
1790182561138,sala01,3399,1790182561138,0,0,OCUPADO,1,28,55,120,1,1
1790182563138,sala01,3400,1790182563138,0,0,OCUPADO,0,28,55,120,1,1
1790182565138,sala01,3401,1790182565138,0,0,OCUPADO,1,28,55,120,1,1
1790182567138,sala01,3402,1790182567138,0,0,OCUPADO,1,28,55,120,1,1
1790182569138,sala01,3403,1790182569138,0,0,OCUPADO,1,28,55,120,1,1
1790182571138,sala01,3404,1790182571138,0,0,OCUPADO,0,28,55,120,1,1
1790182573138,sala01,3405,1790182573138,0,0,OCUPADO,1,28,55,120,1,1
1790182575138,sala01,3406,1790182575138,0,0,OCUPADO,1,28,55,120,1,1
1790182577138,sala01,3407,1790182577138,0,0,OCUPADO,1,28,55,120,1,1
1790182579138,sala01,3408,1790182579138,0,0,OCUPADO,0,28,55,120,1,1
1790182581138,sala01,3409,1790182581138,0,0,OCUPADO,1,28,55,120,1,1
1790182583138,sala01,3410,1790182583138,0,0,OCUPADO,1,28,55,120,1,1
1790182585138,sala01,3411,1790182585138,0,0,OCUPADO,1,28,55,120,1,1
1790182587138,sala01,3412,1790182587138,0,0,OCUPADO,0,28,55,120,1,1
1790182589138,sala01,3413,1790182589138,0,0,OCUPADO,1,28,55,120,1,1
1790182591138,sala01,3414,1790182591138,0,0,OCUPADO,1,28,55,120,1,1
1790182593138,sala01,3415,1790182593138,0,0,OCUPADO,1,28,55,120,1,1
1790182595138,sala01,3416,1790182595138,0,0,OCUPADO,0,28,55,120,1,1
1790182597138,sala01,3417,1790182597138,0,0,OCUPADO,1,28,55,120,1,1
1790182599138,sala01,3418,1790182599138,0,0,OCUPADO,1,28,55,120,1,1
1790182601138,sala01,3419,1790182601138,0,0,OCUPADO,1,28,55,120,1,1
1790182603138,sala01,3420,1790182603138,0,0,OCUPADO,0,28,55,120,1,1
1790182605138,sala01,3421,1790182605138,0,0,OCUPADO,1,28,55,120,1,1
1790182607138,sala01,3422,1790182607138,0,0,OCUPADO,1,28,55,120,1,1
1790182609138,sala01,3423,1790182609138,0,0,OCUPADO,1,28,55,120,1,1
1790182611138,sala01,3424,1790182611138,0,0,OCUPADO,0,28,55,120,1,1
1790182613138,sala01,3425,1790182613138,0,0,OCUPADO,1,28,55,120,1,1
1790182615138,sala01,3426,1790182615138,0,0,OCUPADO,1,28,55,120,1,1
1790182617138,sala01,3427,1790182617138,0,0,OCUPADO,1,28,55,120,1,1
1790182619138,sala01,3428,1790182619138,0,0,OCUPADO,0,28,55,120,1,1
1790182621138,sala01,3429,1790182621138,0,0,OCUPADO,1,28,55,120,1,1
1790182623138,sala01,3430,1790182623138,0,0,OCUPADO,1,28,55,120,1,1
1790182625138,sala01,3431,1790182625138,0,0,OCUPADO,1,28,55,120,1,1
1790182627138,sala01,3432,1790182627138,0,0,OCUPADO,0,28,55,120,1,1
1790182629138,sala01,3433,1790182629138,0,0,OCUPADO,1,28,55,120,1,1
1790182631138,sala01,3434,1790182631138,0,0,OCUPADO,1,28,55,120,1,1
1790182633138,sala01,3435,1790182633138,0,0,OCUPADO,1,28,55,120,1,1
1790182635138,sala01,3436,1790182635138,0,0,OCUPADO,0,28,55,120,1,1
1790182637138,sala01,3437,1790182637138,0,0,OCUPADO,1,28,55,120,1,1
1790182639138,sala01,3438,1790182639138,0,0,OCUPADO,1,28,55,120,1,1
1790182641138,sala01,3439,1790182641138,0,0,OCUPADO,1,28,55,120,1,1
1790182643138,sala01,3440,1790182643138,0,0,OCUPADO,0,28,55,120,1,1
1790182645138,sala01,3441,1790182645138,0,0,OCUPADO,1,28,55,120,1,1
1790182647138,sala01,3442,1790182647138,0,0,OCUPADO,1,28,55,120,1,1
1790182649138,sala01,3443,1790182649138,0,0,OCUPADO,1,28,55,120,1,1
1790182651138,sala01,3444,1790182651138,0,0,OCUPADO,0,28,55,120,1,1
1790182653138,sala01,3445,1790182653138,0,0,OCUPADO,1,28,55,120,1,1
1790182655138,sala01,3446,1790182655138,0,0,OCUPADO,1,28,55,120,1,1
1790182657138,sala01,3447,1790182657138,0,0,OCUPADO,1,28,55,120,1,1
1790182659138,sala01,3448,1790182659138,0,0,OCUPADO,0,28,55,120,1,1
1790182661138,sala01,3449,1790182661138,0,0,OCUPADO,1,28,55,120,1,1
1790182663138,sala01,3450,1790182663138,0,0,OCUPADO,1,28,55,120,1,1
1790182665138,sala01,3451,1790182665138,0,0,OCUPADO,1,28,55,120,1,1
1790182667138,sala01,3452,1790182667138,0,0,OCUPADO,0,28,55,120,1,1
1790182669138,sala01,3453,1790182669138,0,0,OCUPADO,1,28,55,120,1,1
1790182671138,sala01,3454,1790182671138,0,0,OCUPADO,1,28,55,120,1,1
1790182673138,sala01,3455,1790182673138,0,0,OCUPADO,1,28,55,120,1,1
1790182675138,sala01,3456,1790182675138,0,0,OCUPADO,0,28,55,120,1,1
1790182677138,sala01,3457,1790182677138,0,0,OCUPADO,1,28,55,120,1,1
1790182679138,sala01,3458,1790182679138,0,0,OCUPADO,1,28,55,120,1,1
1790182681138,sala01,3459,1790182681138,0,0,OCUPADO,1,28,55,120,1,1
1790182683138,sala01,3460,1790182683138,0,0,OCUPADO,0,28,55,120,1,1
1790182685138,sala01,3461,1790182685138,0,0,OCUPADO,1,28,55,120,1,1
1790182687138,sala01,3462,1790182687138,0,0,OCUPADO,1,28,55,120,1,1
1790182689138,sala01,3463,1790182689138,0,0,OCUPADO,1,28,55,120,1,1
1790182691138,sala01,3464,1790182691138,0,0,OCUPADO,0,28,55,120,1,1
1790182693138,sala01,3465,1790182693138,0,0,OCUPADO,1,28,55,120,1,1
1790182695138,sala01,3466,1790182695138,0,0,OCUPADO,1,28,55,120,1,1
1790182697138,sala01,3467,1790182697138,0,0,OCUPADO,1,28,55,120,1,1
1790182699138,sala01,3468,1790182699138,0,0,OCUPADO,0,28,55,120,1,1
1790182701138,sala01,3469,1790182701138,0,0,OCUPADO,1,28,55,120,1,1
1790182703138,sala01,3470,1790182703138,0,0,OCUPADO,1,28,55,120,1,1
1790182705138,sala01,3471,1790182705138,0,0,OCUPADO,1,28,55,120,1,1
1790182707138,sala01,3472,1790182707138,0,0,OCUPADO,0,28,55,120,1,1
1790182709138,sala01,3473,1790182709138,0,0,OCUPADO,1,28,55,120,1,1
1790182711138,sala01,3474,1790182711138,0,0,OCUPADO,1,28,55,120,1,1
1790182713138,sala01,3475,1790182713138,0,0,OCUPADO,1,28,55,120,1,1
1790182715138,sala01,3476,1790182715138,0,0,OCUPADO,0,28,55,120,1,1
1790182717138,sala01,3477,1790182717138,0,0,OCUPADO,1,28,55,120,1,1
1790182719138,sala01,3478,1790182719138,0,0,OCUPADO,1,28,55,120,1,1
1790182721138,sala01,3479,1790182721138,0,0,OCUPADO,1,28,55,120,1,1
1790182723138,sala01,3480,1790182723138,0,0,OCUPADO,0,28,55,120,1,1
1790182725138,sala01,3481,1790182725138,0,0,OCUPADO,1,28,55,120,1,1
1790182727138,sala01,3482,1790182727138,0,0,OCUPADO,1,28,55,120,1,1
1790182729138,sala01,3483,1790182729138,0,0,OCUPADO,1,28,55,120,1,1
1790182731138,sala01,3484,1790182731138,0,0,OCUPADO,0,28,55,120,1,1
1790182733138,sala01,3485,1790182733138,0,0,OCUPADO,1,28,55,120,1,1
1790182735138,sala01,3486,1790182735138,0,0,OCUPADO,1,28,55,120,1,1
1790182737138,sala01,3487,1790182737138,0,0,OCUPADO,1,28,55,120,1,1
1790182739138,sala01,3488,1790182739138,0,0,OCUPADO,0,28,55,120,1,1
1790182741138,sala01,3489,1790182741138,0,0,OCUPADO,1,28,55,120,1,1
1790182743138,sala01,3490,1790182743138,0,0,OCUPADO,1,28,55,120,1,1
1790182745138,sala01,3491,1790182745138,0,0,OCUPADO,1,28,55,120,1,1
1790182747138,sala01,3492,1790182747138,0,0,OCUPADO,0,28,55,120,1,1
1790182749138,sala01,3493,1790182749138,0,0,OCUPADO,1,28,55,120,1,1
1790182751138,sala01,3494,1790182751138,0,0,OCUPADO,1,28,55,120,1,1
1790182753138,sala01,3495,1790182753138,0,0,OCUPADO,1,28,55,120,1,1
1790182755138,sala01,3496,1790182755138,0,0,OCUPADO,0,28,55,120,1,1
1790182757138,sala01,3497,1790182757138,0,0,OCUPADO,1,28,55,120,1,1
1790182759138,sala01,3498,1790182759138,0,0,OCUPADO,1,28,55,120,1,1
1790182761138,sala01,3499,1790182761138,0,0,OCUPADO,1,28,55,120,1,1
1790182763138,sala01,3500,1790182763138,0,0,OCUPADO,0,28,55,120,1,1
1790182765138,sala01,3501,1790182765138,0,0,OCUPADO,1,28,55,120,1,1
1790182767138,sala01,3502,1790182767138,0,0,OCUPADO,1,28,55,120,1,1
1790182769138,sala01,3503,1790182769138,0,0,OCUPADO,1,28,55,120,1,1
1790182771138,sala01,3504,1790182771138,0,0,OCUPADO,0,28,55,120,1,1
1790182773138,sala01,3505,1790182773138,0,0,OCUPADO,1,28,55,120,1,1
1790182775138,sala01,3506,1790182775138,0,0,OCUPADO,1,28,55,120,1,1
1790182777138,sala01,3507,1790182777138,0,0,OCUPADO,1,28,55,120,1,1
1790182779138,sala01,3508,1790182779138,0,0,OCUPADO,0,28,55,120,1,1
1790182781138,sala01,3509,1790182781138,0,0,OCUPADO,1,28,55,120,1,1
1790182783138,sala01,3510,1790182783138,0,0,OCUPADO,1,28,55,120,1,1
1790182785138,sala01,3511,1790182785138,0,0,OCUPADO,1,28,55,120,1,1
1790182787138,sala01,3512,1790182787138,0,0,OCUPADO,0,28,55,120,1,1
1790182789138,sala01,3513,1790182789138,0,0,OCUPADO,1,28,55,120,1,1
1790182791138,sala01,3514,1790182791138,0,0,OCUPADO,1,28,55,120,1,1
1790182793138,sala01,3515,1790182793138,0,0,OCUPADO,1,28,55,120,1,1
1790182795138,sala01,3516,1790182795138,0,0,OCUPADO,0,28,55,120,1,1
1790182797138,sala01,3517,1790182797138,0,0,OCUPADO,1,28,55,120,1,1
1790182799138,sala01,3518,1790182799138,0,0,OCUPADO,1,28,55,120,1,1
1790182801138,sala01,3519,1790182801138,0,0,OCUPADO,1,28,55,120,1,1
1790182803138,sala01,3520,1790182803138,0,0,OCUPADO,0,28,55,120,1,1
1790182805138,sala01,3521,1790182805138,0,0,OCUPADO,1,28,55,120,1,1
1790182807138,sala01,3522,1790182807138,0,0,OCUPADO,1,28,55,120,1,1
1790182809138,sala01,3523,1790182809138,0,0,OCUPADO,1,28,55,120,1,1
1790182811138,sala01,3524,1790182811138,0,0,OCUPADO,0,28,55,120,1,1
1790182813138,sala01,3525,1790182813138,0,0,OCUPADO,1,28,55,120,1,1
1790182815138,sala01,3526,1790182815138,0,0,OCUPADO,1,28,55,120,1,1
1790182817138,sala01,3527,1790182817138,0,0,OCUPADO,1,28,55,120,1,1
1790182819138,sala01,3528,1790182819138,0,0,OCUPADO,0,28,55,120,1,1
1790182821138,sala01,3529,1790182821138,0,0,OCUPADO,1,28,55,120,1,1
1790182823138,sala01,3530,1790182823138,0,0,OCUPADO,1,28,55,120,1,1
1790182825138,sala01,3531,1790182825138,0,0,OCUPADO,1,28,55,120,1,1
1790182827138,sala01,3532,1790182827138,0,0,OCUPADO,0,28,55,120,1,1
1790182829138,sala01,3533,1790182829138,0,0,OCUPADO,1,28,55,120,1,1
1790182831138,sala01,3534,1790182831138,0,0,OCUPADO,1,28,55,120,1,1
1790182833138,sala01,3535,1790182833138,0,0,OCUPADO,1,28,55,120,1,1
1790182835138,sala01,3536,1790182835138,0,0,OCUPADO,0,28,55,120,1,1
1790182837138,sala01,3537,1790182837138,0,0,OCUPADO,1,28,55,120,1,1
1790182839138,sala01,3538,1790182839138,0,0,OCUPADO,1,28,55,120,1,1
1790182841138,sala01,3539,1790182841138,0,0,OCUPADO,1,28,55,120,1,1
1790182843138,sala01,3540,1790182843138,0,0,OCUPADO,0,28,55,120,1,1
1790182845138,sala01,3541,1790182845138,0,0,OCUPADO,1,28,55,120,1,1
1790182847138,sala01,3542,1790182847138,0,0,OCUPADO,1,28,55,120,1,1
1790182849138,sala01,3543,1790182849138,0,0,OCUPADO,1,28,55,120,1,1
1790182851138,sala01,3544,1790182851138,0,0,OCUPADO,0,28,55,120,1,1
1790182853138,sala01,3545,1790182853138,0,0,OCUPADO,1,28,55,120,1,1
1790182855138,sala01,3546,1790182855138,0,0,OCUPADO,1,28,55,120,1,1
1790182857138,sala01,3547,1790182857138,0,0,OCUPADO,1,28,55,120,1,1
1790182859138,sala01,3548,1790182859138,0,0,OCUPADO,0,28,55,120,1,1
1790182861138,sala01,3549,1790182861138,0,0,OCUPADO,1,28,55,120,1,1
1790182863138,sala01,3550,1790182863138,0,0,OCUPADO,1,28,55,120,1,1
1790182865138,sala01,3551,1790182865138,0,0,OCUPADO,1,28,55,120,1,1
1790182867138,sala01,3552,1790182867138,0,0,OCUPADO,0,28,55,120,1,1
1790182869138,sala01,3553,1790182869138,0,0,OCUPADO,1,28,55,120,1,1
1790182871138,sala01,3554,1790182871138,0,0,OCUPADO,1,28,55,120,1,1
1790182873138,sala01,3555,1790182873138,0,0,OCUPADO,1,28,55,120,1,1
1790182875138,sala01,3556,1790182875138,0,0,OCUPADO,0,28,55,120,1,1
1790182877138,sala01,3557,1790182877138,0,0,OCUPADO,1,28,55,120,1,1
1790182879138,sala01,3558,1790182879138,0,0,OCUPADO,1,28,55,120,1,1
1790182881138,sala01,3559,1790182881138,0,0,OCUPADO,1,28,55,120,1,1
1790182883138,sala01,3560,1790182883138,0,0,OCUPADO,0,28,55,120,1,1
1790182885138,sala01,3561,1790182885138,0,0,OCUPADO,1,28,55,120,1,1
1790182887138,sala01,3562,1790182887138,0,0,OCUPADO,1,28,55,120,1,1
1790182889138,sala01,3563,1790182889138,0,0,OCUPADO,1,28,55,120,1,1
1790182891138,sala01,3564,1790182891138,0,0,OCUPADO,0,28,55,120,1,1
1790182893138,sala01,3565,1790182893138,0,0,OCUPADO,1,28,55,120,1,1
1790182895138,sala01,3566,1790182895138,0,0,OCUPADO,1,28,55,120,1,1
1790182897138,sala01,3567,1790182897138,0,0,OCUPADO,1,28,55,120,1,1
1790182899138,sala01,3568,1790182899138,0,0,OCUPADO,0,28,55,120,1,1
1790182901138,sala01,3569,1790182901138,0,0,OCUPADO,1,28,55,120,1,1
1790182903138,sala01,3570,1790182903138,0,0,OCUPADO,1,28,55,120,1,1
1790182905138,sala01,3571,1790182905138,0,0,OCUPADO,1,28,55,120,1,1
1790182907138,sala01,3572,1790182907138,0,0,OCUPADO,0,28,55,120,1,1
1790182909138,sala01,3573,1790182909138,0,0,OCUPADO,1,28,55,120,1,1
1790182911138,sala01,3574,1790182911138,0,0,OCUPADO,1,28,55,120,1,1
1790182913138,sala01,3575,1790182913138,0,0,OCUPADO,1,28,55,120,1,1
1790182915138,sala01,3576,1790182915138,0,0,OCUPADO,0,28,55,120,1,1
1790182917138,sala01,3577,1790182917138,0,0,OCUPADO,1,28,55,120,1,1
1790182919138,sala01,3578,1790182919138,0,0,OCUPADO,1,28,55,120,1,1
1790182921138,sala01,3579,1790182921138,0,0,OCUPADO,1,28,55,120,1,1
1790182923138,sala01,3580,1790182923138,0,0,OCUPADO,0,28,55,120,1,1
1790182925138,sala01,3581,1790182925138,0,0,OCUPADO,1,28,55,120,1,1
1790182927138,sala01,3582,1790182927138,0,0,OCUPADO,1,28,55,120,1,1
1790182929138,sala01,3583,1790182929138,0,0,OCUPADO,1,28,55,120,1,1
1790182931138,sala01,3584,1790182931138,0,0,OCUPADO,0,28,55,120,1,1
1790182933138,sala01,3585,1790182933138,0,0,OCUPADO,1,28,55,120,1,1
1790182935138,sala01,3586,1790182935138,0,0,OCUPADO,1,28,55,120,1,1
1790182937138,sala01,3587,1790182937138,0,0,OCUPADO,1,28,55,120,1,1
1790182939138,sala01,3588,1790182939138,0,0,OCUPADO,0,28,55,120,1,1
1790182941138,sala01,3589,1790182941138,0,0,OCUPADO,1,28,55,120,1,1
1790182943138,sala01,3590,1790182943138,0,0,OCUPADO,1,28,55,120,1,1
1790182945138,sala01,3591,1790182945138,0,0,OCUPADO,1,28,55,120,1,1
1790182947138,sala01,3592,1790182947138,0,0,OCUPADO,0,28,55,120,1,1
1790182949138,sala01,3593,1790182949138,0,0,OCUPADO,1,28,55,120,1,1
1790182951138,sala01,3594,1790182951138,0,0,OCUPADO,1,28,55,120,1,1
1790182953138,sala01,3595,1790182953138,0,0,OCUPADO,1,28,55,120,1,1
1790182955138,sala01,3596,1790182955138,0,0,OCUPADO,0,28,55,120,1,1
1790182957138,sala01,3597,1790182957138,0,0,OCUPADO,1,28,55,120,1,1
1790182959138,sala01,3598,1790182959138,0,0,OCUPADO,1,28,55,120,1,1
1790182961138,sala01,3599,1790182961138,0,0,OCUPADO,1,28,55,120,1,1
1790182963138,sala01,3600,1790182963138,0,0,OCUPADO,0,28,55,120,1,1
1790182965138,sala01,3601,1790182965138,0,0,OCUPADO,0,28,55,120,1,1
1790182967138,sala01,3602,1790182967138,0,0,OCUPADO,0,28,55,120,1,1
1790182969138,sala01,3603,1790182969138,0,0,OCUPADO,0,28,55,120,1,1
1790182971138,sala01,3604,1790182971138,0,0,OCUPADO,0,28,55,120,1,1
1790182973138,sala01,3605,1790182973138,0,0,OCUPADO,0,28,55,120,1,1
1790182975138,sala01,3606,1790182975138,0,0,OCUPADO,0,28,55,120,1,1
1790182977138,sala01,3607,1790182977138,0,0,OCUPADO,0,28,55,120,1,1
1790182979138,sala01,3608,1790182979138,0,0,OCUPADO,0,28,55,120,1,1
1790182981138,sala01,3609,1790182981138,0,0,OCUPADO,0,28,55,120,1,1
1790182983138,sala01,3610,1790182983138,0,0,OCUPADO,0,28,55,120,1,1
1790182985138,sala01,3611,1790182985138,0,0,OCUPADO,0,28,55,120,1,1
1790182987138,sala01,3612,1790182987138,0,0,OCUPADO,0,28,55,120,1,1
1790182989138,sala01,3613,1790182989138,0,0,OCUPADO,0,28,55,120,1,1
1790182991138,sala01,3614,1790182991138,0,0,OCUPADO,0,28,55,120,1,1
1790182992138,sala01,3615,1790182992138,0,0,DESOCUPADO,0,28,55,120,0,0
1790182994138,sala01,3616,1790182994138,0,0,DESOCUPADO,0,28,55,120,0,0
1790182996138,sala01,3617,1790182996138,0,0,DESOCUPADO,0,28,55,120,0,0
1790182998138,sala01,3618,1790182998138,0,0,DESOCUPADO,0,28,55,120,0,0
1790183000138,sala01,3619,1790183000138,0,0,DESOCUPADO,0,28,55,120,0,0
1790183002138,sala01,3620,1790183002138,0,0,DESOCUPADO,0,28,55,120,0,0
1790183004138,sala01,3621,1790183004138,0,0,DESOCUPADO,0,28,55,120,0,0
1790183006138,sala01,3622,1790183006138,0,0,DESOCUPADO,0,28,55,120,0,0
1790183008138,sala01,3623,1790183008138,0,0,DESOCUPADO,0,28,55,120,0,0
1790183010138,sala01,3624,1790183010138,0,0,DESOCUPADO,0,28,55,120,0,0
1790183012138,sala01,3625,1790183012138,0,0,DESOCUPADO,0,28,55,120,0,0
1790183014138,sala01,3626,1790183014138,0,0,DESOCUPADO,0,28,55,120,0,0
1790183016138,sala01,3627,1790183016138,0,0,DESOCUPADO,0,28,55,120,0,0
1790183018138,sala01,3628,1790183018138,0,0,DESOCUPADO,0,28,55,120,0,0
1790183020138,sala01,3629,1790183020138,0,0,DESOCUPADO,0,28,55,120,0,0
1790183022138,sala01,3630,1790183022138,0,0,DESOCUPADO,0,28,55,120,0,0
1790183024138,sala01,3631,1790183024138,0,0,DESOCUPADO,0,28,55,120,0,0
1790183026138,sala01,3632,1790183026138,0,0,DESOCUPADO,0,28,55,120,0,0
1790183028138,sala01,3633,1790183028138,0,0,DESOCUPADO,0,28,55,120,0,0
1790183030138,sala01,3634,1790183030138,0,0,DESOCUPADO,0,28,55,120,0,0
1790183032138,sala01,3635,1790183032138,0,0,DESOCUPADO,0,28,55,120,0,0
1790183034138,sala01,3636,1790183034138,0,0,DESOCUPADO,0,28,55,120,0,0
1790183036138,sala01,3637,1790183036138,0,0,DESOCUPADO,0,28,55,120,0,0
1790183038138,sala01,3638,1790183038138,0,0,DESOCUPADO,0,28,55,120,0,0
1790183040138,sala01,3639,1790183040138,0,0,DESOCUPADO,0,28,55,120,0,0
1790183042138,sala01,3640,1790183042138,0,0,DESOCUPADO,0,28,55,120,0,0
1790183044138,sala01,3641,1790183044138,0,0,DESOCUPADO,0,28,55,120,0,0
1790183046138,sala01,3642,1790183046138,0,0,DESOCUPADO,0,28,55,120,0,0
1790183048138,sala01,3643,1790183048138,0,0,DESOCUPADO,0,28,55,120,0,0
1790183050138,sala01,3644,1790183050138,0,0,DESOCUPADO,0,28,55,120,0,0
1790183052138,sala01,3645,1790183052138,0,0,DESOCUPADO,0,28,55,120,0,0
1790183054138,sala01,3646,1790183054138,0,0,DESOCUPADO,0,28,55,120,0,0
1790183056138,sala01,3647,1790183056138,0,0,DESOCUPADO,0,28,55,120,0,0
1790183058138,sala01,3648,1790183058138,0,0,DESOCUPADO,0,28,55,120,0,0
1790183060138,sala01,3649,1790183060138,0,0,DESOCUPADO,0,28,55,120,0,0
1790183062138,sala01,3650,1790183062138,0,0,DESOCUPADO,0,28,55,120,0,0
1790183064138,sala01,3651,1790183064138,0,0,DESOCUPADO,0,28,55,120,0,0
1790183066138,sala01,3652,1790183066138,0,0,DESOCUPADO,0,28,55,120,0,0
1790183068138,sala01,3653,1790183068138,0,0,DESOCUPADO,0,28,55,120,0,0
1790183070138,sala01,3654,1790183070138,0,0,DESOCUPADO,0,28,55,120,0,0
1790183072138,sala01,3655,1790183072138,0,0,DESOCUPADO,0,28,55,120,0,0
1790183074138,sala01,3656,1790183074138,0,0,DESOCUPADO,0,28,55,120,0,0
1790183076138,sala01,3657,1790183076138,0,0,DESOCUPADO,0,28,55,120,0,0
1790183078138,sala01,3658,1790183078138,0,0,DESOCUPADO,0,28,55,120,0,0
1790183080138,sala01,3659,1790183080138,0,0,DESOCUPADO,0,28,55,120,0,0
1790183082138,sala01,3660,1790183082138,0,0,DESOCUPADO,0,28,55,120,0,0
1790183084138,sala01,3661,1790183084138,0,0,DESOCUPADO,0,28,55,120,0,0
1790183086138,sala01,3662,1790183086138,0,0,DESOCUPADO,0,28,55,120,0,0
1790183088138,sala01,3663,1790183088138,0,0,DESOCUPADO,0,28,55,120,0,0
1790183090138,sala01,3664,1790183090138,0,0,DESOCUPADO,0,28,55,120,0,0
1790183092138,sala01,3665,1790183092138,0,0,DESOCUPADO,0,28,55,120,0,0
1790183094138,sala01,3666,1790183094138,0,0,DESOCUPADO,0,28,55,120,0,0
1790183096138,sala01,3667,1790183096138,0,0,DESOCUPADO,0,28,55,120,0,0
1790183098138,sala01,3668,1790183098138,0,0,DESOCUPADO,0,28,55,120,0,0
1790183100138,sala01,3669,1790183100138,0,0,DESOCUPADO,0,28,55,120,0,0
1790183102138,sala01,3670,1790183102138,0,0,DESOCUPADO,0,28,55,120,0,0
1790183104138,sala01,3671,1790183104138,0,0,DESOCUPADO,0,28,55,120,0,0
1790183106138,sala01,3672,1790183106138,0,0,DESOCUPADO,0,28,55,120,0,0
1790183108138,sala01,3673,1790183108138,0,0,DESOCUPADO,0,28,55,120,0,0
1790183110138,sala01,3674,1790183110138,0,0,DESOCUPADO,0,28,55,120,0,0
1790183112138,sala01,3675,1790183112138,0,0,DESOCUPADO,0,28,55,120,0,0
1790183114138,sala01,3676,1790183114138,0,0,DESOCUPADO,0,28,55,120,0,0
1790183116138,sala01,3677,1790183116138,0,0,DESOCUPADO,0,28,55,120,0,0
1790183118138,sala01,3678,1790183118138,0,0,DESOCUPADO,0,28,55,120,0,0
1790183120138,sala01,3679,1790183120138,0,0,DESOCUPADO,0,28,55,120,0,0
1790183122138,sala01,3680,1790183122138,0,0,DESOCUPADO,0,28,55,120,0,0
1790183124138,sala01,3681,1790183124138,0,0,DESOCUPADO,0,28,55,120,0,0
1790183126138,sala01,3682,1790183126138,0,0,DESOCUPADO,0,28,55,120,0,0
1790183128138,sala01,3683,1790183128138,0,0,DESOCUPADO,0,28,55,120,0,0
1790183130138,sala01,3684,1790183130138,0,0,DESOCUPADO,0,28,55,120,0,0
1790183132138,sala01,3685,1790183132138,0,0,DESOCUPADO,0,28,55,120,0,0
1790183134138,sala01,3686,1790183134138,0,0,DESOCUPADO,0,28,55,120,0,0
1790183136138,sala01,3687,1790183136138,0,0,DESOCUPADO,0,28,55,120,0,0
1790183138138,sala01,3688,1790183138138,0,0,DESOCUPADO,0,28,55,120,0,0
1790183140138,sala01,3689,1790183140138,0,0,DESOCUPADO,0,28,55,120,0,0
1790183142138,sala01,3690,1790183142138,0,0,DESOCUPADO,0,28,55,120,0,0
1790183144138,sala01,3691,1790183144138,0,0,DESOCUPADO,0,28,55,120,0,0
1790183146138,sala01,3692,1790183146138,0,0,DESOCUPADO,0,28,55,120,0,0
1790183148138,sala01,3693,1790183148138,0,0,DESOCUPADO,0,28,55,120,0,0
1790183150138,sala01,3694,1790183150138,0,0,DESOCUPADO,0,28,55,120,0,0
1790183152138,sala01,3695,1790183152138,0,0,DESOCUPADO,0,28,55,120,0,0
1790183154138,sala01,3696,1790183154138,0,0,DESOCUPADO,0,28,55,120,0,0
1790183156138,sala01,3697,1790183156138,0,0,DESOCUPADO,0,28,55,120,0,0
1790183158138,sala01,3698,1790183158138,0,0,DESOCUPADO,0,28,55,120,0,0
1790183160138,sala01,3699,1790183160138,0,0,DESOCUPADO,0,28,55,120,0,0
1790183162138,sala01,3700,1790183162138,0,0,DESOCUPADO,0,28,55,120,0,0
1790183164138,sala01,3701,1790183164138,0,0,DESOCUPADO,0,28,55,120,0,0
1790183166138,sala01,3702,1790183166138,0,0,DESOCUPADO,0,28,55,120,0,0
1790183168138,sala01,3703,1790183168138,0,0,DESOCUPADO,0,28,55,120,0,0
1790183170138,sala01,3704,1790183170138,0,0,DESOCUPADO,0,28,55,120,0,0
1790183172138,sala01,3705,1790183172138,0,0,DESOCUPADO,0,28,55,120,0,0
1790183174138,sala01,3706,1790183174138,0,0,DESOCUPADO,0,28,55,120,0,0
1790183176138,sala01,3707,1790183176138,0,0,DESOCUPADO,0,28,55,120,0,0
1790183178138,sala01,3708,1790183178138,0,0,DESOCUPADO,0,28,55,120,0,0
1790183180138,sala01,3709,1790183180138,0,0,DESOCUPADO,0,28,55,120,0,0
1790183182138,sala01,3710,1790183182138,0,0,DESOCUPADO,0,28,55,120,0,0
1790183184138,sala01,3711,1790183184138,0,0,DESOCUPADO,0,28,55,120,0,0
1790183186138,sala01,3712,1790183186138,0,0,DESOCUPADO,0,28,55,120,0,0
1790183188138,sala01,3713,1790183188138,0,0,DESOCUPADO,0,28,55,120,0,0
1790183190138,sala01,3714,1790183190138,0,0,DESOCUPADO,0,28,55,120,0,0
1790183192138,sala01,3715,1790183192138,0,0,DESOCUPADO,0,28,55,120,0,0
1790183194138,sala01,3716,1790183194138,0,0,DESOCUPADO,0,28,55,120,0,0
1790183196138,sala01,3717,1790183196138,0,0,DESOCUPADO,0,28,55,120,0,0
1790183198138,sala01,3718,1790183198138,0,0,DESOCUPADO,0,28,55,120,0,0
1790183200138,sala01,3719,1790183200138,0,0,DESOCUPADO,0,28,55,120,0,0
1790183202138,sala01,3720,1790183202138,0,0,DESOCUPADO,0,28,55,120,0,0
1790183204138,sala01,3721,1790183204138,0,0,DESOCUPADO,0,28,55,120,0,0
1790183206138,sala01,3722,1790183206138,0,0,DESOCUPADO,0,28,55,120,0,0
1790183208138,sala01,3723,1790183208138,0,0,DESOCUPADO,0,28,55,120,0,0
1790183210138,sala01,3724,1790183210138,0,0,DESOCUPADO,0,28,55,120,0,0
1790183212138,sala01,3725,1790183212138,0,0,DESOCUPADO,0,28,55,120,0,0
1790183214138,sala01,3726,1790183214138,0,0,DESOCUPADO,0,28,55,120,0,0
1790183216138,sala01,3727,1790183216138,0,0,DESOCUPADO,0,28,55,120,0,0
1790183218138,sala01,3728,1790183218138,0,0,DESOCUPADO,0,28,55,120,0,0
1790183220138,sala01,3729,1790183220138,0,0,DESOCUPADO,0,28,55,120,0,0
1790183222138,sala01,3730,1790183222138,0,0,DESOCUPADO,0,28,55,120,0,0
1790183224138,sala01,3731,1790183224138,0,0,DESOCUPADO,0,28,55,120,0,0
1790183226138,sala01,3732,1790183226138,0,0,DESOCUPADO,0,28,55,120,0,0
1790183228138,sala01,3733,1790183228138,0,0,DESOCUPADO,0,28,55,120,0,0
1790183230138,sala01,3734,1790183230138,0,0,DESOCUPADO,0,28,55,120,0,0
1790183232138,sala01,3735,1790183232138,0,0,DESOCUPADO,0,28,55,120,0,0
1790183234138,sala01,3736,1790183234138,0,0,DESOCUPADO,0,28,55,120,0,0
1790183236138,sala01,3737,1790183236138,0,0,DESOCUPADO,0,28,55,120,0,0
1790183238138,sala01,3738,1790183238138,0,0,DESOCUPADO,0,28,55,120,0,0
1790183240138,sala01,3739,1790183240138,0,0,DESOCUPADO,0,28,55,120,0,0
1790183242138,sala01,3740,1790183242138,0,0,DESOCUPADO,0,28,55,120,0,0
1790183244138,sala01,3741,1790183244138,0,0,DESOCUPADO,0,28,55,120,0,0
1790183246138,sala01,3742,1790183246138,0,0,DESOCUPADO,0,28,55,120,0,0
1790183248138,sala01,3743,1790183248138,0,0,DESOCUPADO,0,28,55,120,0,0
1790183250138,sala01,3744,1790183250138,0,0,DESOCUPADO,0,28,55,120,0,0
1790183252138,sala01,3745,1790183252138,0,0,DESOCUPADO,0,28,55,120,0,0
1790183254138,sala01,3746,1790183254138,0,0,DESOCUPADO,0,28,55,120,0,0
1790183256138,sala01,3747,1790183256138,0,0,DESOCUPADO,0,28,55,120,0,0
1790183258138,sala01,3748,1790183258138,0,0,DESOCUPADO,0,28,55,120,0,0
1790183260138,sala01,3749,1790183260138,0,0,DESOCUPADO,0,28,55,120,0,0
1790183262138,sala01,3750,1790183262138,0,0,DESOCUPADO,0,28,55,120,0,0
1790183264138,sala01,3751,1790183264138,0,0,DESOCUPADO,0,28,55,120,0,0
1790183266138,sala01,3752,1790183266138,0,0,DESOCUPADO,0,28,55,120,0,0
1790183268138,sala01,3753,1790183268138,0,0,DESOCUPADO,0,28,55,120,0,0
1790183269138,sala01,3754,1790183269138,0,0,CONFIRMANDO,1,28,55,120,0,0
1790183271138,sala01,3755,1790183271138,0,0,CONFIRMANDO,1,28,55,120,0,0
1790183273138,sala01,3756,1790183273138,0,0,CONFIRMANDO,1,28,55,120,0,0
1790183275138,sala01,3757,1790183275138,0,0,CONFIRMANDO,0,28,55,120,0,0
1790183277138,sala01,3758,1790183277138,0,0,OCUPADO,1,28,55,120,1,1
1790183279138,sala01,3759,1790183279138,0,0,OCUPADO,1,28,55,120,1,1
1790183281138,sala01,3760,1790183281138,0,0,OCUPADO,1,28,55,120,1,1
1790183283138,sala01,3761,1790183283138,0,0,OCUPADO,0,28,55,120,1,1
1790183285138,sala01,3762,1790183285138,0,0,OCUPADO,1,28,55,120,1,1
1790183287138,sala01,3763,1790183287138,0,0,OCUPADO,1,28,55,120,1,1
1790183289138,sala01,3764,1790183289138,0,0,OCUPADO,1,28,55,120,1,1
1790183291138,sala01,3765,1790183291138,0,0,OCUPADO,0,28,55,120,1,1
1790183293138,sala01,3766,1790183293138,0,0,OCUPADO,1,28,55,120,1,1
1790183295138,sala01,3767,1790183295138,0,0,OCUPADO,1,28,55,120,1,1
1790183297138,sala01,3768,1790183297138,0,0,OCUPADO,1,28,55,120,1,1
1790183299138,sala01,3769,1790183299138,0,0,OCUPADO,0,28,55,120,1,1
1790183301138,sala01,3770,1790183301138,0,0,OCUPADO,1,28,55,120,1,1
1790183303138,sala01,3771,1790183303138,0,0,OCUPADO,1,28,55,120,1,1
1790183305138,sala01,3772,1790183305138,0,0,OCUPADO,1,28,55,120,1,1
1790183307138,sala01,3773,1790183307138,0,0,OCUPADO,0,28,55,120,1,1
1790183309138,sala01,3774,1790183309138,0,0,OCUPADO,1,28,55,120,1,1
1790183311138,sala01,3775,1790183311138,0,0,OCUPADO,1,28,55,120,1,1
1790183313138,sala01,3776,1790183313138,0,0,OCUPADO,1,28,55,120,1,1
1790183315138,sala01,3777,1790183315138,0,0,OCUPADO,0,28,55,120,1,1
1790183317138,sala01,3778,1790183317138,0,0,OCUPADO,1,28,55,120,1,1
1790183319138,sala01,3779,1790183319138,0,0,OCUPADO,1,28,55,120,1,1
1790183321138,sala01,3780,1790183321138,0,0,OCUPADO,1,28,55,120,1,1
1790183323138,sala01,3781,1790183323138,0,0,OCUPADO,0,28,55,120,1,1
1790183325138,sala01,3782,1790183325138,0,0,OCUPADO,1,28,55,120,1,1
1790183327138,sala01,3783,1790183327138,0,0,OCUPADO,1,28,55,120,1,1
1790183329138,sala01,3784,1790183329138,0,0,OCUPADO,1,28,55,120,1,1
1790183331138,sala01,3785,1790183331138,0,0,OCUPADO,0,28,55,120,1,1
1790183333138,sala01,3786,1790183333138,0,0,OCUPADO,1,28,55,120,1,1
1790183335138,sala01,3787,1790183335138,0,0,OCUPADO,1,28,55,120,1,1
1790183337138,sala01,3788,1790183337138,0,0,OCUPADO,1,28,55,120,1,1
1790183339138,sala01,3789,1790183339138,0,0,OCUPADO,0,28,55,120,1,1
1790183341138,sala01,3790,1790183341138,0,0,OCUPADO,1,28,55,120,1,1
1790183343138,sala01,3791,1790183343138,0,0,OCUPADO,1,28,55,120,1,1
1790183345138,sala01,3792,1790183345138,0,0,OCUPADO,1,28,55,120,1,1
1790183347138,sala01,3793,1790183347138,0,0,OCUPADO,0,28,55,120,1,1
1790183349138,sala01,3794,1790183349138,0,0,OCUPADO,1,28,55,120,1,1
1790183351138,sala01,3795,1790183351138,0,0,OCUPADO,1,28,55,120,1,1
1790183353138,sala01,3796,1790183353138,0,0,OCUPADO,1,28,55,120,1,1
1790183355138,sala01,3797,1790183355138,0,0,OCUPADO,0,28,55,120,1,1
1790183357138,sala01,3798,1790183357138,0,0,OCUPADO,1,28,55,120,1,1
1790183359138,sala01,3799,1790183359138,0,0,OCUPADO,1,28,55,120,1,1
1790183361138,sala01,3800,1790183361138,0,0,OCUPADO,1,28,55,120,1,1
1790183363138,sala01,3801,1790183363138,0,0,OCUPADO,0,28,55,120,1,1
1790183365138,sala01,3802,1790183365138,0,0,OCUPADO,1,28,55,120,1,1
1790183367138,sala01,3803,1790183367138,0,0,OCUPADO,1,28,55,120,1,1
1790183369138,sala01,3804,1790183369138,0,0,OCUPADO,1,28,55,120,1,1
1790183371138,sala01,3805,1790183371138,0,0,OCUPADO,0,28,55,120,1,1
1790183373138,sala01,3806,1790183373138,0,0,OCUPADO,1,28,55,120,1,1
1790183375138,sala01,3807,1790183375138,0,0,OCUPADO,1,28,55,120,1,1
1790183377138,sala01,3808,1790183377138,0,0,OCUPADO,1,28,55,120,1,1
1790183379138,sala01,3809,1790183379138,0,0,OCUPADO,0,28,55,120,1,1
1790183381138,sala01,3810,1790183381138,0,0,OCUPADO,1,28,55,120,1,1
1790183383138,sala01,3811,1790183383138,0,0,OCUPADO,1,28,55,120,1,1
1790183385138,sala01,3812,1790183385138,0,0,OCUPADO,1,28,55,120,1,1
1790183387138,sala01,3813,1790183387138,0,0,OCUPADO,0,28,55,120,1,1
1790183389138,sala01,3814,1790183389138,0,0,OCUPADO,1,28,55,120,1,1
1790183391138,sala01,3815,1790183391138,0,0,OCUPADO,1,28,55,120,1,1
1790183393138,sala01,3816,1790183393138,0,0,OCUPADO,1,28,55,120,1,1
1790183395138,sala01,3817,1790183395138,0,0,OCUPADO,0,28,55,120,1,1
1790183397138,sala01,3818,1790183397138,0,0,OCUPADO,1,28,55,120,1,1
1790183399138,sala01,3819,1790183399138,0,0,OCUPADO,1,28,55,120,1,1
1790183401138,sala01,3820,1790183401138,0,0,OCUPADO,1,28,55,120,1,1
1790183403138,sala01,3821,1790183403138,0,0,OCUPADO,0,28,55,120,1,1
1790183405138,sala01,3822,1790183405138,0,0,OCUPADO,1,28,55,120,1,1
1790183407138,sala01,3823,1790183407138,0,0,OCUPADO,1,28,55,120,1,1
1790183409138,sala01,3824,1790183409138,0,0,OCUPADO,1,28,55,120,1,1
1790183411138,sala01,3825,1790183411138,0,0,OCUPADO,0,28,55,120,1,1
1790183413138,sala01,3826,1790183413138,0,0,OCUPADO,1,28,55,120,1,1
1790183415138,sala01,3827,1790183415138,0,0,OCUPADO,1,28,55,120,1,1
1790183417138,sala01,3828,1790183417138,0,0,OCUPADO,1,28,55,120,1,1
1790183419138,sala01,3829,1790183419138,0,0,OCUPADO,0,28,55,120,1,1
1790183421138,sala01,3830,1790183421138,0,0,OCUPADO,1,28,55,120,1,1
1790183423138,sala01,3831,1790183423138,0,0,OCUPADO,1,28,55,120,1,1
1790183425138,sala01,3832,1790183425138,0,0,OCUPADO,1,28,55,120,1,1
1790183427138,sala01,3833,1790183427138,0,0,OCUPADO,0,28,55,120,1,1
1790183429138,sala01,3834,1790183429138,0,0,OCUPADO,1,28,55,120,1,1
1790183431138,sala01,3835,1790183431138,0,0,OCUPADO,1,28,55,120,1,1
1790183433138,sala01,3836,1790183433138,0,0,OCUPADO,1,28,55,120,1,1
1790183435138,sala01,3837,1790183435138,0,0,OCUPADO,0,28,55,120,1,1
1790183437138,sala01,3838,1790183437138,0,0,OCUPADO,1,28,55,120,1,1
1790183439138,sala01,3839,1790183439138,0,0,OCUPADO,1,28,55,120,1,1
1790183441138,sala01,3840,1790183441138,0,0,OCUPADO,1,28,55,120,1,1
1790183443138,sala01,3841,1790183443138,0,0,OCUPADO,0,28,55,120,1,1
1790183445138,sala01,3842,1790183445138,0,0,OCUPADO,1,28,55,120,1,1
1790183447138,sala01,3843,1790183447138,0,0,OCUPADO,1,28,55,120,1,1
1790183449138,sala01,3844,1790183449138,0,0,OCUPADO,1,28,55,120,1,1
1790183451138,sala01,3845,1790183451138,0,0,OCUPADO,0,28,55,120,1,1
1790183453138,sala01,3846,1790183453138,0,0,OCUPADO,1,28,55,120,1,1
1790183455138,sala01,3847,1790183455138,0,0,OCUPADO,1,28,55,120,1,1
1790183457138,sala01,3848,1790183457138,0,0,OCUPADO,1,28,55,120,1,1
1790183459138,sala01,3849,1790183459138,0,0,OCUPADO,0,28,55,120,1,1
1790183461138,sala01,3850,1790183461138,0,0,OCUPADO,1,28,55,120,1,1
1790183463138,sala01,3851,1790183463138,0,0,OCUPADO,1,28,55,120,1,1
1790183465138,sala01,3852,1790183465138,0,0,OCUPADO,1,28,55,120,1,1
1790183467138,sala01,3853,1790183467138,0,0,OCUPADO,0,28,55,120,1,1
1790183469138,sala01,3854,1790183469138,0,0,OCUPADO,1,28,55,120,1,1
1790183471138,sala01,3855,1790183471138,0,0,OCUPADO,1,28,55,120,1,1
1790183473138,sala01,3856,1790183473138,0,0,OCUPADO,1,28,55,120,1,1
1790183475138,sala01,3857,1790183475138,0,0,OCUPADO,0,28,55,120,1,1
1790183477138,sala01,3858,1790183477138,0,0,OCUPADO,1,28,55,120,1,1
1790183479138,sala01,3859,1790183479138,0,0,OCUPADO,1,28,55,120,1,1
1790183481138,sala01,3860,1790183481138,0,0,OCUPADO,1,28,55,120,1,1
1790183483138,sala01,3861,1790183483138,0,0,OCUPADO,0,28,55,120,1,1
1790183485138,sala01,3862,1790183485138,0,0,OCUPADO,1,28,55,120,1,1
1790183487138,sala01,3863,1790183487138,0,0,OCUPADO,1,28,55,120,1,1
1790183489138,sala01,3864,1790183489138,0,0,OCUPADO,1,28,55,120,1,1
1790183491138,sala01,3865,1790183491138,0,0,OCUPADO,0,28,55,120,1,1
1790183493138,sala01,3866,1790183493138,0,0,OCUPADO,1,28,55,120,1,1
1790183495138,sala01,3867,1790183495138,0,0,OCUPADO,1,28,55,120,1,1
1790183497138,sala01,3868,1790183497138,0,0,OCUPADO,1,28,55,120,1,1
1790183499138,sala01,3869,1790183499138,0,0,OCUPADO,0,28,55,120,1,1
1790183501138,sala01,3870,1790183501138,0,0,OCUPADO,1,28,55,120,1,1
1790183503138,sala01,3871,1790183503138,0,0,OCUPADO,1,28,55,120,1,1
1790183505138,sala01,3872,1790183505138,0,0,OCUPADO,1,28,55,120,1,1
1790183507138,sala01,3873,1790183507138,0,0,OCUPADO,0,28,55,120,1,1
1790183509138,sala01,3874,1790183509138,0,0,OCUPADO,1,28,55,120,1,1
1790183511138,sala01,3875,1790183511138,0,0,OCUPADO,1,28,55,120,1,1
1790183513138,sala01,3876,1790183513138,0,0,OCUPADO,1,28,55,120,1,1
1790183515138,sala01,3877,1790183515138,0,0,OCUPADO,0,28,55,120,1,1
1790183517138,sala01,3878,1790183517138,0,0,OCUPADO,1,28,55,120,1,1
1790183519138,sala01,3879,1790183519138,0,0,OCUPADO,1,28,55,120,1,1
1790183521138,sala01,3880,1790183521138,0,0,OCUPADO,1,28,55,120,1,1
1790183523138,sala01,3881,1790183523138,0,0,OCUPADO,0,28,55,120,1,1
1790183525138,sala01,3882,1790183525138,0,0,OCUPADO,1,28,55,120,1,1
1790183527138,sala01,3883,1790183527138,0,0,OCUPADO,1,28,55,120,1,1
1790183529138,sala01,3884,1790183529138,0,0,OCUPADO,1,28,55,120,1,1
1790183531138,sala01,3885,1790183531138,0,0,OCUPADO,0,28,55,120,1,1
1790183533138,sala01,3886,1790183533138,0,0,OCUPADO,1,28,55,120,1,1
1790183535138,sala01,3887,1790183535138,0,0,OCUPADO,1,28,55,120,1,1
1790183537138,sala01,3888,1790183537138,0,0,OCUPADO,1,28,55,120,1,1
1790183539138,sala01,3889,1790183539138,0,0,OCUPADO,0,28,55,120,1,1
1790183541138,sala01,3890,1790183541138,0,0,OCUPADO,1,28,55,120,1,1
1790183543138,sala01,3891,1790183543138,0,0,OCUPADO,1,28,55,120,1,1
1790183545138,sala01,3892,1790183545138,0,0,OCUPADO,1,28,55,120,1,1
1790183547138,sala01,3893,1790183547138,0,0,OCUPADO,0,28,55,120,1,1
1790183549138,sala01,3894,1790183549138,0,0,OCUPADO,1,28,55,120,1,1
1790183551138,sala01,3895,1790183551138,0,0,OCUPADO,1,28,55,120,1,1
1790183553138,sala01,3896,1790183553138,0,0,OCUPADO,1,28,55,120,1,1
1790183555138,sala01,3897,1790183555138,0,0,OCUPADO,0,28,55,120,1,1
1790183557138,sala01,3898,1790183557138,0,0,OCUPADO,1,28,55,120,1,1
1790183559138,sala01,3899,1790183559138,0,0,OCUPADO,1,28,55,120,1,1
1790183561138,sala01,3900,1790183561138,0,0,OCUPADO,1,28,55,120,1,1
1790183563138,sala01,3901,1790183563138,0,0,OCUPADO,0,28,55,120,1,1
1790183565138,sala01,3902,1790183565138,0,0,OCUPADO,1,28,55,120,1,1
1790183567138,sala01,3903,1790183567138,0,0,OCUPADO,1,28,55,120,1,1
1790183569138,sala01,3904,1790183569138,0,0,OCUPADO,1,28,55,120,1,1
1790183571138,sala01,3905,1790183571138,0,0,OCUPADO,0,28,55,120,1,1
1790183573138,sala01,3906,1790183573138,0,0,OCUPADO,1,28,55,120,1,1
1790183575138,sala01,3907,1790183575138,0,0,OCUPADO,1,28,55,120,1,1
1790183577138,sala01,3908,1790183577138,0,0,OCUPADO,1,28,55,120,1,1
1790183579138,sala01,3909,1790183579138,0,0,OCUPADO,0,28,55,120,1,1
1790183581138,sala01,3910,1790183581138,0,0,OCUPADO,1,28,55,120,1,1
1790183583138,sala01,3911,1790183583138,0,0,OCUPADO,1,28,55,120,1,1
1790183585138,sala01,3912,1790183585138,0,0,OCUPADO,1,28,55,120,1,1
1790183587138,sala01,3913,1790183587138,0,0,OCUPADO,0,28,55,120,1,1
1790183589138,sala01,3914,1790183589138,0,0,OCUPADO,1,28,55,120,1,1
1790183591138,sala01,3915,1790183591138,0,0,OCUPADO,1,28,55,120,1,1
1790183593138,sala01,3916,1790183593138,0,0,OCUPADO,1,28,55,120,1,1
1790183595138,sala01,3917,1790183595138,0,0,OCUPADO,0,28,55,120,1,1
1790183597138,sala01,3918,1790183597138,0,0,OCUPADO,1,28,55,120,1,1
1790183599138,sala01,3919,1790183599138,0,0,OCUPADO,1,28,55,120,1,1
1790183601138,sala01,3920,1790183601138,0,0,OCUPADO,1,28,55,120,1,1
1790183603138,sala01,3921,1790183603138,0,0,OCUPADO,0,28,55,120,1,1
1790183605138,sala01,3922,1790183605138,0,0,OCUPADO,1,28,55,120,1,1
1790183607138,sala01,3923,1790183607138,0,0,OCUPADO,1,28,55,120,1,1
1790183609138,sala01,3924,1790183609138,0,0,OCUPADO,1,28,55,120,1,1
1790183611138,sala01,3925,1790183611138,0,0,OCUPADO,0,28,55,120,1,1
1790183613138,sala01,3926,1790183613138,0,0,OCUPADO,1,28,55,120,1,1
1790183615138,sala01,3927,1790183615138,0,0,OCUPADO,1,28,55,120,1,1
1790183617138,sala01,3928,1790183617138,0,0,OCUPADO,1,28,55,120,1,1
1790183619138,sala01,3929,1790183619138,0,0,OCUPADO,0,28,55,120,1,1
1790183621138,sala01,3930,1790183621138,0,0,OCUPADO,1,28,55,120,1,1
1790183623138,sala01,3931,1790183623138,0,0,OCUPADO,1,28,55,120,1,1
1790183625138,sala01,3932,1790183625138,0,0,OCUPADO,1,28,55,120,1,1
1790183627138,sala01,3933,1790183627138,0,0,OCUPADO,0,28,55,120,1,1
1790183629138,sala01,3934,1790183629138,0,0,OCUPADO,1,28,55,120,1,1
1790183631138,sala01,3935,1790183631138,0,0,OCUPADO,1,28,55,120,1,1
1790183633138,sala01,3936,1790183633138,0,0,OCUPADO,1,28,55,120,1,1
1790183635138,sala01,3937,1790183635138,0,0,OCUPADO,0,28,55,120,1,1
1790183637138,sala01,3938,1790183637138,0,0,OCUPADO,1,28,55,120,1,1
1790183639138,sala01,3939,1790183639138,0,0,OCUPADO,1,28,55,120,1,1
1790183641138,sala01,3940,1790183641138,0,0,OCUPADO,1,28,55,120,1,1
1790183643138,sala01,3941,1790183643138,0,0,OCUPADO,0,28,55,120,1,1
1790183645138,sala01,3942,1790183645138,0,0,OCUPADO,1,28,55,120,1,1
1790183647138,sala01,3943,1790183647138,0,0,OCUPADO,1,28,55,120,1,1
1790183649138,sala01,3944,1790183649138,0,0,OCUPADO,1,28,55,120,1,1
1790183651138,sala01,3945,1790183651138,0,0,OCUPADO,0,28,55,120,1,1
1790183653138,sala01,3946,1790183653138,0,0,OCUPADO,1,28,55,120,1,1
1790183655138,sala01,3947,1790183655138,0,0,OCUPADO,1,28,55,120,1,1
1790183657138,sala01,3948,1790183657138,0,0,OCUPADO,1,28,55,120,1,1
1790183659138,sala01,3949,1790183659138,0,0,OCUPADO,0,28,55,120,1,1
1790183661138,sala01,3950,1790183661138,0,0,OCUPADO,1,28,55,120,1,1
1790183663138,sala01,3951,1790183663138,0,0,OCUPADO,1,28,55,120,1,1
1790183665138,sala01,3952,1790183665138,0,0,OCUPADO,1,28,55,120,1,1
1790183667138,sala01,3953,1790183667138,0,0,OCUPADO,0,28,55,120,1,1
1790183669138,sala01,3954,1790183669138,0,0,OCUPADO,1,28,55,120,1,1
1790183671138,sala01,3955,1790183671138,0,0,OCUPADO,1,28,55,120,1,1
1790183673138,sala01,3956,1790183673138,0,0,OCUPADO,1,28,55,120,1,1
1790183675138,sala01,3957,1790183675138,0,0,OCUPADO,0,28,55,120,1,1
1790183677138,sala01,3958,1790183677138,0,0,OCUPADO,1,28,55,120,1,1
1790183679138,sala01,3959,1790183679138,0,0,OCUPADO,1,28,55,120,1,1
1790183681138,sala01,3960,1790183681138,0,0,OCUPADO,1,28,55,120,1,1
1790183683138,sala01,3961,1790183683138,0,0,OCUPADO,0,28,55,120,1,1
1790183685138,sala01,3962,1790183685138,0,0,OCUPADO,1,28,55,120,1,1
1790183687138,sala01,3963,1790183687138,0,0,OCUPADO,1,28,55,120,1,1
1790183689138,sala01,3964,1790183689138,0,0,OCUPADO,1,28,55,120,1,1
1790183691138,sala01,3965,1790183691138,0,0,OCUPADO,0,28,55,120,1,1
1790183693138,sala01,3966,1790183693138,0,0,OCUPADO,1,28,55,120,1,1
1790183695138,sala01,3967,1790183695138,0,0,OCUPADO,1,28,55,120,1,1
1790183697138,sala01,3968,1790183697138,0,0,OCUPADO,1,28,55,120,1,1
1790183699138,sala01,3969,1790183699138,0,0,OCUPADO,0,28,55,120,1,1
1790183701138,sala01,3970,1790183701138,0,0,OCUPADO,1,28,55,120,1,1
1790183703138,sala01,3971,1790183703138,0,0,OCUPADO,1,28,55,120,1,1
1790183705138,sala01,3972,1790183705138,0,0,OCUPADO,1,28,55,120,1,1
1790183707138,sala01,3973,1790183707138,0,0,OCUPADO,0,28,55,120,1,1
1790183709138,sala01,3974,1790183709138,0,0,OCUPADO,1,28,55,120,1,1
1790183711138,sala01,3975,1790183711138,0,0,OCUPADO,1,28,55,120,1,1
1790183713138,sala01,3976,1790183713138,0,0,OCUPADO,1,28,55,120,1,1
1790183715138,sala01,3977,1790183715138,0,0,OCUPADO,0,28,55,120,1,1
1790183717138,sala01,3978,1790183717138,0,0,OCUPADO,1,28,55,120,1,1
1790183719138,sala01,3979,1790183719138,0,0,OCUPADO,1,28,55,120,1,1
1790183721138,sala01,3980,1790183721138,0,0,OCUPADO,1,28,55,120,1,1
1790183723138,sala01,3981,1790183723138,0,0,OCUPADO,0,28,55,120,1,1
1790183725138,sala01,3982,1790183725138,0,0,OCUPADO,1,28,55,120,1,1
1790183727138,sala01,3983,1790183727138,0,0,OCUPADO,1,28,55,120,1,1
1790183729138,sala01,3984,1790183729138,0,0,OCUPADO,1,28,55,120,1,1
1790183731138,sala01,3985,1790183731138,0,0,OCUPADO,0,28,55,120,1,1
1790183733138,sala01,3986,1790183733138,0,0,OCUPADO,1,28,55,120,1,1
1790183735138,sala01,3987,1790183735138,0,0,OCUPADO,1,28,55,120,1,1
1790183737138,sala01,3988,1790183737138,0,0,OCUPADO,1,28,55,120,1,1
1790183739138,sala01,3989,1790183739138,0,0,OCUPADO,0,28,55,120,1,1
1790183741138,sala01,3990,1790183741138,0,0,OCUPADO,1,28,55,120,1,1
1790183743138,sala01,3991,1790183743138,0,0,OCUPADO,1,28,55,120,1,1
1790183745138,sala01,3992,1790183745138,0,0,OCUPADO,1,28,55,120,1,1
1790183747138,sala01,3993,1790183747138,0,0,OCUPADO,0,28,55,120,1,1
1790183749138,sala01,3994,1790183749138,0,0,OCUPADO,1,28,55,120,1,1
1790183751138,sala01,3995,1790183751138,0,0,OCUPADO,1,28,55,120,1,1
1790183753138,sala01,3996,1790183753138,0,0,OCUPADO,1,28,55,120,1,1
1790183755138,sala01,3997,1790183755138,0,0,OCUPADO,0,28,55,120,1,1
1790183757138,sala01,3998,1790183757138,0,0,OCUPADO,1,28,55,120,1,1
1790183759138,sala01,3999,1790183759138,0,0,OCUPADO,1,28,55,120,1,1
1790183761138,sala01,4000,1790183761138,0,0,OCUPADO,1,28,55,120,1,1
1790183763138,sala01,4001,1790183763138,0,0,OCUPADO,0,28,55,120,1,1
1790183765138,sala01,4002,1790183765138,0,0,OCUPADO,1,28,55,120,1,1
1790183767138,sala01,4003,1790183767138,0,0,OCUPADO,1,28,55,120,1,1
1790183769138,sala01,4004,1790183769138,0,0,OCUPADO,1,28,55,120,1,1
1790183771138,sala01,4005,1790183771138,0,0,OCUPADO,0,28,55,120,1,1
1790183773138,sala01,4006,1790183773138,0,0,OCUPADO,1,28,55,120,1,1
1790183775138,sala01,4007,1790183775138,0,0,OCUPADO,1,28,55,120,1,1
1790183777138,sala01,4008,1790183777138,0,0,OCUPADO,1,28,55,120,1,1
1790183779138,sala01,4009,1790183779138,0,0,OCUPADO,0,28,55,120,1,1
1790183781138,sala01,4010,1790183781138,0,0,OCUPADO,1,28,55,120,1,1
1790183783138,sala01,4011,1790183783138,0,0,OCUPADO,1,28,55,120,1,1
1790183785138,sala01,4012,1790183785138,0,0,OCUPADO,1,28,55,120,1,1
1790183787138,sala01,4013,1790183787138,0,0,OCUPADO,0,28,55,120,1,1
1790183789138,sala01,4014,1790183789138,0,0,OCUPADO,1,28,55,120,1,1
1790183791138,sala01,4015,1790183791138,0,0,OCUPADO,1,28,55,120,1,1
1790183793138,sala01,4016,1790183793138,0,0,OCUPADO,1,28,55,120,1,1
1790183795138,sala01,4017,1790183795138,0,0,OCUPADO,0,28,55,120,1,1
1790183797138,sala01,4018,1790183797138,0,0,OCUPADO,1,28,55,120,1,1
1790183799138,sala01,4019,1790183799138,0,0,OCUPADO,1,28,55,120,1,1
1790183801138,sala01,4020,1790183801138,0,0,OCUPADO,1,28,55,120,1,1
1790183803138,sala01,4021,1790183803138,0,0,OCUPADO,0,28,55,120,1,1
1790183805138,sala01,4022,1790183805138,0,0,OCUPADO,1,28,55,120,1,1
1790183807138,sala01,4023,1790183807138,0,0,OCUPADO,1,28,55,120,1,1
1790183809138,sala01,4024,1790183809138,0,0,OCUPADO,1,28,55,120,1,1
1790183811138,sala01,4025,1790183811138,0,0,OCUPADO,0,28,55,120,1,1
1790183813138,sala01,4026,1790183813138,0,0,OCUPADO,1,28,55,120,1,1
1790183815138,sala01,4027,1790183815138,0,0,OCUPADO,1,28,55,120,1,1
1790183817138,sala01,4028,1790183817138,0,0,OCUPADO,1,28,55,120,1,1
1790183819138,sala01,4029,1790183819138,0,0,OCUPADO,0,28,55,120,1,1
1790183821138,sala01,4030,1790183821138,0,0,OCUPADO,1,28,55,120,1,1
1790183823138,sala01,4031,1790183823138,0,0,OCUPADO,1,28,55,120,1,1
1790183825138,sala01,4032,1790183825138,0,0,OCUPADO,1,28,55,120,1,1
1790183827138,sala01,4033,1790183827138,0,0,OCUPADO,0,28,55,120,1,1
1790183829138,sala01,4034,1790183829138,0,0,OCUPADO,1,28,55,120,1,1
1790183831138,sala01,4035,1790183831138,0,0,OCUPADO,1,28,55,120,1,1
1790183833138,sala01,4036,1790183833138,0,0,OCUPADO,1,28,55,120,1,1
1790183835138,sala01,4037,1790183835138,0,0,OCUPADO,0,28,55,120,1,1
1790183837138,sala01,4038,1790183837138,0,0,OCUPADO,1,28,55,120,1,1
1790183839138,sala01,4039,1790183839138,0,0,OCUPADO,1,28,55,120,1,1
1790183841138,sala01,4040,1790183841138,0,0,OCUPADO,1,28,55,120,1,1
1790183843138,sala01,4041,1790183843138,0,0,OCUPADO,0,28,55,120,1,1
1790183845138,sala01,4042,1790183845138,0,0,OCUPADO,1,28,55,120,1,1
1790183847138,sala01,4043,1790183847138,0,0,OCUPADO,1,28,55,120,1,1
1790183849138,sala01,4044,1790183849138,0,0,OCUPADO,1,28,55,120,1,1
1790183851138,sala01,4045,1790183851138,0,0,OCUPADO,0,28,55,120,1,1
1790183853138,sala01,4046,1790183853138,0,0,OCUPADO,1,28,55,120,1,1
1790183855138,sala01,4047,1790183855138,0,0,OCUPADO,1,28,55,120,1,1
1790183857138,sala01,4048,1790183857138,0,0,OCUPADO,1,28,55,120,1,1
1790183859138,sala01,4049,1790183859138,0,0,OCUPADO,0,28,55,120,1,1
1790183861138,sala01,4050,1790183861138,0,0,OCUPADO,1,28,55,120,1,1
1790183863138,sala01,4051,1790183863138,0,0,OCUPADO,1,28,55,120,1,1
1790183865138,sala01,4052,1790183865138,0,0,OCUPADO,1,28,55,120,1,1
1790183867138,sala01,4053,1790183867138,0,0,OCUPADO,0,28,55,120,1,1
1790183869138,sala01,4054,1790183869138,0,0,OCUPADO,1,28,55,120,1,1
1790183871138,sala01,4055,1790183871138,0,0,OCUPADO,1,28,55,120,1,1
1790183873138,sala01,4056,1790183873138,0,0,OCUPADO,1,28,55,120,1,1
1790183875138,sala01,4057,1790183875138,0,0,OCUPADO,0,28,55,120,1,1
1790183877138,sala01,4058,1790183877138,0,0,OCUPADO,1,28,55,120,1,1
1790183879138,sala01,4059,1790183879138,0,0,OCUPADO,1,28,55,120,1,1
1790183881138,sala01,4060,1790183881138,0,0,OCUPADO,1,28,55,120,1,1
1790183883138,sala01,4061,1790183883138,0,0,OCUPADO,0,28,55,120,1,1
1790183885138,sala01,4062,1790183885138,0,0,OCUPADO,1,28,55,120,1,1
1790183887138,sala01,4063,1790183887138,0,0,OCUPADO,1,28,55,120,1,1
1790183889138,sala01,4064,1790183889138,0,0,OCUPADO,1,28,55,120,1,1
1790183891138,sala01,4065,1790183891138,0,0,OCUPADO,0,28,55,120,1,1
1790183893138,sala01,4066,1790183893138,0,0,OCUPADO,1,28,55,120,1,1
1790183895138,sala01,4067,1790183895138,0,0,OCUPADO,1,28,55,120,1,1
1790183897138,sala01,4068,1790183897138,0,0,OCUPADO,1,28,55,120,1,1
1790183899138,sala01,4069,1790183899138,0,0,OCUPADO,0,28,55,120,1,1
1790183901138,sala01,4070,1790183901138,0,0,OCUPADO,1,28,55,120,1,1
1790183903138,sala01,4071,1790183903138,0,0,OCUPADO,1,28,55,120,1,1
1790183905138,sala01,4072,1790183905138,0,0,OCUPADO,1,28,55,120,1,1
1790183907138,sala01,4073,1790183907138,0,0,OCUPADO,0,28,55,120,1,1
1790183909138,sala01,4074,1790183909138,0,0,OCUPADO,1,28,55,120,1,1
1790183911138,sala01,4075,1790183911138,0,0,OCUPADO,1,28,55,120,1,1
1790183913138,sala01,4076,1790183913138,0,0,OCUPADO,1,28,55,120,1,1
1790183915138,sala01,4077,1790183915138,0,0,OCUPADO,0,28,55,120,1,1
1790183917138,sala01,4078,1790183917138,0,0,OCUPADO,1,28,55,120,1,1
1790183919138,sala01,4079,1790183919138,0,0,OCUPADO,1,28,55,120,1,1
1790183921138,sala01,4080,1790183921138,0,0,OCUPADO,1,28,55,120,1,1
1790183923138,sala01,4081,1790183923138,0,0,OCUPADO,0,28,55,120,1,1
1790183925138,sala01,4082,1790183925138,0,0,OCUPADO,1,28,55,120,1,1
1790183927138,sala01,4083,1790183927138,0,0,OCUPADO,1,28,55,120,1,1
1790183929138,sala01,4084,1790183929138,0,0,OCUPADO,1,28,55,120,1,1
1790183931138,sala01,4085,1790183931138,0,0,OCUPADO,0,28,55,120,1,1
1790183933138,sala01,4086,1790183933138,0,0,OCUPADO,1,28,55,120,1,1
1790183935138,sala01,4087,1790183935138,0,0,OCUPADO,1,28,55,120,1,1
1790183937138,sala01,4088,1790183937138,0,0,OCUPADO,1,28,55,120,1,1
1790183939138,sala01,4089,1790183939138,0,0,OCUPADO,0,28,55,120,1,1
1790183941138,sala01,4090,1790183941138,0,0,OCUPADO,1,28,55,120,1,1
1790183943138,sala01,4091,1790183943138,0,0,OCUPADO,1,28,55,120,1,1
1790183945138,sala01,4092,1790183945138,0,0,OCUPADO,1,28,55,120,1,1
1790183947138,sala01,4093,1790183947138,0,0,OCUPADO,0,28,55,120,1,1
1790183949138,sala01,4094,1790183949138,0,0,OCUPADO,1,28,55,120,1,1
1790183951138,sala01,4095,1790183951138,0,0,OCUPADO,1,28,55,120,1,1
1790183953138,sala01,4096,1790183953138,0,0,OCUPADO,1,28,55,120,1,1
1790183955138,sala01,4097,1790183955138,0,0,OCUPADO,0,28,55,120,1,1
1790183957138,sala01,4098,1790183957138,0,0,OCUPADO,1,28,55,120,1,1
1790183959138,sala01,4099,1790183959138,0,0,OCUPADO,1,28,55,120,1,1
1790183961138,sala01,4100,1790183961138,0,0,OCUPADO,1,28,55,120,1,1
1790183963138,sala01,4101,1790183963138,0,0,OCUPADO,0,28,55,120,1,1
1790183965138,sala01,4102,1790183965138,0,0,OCUPADO,1,28,55,120,1,1
1790183967138,sala01,4103,1790183967138,0,0,OCUPADO,1,28,55,120,1,1
1790183969138,sala01,4104,1790183969138,0,0,OCUPADO,1,28,55,120,1,1
1790183971138,sala01,4105,1790183971138,0,0,OCUPADO,0,28,55,120,1,1
1790183973138,sala01,4106,1790183973138,0,0,OCUPADO,1,28,55,120,1,1
1790183975138,sala01,4107,1790183975138,0,0,OCUPADO,1,28,55,120,1,1
1790183977138,sala01,4108,1790183977138,0,0,OCUPADO,1,28,55,120,1,1
1790183979138,sala01,4109,1790183979138,0,0,OCUPADO,0,28,55,120,1,1
1790183981138,sala01,4110,1790183981138,0,0,OCUPADO,1,28,55,120,1,1
1790183983138,sala01,4111,1790183983138,0,0,OCUPADO,1,28,55,120,1,1
1790183985138,sala01,4112,1790183985138,0,0,OCUPADO,1,28,55,120,1,1
1790183987138,sala01,4113,1790183987138,0,0,OCUPADO,0,28,55,120,1,1
1790183989138,sala01,4114,1790183989138,0,0,OCUPADO,1,28,55,120,1,1
1790183991138,sala01,4115,1790183991138,0,0,OCUPADO,1,28,55,120,1,1
1790183993138,sala01,4116,1790183993138,0,0,OCUPADO,1,28,55,120,1,1
1790183995138,sala01,4117,1790183995138,0,0,OCUPADO,0,28,55,120,1,1
1790183997138,sala01,4118,1790183997138,0,0,OCUPADO,1,28,55,120,1,1
1790183999138,sala01,4119,1790183999138,0,0,OCUPADO,1,28,55,120,1,1
1790184001138,sala01,4120,1790184001138,0,0,OCUPADO,1,28,55,120,1,1
1790184003138,sala01,4121,1790184003138,0,0,OCUPADO,0,28,55,120,1,1
1790184005138,sala01,4122,1790184005138,0,0,OCUPADO,1,28,55,120,1,1
1790184007138,sala01,4123,1790184007138,0,0,OCUPADO,1,28,55,120,1,1
1790184009138,sala01,4124,1790184009138,0,0,OCUPADO,1,28,55,120,1,1
1790184011138,sala01,4125,1790184011138,0,0,OCUPADO,0,28,55,120,1,1
1790184013138,sala01,4126,1790184013138,0,0,OCUPADO,1,28,55,120,1,1
1790184015138,sala01,4127,1790184015138,0,0,OCUPADO,1,28,55,120,1,1
1790184017138,sala01,4128,1790184017138,0,0,OCUPADO,1,28,55,120,1,1
1790184019138,sala01,4129,1790184019138,0,0,OCUPADO,0,28,55,120,1,1
1790184021138,sala01,4130,1790184021138,0,0,OCUPADO,1,28,55,120,1,1
1790184023138,sala01,4131,1790184023138,0,0,OCUPADO,1,28,55,120,1,1
1790184025138,sala01,4132,1790184025138,0,0,OCUPADO,1,28,55,120,1,1
1790184027138,sala01,4133,1790184027138,0,0,OCUPADO,0,28,55,120,1,1
1790184029138,sala01,4134,1790184029138,0,0,OCUPADO,1,28,55,120,1,1
1790184031138,sala01,4135,1790184031138,0,0,OCUPADO,1,28,55,120,1,1
1790184033138,sala01,4136,1790184033138,0,0,OCUPADO,1,28,55,120,1,1
1790184035138,sala01,4137,1790184035138,0,0,OCUPADO,0,28,55,120,1,1
1790184037138,sala01,4138,1790184037138,0,0,OCUPADO,1,28,55,120,1,1
1790184039138,sala01,4139,1790184039138,0,0,OCUPADO,1,28,55,120,1,1
1790184041138,sala01,4140,1790184041138,0,0,OCUPADO,1,28,55,120,1,1
1790184043138,sala01,4141,1790184043138,0,0,OCUPADO,0,28,55,120,1,1
1790184045138,sala01,4142,1790184045138,0,0,OCUPADO,1,28,55,120,1,1
1790184047138,sala01,4143,1790184047138,0,0,OCUPADO,1,28,55,120,1,1
1790184049138,sala01,4144,1790184049138,0,0,OCUPADO,1,28,55,120,1,1
1790184051138,sala01,4145,1790184051138,0,0,OCUPADO,0,28,55,120,1,1
1790184053138,sala01,4146,1790184053138,0,0,OCUPADO,1,28,55,120,1,1
1790184055138,sala01,4147,1790184055138,0,0,OCUPADO,1,28,55,120,1,1
1790184057138,sala01,4148,1790184057138,0,0,OCUPADO,1,28,55,120,1,1
1790184059138,sala01,4149,1790184059138,0,0,OCUPADO,0,28,55,120,1,1
1790184061138,sala01,4150,1790184061138,0,0,OCUPADO,1,28,55,120,1,1
1790184063138,sala01,4151,1790184063138,0,0,OCUPADO,1,28,55,120,1,1
1790184065138,sala01,4152,1790184065138,0,0,OCUPADO,1,28,55,120,1,1
1790184067138,sala01,4153,1790184067138,0,0,OCUPADO,0,28,55,120,1,1
1790184069138,sala01,4154,1790184069138,0,0,OCUPADO,1,28,55,120,1,1
1790184071138,sala01,4155,1790184071138,0,0,OCUPADO,1,28,55,120,1,1
1790184073138,sala01,4156,1790184073138,0,0,OCUPADO,1,28,55,120,1,1
1790184075138,sala01,4157,1790184075138,0,0,OCUPADO,0,28,55,120,1,1
1790184077138,sala01,4158,1790184077138,0,0,OCUPADO,1,28,55,120,1,1
1790184079138,sala01,4159,1790184079138,0,0,OCUPADO,1,28,55,120,1,1
1790184081138,sala01,4160,1790184081138,0,0,OCUPADO,1,28,55,120,1,1
1790184083138,sala01,4161,1790184083138,0,0,OCUPADO,0,28,55,120,1,1
1790184085138,sala01,4162,1790184085138,0,0,OCUPADO,1,28,55,120,1,1
1790184087138,sala01,4163,1790184087138,0,0,OCUPADO,1,28,55,120,1,1
1790184089138,sala01,4164,1790184089138,0,0,OCUPADO,1,28,55,120,1,1
1790184091138,sala01,4165,1790184091138,0,0,OCUPADO,0,28,55,120,1,1
1790184093138,sala01,4166,1790184093138,0,0,OCUPADO,1,28,55,120,1,1
1790184095138,sala01,4167,1790184095138,0,0,OCUPADO,1,28,55,120,1,1
1790184097138,sala01,4168,1790184097138,0,0,OCUPADO,1,28,55,120,1,1
1790184099138,sala01,4169,1790184099138,0,0,OCUPADO,0,28,55,120,1,1
1790184101138,sala01,4170,1790184101138,0,0,OCUPADO,1,28,55,120,1,1
1790184103138,sala01,4171,1790184103138,0,0,OCUPADO,1,28,55,120,1,1
1790184105138,sala01,4172,1790184105138,0,0,OCUPADO,1,28,55,120,1,1
1790184107138,sala01,4173,1790184107138,0,0,OCUPADO,0,28,55,120,1,1
1790184109138,sala01,4174,1790184109138,0,0,OCUPADO,1,28,55,120,1,1
1790184111138,sala01,4175,1790184111138,0,0,OCUPADO,1,28,55,120,1,1
1790184113138,sala01,4176,1790184113138,0,0,OCUPADO,1,28,55,120,1,1
1790184115138,sala01,4177,1790184115138,0,0,OCUPADO,0,28,55,120,1,1
1790184117138,sala01,4178,1790184117138,0,0,OCUPADO,1,28,55,120,1,1
1790184119138,sala01,4179,1790184119138,0,0,OCUPADO,1,28,55,120,1,1
1790184121138,sala01,4180,1790184121138,0,0,OCUPADO,1,28,55,120,1,1
1790184123138,sala01,4181,1790184123138,0,0,OCUPADO,0,28,55,120,1,1
1790184125138,sala01,4182,1790184125138,0,0,OCUPADO,1,28,55,120,1,1
1790184127138,sala01,4183,1790184127138,0,0,OCUPADO,1,28,55,120,1,1
1790184129138,sala01,4184,1790184129138,0,0,OCUPADO,1,28,55,120,1,1
1790184131138,sala01,4185,1790184131138,0,0,OCUPADO,0,28,55,120,1,1
1790184133138,sala01,4186,1790184133138,0,0,OCUPADO,1,28,55,120,1,1
1790184135138,sala01,4187,1790184135138,0,0,OCUPADO,1,28,55,120,1,1
1790184137138,sala01,4188,1790184137138,0,0,OCUPADO,1,28,55,120,1,1
1790184139138,sala01,4189,1790184139138,0,0,OCUPADO,0,28,55,120,1,1
1790184141138,sala01,4190,1790184141138,0,0,OCUPADO,1,28,55,120,1,1
1790184143138,sala01,4191,1790184143138,0,0,OCUPADO,1,28,55,120,1,1
1790184145138,sala01,4192,1790184145138,0,0,OCUPADO,1,28,55,120,1,1
1790184147138,sala01,4193,1790184147138,0,0,OCUPADO,0,28,55,120,1,1
1790184149138,sala01,4194,1790184149138,0,0,OCUPADO,1,28,55,120,1,1
1790184151138,sala01,4195,1790184151138,0,0,OCUPADO,1,28,55,120,1,1
1790184153138,sala01,4196,1790184153138,0,0,OCUPADO,1,28,55,120,1,1
1790184155138,sala01,4197,1790184155138,0,0,OCUPADO,0,28,55,120,1,1
1790184157138,sala01,4198,1790184157138,0,0,OCUPADO,1,28,55,120,1,1
1790184159138,sala01,4199,1790184159138,0,0,OCUPADO,1,28,55,120,1,1
1790184161138,sala01,4200,1790184161138,0,0,OCUPADO,1,28,55,120,1,1
1790184163138,sala01,4201,1790184163138,0,0,OCUPADO,0,28,55,120,1,1
1790184165138,sala01,4202,1790184165138,0,0,OCUPADO,1,28,55,120,1,1
1790184167138,sala01,4203,1790184167138,0,0,OCUPADO,1,28,55,120,1,1
1790184169138,sala01,4204,1790184169138,0,0,OCUPADO,1,28,55,120,1,1
1790184171138,sala01,4205,1790184171138,0,0,OCUPADO,0,28,55,120,1,1
1790184173138,sala01,4206,1790184173138,0,0,OCUPADO,1,28,55,120,1,1
1790184175138,sala01,4207,1790184175138,0,0,OCUPADO,1,28,55,120,1,1
1790184177138,sala01,4208,1790184177138,0,0,OCUPADO,1,28,55,120,1,1
1790184179138,sala01,4209,1790184179138,0,0,OCUPADO,0,28,55,120,1,1
1790184181138,sala01,4210,1790184181138,0,0,OCUPADO,1,28,55,120,1,1
1790184183138,sala01,4211,1790184183138,0,0,OCUPADO,1,28,55,120,1,1
1790184185138,sala01,4212,1790184185138,0,0,OCUPADO,1,28,55,120,1,1
1790184187138,sala01,4213,1790184187138,0,0,OCUPADO,0,28,55,120,1,1
1790184189138,sala01,4214,1790184189138,0,0,OCUPADO,1,28,55,120,1,1
1790184191138,sala01,4215,1790184191138,0,0,OCUPADO,1,28,55,120,1,1
1790184193138,sala01,4216,1790184193138,0,0,OCUPADO,1,28,55,120,1,1
1790184195138,sala01,4217,1790184195138,0,0,OCUPADO,0,28,55,120,1,1
1790184197138,sala01,4218,1790184197138,0,0,OCUPADO,1,28,55,120,1,1
1790184199138,sala01,4219,1790184199138,0,0,OCUPADO,1,28,55,120,1,1
1790184201138,sala01,4220,1790184201138,0,0,OCUPADO,1,28,55,120,1,1
1790184203138,sala01,4221,1790184203138,0,0,OCUPADO,0,28,55,120,1,1
1790184205138,sala01,4222,1790184205138,0,0,OCUPADO,1,28,55,120,1,1
1790184207138,sala01,4223,1790184207138,0,0,OCUPADO,1,28,55,120,1,1
1790184209138,sala01,4224,1790184209138,0,0,OCUPADO,1,28,55,120,1,1
1790184211138,sala01,4225,1790184211138,0,0,OCUPADO,0,28,55,120,1,1
1790184213138,sala01,4226,1790184213138,0,0,OCUPADO,1,28,55,120,1,1
1790184215138,sala01,4227,1790184215138,0,0,OCUPADO,1,28,55,120,1,1
1790184217138,sala01,4228,1790184217138,0,0,OCUPADO,1,28,55,120,1,1
1790184219138,sala01,4229,1790184219138,0,0,OCUPADO,0,28,55,120,1,1
1790184221138,sala01,4230,1790184221138,0,0,OCUPADO,1,28,55,120,1,1
1790184223138,sala01,4231,1790184223138,0,0,OCUPADO,1,28,55,120,1,1
1790184225138,sala01,4232,1790184225138,0,0,OCUPADO,1,28,55,120,1,1
1790184227138,sala01,4233,1790184227138,0,0,OCUPADO,0,28,55,120,1,1
1790184229138,sala01,4234,1790184229138,0,0,OCUPADO,1,28,55,120,1,1
1790184231138,sala01,4235,1790184231138,0,0,OCUPADO,1,28,55,120,1,1
1790184233138,sala01,4236,1790184233138,0,0,OCUPADO,1,28,55,120,1,1
1790184235138,sala01,4237,1790184235138,0,0,OCUPADO,0,28,55,120,1,1
1790184237138,sala01,4238,1790184237138,0,0,OCUPADO,1,28,55,120,1,1
1790184239138,sala01,4239,1790184239138,0,0,OCUPADO,1,28,55,120,1,1
1790184241138,sala01,4240,1790184241138,0,0,OCUPADO,1,28,55,120,1,1
1790184243138,sala01,4241,1790184243138,0,0,OCUPADO,0,28,55,120,1,1
1790184245138,sala01,4242,1790184245138,0,0,OCUPADO,1,28,55,120,1,1
1790184247138,sala01,4243,1790184247138,0,0,OCUPADO,1,28,55,120,1,1
1790184249138,sala01,4244,1790184249138,0,0,OCUPADO,1,28,55,120,1,1
1790184251138,sala01,4245,1790184251138,0,0,OCUPADO,0,28,55,120,1,1
1790184253138,sala01,4246,1790184253138,0,0,OCUPADO,1,28,55,120,1,1
1790184255138,sala01,4247,1790184255138,0,0,OCUPADO,1,28,55,120,1,1
1790184257138,sala01,4248,1790184257138,0,0,OCUPADO,1,28,55,120,1,1
1790184259138,sala01,4249,1790184259138,0,0,OCUPADO,0,28,55,120,1,1
1790184261138,sala01,4250,1790184261138,0,0,OCUPADO,1,28,55,120,1,1
1790184263138,sala01,4251,1790184263138,0,0,OCUPADO,1,28,55,120,1,1
1790184265138,sala01,4252,1790184265138,0,0,OCUPADO,1,28,55,120,1,1
1790184267138,sala01,4253,1790184267138,0,0,OCUPADO,0,28,55,120,1,1
1790184269138,sala01,4254,1790184269138,0,0,OCUPADO,1,28,55,120,1,1
1790184271138,sala01,4255,1790184271138,0,0,OCUPADO,1,28,55,120,1,1
1790184273138,sala01,4256,1790184273138,0,0,OCUPADO,1,28,55,120,1,1
1790184275138,sala01,4257,1790184275138,0,0,OCUPADO,0,28,55,120,1,1
1790184277138,sala01,4258,1790184277138,0,0,OCUPADO,1,28,55,120,1,1
1790184279138,sala01,4259,1790184279138,0,0,OCUPADO,1,28,55,120,1,1
1790184281138,sala01,4260,1790184281138,0,0,OCUPADO,1,28,55,120,1,1
1790184283138,sala01,4261,1790184283138,0,0,OCUPADO,0,28,55,120,1,1
1790184285138,sala01,4262,1790184285138,0,0,OCUPADO,1,28,55,120,1,1
1790184287138,sala01,4263,1790184287138,0,0,OCUPADO,1,28,55,120,1,1
1790184289138,sala01,4264,1790184289138,0,0,OCUPADO,1,28,55,120,1,1
1790184291138,sala01,4265,1790184291138,0,0,OCUPADO,0,28,55,120,1,1
1790184293138,sala01,4266,1790184293138,0,0,OCUPADO,1,28,55,120,1,1
1790184295138,sala01,4267,1790184295138,0,0,OCUPADO,1,28,55,120,1,1
1790184297138,sala01,4268,1790184297138,0,0,OCUPADO,1,28,55,120,1,1
1790184299138,sala01,4269,1790184299138,0,0,OCUPADO,0,28,55,120,1,1
1790184301138,sala01,4270,1790184301138,0,0,OCUPADO,1,28,55,120,1,1
1790184303138,sala01,4271,1790184303138,0,0,OCUPADO,1,28,55,120,1,1
1790184305138,sala01,4272,1790184305138,0,0,OCUPADO,1,28,55,120,1,1
1790184307138,sala01,4273,1790184307138,0,0,OCUPADO,0,28,55,120,1,1
1790184309138,sala01,4274,1790184309138,0,0,OCUPADO,1,28,55,120,1,1
1790184311138,sala01,4275,1790184311138,0,0,OCUPADO,1,28,55,120,1,1
1790184313138,sala01,4276,1790184313138,0,0,OCUPADO,1,28,55,120,1,1
1790184315138,sala01,4277,1790184315138,0,0,OCUPADO,0,28,55,120,1,1
1790184317138,sala01,4278,1790184317138,0,0,OCUPADO,1,28,55,120,1,1
1790184319138,sala01,4279,1790184319138,0,0,OCUPADO,1,28,55,120,1,1
1790184321138,sala01,4280,1790184321138,0,0,OCUPADO,1,28,55,120,1,1
1790184323138,sala01,4281,1790184323138,0,0,OCUPADO,0,28,55,120,1,1
1790184325138,sala01,4282,1790184325138,0,0,OCUPADO,1,28,55,120,1,1
1790184327138,sala01,4283,1790184327138,0,0,OCUPADO,1,28,55,120,1,1
1790184329138,sala01,4284,1790184329138,0,0,OCUPADO,1,28,55,120,1,1
1790184331138,sala01,4285,1790184331138,0,0,OCUPADO,0,28,55,120,1,1
1790184333138,sala01,4286,1790184333138,0,0,OCUPADO,1,28,55,120,1,1
1790184335138,sala01,4287,1790184335138,0,0,OCUPADO,1,28,55,120,1,1
1790184337138,sala01,4288,1790184337138,0,0,OCUPADO,1,28,55,120,1,1
1790184339138,sala01,4289,1790184339138,0,0,OCUPADO,0,28,55,120,1,1
1790184341138,sala01,4290,1790184341138,0,0,OCUPADO,1,28,55,120,1,1
1790184343138,sala01,4291,1790184343138,0,0,OCUPADO,1,28,55,120,1,1
1790184345138,sala01,4292,1790184345138,0,0,OCUPADO,1,28,55,120,1,1
1790184347138,sala01,4293,1790184347138,0,0,OCUPADO,0,28,55,120,1,1
1790184349138,sala01,4294,1790184349138,0,0,OCUPADO,1,28,55,120,1,1
1790184351138,sala01,4295,1790184351138,0,0,OCUPADO,1,28,55,120,1,1
1790184353138,sala01,4296,1790184353138,0,0,OCUPADO,1,28,55,120,1,1
1790184355138,sala01,4297,1790184355138,0,0,OCUPADO,0,28,55,120,1,1
1790184357138,sala01,4298,1790184357138,0,0,OCUPADO,1,28,55,120,1,1
1790184359138,sala01,4299,1790184359138,0,0,OCUPADO,1,28,55,120,1,1
1790184361138,sala01,4300,1790184361138,0,0,OCUPADO,1,28,55,120,1,1
1790184363138,sala01,4301,1790184363138,0,0,OCUPADO,0,28,55,120,1,1
1790184365138,sala01,4302,1790184365138,0,0,OCUPADO,1,28,55,120,1,1
1790184367138,sala01,4303,1790184367138,0,0,OCUPADO,1,28,55,120,1,1
1790184369138,sala01,4304,1790184369138,0,0,OCUPADO,1,28,55,120,1,1
1790184371138,sala01,4305,1790184371138,0,0,OCUPADO,0,28,55,120,1,1
1790184373138,sala01,4306,1790184373138,0,0,OCUPADO,1,28,55,120,1,1
1790184375138,sala01,4307,1790184375138,0,0,OCUPADO,1,28,55,120,1,1
1790184377138,sala01,4308,1790184377138,0,0,OCUPADO,1,28,55,120,1,1
1790184379138,sala01,4309,1790184379138,0,0,OCUPADO,0,28,55,120,1,1
1790184381138,sala01,4310,1790184381138,0,0,OCUPADO,1,28,55,120,1,1
1790184383138,sala01,4311,1790184383138,0,0,OCUPADO,1,28,55,120,1,1
1790184385138,sala01,4312,1790184385138,0,0,OCUPADO,1,28,55,120,1,1
1790184387138,sala01,4313,1790184387138,0,0,OCUPADO,0,28,55,120,1,1
1790184389138,sala01,4314,1790184389138,0,0,OCUPADO,1,28,55,120,1,1
1790184391138,sala01,4315,1790184391138,0,0,OCUPADO,1,28,55,120,1,1
1790184393138,sala01,4316,1790184393138,0,0,OCUPADO,1,28,55,120,1,1
1790184395138,sala01,4317,1790184395138,0,0,OCUPADO,0,28,55,120,1,1
1790184397138,sala01,4318,1790184397138,0,0,OCUPADO,1,28,55,120,1,1
1790184399138,sala01,4319,1790184399138,0,0,OCUPADO,1,28,55,120,1,1
1790184401138,sala01,4320,1790184401138,0,0,OCUPADO,1,28,55,120,1,1
1790184403138,sala01,4321,1790184403138,0,0,OCUPADO,0,28,55,120,1,1
1790184405138,sala01,4322,1790184405138,0,0,OCUPADO,1,28,55,120,1,1
1790184407138,sala01,4323,1790184407138,0,0,OCUPADO,1,28,55,120,1,1
1790184409138,sala01,4324,1790184409138,0,0,OCUPADO,1,28,55,120,1,1
1790184411138,sala01,4325,1790184411138,0,0,OCUPADO,0,28,55,120,1,1
1790184413138,sala01,4326,1790184413138,0,0,OCUPADO,1,28,55,120,1,1
1790184415138,sala01,4327,1790184415138,0,0,OCUPADO,1,28,55,120,1,1
1790184417138,sala01,4328,1790184417138,0,0,OCUPADO,1,28,55,120,1,1
1790184419138,sala01,4329,1790184419138,0,0,OCUPADO,0,28,55,120,1,1
1790184421138,sala01,4330,1790184421138,0,0,OCUPADO,1,28,55,120,1,1
1790184423138,sala01,4331,1790184423138,0,0,OCUPADO,1,28,55,120,1,1
1790184425138,sala01,4332,1790184425138,0,0,OCUPADO,1,28,55,120,1,1
1790184427138,sala01,4333,1790184427138,0,0,OCUPADO,0,28,55,120,1,1
1790184429138,sala01,4334,1790184429138,0,0,OCUPADO,1,28,55,120,1,1
1790184431138,sala01,4335,1790184431138,0,0,OCUPADO,1,28,55,120,1,1
1790184433138,sala01,4336,1790184433138,0,0,OCUPADO,1,28,55,120,1,1
1790184435138,sala01,4337,1790184435138,0,0,OCUPADO,0,28,55,120,1,1
1790184437138,sala01,4338,1790184437138,0,0,OCUPADO,1,28,55,120,1,1
1790184439138,sala01,4339,1790184439138,0,0,OCUPADO,1,28,55,120,1,1
1790184441138,sala01,4340,1790184441138,0,0,OCUPADO,1,28,55,120,1,1
1790184443138,sala01,4341,1790184443138,0,0,OCUPADO,0,28,55,120,1,1
1790184445138,sala01,4342,1790184445138,0,0,OCUPADO,1,28,55,120,1,1
1790184447138,sala01,4343,1790184447138,0,0,OCUPADO,1,28,55,120,1,1
1790184449138,sala01,4344,1790184449138,0,0,OCUPADO,1,28,55,120,1,1
1790184451138,sala01,4345,1790184451138,0,0,OCUPADO,0,28,55,120,1,1
1790184453138,sala01,4346,1790184453138,0,0,OCUPADO,1,28,55,120,1,1
1790184455138,sala01,4347,1790184455138,0,0,OCUPADO,1,28,55,120,1,1
1790184457138,sala01,4348,1790184457138,0,0,OCUPADO,1,28,55,120,1,1
1790184459138,sala01,4349,1790184459138,0,0,OCUPADO,0,28,55,120,1,1
1790184461138,sala01,4350,1790184461138,0,0,OCUPADO,1,28,55,120,1,1
1790184463138,sala01,4351,1790184463138,0,0,OCUPADO,1,28,55,120,1,1
1790184465138,sala01,4352,1790184465138,0,0,OCUPADO,1,28,55,120,1,1
1790184467138,sala01,4353,1790184467138,0,0,OCUPADO,0,28,55,120,1,1
1790184469138,sala01,4354,1790184469138,0,0,OCUPADO,1,28,55,120,1,1
1790184471138,sala01,4355,1790184471138,0,0,OCUPADO,1,28,55,120,1,1
1790184473138,sala01,4356,1790184473138,0,0,OCUPADO,1,28,55,120,1,1
1790184475138,sala01,4357,1790184475138,0,0,OCUPADO,0,28,55,120,1,1
1790184477138,sala01,4358,1790184477138,0,0,OCUPADO,1,28,55,120,1,1
1790184479138,sala01,4359,1790184479138,0,0,OCUPADO,1,28,55,120,1,1
1790184481138,sala01,4360,1790184481138,0,0,OCUPADO,1,28,55,120,1,1
1790184483138,sala01,4361,1790184483138,0,0,OCUPADO,0,28,55,120,1,1
1790184485138,sala01,4362,1790184485138,0,0,OCUPADO,1,28,55,120,1,1
1790184487138,sala01,4363,1790184487138,0,0,OCUPADO,1,28,55,120,1,1
1790184489138,sala01,4364,1790184489138,0,0,OCUPADO,1,28,55,120,1,1
1790184491138,sala01,4365,1790184491138,0,0,OCUPADO,0,28,55,120,1,1
1790184493138,sala01,4366,1790184493138,0,0,OCUPADO,1,28,55,120,1,1
1790184495138,sala01,4367,1790184495138,0,0,OCUPADO,1,28,55,120,1,1
1790184497138,sala01,4368,1790184497138,0,0,OCUPADO,1,28,55,120,1,1
1790184499138,sala01,4369,1790184499138,0,0,OCUPADO,0,28,55,120,1,1
1790184501138,sala01,4370,1790184501138,0,0,OCUPADO,1,28,55,120,1,1
1790184503138,sala01,4371,1790184503138,0,0,OCUPADO,1,28,55,120,1,1
1790184505138,sala01,4372,1790184505138,0,0,OCUPADO,1,28,55,120,1,1
1790184507138,sala01,4373,1790184507138,0,0,OCUPADO,0,28,55,120,1,1
1790184509138,sala01,4374,1790184509138,0,0,OCUPADO,1,28,55,120,1,1
1790184511138,sala01,4375,1790184511138,0,0,OCUPADO,1,28,55,120,1,1
1790184513138,sala01,4376,1790184513138,0,0,OCUPADO,1,28,55,120,1,1
1790184515138,sala01,4377,1790184515138,0,0,OCUPADO,0,28,55,120,1,1
1790184517138,sala01,4378,1790184517138,0,0,OCUPADO,1,28,55,120,1,1
1790184519138,sala01,4379,1790184519138,0,0,OCUPADO,1,28,55,120,1,1
1790184521138,sala01,4380,1790184521138,0,0,OCUPADO,1,28,55,120,1,1
1790184523138,sala01,4381,1790184523138,0,0,OCUPADO,0,28,55,120,1,1
1790184525138,sala01,4382,1790184525138,0,0,OCUPADO,1,28,55,120,1,1
1790184527138,sala01,4383,1790184527138,0,0,OCUPADO,1,28,55,120,1,1
1790184529138,sala01,4384,1790184529138,0,0,OCUPADO,1,28,55,120,1,1
1790184531138,sala01,4385,1790184531138,0,0,OCUPADO,0,28,55,120,1,1
1790184533138,sala01,4386,1790184533138,0,0,OCUPADO,1,28,55,120,1,1
1790184535138,sala01,4387,1790184535138,0,0,OCUPADO,1,28,55,120,1,1
1790184537138,sala01,4388,1790184537138,0,0,OCUPADO,1,28,55,120,1,1
1790184539138,sala01,4389,1790184539138,0,0,OCUPADO,0,28,55,120,1,1
1790184541138,sala01,4390,1790184541138,0,0,OCUPADO,1,28,55,120,1,1
1790184543138,sala01,4391,1790184543138,0,0,OCUPADO,1,28,55,120,1,1
1790184545138,sala01,4392,1790184545138,0,0,OCUPADO,1,28,55,120,1,1
1790184547138,sala01,4393,1790184547138,0,0,OCUPADO,0,28,55,120,1,1
1790184549138,sala01,4394,1790184549138,0,0,OCUPADO,1,28,55,120,1,1
1790184551138,sala01,4395,1790184551138,0,0,OCUPADO,1,28,55,120,1,1
1790184553138,sala01,4396,1790184553138,0,0,OCUPADO,1,28,55,120,1,1
1790184555138,sala01,4397,1790184555138,0,0,OCUPADO,0,28,55,120,1,1
1790184557138,sala01,4398,1790184557138,0,0,OCUPADO,1,28,55,120,1,1
1790184559138,sala01,4399,1790184559138,0,0,OCUPADO,1,28,55,120,1,1
1790184561138,sala01,4400,1790184561138,0,0,OCUPADO,1,28,55,120,1,1
1790184563138,sala01,4401,1790184563138,0,0,OCUPADO,0,28,55,120,1,1
1790184565138,sala01,4402,1790184565138,0,0,OCUPADO,1,28,55,120,1,1
1790184567138,sala01,4403,1790184567138,0,0,OCUPADO,1,28,55,120,1,1
1790184569138,sala01,4404,1790184569138,0,0,OCUPADO,1,28,55,120,1,1
1790184571138,sala01,4405,1790184571138,0,0,OCUPADO,0,28,55,120,1,1
1790184573138,sala01,4406,1790184573138,0,0,OCUPADO,1,28,55,120,1,1
1790184575138,sala01,4407,1790184575138,0,0,OCUPADO,1,28,55,120,1,1
1790184577138,sala01,4408,1790184577138,0,0,OCUPADO,1,28,55,120,1,1
1790184579138,sala01,4409,1790184579138,0,0,OCUPADO,0,28,55,120,1,1
1790184581138,sala01,4410,1790184581138,0,0,OCUPADO,1,28,55,120,1,1
1790184583138,sala01,4411,1790184583138,0,0,OCUPADO,1,28,55,120,1,1
1790184585138,sala01,4412,1790184585138,0,0,OCUPADO,1,28,55,120,1,1
1790184587138,sala01,4413,1790184587138,0,0,OCUPADO,0,28,55,120,1,1
1790184589138,sala01,4414,1790184589138,0,0,OCUPADO,1,28,55,120,1,1
1790184591138,sala01,4415,1790184591138,0,0,OCUPADO,1,28,55,120,1,1
1790184593138,sala01,4416,1790184593138,0,0,OCUPADO,1,28,55,120,1,1
1790184595138,sala01,4417,1790184595138,0,0,OCUPADO,0,28,55,120,1,1
1790184597138,sala01,4418,1790184597138,0,0,OCUPADO,1,28,55,120,1,1
1790184599138,sala01,4419,1790184599138,0,0,OCUPADO,1,28,55,120,1,1
1790184601138,sala01,4420,1790184601138,0,0,OCUPADO,1,28,55,120,1,1
1790184603138,sala01,4421,1790184603138,0,0,OCUPADO,0,28,55,120,1,1
1790184605138,sala01,4422,1790184605138,0,0,OCUPADO,1,28,55,120,1,1
1790184607138,sala01,4423,1790184607138,0,0,OCUPADO,1,28,55,120,1,1
1790184609138,sala01,4424,1790184609138,0,0,OCUPADO,1,28,55,120,1,1
1790184611138,sala01,4425,1790184611138,0,0,OCUPADO,0,28,55,120,1,1
1790184613138,sala01,4426,1790184613138,0,0,OCUPADO,1,28,55,120,1,1
1790184615138,sala01,4427,1790184615138,0,0,OCUPADO,1,28,55,120,1,1
1790184617138,sala01,4428,1790184617138,0,0,OCUPADO,1,28,55,120,1,1
1790184619138,sala01,4429,1790184619138,0,0,OCUPADO,0,28,55,120,1,1
1790184621138,sala01,4430,1790184621138,0,0,OCUPADO,1,28,55,120,1,1
1790184623138,sala01,4431,1790184623138,0,0,OCUPADO,1,28,55,120,1,1
1790184625138,sala01,4432,1790184625138,0,0,OCUPADO,1,28,55,120,1,1
1790184627138,sala01,4433,1790184627138,0,0,OCUPADO,0,28,55,120,1,1
1790184629138,sala01,4434,1790184629138,0,0,OCUPADO,1,28,55,120,1,1
1790184631138,sala01,4435,1790184631138,0,0,OCUPADO,1,28,55,120,1,1
1790184633138,sala01,4436,1790184633138,0,0,OCUPADO,1,28,55,120,1,1
1790184635138,sala01,4437,1790184635138,0,0,OCUPADO,0,28,55,120,1,1
1790184637138,sala01,4438,1790184637138,0,0,OCUPADO,1,28,55,120,1,1
1790184639138,sala01,4439,1790184639138,0,0,OCUPADO,1,28,55,120,1,1
1790184641138,sala01,4440,1790184641138,0,0,OCUPADO,1,28,55,120,1,1
1790184643138,sala01,4441,1790184643138,0,0,OCUPADO,0,28,55,120,1,1
1790184645138,sala01,4442,1790184645138,0,0,OCUPADO,1,28,55,120,1,1
1790184647138,sala01,4443,1790184647138,0,0,OCUPADO,1,28,55,120,1,1
1790184649138,sala01,4444,1790184649138,0,0,OCUPADO,1,28,55,120,1,1
1790184651138,sala01,4445,1790184651138,0,0,OCUPADO,0,28,55,120,1,1
1790184653138,sala01,4446,1790184653138,0,0,OCUPADO,1,28,55,120,1,1
1790184655138,sala01,4447,1790184655138,0,0,OCUPADO,1,28,55,120,1,1
1790184657138,sala01,4448,1790184657138,0,0,OCUPADO,1,28,55,120,1,1
1790184659138,sala01,4449,1790184659138,0,0,OCUPADO,0,28,55,120,1,1
1790184661138,sala01,4450,1790184661138,0,0,OCUPADO,1,28,55,120,1,1
1790184663138,sala01,4451,1790184663138,0,0,OCUPADO,1,28,55,120,1,1
1790184665138,sala01,4452,1790184665138,0,0,OCUPADO,1,28,55,120,1,1
1790184667138,sala01,4453,1790184667138,0,0,OCUPADO,0,28,55,120,1,1
1790184669138,sala01,4454,1790184669138,0,0,OCUPADO,1,28,55,120,1,1
1790184671138,sala01,4455,1790184671138,0,0,OCUPADO,1,28,55,120,1,1
1790184673138,sala01,4456,1790184673138,0,0,OCUPADO,1,28,55,120,1,1
1790184675138,sala01,4457,1790184675138,0,0,OCUPADO,0,28,55,120,1,1
1790184677138,sala01,4458,1790184677138,0,0,OCUPADO,1,28,55,120,1,1
1790184679138,sala01,4459,1790184679138,0,0,OCUPADO,1,28,55,120,1,1
1790184681138,sala01,4460,1790184681138,0,0,OCUPADO,1,28,55,120,1,1
1790184683138,sala01,4461,1790184683138,0,0,OCUPADO,0,28,55,120,1,1
1790184685138,sala01,4462,1790184685138,0,0,OCUPADO,1,28,55,120,1,1
1790184687138,sala01,4463,1790184687138,0,0,OCUPADO,1,28,55,120,1,1
1790184689138,sala01,4464,1790184689138,0,0,OCUPADO,1,28,55,120,1,1
1790184691138,sala01,4465,1790184691138,0,0,OCUPADO,0,28,55,120,1,1
1790184693138,sala01,4466,1790184693138,0,0,OCUPADO,1,28,55,120,1,1
1790184695138,sala01,4467,1790184695138,0,0,OCUPADO,1,28,55,120,1,1
1790184697138,sala01,4468,1790184697138,0,0,OCUPADO,1,28,55,120,1,1
1790184699138,sala01,4469,1790184699138,0,0,OCUPADO,0,28,55,120,1,1
1790184701138,sala01,4470,1790184701138,0,0,OCUPADO,1,28,55,120,1,1
1790184703138,sala01,4471,1790184703138,0,0,OCUPADO,1,28,55,120,1,1
1790184705138,sala01,4472,1790184705138,0,0,OCUPADO,1,28,55,120,1,1
1790184707138,sala01,4473,1790184707138,0,0,OCUPADO,0,28,55,120,1,1
1790184709138,sala01,4474,1790184709138,0,0,OCUPADO,1,28,55,120,1,1
1790184711138,sala01,4475,1790184711138,0,0,OCUPADO,1,28,55,120,1,1
1790184713138,sala01,4476,1790184713138,0,0,OCUPADO,1,28,55,120,1,1
1790184715138,sala01,4477,1790184715138,0,0,OCUPADO,0,28,55,120,1,1
1790184717138,sala01,4478,1790184717138,0,0,OCUPADO,1,28,55,120,1,1
1790184719138,sala01,4479,1790184719138,0,0,OCUPADO,1,28,55,120,1,1
1790184721138,sala01,4480,1790184721138,0,0,OCUPADO,1,28,55,120,1,1
1790184723138,sala01,4481,1790184723138,0,0,OCUPADO,0,28,55,120,1,1
1790184725138,sala01,4482,1790184725138,0,0,OCUPADO,1,28,55,120,1,1
1790184727138,sala01,4483,1790184727138,0,0,OCUPADO,1,28,55,120,1,1
1790184729138,sala01,4484,1790184729138,0,0,OCUPADO,1,28,55,120,1,1
1790184731138,sala01,4485,1790184731138,0,0,OCUPADO,0,28,55,120,1,1
1790184733138,sala01,4486,1790184733138,0,0,OCUPADO,1,28,55,120,1,1
1790184735138,sala01,4487,1790184735138,0,0,OCUPADO,1,28,55,120,1,1
1790184737138,sala01,4488,1790184737138,0,0,OCUPADO,1,28,55,120,1,1
1790184739138,sala01,4489,1790184739138,0,0,OCUPADO,0,28,55,120,1,1
1790184741138,sala01,4490,1790184741138,0,0,OCUPADO,1,28,55,120,1,1
1790184743138,sala01,4491,1790184743138,0,0,OCUPADO,1,28,55,120,1,1
1790184745138,sala01,4492,1790184745138,0,0,OCUPADO,1,28,55,120,1,1
1790184747138,sala01,4493,1790184747138,0,0,OCUPADO,0,28,55,120,1,1
1790184749138,sala01,4494,1790184749138,0,0,OCUPADO,1,28,55,120,1,1
1790184751138,sala01,4495,1790184751138,0,0,OCUPADO,1,28,55,120,1,1
1790184753138,sala01,4496,1790184753138,0,0,OCUPADO,1,28,55,120,1,1
1790184755138,sala01,4497,1790184755138,0,0,OCUPADO,0,28,55,120,1,1
1790184757138,sala01,4498,1790184757138,0,0,OCUPADO,1,28,55,120,1,1
1790184759138,sala01,4499,1790184759138,0,0,OCUPADO,1,28,55,120,1,1
1790184761138,sala01,4500,1790184761138,0,0,OCUPADO,1,28,55,120,1,1
1790184763138,sala01,4501,1790184763138,0,0,OCUPADO,0,28,55,120,1,1
1790184765138,sala01,4502,1790184765138,0,0,OCUPADO,1,28,55,120,1,1
1790184767138,sala01,4503,1790184767138,0,0,OCUPADO,1,28,55,120,1,1
1790184769138,sala01,4504,1790184769138,0,0,OCUPADO,1,28,55,120,1,1
1790184771138,sala01,4505,1790184771138,0,0,OCUPADO,0,28,55,120,1,1
1790184773138,sala01,4506,1790184773138,0,0,OCUPADO,1,28,55,120,1,1
1790184775138,sala01,4507,1790184775138,0,0,OCUPADO,1,28,55,120,1,1
1790184777138,sala01,4508,1790184777138,0,0,OCUPADO,1,28,55,120,1,1
1790184779138,sala01,4509,1790184779138,0,0,OCUPADO,0,28,55,120,1,1
1790184781138,sala01,4510,1790184781138,0,0,OCUPADO,1,28,55,120,1,1
1790184783138,sala01,4511,1790184783138,0,0,OCUPADO,1,28,55,120,1,1
1790184785138,sala01,4512,1790184785138,0,0,OCUPADO,1,28,55,120,1,1
1790184787138,sala01,4513,1790184787138,0,0,OCUPADO,0,28,55,120,1,1
1790184789138,sala01,4514,1790184789138,0,0,OCUPADO,1,28,55,120,1,1
1790184791138,sala01,4515,1790184791138,0,0,OCUPADO,1,28,55,120,1,1
1790184793138,sala01,4516,1790184793138,0,0,OCUPADO,1,28,55,120,1,1
1790184795138,sala01,4517,1790184795138,0,0,OCUPADO,0,28,55,120,1,1
1790184797138,sala01,4518,1790184797138,0,0,OCUPADO,1,28,55,120,1,1
1790184799138,sala01,4519,1790184799138,0,0,OCUPADO,1,28,55,120,1,1
1790184801138,sala01,4520,1790184801138,0,0,OCUPADO,1,28,55,120,1,1
1790184803138,sala01,4521,1790184803138,0,0,OCUPADO,0,28,55,120,1,1
1790184805138,sala01,4522,1790184805138,0,0,OCUPADO,1,28,55,120,1,1
1790184807138,sala01,4523,1790184807138,0,0,OCUPADO,1,28,55,120,1,1
1790184809138,sala01,4524,1790184809138,0,0,OCUPADO,1,28,55,120,1,1
1790184811138,sala01,4525,1790184811138,0,0,OCUPADO,0,28,55,120,1,1
1790184813138,sala01,4526,1790184813138,0,0,OCUPADO,1,28,55,120,1,1
1790184815138,sala01,4527,1790184815138,0,0,OCUPADO,1,28,55,120,1,1
1790184817138,sala01,4528,1790184817138,0,0,OCUPADO,1,28,55,120,1,1
1790184819138,sala01,4529,1790184819138,0,0,OCUPADO,0,28,55,120,1,1
1790184821138,sala01,4530,1790184821138,0,0,OCUPADO,1,28,55,120,1,1
1790184823138,sala01,4531,1790184823138,0,0,OCUPADO,1,28,55,120,1,1
1790184825138,sala01,4532,1790184825138,0,0,OCUPADO,1,28,55,120,1,1
1790184827138,sala01,4533,1790184827138,0,0,OCUPADO,0,28,55,120,1,1
1790184829138,sala01,4534,1790184829138,0,0,OCUPADO,1,28,55,120,1,1
1790184831138,sala01,4535,1790184831138,0,0,OCUPADO,1,28,55,120,1,1
1790184833138,sala01,4536,1790184833138,0,0,OCUPADO,1,28,55,120,1,1
1790184835138,sala01,4537,1790184835138,0,0,OCUPADO,0,28,55,120,1,1
1790184837138,sala01,4538,1790184837138,0,0,OCUPADO,1,28,55,120,1,1
1790184839138,sala01,4539,1790184839138,0,0,OCUPADO,1,28,55,120,1,1
1790184841138,sala01,4540,1790184841138,0,0,OCUPADO,1,28,55,120,1,1
1790184843138,sala01,4541,1790184843138,0,0,OCUPADO,0,28,55,120,1,1
1790184845138,sala01,4542,1790184845138,0,0,OCUPADO,1,28,55,120,1,1
1790184847138,sala01,4543,1790184847138,0,0,OCUPADO,1,28,55,120,1,1
1790184849138,sala01,4544,1790184849138,0,0,OCUPADO,1,28,55,120,1,1
1790184851138,sala01,4545,1790184851138,0,0,OCUPADO,0,28,55,120,1,1
1790184853138,sala01,4546,1790184853138,0,0,OCUPADO,1,28,55,120,1,1
1790184855138,sala01,4547,1790184855138,0,0,OCUPADO,1,28,55,120,1,1
1790184857138,sala01,4548,1790184857138,0,0,OCUPADO,1,28,55,120,1,1
1790184859138,sala01,4549,1790184859138,0,0,OCUPADO,0,28,55,120,1,1
1790184861138,sala01,4550,1790184861138,0,0,OCUPADO,1,28,55,120,1,1
1790184863138,sala01,4551,1790184863138,0,0,OCUPADO,1,28,55,120,1,1
1790184865138,sala01,4552,1790184865138,0,0,OCUPADO,1,28,55,120,1,1
1790184867138,sala01,4553,1790184867138,0,0,OCUPADO,0,28,55,120,1,1
1790184869138,sala01,4554,1790184869138,0,0,OCUPADO,1,28,55,120,1,1
1790184871138,sala01,4555,1790184871138,0,0,OCUPADO,1,28,55,120,1,1
1790184873138,sala01,4556,1790184873138,0,0,OCUPADO,1,28,55,120,1,1
1790184875138,sala01,4557,1790184875138,0,0,OCUPADO,0,28,55,120,1,1
1790184877138,sala01,4558,1790184877138,0,0,OCUPADO,1,28,55,120,1,1
1790184879138,sala01,4559,1790184879138,0,0,OCUPADO,1,28,55,120,1,1
1790184881138,sala01,4560,1790184881138,0,0,OCUPADO,1,28,55,120,1,1
1790184883138,sala01,4561,1790184883138,0,0,OCUPADO,0,28,55,120,1,1
1790184885138,sala01,4562,1790184885138,0,0,OCUPADO,1,28,55,120,1,1
1790184887138,sala01,4563,1790184887138,0,0,OCUPADO,1,28,55,120,1,1
1790184889138,sala01,4564,1790184889138,0,0,OCUPADO,1,28,55,120,1,1
1790184891138,sala01,4565,1790184891138,0,0,OCUPADO,0,28,55,120,1,1
1790184893138,sala01,4566,1790184893138,0,0,OCUPADO,1,28,55,120,1,1
1790184895138,sala01,4567,1790184895138,0,0,OCUPADO,1,28,55,120,1,1
1790184897138,sala01,4568,1790184897138,0,0,OCUPADO,1,28,55,120,1,1
1790184899138,sala01,4569,1790184899138,0,0,OCUPADO,0,28,55,120,1,1
1790184901138,sala01,4570,1790184901138,0,0,OCUPADO,1,28,55,120,1,1
1790184903138,sala01,4571,1790184903138,0,0,OCUPADO,1,28,55,120,1,1
1790184905138,sala01,4572,1790184905138,0,0,OCUPADO,1,28,55,120,1,1
1790184907138,sala01,4573,1790184907138,0,0,OCUPADO,0,28,55,120,1,1
1790184909138,sala01,4574,1790184909138,0,0,OCUPADO,1,28,55,120,1,1
1790184911138,sala01,4575,1790184911138,0,0,OCUPADO,1,28,55,120,1,1
1790184913138,sala01,4576,1790184913138,0,0,OCUPADO,1,28,55,120,1,1
1790184915138,sala01,4577,1790184915138,0,0,OCUPADO,0,28,55,120,1,1
1790184917138,sala01,4578,1790184917138,0,0,OCUPADO,1,28,55,120,1,1
1790184919138,sala01,4579,1790184919138,0,0,OCUPADO,1,28,55,120,1,1
1790184921138,sala01,4580,1790184921138,0,0,OCUPADO,1,28,55,120,1,1
1790184923138,sala01,4581,1790184923138,0,0,OCUPADO,0,28,55,120,1,1
1790184925138,sala01,4582,1790184925138,0,0,OCUPADO,1,28,55,120,1,1
1790184927138,sala01,4583,1790184927138,0,0,OCUPADO,1,28,55,120,1,1
1790184929138,sala01,4584,1790184929138,0,0,OCUPADO,1,28,55,120,1,1
1790184931138,sala01,4585,1790184931138,0,0,OCUPADO,0,28,55,120,1,1
1790184933138,sala01,4586,1790184933138,0,0,OCUPADO,1,28,55,120,1,1
1790184935138,sala01,4587,1790184935138,0,0,OCUPADO,1,28,55,120,1,1
1790184937138,sala01,4588,1790184937138,0,0,OCUPADO,1,28,55,120,1,1
1790184939138,sala01,4589,1790184939138,0,0,OCUPADO,0,28,55,120,1,1
1790184941138,sala01,4590,1790184941138,0,0,OCUPADO,1,28,55,120,1,1
1790184943138,sala01,4591,1790184943138,0,0,OCUPADO,1,28,55,120,1,1
1790184945138,sala01,4592,1790184945138,0,0,OCUPADO,1,28,55,120,1,1
1790184947138,sala01,4593,1790184947138,0,0,OCUPADO,0,28,55,120,1,1
1790184949138,sala01,4594,1790184949138,0,0,OCUPADO,1,28,55,120,1,1
1790184951138,sala01,4595,1790184951138,0,0,OCUPADO,1,28,55,120,1,1
1790184953138,sala01,4596,1790184953138,0,0,OCUPADO,1,28,55,120,1,1
1790184955138,sala01,4597,1790184955138,0,0,OCUPADO,0,28,55,120,1,1
1790184957138,sala01,4598,1790184957138,0,0,OCUPADO,1,28,55,120,1,1
1790184959138,sala01,4599,1790184959138,0,0,OCUPADO,1,28,55,120,1,1
1790184961138,sala01,4600,1790184961138,0,0,OCUPADO,1,28,55,120,1,1
1790184963138,sala01,4601,1790184963138,0,0,OCUPADO,0,28,55,120,1,1
1790184965138,sala01,4602,1790184965138,0,0,OCUPADO,1,28,55,120,1,1
1790184967138,sala01,4603,1790184967138,0,0,OCUPADO,1,28,55,120,1,1
1790184969138,sala01,4604,1790184969138,0,0,OCUPADO,1,28,55,120,1,1
1790184971138,sala01,4605,1790184971138,0,0,OCUPADO,0,28,55,120,1,1
1790184973138,sala01,4606,1790184973138,0,0,OCUPADO,1,28,55,120,1,1
1790184975138,sala01,4607,1790184975138,0,0,OCUPADO,1,28,55,120,1,1
1790184977138,sala01,4608,1790184977138,0,0,OCUPADO,1,28,55,120,1,1
1790184979138,sala01,4609,1790184979138,0,0,OCUPADO,0,28,55,120,1,1
1790184981138,sala01,4610,1790184981138,0,0,OCUPADO,1,28,55,120,1,1
1790184983138,sala01,4611,1790184983138,0,0,OCUPADO,1,28,55,120,1,1
1790184985138,sala01,4612,1790184985138,0,0,OCUPADO,1,28,55,120,1,1
1790184987138,sala01,4613,1790184987138,0,0,OCUPADO,0,28,55,120,1,1
1790184989138,sala01,4614,1790184989138,0,0,OCUPADO,1,28,55,120,1,1
1790184991138,sala01,4615,1790184991138,0,0,OCUPADO,1,28,55,120,1,1
1790184993138,sala01,4616,1790184993138,0,0,OCUPADO,1,28,55,120,1,1
1790184995138,sala01,4617,1790184995138,0,0,OCUPADO,0,28,55,120,1,1
1790184997138,sala01,4618,1790184997138,0,0,OCUPADO,1,28,55,120,1,1
1790184999138,sala01,4619,1790184999138,0,0,OCUPADO,1,28,55,120,1,1
1790185001138,sala01,4620,1790185001138,0,0,OCUPADO,1,28,55,120,1,1
1790185003138,sala01,4621,1790185003138,0,0,OCUPADO,0,28,55,120,1,1
1790185005138,sala01,4622,1790185005138,0,0,OCUPADO,1,28,55,120,1,1
1790185007138,sala01,4623,1790185007138,0,0,OCUPADO,1,28,55,120,1,1
1790185009138,sala01,4624,1790185009138,0,0,OCUPADO,1,28,55,120,1,1
1790185011138,sala01,4625,1790185011138,0,0,OCUPADO,0,28,55,120,1,1
1790185013138,sala01,4626,1790185013138,0,0,OCUPADO,1,28,55,120,1,1
1790185015138,sala01,4627,1790185015138,0,0,OCUPADO,1,28,55,120,1,1
1790185017138,sala01,4628,1790185017138,0,0,OCUPADO,1,28,55,120,1,1
1790185019138,sala01,4629,1790185019138,0,0,OCUPADO,0,28,55,120,1,1
1790185021138,sala01,4630,1790185021138,0,0,OCUPADO,1,28,55,120,1,1
1790185023138,sala01,4631,1790185023138,0,0,OCUPADO,1,28,55,120,1,1
1790185025138,sala01,4632,1790185025138,0,0,OCUPADO,1,28,55,120,1,1
1790185027138,sala01,4633,1790185027138,0,0,OCUPADO,0,28,55,120,1,1
1790185029138,sala01,4634,1790185029138,0,0,OCUPADO,1,28,55,120,1,1
1790185031138,sala01,4635,1790185031138,0,0,OCUPADO,1,28,55,120,1,1
1790185033138,sala01,4636,1790185033138,0,0,OCUPADO,1,28,55,120,1,1
1790185035138,sala01,4637,1790185035138,0,0,OCUPADO,0,28,55,120,1,1
1790185037138,sala01,4638,1790185037138,0,0,OCUPADO,1,28,55,120,1,1
1790185039138,sala01,4639,1790185039138,0,0,OCUPADO,1,28,55,120,1,1
1790185041138,sala01,4640,1790185041138,0,0,OCUPADO,1,28,55,120,1,1
1790185043138,sala01,4641,1790185043138,0,0,OCUPADO,0,28,55,120,1,1
1790185045138,sala01,4642,1790185045138,0,0,OCUPADO,1,28,55,120,1,1
1790185047138,sala01,4643,1790185047138,0,0,OCUPADO,1,28,55,120,1,1
1790185049138,sala01,4644,1790185049138,0,0,OCUPADO,1,28,55,120,1,1
1790185051138,sala01,4645,1790185051138,0,0,OCUPADO,0,28,55,120,1,1
1790185053138,sala01,4646,1790185053138,0,0,OCUPADO,1,28,55,120,1,1
1790185055138,sala01,4647,1790185055138,0,0,OCUPADO,1,28,55,120,1,1
1790185057138,sala01,4648,1790185057138,0,0,OCUPADO,1,28,55,120,1,1
1790185059138,sala01,4649,1790185059138,0,0,OCUPADO,0,28,55,120,1,1
1790185061138,sala01,4650,1790185061138,0,0,OCUPADO,1,28,55,120,1,1
1790185063138,sala01,4651,1790185063138,0,0,OCUPADO,1,28,55,120,1,1
1790185065138,sala01,4652,1790185065138,0,0,OCUPADO,1,28,55,120,1,1
1790185067138,sala01,4653,1790185067138,0,0,OCUPADO,0,28,55,120,1,1
1790185069138,sala01,4654,1790185069138,0,0,OCUPADO,1,28,55,120,1,1
1790185071138,sala01,4655,1790185071138,0,0,OCUPADO,1,28,55,120,1,1
1790185073138,sala01,4656,1790185073138,0,0,OCUPADO,1,28,55,120,1,1
1790185075138,sala01,4657,1790185075138,0,0,OCUPADO,0,28,55,120,1,1
1790185077138,sala01,4658,1790185077138,0,0,OCUPADO,1,28,55,120,1,1
1790185079138,sala01,4659,1790185079138,0,0,OCUPADO,1,28,55,120,1,1
1790185081138,sala01,4660,1790185081138,0,0,OCUPADO,1,28,55,120,1,1
1790185083138,sala01,4661,1790185083138,0,0,OCUPADO,0,28,55,120,1,1
1790185085138,sala01,4662,1790185085138,0,0,OCUPADO,1,28,55,120,1,1
1790185087138,sala01,4663,1790185087138,0,0,OCUPADO,1,28,55,120,1,1
1790185089138,sala01,4664,1790185089138,0,0,OCUPADO,1,28,55,120,1,1
1790185091138,sala01,4665,1790185091138,0,0,OCUPADO,0,28,55,120,1,1
1790185093138,sala01,4666,1790185093138,0,0,OCUPADO,1,28,55,120,1,1
1790185095138,sala01,4667,1790185095138,0,0,OCUPADO,1,28,55,120,1,1
1790185097138,sala01,4668,1790185097138,0,0,OCUPADO,1,28,55,120,1,1
1790185099138,sala01,4669,1790185099138,0,0,OCUPADO,0,28,55,120,1,1
1790185101138,sala01,4670,1790185101138,0,0,OCUPADO,1,28,55,120,1,1
1790185103138,sala01,4671,1790185103138,0,0,OCUPADO,1,28,55,120,1,1
1790185105138,sala01,4672,1790185105138,0,0,OCUPADO,1,28,55,120,1,1
1790185107138,sala01,4673,1790185107138,0,0,OCUPADO,0,28,55,120,1,1
1790185109138,sala01,4674,1790185109138,0,0,OCUPADO,1,28,55,120,1,1
1790185111138,sala01,4675,1790185111138,0,0,OCUPADO,1,28,55,120,1,1
1790185113138,sala01,4676,1790185113138,0,0,OCUPADO,1,28,55,120,1,1
1790185115138,sala01,4677,1790185115138,0,0,OCUPADO,0,28,55,120,1,1
1790185117138,sala01,4678,1790185117138,0,0,OCUPADO,1,28,55,120,1,1
1790185119138,sala01,4679,1790185119138,0,0,OCUPADO,1,28,55,120,1,1
1790185121138,sala01,4680,1790185121138,0,0,OCUPADO,1,28,55,120,1,1
1790185123138,sala01,4681,1790185123138,0,0,OCUPADO,0,28,55,120,1,1
1790185125138,sala01,4682,1790185125138,0,0,OCUPADO,1,28,55,120,1,1
1790185127138,sala01,4683,1790185127138,0,0,OCUPADO,1,28,55,120,1,1
1790185129138,sala01,4684,1790185129138,0,0,OCUPADO,1,28,55,120,1,1
1790185131138,sala01,4685,1790185131138,0,0,OCUPADO,0,28,55,120,1,1
1790185133138,sala01,4686,1790185133138,0,0,OCUPADO,1,28,55,120,1,1
1790185135138,sala01,4687,1790185135138,0,0,OCUPADO,1,28,55,120,1,1
1790185137138,sala01,4688,1790185137138,0,0,OCUPADO,1,28,55,120,1,1
1790185139138,sala01,4689,1790185139138,0,0,OCUPADO,0,28,55,120,1,1
1790185141138,sala01,4690,1790185141138,0,0,OCUPADO,1,28,55,120,1,1
1790185143138,sala01,4691,1790185143138,0,0,OCUPADO,1,28,55,120,1,1
1790185145138,sala01,4692,1790185145138,0,0,OCUPADO,1,28,55,120,1,1
1790185147138,sala01,4693,1790185147138,0,0,OCUPADO,0,28,55,120,1,1
1790185149138,sala01,4694,1790185149138,0,0,OCUPADO,1,28,55,120,1,1
1790185151138,sala01,4695,1790185151138,0,0,OCUPADO,1,28,55,120,1,1
1790185153138,sala01,4696,1790185153138,0,0,OCUPADO,1,28,55,120,1,1
1790185155138,sala01,4697,1790185155138,0,0,OCUPADO,0,28,55,120,1,1
1790185157138,sala01,4698,1790185157138,0,0,OCUPADO,1,28,55,120,1,1
1790185159138,sala01,4699,1790185159138,0,0,OCUPADO,1,28,55,120,1,1
1790185161138,sala01,4700,1790185161138,0,0,OCUPADO,1,28,55,120,1,1
1790185163138,sala01,4701,1790185163138,0,0,OCUPADO,0,28,55,120,1,1
1790185165138,sala01,4702,1790185165138,0,0,OCUPADO,1,28,55,120,1,1
1790185167138,sala01,4703,1790185167138,0,0,OCUPADO,1,28,55,120,1,1
1790185169138,sala01,4704,1790185169138,0,0,OCUPADO,1,28,55,120,1,1
1790185171138,sala01,4705,1790185171138,0,0,OCUPADO,0,28,55,120,1,1
1790185173138,sala01,4706,1790185173138,0,0,OCUPADO,1,28,55,120,1,1
1790185175138,sala01,4707,1790185175138,0,0,OCUPADO,1,28,55,120,1,1
1790185177138,sala01,4708,1790185177138,0,0,OCUPADO,1,28,55,120,1,1
1790185179138,sala01,4709,1790185179138,0,0,OCUPADO,0,28,55,120,1,1
1790185181138,sala01,4710,1790185181138,0,0,OCUPADO,1,28,55,120,1,1
1790185183138,sala01,4711,1790185183138,0,0,OCUPADO,1,28,55,120,1,1
1790185185138,sala01,4712,1790185185138,0,0,OCUPADO,1,28,55,120,1,1
1790185187138,sala01,4713,1790185187138,0,0,OCUPADO,0,28,55,120,1,1
1790185189138,sala01,4714,1790185189138,0,0,OCUPADO,1,28,55,120,1,1
1790185191138,sala01,4715,1790185191138,0,0,OCUPADO,1,28,55,120,1,1
1790185193138,sala01,4716,1790185193138,0,0,OCUPADO,1,28,55,120,1,1
1790185195138,sala01,4717,1790185195138,0,0,OCUPADO,0,28,55,120,1,1
1790185197138,sala01,4718,1790185197138,0,0,OCUPADO,1,28,55,120,1,1
1790185199138,sala01,4719,1790185199138,0,0,OCUPADO,1,28,55,120,1,1
1790185201138,sala01,4720,1790185201138,0,0,OCUPADO,1,28,55,120,1,1
1790185203138,sala01,4721,1790185203138,0,0,OCUPADO,0,28,55,120,1,1
1790185205138,sala01,4722,1790185205138,0,0,OCUPADO,1,28,55,120,1,1
1790185207138,sala01,4723,1790185207138,0,0,OCUPADO,1,28,55,120,1,1
1790185209138,sala01,4724,1790185209138,0,0,OCUPADO,1,28,55,120,1,1
1790185211138,sala01,4725,1790185211138,0,0,OCUPADO,0,28,55,120,1,1
1790185213138,sala01,4726,1790185213138,0,0,OCUPADO,1,28,55,120,1,1
1790185215138,sala01,4727,1790185215138,0,0,OCUPADO,1,28,55,120,1,1
1790185217138,sala01,4728,1790185217138,0,0,OCUPADO,1,28,55,120,1,1
1790185219138,sala01,4729,1790185219138,0,0,OCUPADO,0,28,55,120,1,1
1790185221138,sala01,4730,1790185221138,0,0,OCUPADO,1,28,55,120,1,1
1790185223138,sala01,4731,1790185223138,0,0,OCUPADO,1,28,55,120,1,1
1790185225138,sala01,4732,1790185225138,0,0,OCUPADO,1,28,55,120,1,1
1790185227138,sala01,4733,1790185227138,0,0,OCUPADO,0,28,55,120,1,1
1790185229138,sala01,4734,1790185229138,0,0,OCUPADO,1,28,55,120,1,1
1790185231138,sala01,4735,1790185231138,0,0,OCUPADO,1,28,55,120,1,1
1790185233138,sala01,4736,1790185233138,0,0,OCUPADO,1,28,55,120,1,1
1790185235138,sala01,4737,1790185235138,0,0,OCUPADO,0,28,55,120,1,1
1790185237138,sala01,4738,1790185237138,0,0,OCUPADO,1,28,55,120,1,1
1790185239138,sala01,4739,1790185239138,0,0,OCUPADO,1,28,55,120,1,1
1790185241138,sala01,4740,1790185241138,0,0,OCUPADO,1,28,55,120,1,1
1790185243138,sala01,4741,1790185243138,0,0,OCUPADO,0,28,55,120,1,1
1790185245138,sala01,4742,1790185245138,0,0,OCUPADO,1,28,55,120,1,1
1790185247138,sala01,4743,1790185247138,0,0,OCUPADO,1,28,55,120,1,1
1790185249138,sala01,4744,1790185249138,0,0,OCUPADO,1,28,55,120,1,1
1790185251138,sala01,4745,1790185251138,0,0,OCUPADO,0,28,55,120,1,1
1790185253138,sala01,4746,1790185253138,0,0,OCUPADO,1,28,55,120,1,1
1790185255138,sala01,4747,1790185255138,0,0,OCUPADO,1,28,55,120,1,1
1790185257138,sala01,4748,1790185257138,0,0,OCUPADO,1,28,55,120,1,1
1790185259138,sala01,4749,1790185259138,0,0,OCUPADO,0,28,55,120,1,1
1790185261138,sala01,4750,1790185261138,0,0,OCUPADO,1,28,55,120,1,1
1790185263138,sala01,4751,1790185263138,0,0,OCUPADO,1,28,55,120,1,1
1790185265138,sala01,4752,1790185265138,0,0,OCUPADO,1,28,55,120,1,1
1790185267138,sala01,4753,1790185267138,0,0,OCUPADO,0,28,55,120,1,1
1790185269138,sala01,4754,1790185269138,0,0,OCUPADO,1,28,55,120,1,1
1790185271138,sala01,4755,1790185271138,0,0,OCUPADO,1,28,55,120,1,1
1790185273138,sala01,4756,1790185273138,0,0,OCUPADO,1,28,55,120,1,1
1790185275138,sala01,4757,1790185275138,0,0,OCUPADO,0,28,55,120,1,1
1790185277138,sala01,4758,1790185277138,0,0,OCUPADO,1,28,55,120,1,1
1790185279138,sala01,4759,1790185279138,0,0,OCUPADO,1,28,55,120,1,1
1790185281138,sala01,4760,1790185281138,0,0,OCUPADO,1,28,55,120,1,1
1790185283138,sala01,4761,1790185283138,0,0,OCUPADO,0,28,55,120,1,1
1790185285138,sala01,4762,1790185285138,0,0,OCUPADO,1,28,55,120,1,1
1790185287138,sala01,4763,1790185287138,0,0,OCUPADO,1,28,55,120,1,1
1790185289138,sala01,4764,1790185289138,0,0,OCUPADO,1,28,55,120,1,1
1790185291138,sala01,4765,1790185291138,0,0,OCUPADO,0,28,55,120,1,1
1790185293138,sala01,4766,1790185293138,0,0,OCUPADO,1,28,55,120,1,1
1790185295138,sala01,4767,1790185295138,0,0,OCUPADO,1,28,55,120,1,1
1790185297138,sala01,4768,1790185297138,0,0,OCUPADO,1,28,55,120,1,1
1790185299138,sala01,4769,1790185299138,0,0,OCUPADO,0,28,55,120,1,1
1790185301138,sala01,4770,1790185301138,0,0,OCUPADO,1,28,55,120,1,1
1790185303138,sala01,4771,1790185303138,0,0,OCUPADO,1,28,55,120,1,1
1790185305138,sala01,4772,1790185305138,0,0,OCUPADO,1,28,55,120,1,1
1790185307138,sala01,4773,1790185307138,0,0,OCUPADO,0,28,55,120,1,1
1790185309138,sala01,4774,1790185309138,0,0,OCUPADO,1,28,55,120,1,1
1790185311138,sala01,4775,1790185311138,0,0,OCUPADO,1,28,55,120,1,1
1790185313138,sala01,4776,1790185313138,0,0,OCUPADO,1,28,55,120,1,1
1790185315138,sala01,4777,1790185315138,0,0,OCUPADO,0,28,55,120,1,1
1790185317138,sala01,4778,1790185317138,0,0,OCUPADO,1,28,55,120,1,1
1790185319138,sala01,4779,1790185319138,0,0,OCUPADO,1,28,55,120,1,1
1790185321138,sala01,4780,1790185321138,0,0,OCUPADO,1,28,55,120,1,1
1790185323138,sala01,4781,1790185323138,0,0,OCUPADO,0,28,55,120,1,1
1790185325138,sala01,4782,1790185325138,0,0,OCUPADO,1,28,55,120,1,1
1790185327138,sala01,4783,1790185327138,0,0,OCUPADO,1,28,55,120,1,1
1790185329138,sala01,4784,1790185329138,0,0,OCUPADO,1,28,55,120,1,1
1790185331138,sala01,4785,1790185331138,0,0,OCUPADO,0,28,55,120,1,1
1790185333138,sala01,4786,1790185333138,0,0,OCUPADO,1,28,55,120,1,1
1790185335138,sala01,4787,1790185335138,0,0,OCUPADO,1,28,55,120,1,1
1790185337138,sala01,4788,1790185337138,0,0,OCUPADO,1,28,55,120,1,1
1790185339138,sala01,4789,1790185339138,0,0,OCUPADO,0,28,55,120,1,1
1790185341138,sala01,4790,1790185341138,0,0,OCUPADO,1,28,55,120,1,1
1790185343138,sala01,4791,1790185343138,0,0,OCUPADO,1,28,55,120,1,1
1790185345138,sala01,4792,1790185345138,0,0,OCUPADO,1,28,55,120,1,1
1790185347138,sala01,4793,1790185347138,0,0,OCUPADO,0,28,55,120,1,1
1790185349138,sala01,4794,1790185349138,0,0,OCUPADO,1,28,55,120,1,1
1790185351138,sala01,4795,1790185351138,0,0,OCUPADO,1,28,55,120,1,1
1790185353138,sala01,4796,1790185353138,0,0,OCUPADO,1,28,55,120,1,1
1790185355138,sala01,4797,1790185355138,0,0,OCUPADO,0,28,55,120,1,1
1790185357138,sala01,4798,1790185357138,0,0,OCUPADO,1,28,55,120,1,1
1790185359138,sala01,4799,1790185359138,0,0,OCUPADO,1,28,55,120,1,1
1790185361138,sala01,4800,1790185361138,0,0,OCUPADO,1,28,55,120,1,1
1790185363138,sala01,4801,1790185363138,0,0,OCUPADO,0,28,55,120,1,1
1790185365138,sala01,4802,1790185365138,0,0,OCUPADO,1,28,55,120,1,1
1790185367138,sala01,4803,1790185367138,0,0,OCUPADO,1,28,55,120,1,1
1790185369138,sala01,4804,1790185369138,0,0,OCUPADO,1,28,55,120,1,1
1790185371138,sala01,4805,1790185371138,0,0,OCUPADO,0,28,55,120,1,1
1790185373138,sala01,4806,1790185373138,0,0,OCUPADO,1,28,55,120,1,1
1790185375138,sala01,4807,1790185375138,0,0,OCUPADO,1,28,55,120,1,1
1790185377138,sala01,4808,1790185377138,0,0,OCUPADO,1,28,55,120,1,1
1790185379138,sala01,4809,1790185379138,0,0,OCUPADO,0,28,55,120,1,1
1790185381138,sala01,4810,1790185381138,0,0,OCUPADO,1,28,55,120,1,1
1790185383138,sala01,4811,1790185383138,0,0,OCUPADO,1,28,55,120,1,1
1790185385138,sala01,4812,1790185385138,0,0,OCUPADO,1,28,55,120,1,1
1790185387138,sala01,4813,1790185387138,0,0,OCUPADO,0,28,55,120,1,1
1790185389138,sala01,4814,1790185389138,0,0,OCUPADO,1,28,55,120,1,1
1790185391138,sala01,4815,1790185391138,0,0,OCUPADO,1,28,55,120,1,1
1790185393138,sala01,4816,1790185393138,0,0,OCUPADO,1,28,55,120,1,1
1790185395138,sala01,4817,1790185395138,0,0,OCUPADO,0,28,55,120,1,1
1790185397138,sala01,4818,1790185397138,0,0,OCUPADO,1,28,55,120,1,1
1790185399138,sala01,4819,1790185399138,0,0,OCUPADO,1,28,55,120,1,1
1790185401138,sala01,4820,1790185401138,0,0,OCUPADO,1,28,55,120,1,1
1790185403138,sala01,4821,1790185403138,0,0,OCUPADO,0,28,55,120,1,1
1790185405138,sala01,4822,1790185405138,0,0,OCUPADO,1,28,55,120,1,1
1790185407138,sala01,4823,1790185407138,0,0,OCUPADO,1,28,55,120,1,1
1790185409138,sala01,4824,1790185409138,0,0,OCUPADO,1,28,55,120,1,1
1790185411138,sala01,4825,1790185411138,0,0,OCUPADO,0,28,55,120,1,1
1790185413138,sala01,4826,1790185413138,0,0,OCUPADO,1,28,55,120,1,1
1790185415138,sala01,4827,1790185415138,0,0,OCUPADO,1,28,55,120,1,1
1790185417138,sala01,4828,1790185417138,0,0,OCUPADO,1,28,55,120,1,1
1790185419138,sala01,4829,1790185419138,0,0,OCUPADO,0,28,55,120,1,1
1790185421138,sala01,4830,1790185421138,0,0,OCUPADO,1,28,55,120,1,1
1790185423138,sala01,4831,1790185423138,0,0,OCUPADO,1,28,55,120,1,1
1790185425138,sala01,4832,1790185425138,0,0,OCUPADO,1,28,55,120,1,1
1790185427138,sala01,4833,1790185427138,0,0,OCUPADO,0,28,55,120,1,1
1790185429138,sala01,4834,1790185429138,0,0,OCUPADO,1,28,55,120,1,1
1790185431138,sala01,4835,1790185431138,0,0,OCUPADO,1,28,55,120,1,1
1790185433138,sala01,4836,1790185433138,0,0,OCUPADO,1,28,55,120,1,1
1790185435138,sala01,4837,1790185435138,0,0,OCUPADO,0,28,55,120,1,1
1790185437138,sala01,4838,1790185437138,0,0,OCUPADO,1,28,55,120,1,1
1790185439138,sala01,4839,1790185439138,0,0,OCUPADO,1,28,55,120,1,1
1790185441138,sala01,4840,1790185441138,0,0,OCUPADO,1,28,55,120,1,1
1790185443138,sala01,4841,1790185443138,0,0,OCUPADO,0,28,55,120,1,1
1790185445138,sala01,4842,1790185445138,0,0,OCUPADO,1,28,55,120,1,1
1790185447138,sala01,4843,1790185447138,0,0,OCUPADO,1,28,55,120,1,1
1790185449138,sala01,4844,1790185449138,0,0,OCUPADO,1,28,55,120,1,1
1790185451138,sala01,4845,1790185451138,0,0,OCUPADO,0,28,55,120,1,1
1790185453138,sala01,4846,1790185453138,0,0,OCUPADO,1,28,55,120,1,1
1790185455138,sala01,4847,1790185455138,0,0,OCUPADO,1,28,55,120,1,1
1790185457138,sala01,4848,1790185457138,0,0,OCUPADO,1,28,55,120,1,1
1790185459138,sala01,4849,1790185459138,0,0,OCUPADO,0,28,55,120,1,1
1790185461138,sala01,4850,1790185461138,0,0,OCUPADO,1,28,55,120,1,1
1790185463138,sala01,4851,1790185463138,0,0,OCUPADO,1,28,55,120,1,1
1790185465138,sala01,4852,1790185465138,0,0,OCUPADO,1,28,55,120,1,1
1790185467138,sala01,4853,1790185467138,0,0,OCUPADO,0,28,55,120,1,1
1790185469138,sala01,4854,1790185469138,0,0,OCUPADO,1,28,55,120,1,1
1790185471138,sala01,4855,1790185471138,0,0,OCUPADO,1,28,55,120,1,1
1790185473138,sala01,4856,1790185473138,0,0,OCUPADO,1,28,55,120,1,1
1790185475138,sala01,4857,1790185475138,0,0,OCUPADO,0,28,55,120,1,1
1790185477138,sala01,4858,1790185477138,0,0,OCUPADO,1,28,55,120,1,1
1790185479138,sala01,4859,1790185479138,0,0,OCUPADO,1,28,55,120,1,1
1790185481138,sala01,4860,1790185481138,0,0,OCUPADO,1,28,55,120,1,1
1790185483138,sala01,4861,1790185483138,0,0,OCUPADO,0,28,55,120,1,1
1790185485138,sala01,4862,1790185485138,0,0,OCUPADO,1,28,55,120,1,1
1790185487138,sala01,4863,1790185487138,0,0,OCUPADO,1,28,55,120,1,1
1790185489138,sala01,4864,1790185489138,0,0,OCUPADO,1,28,55,120,1,1
1790185491138,sala01,4865,1790185491138,0,0,OCUPADO,0,28,55,120,1,1
1790185493138,sala01,4866,1790185493138,0,0,OCUPADO,1,28,55,120,1,1
1790185495138,sala01,4867,1790185495138,0,0,OCUPADO,1,28,55,120,1,1
1790185497138,sala01,4868,1790185497138,0,0,OCUPADO,1,28,55,120,1,1
1790185499138,sala01,4869,1790185499138,0,0,OCUPADO,0,28,55,120,1,1
1790185501138,sala01,4870,1790185501138,0,0,OCUPADO,1,28,55,120,1,1
1790185503138,sala01,4871,1790185503138,0,0,OCUPADO,1,28,55,120,1,1
1790185505138,sala01,4872,1790185505138,0,0,OCUPADO,1,28,55,120,1,1
1790185507138,sala01,4873,1790185507138,0,0,OCUPADO,0,28,55,120,1,1
1790185509138,sala01,4874,1790185509138,0,0,OCUPADO,1,28,55,120,1,1
1790185511138,sala01,4875,1790185511138,0,0,OCUPADO,1,28,55,120,1,1
1790185513138,sala01,4876,1790185513138,0,0,OCUPADO,1,28,55,120,1,1
1790185515138,sala01,4877,1790185515138,0,0,OCUPADO,0,28,55,120,1,1
1790185517138,sala01,4878,1790185517138,0,0,OCUPADO,1,28,55,120,1,1
1790185519138,sala01,4879,1790185519138,0,0,OCUPADO,1,28,55,120,1,1
1790185521138,sala01,4880,1790185521138,0,0,OCUPADO,1,28,55,120,1,1
1790185523138,sala01,4881,1790185523138,0,0,OCUPADO,0,28,55,120,1,1
1790185525138,sala01,4882,1790185525138,0,0,OCUPADO,1,28,55,120,1,1
1790185527138,sala01,4883,1790185527138,0,0,OCUPADO,1,28,55,120,1,1
1790185529138,sala01,4884,1790185529138,0,0,OCUPADO,1,28,55,120,1,1
1790185531138,sala01,4885,1790185531138,0,0,OCUPADO,0,28,55,120,1,1
1790185533138,sala01,4886,1790185533138,0,0,OCUPADO,1,28,55,120,1,1
1790185535138,sala01,4887,1790185535138,0,0,OCUPADO,1,28,55,120,1,1
1790185537138,sala01,4888,1790185537138,0,0,OCUPADO,1,28,55,120,1,1
1790185539138,sala01,4889,1790185539138,0,0,OCUPADO,0,28,55,120,1,1
1790185541138,sala01,4890,1790185541138,0,0,OCUPADO,1,28,55,120,1,1
1790185543138,sala01,4891,1790185543138,0,0,OCUPADO,1,28,55,120,1,1
1790185545138,sala01,4892,1790185545138,0,0,OCUPADO,1,28,55,120,1,1
1790185547138,sala01,4893,1790185547138,0,0,OCUPADO,0,28,55,120,1,1
1790185549138,sala01,4894,1790185549138,0,0,OCUPADO,1,28,55,120,1,1
1790185551138,sala01,4895,1790185551138,0,0,OCUPADO,1,28,55,120,1,1
1790185553138,sala01,4896,1790185553138,0,0,OCUPADO,1,28,55,120,1,1
1790185555138,sala01,4897,1790185555138,0,0,OCUPADO,0,28,55,120,1,1
1790185557138,sala01,4898,1790185557138,0,0,OCUPADO,1,28,55,120,1,1
1790185559138,sala01,4899,1790185559138,0,0,OCUPADO,1,28,55,120,1,1
1790185561138,sala01,4900,1790185561138,0,0,OCUPADO,1,28,55,120,1,1
1790185563138,sala01,4901,1790185563138,0,0,OCUPADO,0,28,55,120,1,1
1790185565138,sala01,4902,1790185565138,0,0,OCUPADO,1,28,55,120,1,1
1790185567138,sala01,4903,1790185567138,0,0,OCUPADO,1,28,55,120,1,1
1790185569138,sala01,4904,1790185569138,0,0,OCUPADO,1,28,55,120,1,1
1790185571138,sala01,4905,1790185571138,0,0,OCUPADO,0,28,55,120,1,1
1790185573138,sala01,4906,1790185573138,0,0,OCUPADO,1,28,55,120,1,1
1790185575138,sala01,4907,1790185575138,0,0,OCUPADO,1,28,55,120,1,1
1790185577138,sala01,4908,1790185577138,0,0,OCUPADO,1,28,55,120,1,1
1790185579138,sala01,4909,1790185579138,0,0,OCUPADO,0,28,55,120,1,1
1790185581138,sala01,4910,1790185581138,0,0,OCUPADO,1,28,55,120,1,1
1790185583138,sala01,4911,1790185583138,0,0,OCUPADO,1,28,55,120,1,1
1790185585138,sala01,4912,1790185585138,0,0,OCUPADO,1,28,55,120,1,1
1790185587138,sala01,4913,1790185587138,0,0,OCUPADO,0,28,55,120,1,1
1790185589138,sala01,4914,1790185589138,0,0,OCUPADO,1,28,55,120,1,1
1790185591138,sala01,4915,1790185591138,0,0,OCUPADO,1,28,55,120,1,1
1790185593138,sala01,4916,1790185593138,0,0,OCUPADO,1,28,55,120,1,1
1790185595138,sala01,4917,1790185595138,0,0,OCUPADO,0,28,55,120,1,1
1790185597138,sala01,4918,1790185597138,0,0,OCUPADO,1,28,55,120,1,1
1790185599138,sala01,4919,1790185599138,0,0,OCUPADO,1,28,55,120,1,1
1790185601138,sala01,4920,1790185601138,0,0,OCUPADO,1,28,55,120,1,1
1790185603138,sala01,4921,1790185603138,0,0,OCUPADO,0,28,55,120,1,1
1790185605138,sala01,4922,1790185605138,0,0,OCUPADO,1,28,55,120,1,1
1790185607138,sala01,4923,1790185607138,0,0,OCUPADO,1,28,55,120,1,1
1790185609138,sala01,4924,1790185609138,0,0,OCUPADO,1,28,55,120,1,1
1790185611138,sala01,4925,1790185611138,0,0,OCUPADO,0,28,55,120,1,1
1790185613138,sala01,4926,1790185613138,0,0,OCUPADO,1,28,55,120,1,1
1790185615138,sala01,4927,1790185615138,0,0,OCUPADO,1,28,55,120,1,1
1790185617138,sala01,4928,1790185617138,0,0,OCUPADO,1,28,55,120,1,1
1790185619138,sala01,4929,1790185619138,0,0,OCUPADO,0,28,55,120,1,1
1790185621138,sala01,4930,1790185621138,0,0,OCUPADO,1,28,55,120,1,1
1790185623138,sala01,4931,1790185623138,0,0,OCUPADO,1,28,55,120,1,1
1790185625138,sala01,4932,1790185625138,0,0,OCUPADO,1,28,55,120,1,1
1790185627138,sala01,4933,1790185627138,0,0,OCUPADO,0,28,55,120,1,1
1790185629138,sala01,4934,1790185629138,0,0,OCUPADO,1,28,55,120,1,1
1790185631138,sala01,4935,1790185631138,0,0,OCUPADO,1,28,55,120,1,1
1790185633138,sala01,4936,1790185633138,0,0,OCUPADO,1,28,55,120,1,1
1790185635138,sala01,4937,1790185635138,0,0,OCUPADO,0,28,55,120,1,1
1790185637138,sala01,4938,1790185637138,0,0,OCUPADO,1,28,55,120,1,1
1790185639138,sala01,4939,1790185639138,0,0,OCUPADO,1,28,55,120,1,1
1790185641138,sala01,4940,1790185641138,0,0,OCUPADO,1,28,55,120,1,1
1790185643138,sala01,4941,1790185643138,0,0,OCUPADO,0,28,55,120,1,1
1790185645138,sala01,4942,1790185645138,0,0,OCUPADO,1,28,55,120,1,1
1790185647138,sala01,4943,1790185647138,0,0,OCUPADO,1,28,55,120,1,1
1790185649138,sala01,4944,1790185649138,0,0,OCUPADO,1,28,55,120,1,1
1790185651138,sala01,4945,1790185651138,0,0,OCUPADO,0,28,55,120,1,1
1790185653138,sala01,4946,1790185653138,0,0,OCUPADO,1,28,55,120,1,1
1790185655138,sala01,4947,1790185655138,0,0,OCUPADO,1,28,55,120,1,1
1790185657138,sala01,4948,1790185657138,0,0,OCUPADO,1,28,55,120,1,1
1790185659138,sala01,4949,1790185659138,0,0,OCUPADO,0,28,55,120,1,1
1790185661138,sala01,4950,1790185661138,0,0,OCUPADO,1,28,55,120,1,1
1790185663138,sala01,4951,1790185663138,0,0,OCUPADO,1,28,55,120,1,1
1790185665138,sala01,4952,1790185665138,0,0,OCUPADO,1,28,55,120,1,1
1790185667138,sala01,4953,1790185667138,0,0,OCUPADO,0,28,55,120,1,1
1790185669138,sala01,4954,1790185669138,0,0,OCUPADO,1,28,55,120,1,1
1790185671138,sala01,4955,1790185671138,0,0,OCUPADO,1,28,55,120,1,1
1790185673138,sala01,4956,1790185673138,0,0,OCUPADO,1,28,55,120,1,1
1790185675138,sala01,4957,1790185675138,0,0,OCUPADO,0,28,55,120,1,1
1790185677138,sala01,4958,1790185677138,0,0,OCUPADO,1,28,55,120,1,1
1790185679138,sala01,4959,1790185679138,0,0,OCUPADO,1,28,55,120,1,1
1790185681138,sala01,4960,1790185681138,0,0,OCUPADO,1,28,55,120,1,1
1790185683138,sala01,4961,1790185683138,0,0,OCUPADO,0,28,55,120,1,1
1790185685138,sala01,4962,1790185685138,0,0,OCUPADO,1,28,55,120,1,1
1790185687138,sala01,4963,1790185687138,0,0,OCUPADO,1,28,55,120,1,1
1790185689138,sala01,4964,1790185689138,0,0,OCUPADO,1,28,55,120,1,1
1790185691138,sala01,4965,1790185691138,0,0,OCUPADO,0,28,55,120,1,1
1790185693138,sala01,4966,1790185693138,0,0,OCUPADO,1,28,55,120,1,1
1790185695138,sala01,4967,1790185695138,0,0,OCUPADO,1,28,55,120,1,1
1790185697138,sala01,4968,1790185697138,0,0,OCUPADO,1,28,55,120,1,1
1790185699138,sala01,4969,1790185699138,0,0,OCUPADO,0,28,55,120,1,1
1790185701138,sala01,4970,1790185701138,0,0,OCUPADO,1,28,55,120,1,1
1790185703138,sala01,4971,1790185703138,0,0,OCUPADO,1,28,55,120,1,1
1790185705138,sala01,4972,1790185705138,0,0,OCUPADO,1,28,55,120,1,1
1790185707138,sala01,4973,1790185707138,0,0,OCUPADO,0,28,55,120,1,1
1790185709138,sala01,4974,1790185709138,0,0,OCUPADO,1,28,55,120,1,1
1790185711138,sala01,4975,1790185711138,0,0,OCUPADO,1,28,55,120,1,1
1790185713138,sala01,4976,1790185713138,0,0,OCUPADO,1,28,55,120,1,1
1790185715138,sala01,4977,1790185715138,0,0,OCUPADO,0,28,55,120,1,1
1790185717138,sala01,4978,1790185717138,0,0,OCUPADO,1,28,55,120,1,1
1790185719138,sala01,4979,1790185719138,0,0,OCUPADO,1,28,55,120,1,1
1790185721138,sala01,4980,1790185721138,0,0,OCUPADO,1,28,55,120,1,1
1790185723138,sala01,4981,1790185723138,0,0,OCUPADO,0,28,55,120,1,1
1790185725138,sala01,4982,1790185725138,0,0,OCUPADO,1,28,55,120,1,1
1790185727138,sala01,4983,1790185727138,0,0,OCUPADO,1,28,55,120,1,1
1790185729138,sala01,4984,1790185729138,0,0,OCUPADO,1,28,55,120,1,1
1790185731138,sala01,4985,1790185731138,0,0,OCUPADO,0,28,55,120,1,1
1790185733138,sala01,4986,1790185733138,0,0,OCUPADO,1,28,55,120,1,1
1790185735138,sala01,4987,1790185735138,0,0,OCUPADO,1,28,55,120,1,1
1790185737138,sala01,4988,1790185737138,0,0,OCUPADO,1,28,55,120,1,1
1790185739138,sala01,4989,1790185739138,0,0,OCUPADO,0,28,55,120,1,1
1790185741138,sala01,4990,1790185741138,0,0,OCUPADO,1,28,55,120,1,1
1790185743138,sala01,4991,1790185743138,0,0,OCUPADO,1,28,55,120,1,1
1790185745138,sala01,4992,1790185745138,0,0,OCUPADO,1,28,55,120,1,1
1790185747138,sala01,4993,1790185747138,0,0,OCUPADO,0,28,55,120,1,1
1790185749138,sala01,4994,1790185749138,0,0,OCUPADO,1,28,55,120,1,1
1790185751138,sala01,4995,1790185751138,0,0,OCUPADO,1,28,55,120,1,1
1790185753138,sala01,4996,1790185753138,0,0,OCUPADO,1,28,55,120,1,1
1790185755138,sala01,4997,1790185755138,0,0,OCUPADO,0,28,55,120,1,1
1790185757138,sala01,4998,1790185757138,0,0,OCUPADO,1,28,55,120,1,1
1790185759138,sala01,4999,1790185759138,0,0,OCUPADO,1,28,55,120,1,1
1790185761138,sala01,5000,1790185761138,0,0,OCUPADO,1,28,55,120,1,1
1790185763138,sala01,5001,1790185763138,0,0,OCUPADO,0,28,55,120,1,1
1790185765138,sala01,5002,1790185765138,0,0,OCUPADO,1,28,55,120,1,1
1790185767138,sala01,5003,1790185767138,0,0,OCUPADO,1,28,55,120,1,1
1790185769138,sala01,5004,1790185769138,0,0,OCUPADO,1,28,55,120,1,1
1790185771138,sala01,5005,1790185771138,0,0,OCUPADO,0,28,55,120,1,1
1790185773138,sala01,5006,1790185773138,0,0,OCUPADO,1,28,55,120,1,1
1790185775138,sala01,5007,1790185775138,0,0,OCUPADO,1,28,55,120,1,1
1790185777138,sala01,5008,1790185777138,0,0,OCUPADO,1,28,55,120,1,1
1790185779138,sala01,5009,1790185779138,0,0,OCUPADO,0,28,55,120,1,1
1790185781138,sala01,5010,1790185781138,0,0,OCUPADO,1,28,55,120,1,1
1790185783138,sala01,5011,1790185783138,0,0,OCUPADO,1,28,55,120,1,1
1790185785138,sala01,5012,1790185785138,0,0,OCUPADO,1,28,55,120,1,1
1790185787138,sala01,5013,1790185787138,0,0,OCUPADO,0,28,55,120,1,1
1790185789138,sala01,5014,1790185789138,0,0,OCUPADO,1,28,55,120,1,1
1790185791138,sala01,5015,1790185791138,0,0,OCUPADO,1,28,55,120,1,1
1790185793138,sala01,5016,1790185793138,0,0,OCUPADO,1,28,55,120,1,1
1790185795138,sala01,5017,1790185795138,0,0,OCUPADO,0,28,55,120,1,1
1790185797138,sala01,5018,1790185797138,0,0,OCUPADO,1,28,55,120,1,1
1790185799138,sala01,5019,1790185799138,0,0,OCUPADO,1,28,55,120,1,1
1790185801138,sala01,5020,1790185801138,0,0,OCUPADO,1,28,55,120,1,1
1790185803138,sala01,5021,1790185803138,0,0,OCUPADO,0,28,55,120,1,1
1790185805138,sala01,5022,1790185805138,0,0,OCUPADO,1,28,55,120,1,1
1790185807138,sala01,5023,1790185807138,0,0,OCUPADO,1,28,55,120,1,1
1790185809138,sala01,5024,1790185809138,0,0,OCUPADO,1,28,55,120,1,1
1790185811138,sala01,5025,1790185811138,0,0,OCUPADO,0,28,55,120,1,1
1790185813138,sala01,5026,1790185813138,0,0,OCUPADO,1,28,55,120,1,1
1790185815138,sala01,5027,1790185815138,0,0,OCUPADO,1,28,55,120,1,1
1790185817138,sala01,5028,1790185817138,0,0,OCUPADO,1,28,55,120,1,1
1790185819138,sala01,5029,1790185819138,0,0,OCUPADO,0,28,55,120,1,1
1790185821138,sala01,5030,1790185821138,0,0,OCUPADO,1,28,55,120,1,1
1790185823138,sala01,5031,1790185823138,0,0,OCUPADO,1,28,55,120,1,1
1790185825138,sala01,5032,1790185825138,0,0,OCUPADO,1,28,55,120,1,1
1790185827138,sala01,5033,1790185827138,0,0,OCUPADO,0,28,55,120,1,1
1790185829138,sala01,5034,1790185829138,0,0,OCUPADO,1,28,55,120,1,1
1790185831138,sala01,5035,1790185831138,0,0,OCUPADO,1,28,55,120,1,1
1790185833138,sala01,5036,1790185833138,0,0,OCUPADO,1,28,55,120,1,1
1790185835138,sala01,5037,1790185835138,0,0,OCUPADO,0,28,55,120,1,1
1790185837138,sala01,5038,1790185837138,0,0,OCUPADO,1,28,55,120,1,1
1790185839138,sala01,5039,1790185839138,0,0,OCUPADO,1,28,55,120,1,1
1790185841138,sala01,5040,1790185841138,0,0,OCUPADO,1,28,55,120,1,1
1790185843138,sala01,5041,1790185843138,0,0,OCUPADO,0,28,55,120,1,1
1790185845138,sala01,5042,1790185845138,0,0,OCUPADO,1,28,55,120,1,1
1790185847138,sala01,5043,1790185847138,0,0,OCUPADO,1,28,55,120,1,1
1790185849138,sala01,5044,1790185849138,0,0,OCUPADO,1,28,55,120,1,1
1790185851138,sala01,5045,1790185851138,0,0,OCUPADO,0,28,55,120,1,1
1790185853138,sala01,5046,1790185853138,0,0,OCUPADO,1,28,55,120,1,1
1790185855138,sala01,5047,1790185855138,0,0,OCUPADO,1,28,55,120,1,1
1790185857138,sala01,5048,1790185857138,0,0,OCUPADO,1,28,55,120,1,1
1790185859138,sala01,5049,1790185859138,0,0,OCUPADO,0,28,55,120,1,1
1790185861138,sala01,5050,1790185861138,0,0,OCUPADO,1,28,55,120,1,1
1790185863138,sala01,5051,1790185863138,0,0,OCUPADO,1,28,55,120,1,1
1790185865138,sala01,5052,1790185865138,0,0,OCUPADO,1,28,55,120,1,1
1790185867138,sala01,5053,1790185867138,0,0,OCUPADO,0,28,55,120,1,1
1790185869138,sala01,5054,1790185869138,0,0,OCUPADO,1,28,55,120,1,1
1790185871138,sala01,5055,1790185871138,0,0,OCUPADO,1,28,55,120,1,1
1790185873138,sala01,5056,1790185873138,0,0,OCUPADO,1,28,55,120,1,1
1790185875138,sala01,5057,1790185875138,0,0,OCUPADO,0,28,55,120,1,1
1790185877138,sala01,5058,1790185877138,0,0,OCUPADO,1,28,55,120,1,1
1790185879138,sala01,5059,1790185879138,0,0,OCUPADO,1,28,55,120,1,1
1790185881138,sala01,5060,1790185881138,0,0,OCUPADO,1,28,55,120,1,1
1790185883138,sala01,5061,1790185883138,0,0,OCUPADO,0,28,55,120,1,1
1790185885138,sala01,5062,1790185885138,0,0,OCUPADO,1,28,55,120,1,1
1790185887138,sala01,5063,1790185887138,0,0,OCUPADO,1,28,55,120,1,1
1790185889138,sala01,5064,1790185889138,0,0,OCUPADO,1,28,55,120,1,1
1790185891138,sala01,5065,1790185891138,0,0,OCUPADO,0,28,55,120,1,1
1790185893138,sala01,5066,1790185893138,0,0,OCUPADO,1,28,55,120,1,1
1790185895138,sala01,5067,1790185895138,0,0,OCUPADO,1,28,55,120,1,1
1790185897138,sala01,5068,1790185897138,0,0,OCUPADO,1,28,55,120,1,1
1790185899138,sala01,5069,1790185899138,0,0,OCUPADO,0,28,55,120,1,1
1790185901138,sala01,5070,1790185901138,0,0,OCUPADO,1,28,55,120,1,1
1790185903138,sala01,5071,1790185903138,0,0,OCUPADO,1,28,55,120,1,1
1790185905138,sala01,5072,1790185905138,0,0,OCUPADO,1,28,55,120,1,1
1790185907138,sala01,5073,1790185907138,0,0,OCUPADO,0,28,55,120,1,1
1790185909138,sala01,5074,1790185909138,0,0,OCUPADO,1,28,55,120,1,1
1790185911138,sala01,5075,1790185911138,0,0,OCUPADO,1,28,55,120,1,1
1790185913138,sala01,5076,1790185913138,0,0,OCUPADO,1,28,55,120,1,1
1790185915138,sala01,5077,1790185915138,0,0,OCUPADO,0,28,55,120,1,1
1790185917138,sala01,5078,1790185917138,0,0,OCUPADO,1,28,55,120,1,1
1790185919138,sala01,5079,1790185919138,0,0,OCUPADO,1,28,55,120,1,1
1790185921138,sala01,5080,1790185921138,0,0,OCUPADO,1,28,55,120,1,1
1790185923138,sala01,5081,1790185923138,0,0,OCUPADO,0,28,55,120,1,1
1790185925138,sala01,5082,1790185925138,0,0,OCUPADO,1,28,55,120,1,1
1790185927138,sala01,5083,1790185927138,0,0,OCUPADO,1,28,55,120,1,1
1790185929138,sala01,5084,1790185929138,0,0,OCUPADO,1,28,55,120,1,1
1790185931138,sala01,5085,1790185931138,0,0,OCUPADO,0,28,55,120,1,1
1790185933138,sala01,5086,1790185933138,0,0,OCUPADO,1,28,55,120,1,1
1790185935138,sala01,5087,1790185935138,0,0,OCUPADO,1,28,55,120,1,1
1790185937138,sala01,5088,1790185937138,0,0,OCUPADO,1,28,55,120,1,1
1790185939138,sala01,5089,1790185939138,0,0,OCUPADO,0,28,55,120,1,1
1790185941138,sala01,5090,1790185941138,0,0,OCUPADO,1,28,55,120,1,1
1790185943138,sala01,5091,1790185943138,0,0,OCUPADO,1,28,55,120,1,1
1790185945138,sala01,5092,1790185945138,0,0,OCUPADO,1,28,55,120,1,1
1790185947138,sala01,5093,1790185947138,0,0,OCUPADO,0,28,55,120,1,1
1790185949138,sala01,5094,1790185949138,0,0,OCUPADO,1,28,55,120,1,1
1790185951138,sala01,5095,1790185951138,0,0,OCUPADO,1,28,55,120,1,1
1790185953138,sala01,5096,1790185953138,0,0,OCUPADO,1,28,55,120,1,1
1790185955138,sala01,5097,1790185955138,0,0,OCUPADO,0,28,55,120,1,1
1790185957138,sala01,5098,1790185957138,0,0,OCUPADO,1,28,55,120,1,1
1790185959138,sala01,5099,1790185959138,0,0,OCUPADO,1,28,55,120,1,1
1790185961138,sala01,5100,1790185961138,0,0,OCUPADO,1,28,55,120,1,1
1790185963138,sala01,5101,1790185963138,0,0,OCUPADO,0,28,55,120,1,1
1790185965138,sala01,5102,1790185965138,0,0,OCUPADO,1,28,55,120,1,1
1790185967138,sala01,5103,1790185967138,0,0,OCUPADO,1,28,55,120,1,1
1790185969138,sala01,5104,1790185969138,0,0,OCUPADO,1,28,55,120,1,1
1790185971138,sala01,5105,1790185971138,0,0,OCUPADO,0,28,55,120,1,1
1790185973138,sala01,5106,1790185973138,0,0,OCUPADO,1,28,55,120,1,1
1790185975138,sala01,5107,1790185975138,0,0,OCUPADO,1,28,55,120,1,1
1790185977138,sala01,5108,1790185977138,0,0,OCUPADO,1,28,55,120,1,1
1790185979138,sala01,5109,1790185979138,0,0,OCUPADO,0,28,55,120,1,1
1790185981138,sala01,5110,1790185981138,0,0,OCUPADO,1,28,55,120,1,1
1790185983138,sala01,5111,1790185983138,0,0,OCUPADO,1,28,55,120,1,1
1790185985138,sala01,5112,1790185985138,0,0,OCUPADO,1,28,55,120,1,1
1790185987138,sala01,5113,1790185987138,0,0,OCUPADO,0,28,55,120,1,1
1790185989138,sala01,5114,1790185989138,0,0,OCUPADO,1,28,55,120,1,1
1790185991138,sala01,5115,1790185991138,0,0,OCUPADO,1,28,55,120,1,1
1790185993138,sala01,5116,1790185993138,0,0,OCUPADO,1,28,55,120,1,1
1790185995138,sala01,5117,1790185995138,0,0,OCUPADO,0,28,55,120,1,1
1790185997138,sala01,5118,1790185997138,0,0,OCUPADO,1,28,55,120,1,1
1790185999138,sala01,5119,1790185999138,0,0,OCUPADO,1,28,55,120,1,1
1790186001138,sala01,5120,1790186001138,0,0,OCUPADO,1,28,55,120,1,1
1790186003138,sala01,5121,1790186003138,0,0,OCUPADO,0,28,55,120,1,1
1790186005138,sala01,5122,1790186005138,0,0,OCUPADO,1,28,55,120,1,1
1790186007138,sala01,5123,1790186007138,0,0,OCUPADO,1,28,55,120,1,1
1790186009138,sala01,5124,1790186009138,0,0,OCUPADO,1,28,55,120,1,1
1790186011138,sala01,5125,1790186011138,0,0,OCUPADO,0,28,55,120,1,1
1790186013138,sala01,5126,1790186013138,0,0,OCUPADO,1,28,55,120,1,1
1790186015138,sala01,5127,1790186015138,0,0,OCUPADO,1,28,55,120,1,1
1790186017138,sala01,5128,1790186017138,0,0,OCUPADO,1,28,55,120,1,1
1790186019138,sala01,5129,1790186019138,0,0,OCUPADO,0,28,55,120,1,1
1790186021138,sala01,5130,1790186021138,0,0,OCUPADO,1,28,55,120,1,1
1790186023138,sala01,5131,1790186023138,0,0,OCUPADO,1,28,55,120,1,1
1790186025138,sala01,5132,1790186025138,0,0,OCUPADO,1,28,55,120,1,1
1790186027138,sala01,5133,1790186027138,0,0,OCUPADO,0,28,55,120,1,1
1790186029138,sala01,5134,1790186029138,0,0,OCUPADO,1,28,55,120,1,1
1790186031138,sala01,5135,1790186031138,0,0,OCUPADO,1,28,55,120,1,1
1790186033138,sala01,5136,1790186033138,0,0,OCUPADO,1,28,55,120,1,1
1790186035138,sala01,5137,1790186035138,0,0,OCUPADO,0,28,55,120,1,1
1790186037138,sala01,5138,1790186037138,0,0,OCUPADO,1,28,55,120,1,1
1790186039138,sala01,5139,1790186039138,0,0,OCUPADO,1,28,55,120,1,1
1790186041138,sala01,5140,1790186041138,0,0,OCUPADO,1,28,55,120,1,1
1790186043138,sala01,5141,1790186043138,0,0,OCUPADO,0,28,55,120,1,1
1790186045138,sala01,5142,1790186045138,0,0,OCUPADO,1,28,55,120,1,1
1790186047138,sala01,5143,1790186047138,0,0,OCUPADO,1,28,55,120,1,1
1790186049138,sala01,5144,1790186049138,0,0,OCUPADO,1,28,55,120,1,1
1790186051138,sala01,5145,1790186051138,0,0,OCUPADO,0,28,55,120,1,1
1790186053138,sala01,5146,1790186053138,0,0,OCUPADO,1,28,55,120,1,1
1790186055138,sala01,5147,1790186055138,0,0,OCUPADO,1,28,55,120,1,1
1790186057138,sala01,5148,1790186057138,0,0,OCUPADO,1,28,55,120,1,1
1790186059138,sala01,5149,1790186059138,0,0,OCUPADO,0,28,55,120,1,1
1790186061138,sala01,5150,1790186061138,0,0,OCUPADO,1,28,55,120,1,1
1790186063138,sala01,5151,1790186063138,0,0,OCUPADO,1,28,55,120,1,1
1790186065138,sala01,5152,1790186065138,0,0,OCUPADO,1,28,55,120,1,1
1790186067138,sala01,5153,1790186067138,0,0,OCUPADO,0,28,55,120,1,1
1790186069138,sala01,5154,1790186069138,0,0,OCUPADO,1,28,55,120,1,1
1790186071138,sala01,5155,1790186071138,0,0,OCUPADO,1,28,55,120,1,1
1790186073138,sala01,5156,1790186073138,0,0,OCUPADO,1,28,55,120,1,1
1790186075138,sala01,5157,1790186075138,0,0,OCUPADO,0,28,55,120,1,1
1790186077138,sala01,5158,1790186077138,0,0,OCUPADO,1,28,55,120,1,1
1790186079138,sala01,5159,1790186079138,0,0,OCUPADO,1,28,55,120,1,1
1790186081138,sala01,5160,1790186081138,0,0,OCUPADO,1,28,55,120,1,1
1790186083138,sala01,5161,1790186083138,0,0,OCUPADO,0,28,55,120,1,1
1790186085138,sala01,5162,1790186085138,0,0,OCUPADO,1,28,55,120,1,1
1790186087138,sala01,5163,1790186087138,0,0,OCUPADO,1,28,55,120,1,1
1790186089138,sala01,5164,1790186089138,0,0,OCUPADO,1,28,55,120,1,1
1790186091138,sala01,5165,1790186091138,0,0,OCUPADO,0,28,55,120,1,1
1790186093138,sala01,5166,1790186093138,0,0,OCUPADO,1,28,55,120,1,1
1790186095138,sala01,5167,1790186095138,0,0,OCUPADO,1,28,55,120,1,1
1790186097138,sala01,5168,1790186097138,0,0,OCUPADO,1,28,55,120,1,1
1790186099138,sala01,5169,1790186099138,0,0,OCUPADO,0,28,55,120,1,1
1790186101138,sala01,5170,1790186101138,0,0,OCUPADO,1,28,55,120,1,1
1790186103138,sala01,5171,1790186103138,0,0,OCUPADO,1,28,55,120,1,1
1790186105138,sala01,5172,1790186105138,0,0,OCUPADO,1,28,55,120,1,1
1790186107138,sala01,5173,1790186107138,0,0,OCUPADO,0,28,55,120,1,1
1790186109138,sala01,5174,1790186109138,0,0,OCUPADO,1,28,55,120,1,1
1790186111138,sala01,5175,1790186111138,0,0,OCUPADO,1,28,55,120,1,1
1790186113138,sala01,5176,1790186113138,0,0,OCUPADO,1,28,55,120,1,1
1790186115138,sala01,5177,1790186115138,0,0,OCUPADO,0,28,55,120,1,1
1790186117138,sala01,5178,1790186117138,0,0,OCUPADO,1,28,55,120,1,1
1790186119138,sala01,5179,1790186119138,0,0,OCUPADO,1,28,55,120,1,1
1790186121138,sala01,5180,1790186121138,0,0,OCUPADO,1,28,55,120,1,1
1790186123138,sala01,5181,1790186123138,0,0,OCUPADO,0,28,55,120,1,1
1790186125138,sala01,5182,1790186125138,0,0,OCUPADO,1,28,55,120,1,1
1790186127138,sala01,5183,1790186127138,0,0,OCUPADO,1,28,55,120,1,1
1790186129138,sala01,5184,1790186129138,0,0,OCUPADO,1,28,55,120,1,1
1790186131138,sala01,5185,1790186131138,0,0,OCUPADO,0,28,55,120,1,1
1790186133138,sala01,5186,1790186133138,0,0,OCUPADO,1,28,55,120,1,1
1790186135138,sala01,5187,1790186135138,0,0,OCUPADO,1,28,55,120,1,1
1790186137138,sala01,5188,1790186137138,0,0,OCUPADO,1,28,55,120,1,1
1790186139138,sala01,5189,1790186139138,0,0,OCUPADO,0,28,55,120,1,1
1790186141138,sala01,5190,1790186141138,0,0,OCUPADO,1,28,55,120,1,1
1790186143138,sala01,5191,1790186143138,0,0,OCUPADO,1,28,55,120,1,1
1790186145138,sala01,5192,1790186145138,0,0,OCUPADO,1,28,55,120,1,1
1790186147138,sala01,5193,1790186147138,0,0,OCUPADO,0,28,55,120,1,1
1790186149138,sala01,5194,1790186149138,0,0,OCUPADO,1,28,55,120,1,1
1790186151138,sala01,5195,1790186151138,0,0,OCUPADO,1,28,55,120,1,1
1790186153138,sala01,5196,1790186153138,0,0,OCUPADO,1,28,55,120,1,1
1790186155138,sala01,5197,1790186155138,0,0,OCUPADO,0,28,55,120,1,1
1790186157138,sala01,5198,1790186157138,0,0,OCUPADO,1,28,55,120,1,1
1790186159138,sala01,5199,1790186159138,0,0,OCUPADO,1,28,55,120,1,1
1790186161138,sala01,5200,1790186161138,0,0,OCUPADO,1,28,55,120,1,1
1790186163138,sala01,5201,1790186163138,0,0,OCUPADO,0,28,55,120,1,1
1790186165138,sala01,5202,1790186165138,0,0,OCUPADO,1,28,55,120,1,1
1790186167138,sala01,5203,1790186167138,0,0,OCUPADO,1,28,55,120,1,1
1790186169138,sala01,5204,1790186169138,0,0,OCUPADO,1,28,55,120,1,1
1790186171138,sala01,5205,1790186171138,0,0,OCUPADO,0,28,55,120,1,1
1790186173138,sala01,5206,1790186173138,0,0,OCUPADO,1,28,55,120,1,1
1790186175138,sala01,5207,1790186175138,0,0,OCUPADO,1,28,55,120,1,1
1790186177138,sala01,5208,1790186177138,0,0,OCUPADO,1,28,55,120,1,1
1790186179138,sala01,5209,1790186179138,0,0,OCUPADO,0,28,55,120,1,1
1790186181138,sala01,5210,1790186181138,0,0,OCUPADO,1,28,55,120,1,1
1790186183138,sala01,5211,1790186183138,0,0,OCUPADO,1,28,55,120,1,1
1790186185138,sala01,5212,1790186185138,0,0,OCUPADO,1,28,55,120,1,1
1790186187138,sala01,5213,1790186187138,0,0,OCUPADO,0,28,55,120,1,1
1790186189138,sala01,5214,1790186189138,0,0,OCUPADO,1,28,55,120,1,1
1790186191138,sala01,5215,1790186191138,0,0,OCUPADO,1,28,55,120,1,1
1790186193138,sala01,5216,1790186193138,0,0,OCUPADO,1,28,55,120,1,1
1790186195138,sala01,5217,1790186195138,0,0,OCUPADO,0,28,55,120,1,1
1790186197138,sala01,5218,1790186197138,0,0,OCUPADO,1,28,55,120,1,1
1790186199138,sala01,5219,1790186199138,0,0,OCUPADO,1,28,55,120,1,1
1790186201138,sala01,5220,1790186201138,0,0,OCUPADO,1,28,55,120,1,1
1790186203138,sala01,5221,1790186203138,0,0,OCUPADO,0,28,55,120,1,1
1790186205138,sala01,5222,1790186205138,0,0,OCUPADO,1,28,55,120,1,1
1790186207138,sala01,5223,1790186207138,0,0,OCUPADO,1,28,55,120,1,1
1790186209138,sala01,5224,1790186209138,0,0,OCUPADO,1,28,55,120,1,1
1790186211138,sala01,5225,1790186211138,0,0,OCUPADO,0,28,55,120,1,1
1790186213138,sala01,5226,1790186213138,0,0,OCUPADO,1,28,55,120,1,1
1790186215138,sala01,5227,1790186215138,0,0,OCUPADO,1,28,55,120,1,1
1790186217138,sala01,5228,1790186217138,0,0,OCUPADO,1,28,55,120,1,1
1790186219138,sala01,5229,1790186219138,0,0,OCUPADO,0,28,55,120,1,1
1790186221138,sala01,5230,1790186221138,0,0,OCUPADO,1,28,55,120,1,1
1790186223138,sala01,5231,1790186223138,0,0,OCUPADO,1,28,55,120,1,1
1790186225138,sala01,5232,1790186225138,0,0,OCUPADO,1,28,55,120,1,1
1790186227138,sala01,5233,1790186227138,0,0,OCUPADO,0,28,55,120,1,1
1790186229138,sala01,5234,1790186229138,0,0,OCUPADO,1,28,55,120,1,1
1790186231138,sala01,5235,1790186231138,0,0,OCUPADO,1,28,55,120,1,1
1790186233138,sala01,5236,1790186233138,0,0,OCUPADO,1,28,55,120,1,1
1790186235138,sala01,5237,1790186235138,0,0,OCUPADO,0,28,55,120,1,1
1790186237138,sala01,5238,1790186237138,0,0,OCUPADO,1,28,55,120,1,1
1790186239138,sala01,5239,1790186239138,0,0,OCUPADO,1,28,55,120,1,1
1790186241138,sala01,5240,1790186241138,0,0,OCUPADO,1,28,55,120,1,1
1790186243138,sala01,5241,1790186243138,0,0,OCUPADO,0,28,55,120,1,1
1790186245138,sala01,5242,1790186245138,0,0,OCUPADO,1,28,55,120,1,1
1790186247138,sala01,5243,1790186247138,0,0,OCUPADO,1,28,55,120,1,1
1790186249138,sala01,5244,1790186249138,0,0,OCUPADO,1,28,55,120,1,1
1790186251138,sala01,5245,1790186251138,0,0,OCUPADO,0,28,55,120,1,1
1790186253138,sala01,5246,1790186253138,0,0,OCUPADO,1,28,55,120,1,1
1790186255138,sala01,5247,1790186255138,0,0,OCUPADO,1,28,55,120,1,1
1790186257138,sala01,5248,1790186257138,0,0,OCUPADO,1,28,55,120,1,1
1790186259138,sala01,5249,1790186259138,0,0,OCUPADO,0,28,55,120,1,1
1790186261138,sala01,5250,1790186261138,0,0,OCUPADO,1,28,55,120,1,1
1790186263138,sala01,5251,1790186263138,0,0,OCUPADO,1,28,55,120,1,1
1790186265138,sala01,5252,1790186265138,0,0,OCUPADO,1,28,55,120,1,1
1790186267138,sala01,5253,1790186267138,0,0,OCUPADO,0,28,55,120,1,1
1790186269138,sala01,5254,1790186269138,0,0,OCUPADO,1,28,55,120,1,1
1790186271138,sala01,5255,1790186271138,0,0,OCUPADO,1,28,55,120,1,1
1790186273138,sala01,5256,1790186273138,0,0,OCUPADO,1,28,55,120,1,1
1790186275138,sala01,5257,1790186275138,0,0,OCUPADO,0,28,55,120,1,1
1790186277138,sala01,5258,1790186277138,0,0,OCUPADO,1,28,55,120,1,1
1790186279138,sala01,5259,1790186279138,0,0,OCUPADO,1,28,55,120,1,1
1790186281138,sala01,5260,1790186281138,0,0,OCUPADO,1,28,55,120,1,1
1790186283138,sala01,5261,1790186283138,0,0,OCUPADO,0,28,55,120,1,1
1790186285138,sala01,5262,1790186285138,0,0,OCUPADO,1,28,55,120,1,1
1790186287138,sala01,5263,1790186287138,0,0,OCUPADO,1,28,55,120,1,1
1790186289138,sala01,5264,1790186289138,0,0,OCUPADO,1,28,55,120,1,1
1790186291138,sala01,5265,1790186291138,0,0,OCUPADO,0,28,55,120,1,1
1790186293138,sala01,5266,1790186293138,0,0,OCUPADO,1,28,55,120,1,1
1790186295138,sala01,5267,1790186295138,0,0,OCUPADO,1,28,55,120,1,1
1790186297138,sala01,5268,1790186297138,0,0,OCUPADO,1,28,55,120,1,1
1790186299138,sala01,5269,1790186299138,0,0,OCUPADO,0,28,55,120,1,1
1790186301138,sala01,5270,1790186301138,0,0,OCUPADO,1,28,55,120,1,1
1790186303138,sala01,5271,1790186303138,0,0,OCUPADO,1,28,55,120,1,1
1790186305138,sala01,5272,1790186305138,0,0,OCUPADO,1,28,55,120,1,1
1790186307138,sala01,5273,1790186307138,0,0,OCUPADO,0,28,55,120,1,1
1790186309138,sala01,5274,1790186309138,0,0,OCUPADO,1,28,55,120,1,1
1790186311138,sala01,5275,1790186311138,0,0,OCUPADO,1,28,55,120,1,1
1790186313138,sala01,5276,1790186313138,0,0,OCUPADO,1,28,55,120,1,1
1790186315138,sala01,5277,1790186315138,0,0,OCUPADO,0,28,55,120,1,1
1790186317138,sala01,5278,1790186317138,0,0,OCUPADO,1,28,55,120,1,1
1790186319138,sala01,5279,1790186319138,0,0,OCUPADO,1,28,55,120,1,1
1790186321138,sala01,5280,1790186321138,0,0,OCUPADO,1,28,55,120,1,1
1790186323138,sala01,5281,1790186323138,0,0,OCUPADO,0,28,55,120,1,1
1790186325138,sala01,5282,1790186325138,0,0,OCUPADO,1,28,55,120,1,1
1790186327138,sala01,5283,1790186327138,0,0,OCUPADO,1,28,55,120,1,1
1790186329138,sala01,5284,1790186329138,0,0,OCUPADO,1,28,55,120,1,1
1790186331138,sala01,5285,1790186331138,0,0,OCUPADO,0,28,55,120,1,1
1790186333138,sala01,5286,1790186333138,0,0,OCUPADO,1,28,55,120,1,1
1790186335138,sala01,5287,1790186335138,0,0,OCUPADO,1,28,55,120,1,1
1790186337138,sala01,5288,1790186337138,0,0,OCUPADO,1,28,55,120,1,1
1790186339138,sala01,5289,1790186339138,0,0,OCUPADO,0,28,55,120,1,1
1790186341138,sala01,5290,1790186341138,0,0,OCUPADO,1,28,55,120,1,1
1790186343138,sala01,5291,1790186343138,0,0,OCUPADO,1,28,55,120,1,1
1790186345138,sala01,5292,1790186345138,0,0,OCUPADO,1,28,55,120,1,1
1790186347138,sala01,5293,1790186347138,0,0,OCUPADO,0,28,55,120,1,1
1790186349138,sala01,5294,1790186349138,0,0,OCUPADO,1,28,55,120,1,1
1790186351138,sala01,5295,1790186351138,0,0,OCUPADO,1,28,55,120,1,1
1790186353138,sala01,5296,1790186353138,0,0,OCUPADO,1,28,55,120,1,1
1790186355138,sala01,5297,1790186355138,0,0,OCUPADO,0,28,55,120,1,1
1790186357138,sala01,5298,1790186357138,0,0,OCUPADO,1,28,55,120,1,1
1790186359138,sala01,5299,1790186359138,0,0,OCUPADO,1,28,55,120,1,1
1790186361138,sala01,5300,1790186361138,0,0,OCUPADO,1,28,55,120,1,1
1790186363138,sala01,5301,1790186363138,0,0,OCUPADO,0,28,55,120,1,1
1790186365138,sala01,5302,1790186365138,0,0,OCUPADO,1,28,55,120,1,1
1790186367138,sala01,5303,1790186367138,0,0,OCUPADO,1,28,55,120,1,1
1790186369138,sala01,5304,1790186369138,0,0,OCUPADO,1,28,55,120,1,1
1790186371138,sala01,5305,1790186371138,0,0,OCUPADO,0,28,55,120,1,1
1790186373138,sala01,5306,1790186373138,0,0,OCUPADO,1,28,55,120,1,1
1790186375138,sala01,5307,1790186375138,0,0,OCUPADO,1,28,55,120,1,1
1790186377138,sala01,5308,1790186377138,0,0,OCUPADO,1,28,55,120,1,1
1790186379138,sala01,5309,1790186379138,0,0,OCUPADO,0,28,55,120,1,1
1790186381138,sala01,5310,1790186381138,0,0,OCUPADO,1,28,55,120,1,1
1790186383138,sala01,5311,1790186383138,0,0,OCUPADO,1,28,55,120,1,1
1790186385138,sala01,5312,1790186385138,0,0,OCUPADO,1,28,55,120,1,1
1790186387138,sala01,5313,1790186387138,0,0,OCUPADO,0,28,55,120,1,1
1790186389138,sala01,5314,1790186389138,0,0,OCUPADO,1,28,55,120,1,1
1790186391138,sala01,5315,1790186391138,0,0,OCUPADO,1,28,55,120,1,1
1790186393138,sala01,5316,1790186393138,0,0,OCUPADO,1,28,55,120,1,1
1790186395138,sala01,5317,1790186395138,0,0,OCUPADO,0,28,55,120,1,1
1790186397138,sala01,5318,1790186397138,0,0,OCUPADO,1,28,55,120,1,1
1790186399138,sala01,5319,1790186399138,0,0,OCUPADO,1,28,55,120,1,1
1790186401138,sala01,5320,1790186401138,0,0,OCUPADO,1,28,55,120,1,1
1790186403138,sala01,5321,1790186403138,0,0,OCUPADO,0,28,55,120,1,1
1790186405138,sala01,5322,1790186405138,0,0,OCUPADO,1,28,55,120,1,1
1790186407138,sala01,5323,1790186407138,0,0,OCUPADO,1,28,55,120,1,1
1790186409138,sala01,5324,1790186409138,0,0,OCUPADO,1,28,55,120,1,1
1790186411138,sala01,5325,1790186411138,0,0,OCUPADO,0,28,55,120,1,1
1790186413138,sala01,5326,1790186413138,0,0,OCUPADO,1,28,55,120,1,1
1790186415138,sala01,5327,1790186415138,0,0,OCUPADO,1,28,55,120,1,1
1790186417138,sala01,5328,1790186417138,0,0,OCUPADO,1,28,55,120,1,1
1790186419138,sala01,5329,1790186419138,0,0,OCUPADO,0,28,55,120,1,1
1790186421138,sala01,5330,1790186421138,0,0,OCUPADO,1,28,55,120,1,1
1790186423138,sala01,5331,1790186423138,0,0,OCUPADO,1,28,55,120,1,1
1790186425138,sala01,5332,1790186425138,0,0,OCUPADO,1,28,55,120,1,1
1790186427138,sala01,5333,1790186427138,0,0,OCUPADO,0,28,55,120,1,1
1790186429138,sala01,5334,1790186429138,0,0,OCUPADO,1,28,55,120,1,1
1790186431138,sala01,5335,1790186431138,0,0,OCUPADO,1,28,55,120,1,1
1790186433138,sala01,5336,1790186433138,0,0,OCUPADO,1,28,55,120,1,1
1790186435138,sala01,5337,1790186435138,0,0,OCUPADO,0,28,55,120,1,1
1790186437138,sala01,5338,1790186437138,0,0,OCUPADO,1,28,55,120,1,1
1790186439138,sala01,5339,1790186439138,0,0,OCUPADO,1,28,55,120,1,1
1790186441138,sala01,5340,1790186441138,0,0,OCUPADO,1,28,55,120,1,1
1790186443138,sala01,5341,1790186443138,0,0,OCUPADO,0,28,55,120,1,1
1790186445138,sala01,5342,1790186445138,0,0,OCUPADO,1,28,55,120,1,1
1790186447138,sala01,5343,1790186447138,0,0,OCUPADO,1,28,55,120,1,1
1790186449138,sala01,5344,1790186449138,0,0,OCUPADO,1,28,55,120,1,1
1790186451138,sala01,5345,1790186451138,0,0,OCUPADO,0,28,55,120,1,1
1790186453138,sala01,5346,1790186453138,0,0,OCUPADO,1,28,55,120,1,1
1790186455138,sala01,5347,1790186455138,0,0,OCUPADO,1,28,55,120,1,1
1790186457138,sala01,5348,1790186457138,0,0,OCUPADO,1,28,55,120,1,1
1790186459138,sala01,5349,1790186459138,0,0,OCUPADO,0,28,55,120,1,1
1790186461138,sala01,5350,1790186461138,0,0,OCUPADO,1,28,55,120,1,1
1790186463138,sala01,5351,1790186463138,0,0,OCUPADO,1,28,55,120,1,1
1790186465138,sala01,5352,1790186465138,0,0,OCUPADO,1,28,55,120,1,1
1790186467138,sala01,5353,1790186467138,0,0,OCUPADO,0,28,55,120,1,1
1790186469138,sala01,5354,1790186469138,0,0,OCUPADO,1,28,55,120,1,1
1790186471138,sala01,5355,1790186471138,0,0,OCUPADO,1,28,55,120,1,1
1790186473138,sala01,5356,1790186473138,0,0,OCUPADO,1,28,55,120,1,1
1790186475138,sala01,5357,1790186475138,0,0,OCUPADO,0,28,55,120,1,1
1790186477138,sala01,5358,1790186477138,0,0,OCUPADO,1,28,55,120,1,1
1790186479138,sala01,5359,1790186479138,0,0,OCUPADO,1,28,55,120,1,1
1790186481138,sala01,5360,1790186481138,0,0,OCUPADO,1,28,55,120,1,1
1790186483138,sala01,5361,1790186483138,0,0,OCUPADO,0,28,55,120,1,1
1790186485138,sala01,5362,1790186485138,0,0,OCUPADO,1,28,55,120,1,1
1790186487138,sala01,5363,1790186487138,0,0,OCUPADO,1,28,55,120,1,1
1790186489138,sala01,5364,1790186489138,0,0,OCUPADO,1,28,55,120,1,1
1790186491138,sala01,5365,1790186491138,0,0,OCUPADO,0,28,55,120,1,1
1790186493138,sala01,5366,1790186493138,0,0,OCUPADO,1,28,55,120,1,1
1790186495138,sala01,5367,1790186495138,0,0,OCUPADO,1,28,55,120,1,1
1790186497138,sala01,5368,1790186497138,0,0,OCUPADO,1,28,55,120,1,1
1790186499138,sala01,5369,1790186499138,0,0,OCUPADO,0,28,55,120,1,1
1790186501138,sala01,5370,1790186501138,0,0,OCUPADO,1,28,55,120,1,1
1790186503138,sala01,5371,1790186503138,0,0,OCUPADO,1,28,55,120,1,1
1790186505138,sala01,5372,1790186505138,0,0,OCUPADO,1,28,55,120,1,1
1790186507138,sala01,5373,1790186507138,0,0,OCUPADO,0,28,55,120,1,1
1790186509138,sala01,5374,1790186509138,0,0,OCUPADO,1,28,55,120,1,1
1790186511138,sala01,5375,1790186511138,0,0,OCUPADO,1,28,55,120,1,1
1790186513138,sala01,5376,1790186513138,0,0,OCUPADO,1,28,55,120,1,1
1790186515138,sala01,5377,1790186515138,0,0,OCUPADO,0,28,55,120,1,1
1790186517138,sala01,5378,1790186517138,0,0,OCUPADO,1,28,55,120,1,1
1790186519138,sala01,5379,1790186519138,0,0,OCUPADO,1,28,55,120,1,1
1790186521138,sala01,5380,1790186521138,0,0,OCUPADO,1,28,55,120,1,1
1790186523138,sala01,5381,1790186523138,0,0,OCUPADO,0,28,55,120,1,1
1790186525138,sala01,5382,1790186525138,0,0,OCUPADO,1,28,55,120,1,1
1790186527138,sala01,5383,1790186527138,0,0,OCUPADO,1,28,55,120,1,1
1790186529138,sala01,5384,1790186529138,0,0,OCUPADO,1,28,55,120,1,1
1790186531138,sala01,5385,1790186531138,0,0,OCUPADO,0,28,55,120,1,1
1790186533138,sala01,5386,1790186533138,0,0,OCUPADO,1,28,55,120,1,1
1790186535138,sala01,5387,1790186535138,0,0,OCUPADO,1,28,55,120,1,1
1790186537138,sala01,5388,1790186537138,0,0,OCUPADO,1,28,55,120,1,1
1790186539138,sala01,5389,1790186539138,0,0,OCUPADO,0,28,55,120,1,1
1790186541138,sala01,5390,1790186541138,0,0,OCUPADO,1,28,55,120,1,1
1790186543138,sala01,5391,1790186543138,0,0,OCUPADO,1,28,55,120,1,1
1790186545138,sala01,5392,1790186545138,0,0,OCUPADO,1,28,55,120,1,1
1790186547138,sala01,5393,1790186547138,0,0,OCUPADO,0,28,55,120,1,1
1790186549138,sala01,5394,1790186549138,0,0,OCUPADO,1,28,55,120,1,1
1790186551138,sala01,5395,1790186551138,0,0,OCUPADO,1,28,55,120,1,1
1790186553138,sala01,5396,1790186553138,0,0,OCUPADO,1,28,55,120,1,1
1790186555138,sala01,5397,1790186555138,0,0,OCUPADO,0,28,55,120,1,1
1790186557138,sala01,5398,1790186557138,0,0,OCUPADO,1,28,55,120,1,1
1790186559138,sala01,5399,1790186559138,0,0,OCUPADO,1,28,55,120,1,1
1790186561138,sala01,5400,1790186561138,0,0,OCUPADO,1,28,55,120,1,1
1790186563138,sala01,5401,1790186563138,0,0,OCUPADO,0,28,55,120,1,1
1790186565138,sala01,5402,1790186565138,0,0,OCUPADO,1,28,55,120,1,1
1790186567138,sala01,5403,1790186567138,0,0,OCUPADO,1,28,55,120,1,1
1790186569138,sala01,5404,1790186569138,0,0,OCUPADO,1,28,55,120,1,1
1790186571138,sala01,5405,1790186571138,0,0,OCUPADO,0,28,55,120,1,1
1790186573138,sala01,5406,1790186573138,0,0,OCUPADO,1,28,55,120,1,1
1790186575138,sala01,5407,1790186575138,0,0,OCUPADO,1,28,55,120,1,1
1790186577138,sala01,5408,1790186577138,0,0,OCUPADO,1,28,55,120,1,1
1790186579138,sala01,5409,1790186579138,0,0,OCUPADO,0,28,55,120,1,1
1790186581138,sala01,5410,1790186581138,0,0,OCUPADO,1,28,55,120,1,1
1790186583138,sala01,5411,1790186583138,0,0,OCUPADO,1,28,55,120,1,1
1790186585138,sala01,5412,1790186585138,0,0,OCUPADO,1,28,55,120,1,1
1790186587138,sala01,5413,1790186587138,0,0,OCUPADO,0,28,55,120,1,1
1790186589138,sala01,5414,1790186589138,0,0,OCUPADO,1,28,55,120,1,1
1790186591138,sala01,5415,1790186591138,0,0,OCUPADO,1,28,55,120,1,1
1790186593138,sala01,5416,1790186593138,0,0,OCUPADO,1,28,55,120,1,1
1790186595138,sala01,5417,1790186595138,0,0,OCUPADO,0,28,55,120,1,1
1790186597138,sala01,5418,1790186597138,0,0,OCUPADO,1,28,55,120,1,1
1790186599138,sala01,5419,1790186599138,0,0,OCUPADO,1,28,55,120,1,1
1790186601138,sala01,5420,1790186601138,0,0,OCUPADO,1,28,55,120,1,1
1790186603138,sala01,5421,1790186603138,0,0,OCUPADO,0,28,55,120,1,1
1790186605138,sala01,5422,1790186605138,0,0,OCUPADO,1,28,55,120,1,1
1790186607138,sala01,5423,1790186607138,0,0,OCUPADO,1,28,55,120,1,1
1790186609138,sala01,5424,1790186609138,0,0,OCUPADO,1,28,55,120,1,1
1790186611138,sala01,5425,1790186611138,0,0,OCUPADO,0,28,55,120,1,1
1790186613138,sala01,5426,1790186613138,0,0,OCUPADO,1,28,55,120,1,1
1790186615138,sala01,5427,1790186615138,0,0,OCUPADO,1,28,55,120,1,1
1790186617138,sala01,5428,1790186617138,0,0,OCUPADO,1,28,55,120,1,1
1790186619138,sala01,5429,1790186619138,0,0,OCUPADO,0,28,55,120,1,1
1790186621138,sala01,5430,1790186621138,0,0,OCUPADO,1,28,55,120,1,1
1790186623138,sala01,5431,1790186623138,0,0,OCUPADO,1,28,55,120,1,1
1790186625138,sala01,5432,1790186625138,0,0,OCUPADO,1,28,55,120,1,1
1790186627138,sala01,5433,1790186627138,0,0,OCUPADO,0,28,55,120,1,1
1790186629138,sala01,5434,1790186629138,0,0,OCUPADO,1,28,55,120,1,1
1790186631138,sala01,5435,1790186631138,0,0,OCUPADO,1,28,55,120,1,1
1790186633138,sala01,5436,1790186633138,0,0,OCUPADO,1,28,55,120,1,1
1790186635138,sala01,5437,1790186635138,0,0,OCUPADO,0,28,55,120,1,1
1790186637138,sala01,5438,1790186637138,0,0,OCUPADO,1,28,55,120,1,1
1790186639138,sala01,5439,1790186639138,0,0,OCUPADO,1,28,55,120,1,1
1790186641138,sala01,5440,1790186641138,0,0,OCUPADO,1,28,55,120,1,1
1790186643138,sala01,5441,1790186643138,0,0,OCUPADO,0,28,55,120,1,1
1790186645138,sala01,5442,1790186645138,0,0,OCUPADO,1,28,55,120,1,1
1790186647138,sala01,5443,1790186647138,0,0,OCUPADO,1,28,55,120,1,1
1790186649138,sala01,5444,1790186649138,0,0,OCUPADO,1,28,55,120,1,1
1790186651138,sala01,5445,1790186651138,0,0,OCUPADO,0,28,55,120,1,1
1790186653138,sala01,5446,1790186653138,0,0,OCUPADO,1,28,55,120,1,1
1790186655138,sala01,5447,1790186655138,0,0,OCUPADO,1,28,55,120,1,1
1790186657138,sala01,5448,1790186657138,0,0,OCUPADO,1,28,55,120,1,1
1790186659138,sala01,5449,1790186659138,0,0,OCUPADO,0,28,55,120,1,1
1790186661138,sala01,5450,1790186661138,0,0,OCUPADO,1,28,55,120,1,1
1790186663138,sala01,5451,1790186663138,0,0,OCUPADO,1,28,55,120,1,1
1790186665138,sala01,5452,1790186665138,0,0,OCUPADO,1,28,55,120,1,1
1790186667138,sala01,5453,1790186667138,0,0,OCUPADO,0,28,55,120,1,1
1790186669138,sala01,5454,1790186669138,0,0,OCUPADO,1,28,55,120,1,1
1790186671138,sala01,5455,1790186671138,0,0,OCUPADO,1,28,55,120,1,1
1790186673138,sala01,5456,1790186673138,0,0,OCUPADO,1,28,55,120,1,1
1790186675138,sala01,5457,1790186675138,0,0,OCUPADO,0,28,55,120,1,1
1790186677138,sala01,5458,1790186677138,0,0,OCUPADO,1,28,55,120,1,1
1790186679138,sala01,5459,1790186679138,0,0,OCUPADO,1,28,55,120,1,1
1790186681138,sala01,5460,1790186681138,0,0,OCUPADO,1,28,55,120,1,1
1790186683138,sala01,5461,1790186683138,0,0,OCUPADO,0,28,55,120,1,1
1790186685138,sala01,5462,1790186685138,0,0,OCUPADO,1,28,55,120,1,1
1790186687138,sala01,5463,1790186687138,0,0,OCUPADO,1,28,55,120,1,1
1790186689138,sala01,5464,1790186689138,0,0,OCUPADO,1,28,55,120,1,1
1790186691138,sala01,5465,1790186691138,0,0,OCUPADO,0,28,55,120,1,1
1790186693138,sala01,5466,1790186693138,0,0,OCUPADO,1,28,55,120,1,1
1790186695138,sala01,5467,1790186695138,0,0,OCUPADO,1,28,55,120,1,1
1790186697138,sala01,5468,1790186697138,0,0,OCUPADO,1,28,55,120,1,1
1790186699138,sala01,5469,1790186699138,0,0,OCUPADO,0,28,55,120,1,1
1790186701138,sala01,5470,1790186701138,0,0,OCUPADO,1,28,55,120,1,1
1790186703138,sala01,5471,1790186703138,0,0,OCUPADO,1,28,55,120,1,1
1790186705138,sala01,5472,1790186705138,0,0,OCUPADO,1,28,55,120,1,1
1790186707138,sala01,5473,1790186707138,0,0,OCUPADO,0,28,55,120,1,1
1790186709138,sala01,5474,1790186709138,0,0,OCUPADO,1,28,55,120,1,1
1790186711138,sala01,5475,1790186711138,0,0,OCUPADO,1,28,55,120,1,1
1790186713138,sala01,5476,1790186713138,0,0,OCUPADO,1,28,55,120,1,1
1790186715138,sala01,5477,1790186715138,0,0,OCUPADO,0,28,55,120,1,1
1790186717138,sala01,5478,1790186717138,0,0,OCUPADO,1,28,55,120,1,1
1790186719138,sala01,5479,1790186719138,0,0,OCUPADO,1,28,55,120,1,1
1790186721138,sala01,5480,1790186721138,0,0,OCUPADO,1,28,55,120,1,1
1790186723138,sala01,5481,1790186723138,0,0,OCUPADO,0,28,55,120,1,1
1790186725138,sala01,5482,1790186725138,0,0,OCUPADO,1,28,55,120,1,1
1790186727138,sala01,5483,1790186727138,0,0,OCUPADO,1,28,55,120,1,1
1790186729138,sala01,5484,1790186729138,0,0,OCUPADO,1,28,55,120,1,1
1790186731138,sala01,5485,1790186731138,0,0,OCUPADO,0,28,55,120,1,1
1790186733138,sala01,5486,1790186733138,0,0,OCUPADO,1,28,55,120,1,1
1790186735138,sala01,5487,1790186735138,0,0,OCUPADO,1,28,55,120,1,1
1790186737138,sala01,5488,1790186737138,0,0,OCUPADO,1,28,55,120,1,1
1790186739138,sala01,5489,1790186739138,0,0,OCUPADO,0,28,55,120,1,1
1790186741138,sala01,5490,1790186741138,0,0,OCUPADO,1,28,55,120,1,1
1790186743138,sala01,5491,1790186743138,0,0,OCUPADO,1,28,55,120,1,1
1790186745138,sala01,5492,1790186745138,0,0,OCUPADO,1,28,55,120,1,1
1790186747138,sala01,5493,1790186747138,0,0,OCUPADO,0,28,55,120,1,1
1790186749138,sala01,5494,1790186749138,0,0,OCUPADO,1,28,55,120,1,1
1790186751138,sala01,5495,1790186751138,0,0,OCUPADO,1,28,55,120,1,1
1790186753138,sala01,5496,1790186753138,0,0,OCUPADO,1,28,55,120,1,1
1790186755138,sala01,5497,1790186755138,0,0,OCUPADO,0,28,55,120,1,1
1790186757138,sala01,5498,1790186757138,0,0,OCUPADO,1,28,55,120,1,1
1790186759138,sala01,5499,1790186759138,0,0,OCUPADO,1,28,55,120,1,1
1790186761138,sala01,5500,1790186761138,0,0,OCUPADO,1,28,55,120,1,1
1790186763138,sala01,5501,1790186763138,0,0,OCUPADO,0,28,55,120,1,1
1790186765138,sala01,5502,1790186765138,0,0,OCUPADO,1,28,55,120,1,1
1790186767138,sala01,5503,1790186767138,0,0,OCUPADO,1,28,55,120,1,1
1790186769138,sala01,5504,1790186769138,0,0,OCUPADO,1,28,55,120,1,1
1790186771138,sala01,5505,1790186771138,0,0,OCUPADO,0,28,55,120,1,1
1790186773138,sala01,5506,1790186773138,0,0,OCUPADO,1,28,55,120,1,1
1790186775138,sala01,5507,1790186775138,0,0,OCUPADO,1,28,55,120,1,1
1790186777138,sala01,5508,1790186777138,0,0,OCUPADO,1,28,55,120,1,1
1790186779138,sala01,5509,1790186779138,0,0,OCUPADO,0,28,55,120,1,1
1790186781138,sala01,5510,1790186781138,0,0,OCUPADO,1,28,55,120,1,1
1790186783138,sala01,5511,1790186783138,0,0,OCUPADO,1,28,55,120,1,1
1790186785138,sala01,5512,1790186785138,0,0,OCUPADO,1,28,55,120,1,1
1790186787138,sala01,5513,1790186787138,0,0,OCUPADO,0,28,55,120,1,1
1790186789138,sala01,5514,1790186789138,0,0,OCUPADO,1,28,55,120,1,1
1790186791138,sala01,5515,1790186791138,0,0,OCUPADO,1,28,55,120,1,1
1790186793138,sala01,5516,1790186793138,0,0,OCUPADO,1,28,55,120,1,1
1790186795138,sala01,5517,1790186795138,0,0,OCUPADO,0,28,55,120,1,1
1790186797138,sala01,5518,1790186797138,0,0,OCUPADO,1,28,55,120,1,1
1790186799138,sala01,5519,1790186799138,0,0,OCUPADO,1,28,55,120,1,1
1790186801138,sala01,5520,1790186801138,0,0,OCUPADO,1,28,55,120,1,1
1790186803138,sala01,5521,1790186803138,0,0,OCUPADO,0,28,55,120,1,1
1790186805138,sala01,5522,1790186805138,0,0,OCUPADO,1,28,55,120,1,1
1790186807138,sala01,5523,1790186807138,0,0,OCUPADO,1,28,55,120,1,1
1790186809138,sala01,5524,1790186809138,0,0,OCUPADO,1,28,55,120,1,1
1790186811138,sala01,5525,1790186811138,0,0,OCUPADO,0,28,55,120,1,1
1790186813138,sala01,5526,1790186813138,0,0,OCUPADO,1,28,55,120,1,1
1790186815138,sala01,5527,1790186815138,0,0,OCUPADO,1,28,55,120,1,1
1790186817138,sala01,5528,1790186817138,0,0,OCUPADO,1,28,55,120,1,1
1790186819138,sala01,5529,1790186819138,0,0,OCUPADO,0,28,55,120,1,1
1790186821138,sala01,5530,1790186821138,0,0,OCUPADO,1,28,55,120,1,1
1790186823138,sala01,5531,1790186823138,0,0,OCUPADO,1,28,55,120,1,1
1790186825138,sala01,5532,1790186825138,0,0,OCUPADO,1,28,55,120,1,1
1790186827138,sala01,5533,1790186827138,0,0,OCUPADO,0,28,55,120,1,1
1790186829138,sala01,5534,1790186829138,0,0,OCUPADO,1,28,55,120,1,1
1790186831138,sala01,5535,1790186831138,0,0,OCUPADO,1,28,55,120,1,1
1790186833138,sala01,5536,1790186833138,0,0,OCUPADO,1,28,55,120,1,1
1790186835138,sala01,5537,1790186835138,0,0,OCUPADO,0,28,55,120,1,1
1790186837138,sala01,5538,1790186837138,0,0,OCUPADO,1,28,55,120,1,1
1790186839138,sala01,5539,1790186839138,0,0,OCUPADO,1,28,55,120,1,1
1790186841138,sala01,5540,1790186841138,0,0,OCUPADO,1,28,55,120,1,1
1790186843138,sala01,5541,1790186843138,0,0,OCUPADO,0,28,55,120,1,1
1790186845138,sala01,5542,1790186845138,0,0,OCUPADO,1,28,55,120,1,1
1790186847138,sala01,5543,1790186847138,0,0,OCUPADO,1,28,55,120,1,1
1790186849138,sala01,5544,1790186849138,0,0,OCUPADO,1,28,55,120,1,1
1790186851138,sala01,5545,1790186851138,0,0,OCUPADO,0,28,55,120,1,1
1790186853138,sala01,5546,1790186853138,0,0,OCUPADO,1,28,55,120,1,1
1790186855138,sala01,5547,1790186855138,0,0,OCUPADO,1,28,55,120,1,1
1790186857138,sala01,5548,1790186857138,0,0,OCUPADO,1,28,55,120,1,1
1790186859138,sala01,5549,1790186859138,0,0,OCUPADO,0,28,55,120,1,1
1790186861138,sala01,5550,1790186861138,0,0,OCUPADO,1,28,55,120,1,1
1790186863138,sala01,5551,1790186863138,0,0,OCUPADO,1,28,55,120,1,1
1790186865138,sala01,5552,1790186865138,0,0,OCUPADO,1,28,55,120,1,1
1790186867138,sala01,5553,1790186867138,0,0,OCUPADO,0,28,55,120,1,1
1790186869138,sala01,5554,1790186869138,0,0,OCUPADO,1,28,55,120,1,1
1790186871138,sala01,5555,1790186871138,0,0,OCUPADO,1,28,55,120,1,1
1790186873138,sala01,5556,1790186873138,0,0,OCUPADO,1,28,55,120,1,1
1790186875138,sala01,5557,1790186875138,0,0,OCUPADO,0,28,55,120,1,1
1790186877138,sala01,5558,1790186877138,0,0,OCUPADO,1,28,55,120,1,1
1790186879138,sala01,5559,1790186879138,0,0,OCUPADO,1,28,55,120,1,1
1790186881138,sala01,5560,1790186881138,0,0,OCUPADO,1,28,55,120,1,1
1790186883138,sala01,5561,1790186883138,0,0,OCUPADO,0,28,55,120,1,1
1790186885138,sala01,5562,1790186885138,0,0,OCUPADO,1,28,55,120,1,1
1790186887138,sala01,5563,1790186887138,0,0,OCUPADO,1,28,55,120,1,1
1790186889138,sala01,5564,1790186889138,0,0,OCUPADO,1,28,55,120,1,1
1790186891138,sala01,5565,1790186891138,0,0,OCUPADO,0,28,55,120,1,1
1790186893138,sala01,5566,1790186893138,0,0,OCUPADO,1,28,55,120,1,1
1790186895138,sala01,5567,1790186895138,0,0,OCUPADO,1,28,55,120,1,1
1790186897138,sala01,5568,1790186897138,0,0,OCUPADO,1,28,55,120,1,1
1790186899138,sala01,5569,1790186899138,0,0,OCUPADO,0,28,55,120,1,1
1790186901138,sala01,5570,1790186901138,0,0,OCUPADO,1,28,55,120,1,1
1790186903138,sala01,5571,1790186903138,0,0,OCUPADO,1,28,55,120,1,1
1790186905138,sala01,5572,1790186905138,0,0,OCUPADO,1,28,55,120,1,1
1790186907138,sala01,5573,1790186907138,0,0,OCUPADO,0,28,55,120,1,1
1790186909138,sala01,5574,1790186909138,0,0,OCUPADO,1,28,55,120,1,1
1790186911138,sala01,5575,1790186911138,0,0,OCUPADO,1,28,55,120,1,1
1790186913138,sala01,5576,1790186913138,0,0,OCUPADO,1,28,55,120,1,1
1790186915138,sala01,5577,1790186915138,0,0,OCUPADO,0,28,55,120,1,1
1790186917138,sala01,5578,1790186917138,0,0,OCUPADO,1,28,55,120,1,1
1790186919138,sala01,5579,1790186919138,0,0,OCUPADO,1,28,55,120,1,1
1790186921138,sala01,5580,1790186921138,0,0,OCUPADO,1,28,55,120,1,1
1790186923138,sala01,5581,1790186923138,0,0,OCUPADO,0,28,55,120,1,1
1790186925138,sala01,5582,1790186925138,0,0,OCUPADO,1,28,55,120,1,1
1790186927138,sala01,5583,1790186927138,0,0,OCUPADO,1,28,55,120,1,1
1790186929138,sala01,5584,1790186929138,0,0,OCUPADO,1,28,55,120,1,1
1790186931138,sala01,5585,1790186931138,0,0,OCUPADO,0,28,55,120,1,1
1790186933138,sala01,5586,1790186933138,0,0,OCUPADO,1,28,55,120,1,1
1790186935138,sala01,5587,1790186935138,0,0,OCUPADO,1,28,55,120,1,1
1790186937138,sala01,5588,1790186937138,0,0,OCUPADO,1,28,55,120,1,1
1790186939138,sala01,5589,1790186939138,0,0,OCUPADO,0,28,55,120,1,1
1790186941138,sala01,5590,1790186941138,0,0,OCUPADO,1,28,55,120,1,1
1790186943138,sala01,5591,1790186943138,0,0,OCUPADO,1,28,55,120,1,1
1790186945138,sala01,5592,1790186945138,0,0,OCUPADO,1,28,55,120,1,1
1790186947138,sala01,5593,1790186947138,0,0,OCUPADO,0,28,55,120,1,1
1790186949138,sala01,5594,1790186949138,0,0,OCUPADO,1,28,55,120,1,1
1790186951138,sala01,5595,1790186951138,0,0,OCUPADO,1,28,55,120,1,1
1790186953138,sala01,5596,1790186953138,0,0,OCUPADO,1,28,55,120,1,1
1790186955138,sala01,5597,1790186955138,0,0,OCUPADO,0,28,55,120,1,1
1790186957138,sala01,5598,1790186957138,0,0,OCUPADO,1,28,55,120,1,1
1790186959138,sala01,5599,1790186959138,0,0,OCUPADO,1,28,55,120,1,1
1790186961138,sala01,5600,1790186961138,0,0,OCUPADO,1,28,55,120,1,1
1790186963138,sala01,5601,1790186963138,0,0,OCUPADO,0,28,55,120,1,1
1790186965138,sala01,5602,1790186965138,0,0,OCUPADO,1,28,55,120,1,1
1790186967138,sala01,5603,1790186967138,0,0,OCUPADO,1,28,55,120,1,1
1790186969138,sala01,5604,1790186969138,0,0,OCUPADO,1,28,55,120,1,1
1790186971138,sala01,5605,1790186971138,0,0,OCUPADO,0,28,55,120,1,1
1790186973138,sala01,5606,1790186973138,0,0,OCUPADO,1,28,55,120,1,1
1790186975138,sala01,5607,1790186975138,0,0,OCUPADO,1,28,55,120,1,1
1790186977138,sala01,5608,1790186977138,0,0,OCUPADO,1,28,55,120,1,1
1790186979138,sala01,5609,1790186979138,0,0,OCUPADO,0,28,55,120,1,1
1790186981138,sala01,5610,1790186981138,0,0,OCUPADO,1,28,55,120,1,1
1790186983138,sala01,5611,1790186983138,0,0,OCUPADO,1,28,55,120,1,1
1790186985138,sala01,5612,1790186985138,0,0,OCUPADO,1,28,55,120,1,1
1790186987138,sala01,5613,1790186987138,0,0,OCUPADO,0,28,55,120,1,1
1790186989138,sala01,5614,1790186989138,0,0,OCUPADO,1,28,55,120,1,1
1790186991138,sala01,5615,1790186991138,0,0,OCUPADO,1,28,55,120,1,1
1790186993138,sala01,5616,1790186993138,0,0,OCUPADO,1,28,55,120,1,1
1790186995138,sala01,5617,1790186995138,0,0,OCUPADO,0,28,55,120,1,1
1790186997138,sala01,5618,1790186997138,0,0,OCUPADO,1,28,55,120,1,1
1790186999138,sala01,5619,1790186999138,0,0,OCUPADO,1,28,55,120,1,1
1790187001138,sala01,5620,1790187001138,0,0,OCUPADO,1,28,55,120,1,1
1790187003138,sala01,5621,1790187003138,0,0,OCUPADO,0,28,55,120,1,1
1790187005138,sala01,5622,1790187005138,0,0,OCUPADO,1,28,55,120,1,1
1790187007138,sala01,5623,1790187007138,0,0,OCUPADO,1,28,55,120,1,1
1790187009138,sala01,5624,1790187009138,0,0,OCUPADO,1,28,55,120,1,1
1790187011138,sala01,5625,1790187011138,0,0,OCUPADO,0,28,55,120,1,1
1790187013138,sala01,5626,1790187013138,0,0,OCUPADO,1,28,55,120,1,1
1790187015138,sala01,5627,1790187015138,0,0,OCUPADO,1,28,55,120,1,1
1790187017138,sala01,5628,1790187017138,0,0,OCUPADO,1,28,55,120,1,1
1790187019138,sala01,5629,1790187019138,0,0,OCUPADO,0,28,55,120,1,1
1790187021138,sala01,5630,1790187021138,0,0,OCUPADO,1,28,55,120,1,1
1790187023138,sala01,5631,1790187023138,0,0,OCUPADO,1,28,55,120,1,1
1790187025138,sala01,5632,1790187025138,0,0,OCUPADO,1,28,55,120,1,1
1790187027138,sala01,5633,1790187027138,0,0,OCUPADO,0,28,55,120,1,1
1790187029138,sala01,5634,1790187029138,0,0,OCUPADO,1,28,55,120,1,1
1790187031138,sala01,5635,1790187031138,0,0,OCUPADO,1,28,55,120,1,1
1790187033138,sala01,5636,1790187033138,0,0,OCUPADO,1,28,55,120,1,1
1790187035138,sala01,5637,1790187035138,0,0,OCUPADO,0,28,55,120,1,1
1790187037138,sala01,5638,1790187037138,0,0,OCUPADO,1,28,55,120,1,1
1790187039138,sala01,5639,1790187039138,0,0,OCUPADO,1,28,55,120,1,1
1790187041138,sala01,5640,1790187041138,0,0,OCUPADO,1,28,55,120,1,1
1790187043138,sala01,5641,1790187043138,0,0,OCUPADO,0,28,55,120,1,1
1790187045138,sala01,5642,1790187045138,0,0,OCUPADO,1,28,55,120,1,1
1790187047138,sala01,5643,1790187047138,0,0,OCUPADO,1,28,55,120,1,1
1790187049138,sala01,5644,1790187049138,0,0,OCUPADO,1,28,55,120,1,1
1790187051138,sala01,5645,1790187051138,0,0,OCUPADO,0,28,55,120,1,1
1790187053138,sala01,5646,1790187053138,0,0,OCUPADO,1,28,55,120,1,1
1790187055138,sala01,5647,1790187055138,0,0,OCUPADO,1,28,55,120,1,1
1790187057138,sala01,5648,1790187057138,0,0,OCUPADO,1,28,55,120,1,1
1790187059138,sala01,5649,1790187059138,0,0,OCUPADO,0,28,55,120,1,1
1790187061138,sala01,5650,1790187061138,0,0,OCUPADO,1,28,55,120,1,1
1790187063138,sala01,5651,1790187063138,0,0,OCUPADO,1,28,55,120,1,1
1790187065138,sala01,5652,1790187065138,0,0,OCUPADO,1,28,55,120,1,1
1790187067138,sala01,5653,1790187067138,0,0,OCUPADO,0,28,55,120,1,1
1790187069138,sala01,5654,1790187069138,0,0,OCUPADO,1,28,55,120,1,1
1790187071138,sala01,5655,1790187071138,0,0,OCUPADO,1,28,55,120,1,1
1790187073138,sala01,5656,1790187073138,0,0,OCUPADO,1,28,55,120,1,1
1790187075138,sala01,5657,1790187075138,0,0,OCUPADO,0,28,55,120,1,1
1790187077138,sala01,5658,1790187077138,0,0,OCUPADO,1,28,55,120,1,1
1790187079138,sala01,5659,1790187079138,0,0,OCUPADO,1,28,55,120,1,1
1790187081138,sala01,5660,1790187081138,0,0,OCUPADO,1,28,55,120,1,1
1790187083138,sala01,5661,1790187083138,0,0,OCUPADO,0,28,55,120,1,1
1790187085138,sala01,5662,1790187085138,0,0,OCUPADO,1,28,55,120,1,1
1790187087138,sala01,5663,1790187087138,0,0,OCUPADO,1,28,55,120,1,1
1790187089138,sala01,5664,1790187089138,0,0,OCUPADO,1,28,55,120,1,1
1790187091138,sala01,5665,1790187091138,0,0,OCUPADO,0,28,55,120,1,1
1790187093138,sala01,5666,1790187093138,0,0,OCUPADO,1,28,55,120,1,1
1790187095138,sala01,5667,1790187095138,0,0,OCUPADO,1,28,55,120,1,1
1790187097138,sala01,5668,1790187097138,0,0,OCUPADO,1,28,55,120,1,1
1790187099138,sala01,5669,1790187099138,0,0,OCUPADO,0,28,55,120,1,1
1790187101138,sala01,5670,1790187101138,0,0,OCUPADO,1,28,55,120,1,1
1790187103138,sala01,5671,1790187103138,0,0,OCUPADO,1,28,55,120,1,1
1790187105138,sala01,5672,1790187105138,0,0,OCUPADO,1,28,55,120,1,1
1790187107138,sala01,5673,1790187107138,0,0,OCUPADO,0,28,55,120,1,1
1790187109138,sala01,5674,1790187109138,0,0,OCUPADO,1,28,55,120,1,1
1790187111138,sala01,5675,1790187111138,0,0,OCUPADO,1,28,55,120,1,1
1790187113138,sala01,5676,1790187113138,0,0,OCUPADO,1,28,55,120,1,1
1790187115138,sala01,5677,1790187115138,0,0,OCUPADO,0,28,55,120,1,1
1790187117138,sala01,5678,1790187117138,0,0,OCUPADO,1,28,55,120,1,1
1790187119138,sala01,5679,1790187119138,0,0,OCUPADO,1,28,55,120,1,1
1790187121138,sala01,5680,1790187121138,0,0,OCUPADO,1,28,55,120,1,1
1790187123138,sala01,5681,1790187123138,0,0,OCUPADO,0,28,55,120,1,1
1790187125138,sala01,5682,1790187125138,0,0,OCUPADO,1,28,55,120,1,1
1790187127138,sala01,5683,1790187127138,0,0,OCUPADO,1,28,55,120,1,1
1790187129138,sala01,5684,1790187129138,0,0,OCUPADO,1,28,55,120,1,1
1790187131138,sala01,5685,1790187131138,0,0,OCUPADO,0,28,55,120,1,1
1790187133138,sala01,5686,1790187133138,0,0,OCUPADO,1,28,55,120,1,1
1790187135138,sala01,5687,1790187135138,0,0,OCUPADO,1,28,55,120,1,1
1790187137138,sala01,5688,1790187137138,0,0,OCUPADO,1,28,55,120,1,1
1790187139138,sala01,5689,1790187139138,0,0,OCUPADO,0,28,55,120,1,1
1790187141138,sala01,5690,1790187141138,0,0,OCUPADO,1,28,55,120,1,1
1790187143138,sala01,5691,1790187143138,0,0,OCUPADO,1,28,55,120,1,1
1790187145138,sala01,5692,1790187145138,0,0,OCUPADO,1,28,55,120,1,1
1790187147138,sala01,5693,1790187147138,0,0,OCUPADO,0,28,55,120,1,1
1790187149138,sala01,5694,1790187149138,0,0,OCUPADO,1,28,55,120,1,1
1790187151138,sala01,5695,1790187151138,0,0,OCUPADO,1,28,55,120,1,1
1790187153138,sala01,5696,1790187153138,0,0,OCUPADO,1,28,55,120,1,1
1790187155138,sala01,5697,1790187155138,0,0,OCUPADO,0,28,55,120,1,1
1790187157138,sala01,5698,1790187157138,0,0,OCUPADO,1,28,55,120,1,1
1790187159138,sala01,5699,1790187159138,0,0,OCUPADO,1,28,55,120,1,1
1790187161138,sala01,5700,1790187161138,0,0,OCUPADO,1,28,55,120,1,1
1790187163138,sala01,5701,1790187163138,0,0,OCUPADO,0,28,55,120,1,1
1790187165138,sala01,5702,1790187165138,0,0,OCUPADO,1,28,55,120,1,1
1790187167138,sala01,5703,1790187167138,0,0,OCUPADO,1,28,55,120,1,1
1790187169138,sala01,5704,1790187169138,0,0,OCUPADO,1,28,55,120,1,1
1790187171138,sala01,5705,1790187171138,0,0,OCUPADO,0,28,55,120,1,1
1790187173138,sala01,5706,1790187173138,0,0,OCUPADO,1,28,55,120,1,1
1790187175138,sala01,5707,1790187175138,0,0,OCUPADO,1,28,55,120,1,1
1790187177138,sala01,5708,1790187177138,0,0,OCUPADO,1,28,55,120,1,1
1790187179138,sala01,5709,1790187179138,0,0,OCUPADO,0,28,55,120,1,1
1790187181138,sala01,5710,1790187181138,0,0,OCUPADO,1,28,55,120,1,1
1790187183138,sala01,5711,1790187183138,0,0,OCUPADO,1,28,55,120,1,1
1790187185138,sala01,5712,1790187185138,0,0,OCUPADO,1,28,55,120,1,1
1790187187138,sala01,5713,1790187187138,0,0,OCUPADO,0,28,55,120,1,1
1790187189138,sala01,5714,1790187189138,0,0,OCUPADO,1,28,55,120,1,1
1790187191138,sala01,5715,1790187191138,0,0,OCUPADO,1,28,55,120,1,1
1790187193138,sala01,5716,1790187193138,0,0,OCUPADO,1,28,55,120,1,1
1790187195138,sala01,5717,1790187195138,0,0,OCUPADO,0,28,55,120,1,1
1790187197138,sala01,5718,1790187197138,0,0,OCUPADO,1,28,55,120,1,1
1790187199138,sala01,5719,1790187199138,0,0,OCUPADO,1,28,55,120,1,1
1790187201138,sala01,5720,1790187201138,0,0,OCUPADO,1,28,55,120,1,1
1790187203138,sala01,5721,1790187203138,0,0,OCUPADO,0,28,55,120,1,1
1790187205138,sala01,5722,1790187205138,0,0,OCUPADO,1,28,55,120,1,1
1790187207138,sala01,5723,1790187207138,0,0,OCUPADO,1,28,55,120,1,1
1790187209138,sala01,5724,1790187209138,0,0,OCUPADO,1,28,55,120,1,1
1790187211138,sala01,5725,1790187211138,0,0,OCUPADO,0,28,55,120,1,1
1790187213138,sala01,5726,1790187213138,0,0,OCUPADO,1,28,55,120,1,1
1790187215138,sala01,5727,1790187215138,0,0,OCUPADO,1,28,55,120,1,1
1790187217138,sala01,5728,1790187217138,0,0,OCUPADO,1,28,55,120,1,1
1790187219138,sala01,5729,1790187219138,0,0,OCUPADO,0,28,55,120,1,1
1790187221138,sala01,5730,1790187221138,0,0,OCUPADO,1,28,55,120,1,1
1790187223138,sala01,5731,1790187223138,0,0,OCUPADO,1,28,55,120,1,1
1790187225138,sala01,5732,1790187225138,0,0,OCUPADO,1,28,55,120,1,1
1790187227138,sala01,5733,1790187227138,0,0,OCUPADO,0,28,55,120,1,1
1790187229138,sala01,5734,1790187229138,0,0,OCUPADO,1,28,55,120,1,1
1790187231138,sala01,5735,1790187231138,0,0,OCUPADO,1,28,55,120,1,1
1790187233138,sala01,5736,1790187233138,0,0,OCUPADO,1,28,55,120,1,1
1790187235138,sala01,5737,1790187235138,0,0,OCUPADO,0,28,55,120,1,1
1790187237138,sala01,5738,1790187237138,0,0,OCUPADO,1,28,55,120,1,1
1790187239138,sala01,5739,1790187239138,0,0,OCUPADO,1,28,55,120,1,1
1790187241138,sala01,5740,1790187241138,0,0,OCUPADO,1,28,55,120,1,1
1790187243138,sala01,5741,1790187243138,0,0,OCUPADO,0,28,55,120,1,1
1790187245138,sala01,5742,1790187245138,0,0,OCUPADO,1,28,55,120,1,1
1790187247138,sala01,5743,1790187247138,0,0,OCUPADO,1,28,55,120,1,1
1790187249138,sala01,5744,1790187249138,0,0,OCUPADO,1,28,55,120,1,1
1790187251138,sala01,5745,1790187251138,0,0,OCUPADO,0,28,55,120,1,1
1790187253138,sala01,5746,1790187253138,0,0,OCUPADO,1,28,55,120,1,1
1790187255138,sala01,5747,1790187255138,0,0,OCUPADO,1,28,55,120,1,1
1790187257138,sala01,5748,1790187257138,0,0,OCUPADO,1,28,55,120,1,1
1790187259138,sala01,5749,1790187259138,0,0,OCUPADO,0,28,55,120,1,1
1790187261138,sala01,5750,1790187261138,0,0,OCUPADO,1,28,55,120,1,1
1790187263138,sala01,5751,1790187263138,0,0,OCUPADO,1,28,55,120,1,1
1790187265138,sala01,5752,1790187265138,0,0,OCUPADO,1,28,55,120,1,1
1790187267138,sala01,5753,1790187267138,0,0,OCUPADO,0,28,55,120,1,1
1790187269138,sala01,5754,1790187269138,0,0,OCUPADO,1,28,55,120,1,1
1790187271138,sala01,5755,1790187271138,0,0,OCUPADO,1,28,55,120,1,1
1790187273138,sala01,5756,1790187273138,0,0,OCUPADO,1,28,55,120,1,1
1790187275138,sala01,5757,1790187275138,0,0,OCUPADO,0,28,55,120,1,1
1790187277138,sala01,5758,1790187277138,0,0,OCUPADO,1,28,55,120,1,1
1790187279138,sala01,5759,1790187279138,0,0,OCUPADO,1,28,55,120,1,1
1790187281138,sala01,5760,1790187281138,0,0,OCUPADO,1,28,55,120,1,1
1790187283138,sala01,5761,1790187283138,0,0,OCUPADO,0,28,55,120,1,1
1790187285138,sala01,5762,1790187285138,0,0,OCUPADO,1,28,55,120,1,1
1790187287138,sala01,5763,1790187287138,0,0,OCUPADO,1,28,55,120,1,1
1790187289138,sala01,5764,1790187289138,0,0,OCUPADO,1,28,55,120,1,1
1790187291138,sala01,5765,1790187291138,0,0,OCUPADO,0,28,55,120,1,1
1790187293138,sala01,5766,1790187293138,0,0,OCUPADO,1,28,55,120,1,1
1790187295138,sala01,5767,1790187295138,0,0,OCUPADO,1,28,55,120,1,1
1790187297138,sala01,5768,1790187297138,0,0,OCUPADO,1,28,55,120,1,1
1790187299138,sala01,5769,1790187299138,0,0,OCUPADO,0,28,55,120,1,1
1790187301138,sala01,5770,1790187301138,0,0,OCUPADO,1,28,55,120,1,1
1790187303138,sala01,5771,1790187303138,0,0,OCUPADO,1,28,55,120,1,1
1790187305138,sala01,5772,1790187305138,0,0,OCUPADO,1,28,55,120,1,1
1790187307138,sala01,5773,1790187307138,0,0,OCUPADO,0,28,55,120,1,1
1790187309138,sala01,5774,1790187309138,0,0,OCUPADO,1,28,55,120,1,1
1790187311138,sala01,5775,1790187311138,0,0,OCUPADO,1,28,55,120,1,1
1790187313138,sala01,5776,1790187313138,0,0,OCUPADO,1,28,55,120,1,1
1790187315138,sala01,5777,1790187315138,0,0,OCUPADO,0,28,55,120,1,1
1790187317138,sala01,5778,1790187317138,0,0,OCUPADO,1,28,55,120,1,1
1790187319138,sala01,5779,1790187319138,0,0,OCUPADO,1,28,55,120,1,1
1790187321138,sala01,5780,1790187321138,0,0,OCUPADO,1,28,55,120,1,1
1790187323138,sala01,5781,1790187323138,0,0,OCUPADO,0,28,55,120,1,1
1790187325138,sala01,5782,1790187325138,0,0,OCUPADO,1,28,55,120,1,1
1790187327138,sala01,5783,1790187327138,0,0,OCUPADO,1,28,55,120,1,1
1790187329138,sala01,5784,1790187329138,0,0,OCUPADO,1,28,55,120,1,1
1790187331138,sala01,5785,1790187331138,0,0,OCUPADO,0,28,55,120,1,1
1790187333138,sala01,5786,1790187333138,0,0,OCUPADO,1,28,55,120,1,1
1790187335138,sala01,5787,1790187335138,0,0,OCUPADO,1,28,55,120,1,1
1790187337138,sala01,5788,1790187337138,0,0,OCUPADO,1,28,55,120,1,1
1790187339138,sala01,5789,1790187339138,0,0,OCUPADO,0,28,55,120,1,1
1790187341138,sala01,5790,1790187341138,0,0,OCUPADO,1,28,55,120,1,1
1790187343138,sala01,5791,1790187343138,0,0,OCUPADO,1,28,55,120,1,1
1790187345138,sala01,5792,1790187345138,0,0,OCUPADO,1,28,55,120,1,1
1790187347138,sala01,5793,1790187347138,0,0,OCUPADO,0,28,55,120,1,1
1790187349138,sala01,5794,1790187349138,0,0,OCUPADO,1,28,55,120,1,1
1790187351138,sala01,5795,1790187351138,0,0,OCUPADO,1,28,55,120,1,1
1790187353138,sala01,5796,1790187353138,0,0,OCUPADO,1,28,55,120,1,1
1790187355138,sala01,5797,1790187355138,0,0,OCUPADO,0,28,55,120,1,1
1790187357138,sala01,5798,1790187357138,0,0,OCUPADO,1,28,55,120,1,1
1790187359138,sala01,5799,1790187359138,0,0,OCUPADO,1,28,55,120,1,1
1790187361138,sala01,5800,1790187361138,0,0,OCUPADO,1,28,55,120,1,1
1790187363138,sala01,5801,1790187363138,0,0,OCUPADO,0,28,55,120,1,1
1790187365138,sala01,5802,1790187365138,0,0,OCUPADO,1,28,55,120,1,1
1790187367138,sala01,5803,1790187367138,0,0,OCUPADO,1,28,55,120,1,1
1790187369138,sala01,5804,1790187369138,0,0,OCUPADO,1,28,55,120,1,1
1790187371138,sala01,5805,1790187371138,0,0,OCUPADO,0,28,55,120,1,1
1790187373138,sala01,5806,1790187373138,0,0,OCUPADO,1,28,55,120,1,1
1790187375138,sala01,5807,1790187375138,0,0,OCUPADO,1,28,55,120,1,1
1790187377138,sala01,5808,1790187377138,0,0,OCUPADO,1,28,55,120,1,1
1790187379138,sala01,5809,1790187379138,0,0,OCUPADO,0,28,55,120,1,1
1790187381138,sala01,5810,1790187381138,0,0,OCUPADO,1,28,55,120,1,1
1790187383138,sala01,5811,1790187383138,0,0,OCUPADO,1,28,55,120,1,1
1790187385138,sala01,5812,1790187385138,0,0,OCUPADO,1,28,55,120,1,1
1790187387138,sala01,5813,1790187387138,0,0,OCUPADO,0,28,55,120,1,1
1790187389138,sala01,5814,1790187389138,0,0,OCUPADO,1,28,55,120,1,1
1790187391138,sala01,5815,1790187391138,0,0,OCUPADO,1,28,55,120,1,1
1790187393138,sala01,5816,1790187393138,0,0,OCUPADO,1,28,55,120,1,1
1790187395138,sala01,5817,1790187395138,0,0,OCUPADO,0,28,55,120,1,1
1790187397138,sala01,5818,1790187397138,0,0,OCUPADO,1,28,55,120,1,1
1790187399138,sala01,5819,1790187399138,0,0,OCUPADO,1,28,55,120,1,1
1790187401138,sala01,5820,1790187401138,0,0,OCUPADO,1,28,55,120,1,1
1790187403138,sala01,5821,1790187403138,0,0,OCUPADO,0,28,55,120,1,1
1790187405138,sala01,5822,1790187405138,0,0,OCUPADO,1,28,55,120,1,1
1790187407138,sala01,5823,1790187407138,0,0,OCUPADO,1,28,55,120,1,1
1790187409138,sala01,5824,1790187409138,0,0,OCUPADO,1,28,55,120,1,1
1790187411138,sala01,5825,1790187411138,0,0,OCUPADO,0,28,55,120,1,1
1790187413138,sala01,5826,1790187413138,0,0,OCUPADO,1,28,55,120,1,1
1790187415138,sala01,5827,1790187415138,0,0,OCUPADO,1,28,55,120,1,1
1790187417138,sala01,5828,1790187417138,0,0,OCUPADO,1,28,55,120,1,1
1790187419138,sala01,5829,1790187419138,0,0,OCUPADO,0,28,55,120,1,1
1790187421138,sala01,5830,1790187421138,0,0,OCUPADO,1,28,55,120,1,1
1790187423138,sala01,5831,1790187423138,0,0,OCUPADO,1,28,55,120,1,1
1790187425138,sala01,5832,1790187425138,0,0,OCUPADO,1,28,55,120,1,1
1790187427138,sala01,5833,1790187427138,0,0,OCUPADO,0,28,55,120,1,1
1790187429138,sala01,5834,1790187429138,0,0,OCUPADO,1,28,55,120,1,1
1790187431138,sala01,5835,1790187431138,0,0,OCUPADO,1,28,55,120,1,1
1790187433138,sala01,5836,1790187433138,0,0,OCUPADO,1,28,55,120,1,1
1790187435138,sala01,5837,1790187435138,0,0,OCUPADO,0,28,55,120,1,1
1790187437138,sala01,5838,1790187437138,0,0,OCUPADO,1,28,55,120,1,1
1790187439138,sala01,5839,1790187439138,0,0,OCUPADO,1,28,55,120,1,1
1790187441138,sala01,5840,1790187441138,0,0,OCUPADO,1,28,55,120,1,1
1790187443138,sala01,5841,1790187443138,0,0,OCUPADO,0,28,55,120,1,1
1790187445138,sala01,5842,1790187445138,0,0,OCUPADO,1,28,55,120,1,1
1790187447138,sala01,5843,1790187447138,0,0,OCUPADO,1,28,55,120,1,1
1790187449138,sala01,5844,1790187449138,0,0,OCUPADO,1,28,55,120,1,1
1790187451138,sala01,5845,1790187451138,0,0,OCUPADO,0,28,55,120,1,1
1790187453138,sala01,5846,1790187453138,0,0,OCUPADO,1,28,55,120,1,1
1790187455138,sala01,5847,1790187455138,0,0,OCUPADO,1,28,55,120,1,1
1790187457138,sala01,5848,1790187457138,0,0,OCUPADO,1,28,55,120,1,1
1790187459138,sala01,5849,1790187459138,0,0,OCUPADO,0,28,55,120,1,1
1790187461138,sala01,5850,1790187461138,0,0,OCUPADO,1,28,55,120,1,1
1790187463138,sala01,5851,1790187463138,0,0,OCUPADO,1,28,55,120,1,1
1790187465138,sala01,5852,1790187465138,0,0,OCUPADO,1,28,55,120,1,1
1790187467138,sala01,5853,1790187467138,0,0,OCUPADO,0,28,55,120,1,1
1790187469138,sala01,5854,1790187469138,0,0,OCUPADO,1,28,55,120,1,1
1790187471138,sala01,5855,1790187471138,0,0,OCUPADO,1,28,55,120,1,1
1790187473138,sala01,5856,1790187473138,0,0,OCUPADO,1,28,55,120,1,1
1790187475138,sala01,5857,1790187475138,0,0,OCUPADO,0,28,55,120,1,1
1790187477138,sala01,5858,1790187477138,0,0,OCUPADO,1,28,55,120,1,1
1790187479138,sala01,5859,1790187479138,0,0,OCUPADO,1,28,55,120,1,1
1790187481138,sala01,5860,1790187481138,0,0,OCUPADO,1,28,55,120,1,1
1790187483138,sala01,5861,1790187483138,0,0,OCUPADO,0,28,55,120,1,1
1790187485138,sala01,5862,1790187485138,0,0,OCUPADO,1,28,55,120,1,1
1790187487138,sala01,5863,1790187487138,0,0,OCUPADO,1,28,55,120,1,1
1790187489138,sala01,5864,1790187489138,0,0,OCUPADO,1,28,55,120,1,1
1790187491138,sala01,5865,1790187491138,0,0,OCUPADO,0,28,55,120,1,1
1790187493138,sala01,5866,1790187493138,0,0,OCUPADO,1,28,55,120,1,1
1790187495138,sala01,5867,1790187495138,0,0,OCUPADO,1,28,55,120,1,1
1790187497138,sala01,5868,1790187497138,0,0,OCUPADO,1,28,55,120,1,1
1790187499138,sala01,5869,1790187499138,0,0,OCUPADO,0,28,55,120,1,1
1790187501138,sala01,5870,1790187501138,0,0,OCUPADO,1,28,55,120,1,1
1790187503138,sala01,5871,1790187503138,0,0,OCUPADO,1,28,55,120,1,1
1790187505138,sala01,5872,1790187505138,0,0,OCUPADO,1,28,55,120,1,1
1790187507138,sala01,5873,1790187507138,0,0,OCUPADO,0,28,55,120,1,1
1790187509138,sala01,5874,1790187509138,0,0,OCUPADO,1,28,55,120,1,1
1790187511138,sala01,5875,1790187511138,0,0,OCUPADO,1,28,55,120,1,1
1790187513138,sala01,5876,1790187513138,0,0,OCUPADO,1,28,55,120,1,1
1790187515138,sala01,5877,1790187515138,0,0,OCUPADO,0,28,55,120,1,1
1790187517138,sala01,5878,1790187517138,0,0,OCUPADO,1,28,55,120,1,1
1790187519138,sala01,5879,1790187519138,0,0,OCUPADO,1,28,55,120,1,1
1790187521138,sala01,5880,1790187521138,0,0,OCUPADO,1,28,55,120,1,1
1790187523138,sala01,5881,1790187523138,0,0,OCUPADO,0,28,55,120,1,1
1790187525138,sala01,5882,1790187525138,0,0,OCUPADO,1,28,55,120,1,1
1790187527138,sala01,5883,1790187527138,0,0,OCUPADO,1,28,55,120,1,1
1790187529138,sala01,5884,1790187529138,0,0,OCUPADO,1,28,55,120,1,1
1790187531138,sala01,5885,1790187531138,0,0,OCUPADO,0,28,55,120,1,1
1790187533138,sala01,5886,1790187533138,0,0,OCUPADO,1,28,55,120,1,1
1790187535138,sala01,5887,1790187535138,0,0,OCUPADO,1,28,55,120,1,1
1790187537138,sala01,5888,1790187537138,0,0,OCUPADO,1,28,55,120,1,1
1790187539138,sala01,5889,1790187539138,0,0,OCUPADO,0,28,55,120,1,1
1790187541138,sala01,5890,1790187541138,0,0,OCUPADO,1,28,55,120,1,1
1790187543138,sala01,5891,1790187543138,0,0,OCUPADO,1,28,55,120,1,1
1790187545138,sala01,5892,1790187545138,0,0,OCUPADO,1,28,55,120,1,1
1790187547138,sala01,5893,1790187547138,0,0,OCUPADO,0,28,55,120,1,1
1790187549138,sala01,5894,1790187549138,0,0,OCUPADO,1,28,55,120,1,1
1790187551138,sala01,5895,1790187551138,0,0,OCUPADO,1,28,55,120,1,1
1790187553138,sala01,5896,1790187553138,0,0,OCUPADO,1,28,55,120,1,1
1790187555138,sala01,5897,1790187555138,0,0,OCUPADO,0,28,55,120,1,1
1790187557138,sala01,5898,1790187557138,0,0,OCUPADO,1,28,55,120,1,1
1790187559138,sala01,5899,1790187559138,0,0,OCUPADO,1,28,55,120,1,1
1790187561138,sala01,5900,1790187561138,0,0,OCUPADO,1,28,55,120,1,1
1790187563138,sala01,5901,1790187563138,0,0,OCUPADO,0,28,55,120,1,1
1790187565138,sala01,5902,1790187565138,0,0,OCUPADO,1,28,55,120,1,1
1790187567138,sala01,5903,1790187567138,0,0,OCUPADO,1,28,55,120,1,1
1790187569138,sala01,5904,1790187569138,0,0,OCUPADO,1,28,55,120,1,1
1790187571138,sala01,5905,1790187571138,0,0,OCUPADO,0,28,55,120,1,1
1790187573138,sala01,5906,1790187573138,0,0,OCUPADO,1,28,55,120,1,1
1790187575138,sala01,5907,1790187575138,0,0,OCUPADO,1,28,55,120,1,1
1790187577138,sala01,5908,1790187577138,0,0,OCUPADO,1,28,55,120,1,1
1790187579138,sala01,5909,1790187579138,0,0,OCUPADO,0,28,55,120,1,1
1790187581138,sala01,5910,1790187581138,0,0,OCUPADO,1,28,55,120,1,1
1790187583138,sala01,5911,1790187583138,0,0,OCUPADO,1,28,55,120,1,1
1790187585138,sala01,5912,1790187585138,0,0,OCUPADO,1,28,55,120,1,1
1790187587138,sala01,5913,1790187587138,0,0,OCUPADO,0,28,55,120,1,1
1790187589138,sala01,5914,1790187589138,0,0,OCUPADO,1,28,55,120,1,1
1790187591138,sala01,5915,1790187591138,0,0,OCUPADO,1,28,55,120,1,1
1790187593138,sala01,5916,1790187593138,0,0,OCUPADO,1,28,55,120,1,1
1790187595138,sala01,5917,1790187595138,0,0,OCUPADO,0,28,55,120,1,1
1790187597138,sala01,5918,1790187597138,0,0,OCUPADO,1,28,55,120,1,1
1790187599138,sala01,5919,1790187599138,0,0,OCUPADO,1,28,55,120,1,1
1790187601138,sala01,5920,1790187601138,0,0,OCUPADO,1,28,55,120,1,1
1790187603138,sala01,5921,1790187603138,0,0,OCUPADO,0,28,55,120,1,1
1790187605138,sala01,5922,1790187605138,0,0,OCUPADO,1,28,55,120,1,1
1790187607138,sala01,5923,1790187607138,0,0,OCUPADO,1,28,55,120,1,1
1790187609138,sala01,5924,1790187609138,0,0,OCUPADO,1,28,55,120,1,1
1790187611138,sala01,5925,1790187611138,0,0,OCUPADO,0,28,55,120,1,1
1790187613138,sala01,5926,1790187613138,0,0,OCUPADO,1,28,55,120,1,1
1790187615138,sala01,5927,1790187615138,0,0,OCUPADO,1,28,55,120,1,1
1790187617138,sala01,5928,1790187617138,0,0,OCUPADO,1,28,55,120,1,1
1790187619138,sala01,5929,1790187619138,0,0,OCUPADO,0,28,55,120,1,1
1790187621138,sala01,5930,1790187621138,0,0,OCUPADO,1,28,55,120,1,1
1790187623138,sala01,5931,1790187623138,0,0,OCUPADO,1,28,55,120,1,1
1790187625138,sala01,5932,1790187625138,0,0,OCUPADO,1,28,55,120,1,1
1790187627138,sala01,5933,1790187627138,0,0,OCUPADO,0,28,55,120,1,1
1790187629138,sala01,5934,1790187629138,0,0,OCUPADO,1,28,55,120,1,1
1790187631138,sala01,5935,1790187631138,0,0,OCUPADO,1,28,55,120,1,1
1790187633138,sala01,5936,1790187633138,0,0,OCUPADO,1,28,55,120,1,1
1790187635138,sala01,5937,1790187635138,0,0,OCUPADO,0,28,55,120,1,1
1790187637138,sala01,5938,1790187637138,0,0,OCUPADO,1,28,55,120,1,1
1790187639138,sala01,5939,1790187639138,0,0,OCUPADO,1,28,55,120,1,1
1790187641138,sala01,5940,1790187641138,0,0,OCUPADO,1,28,55,120,1,1
1790187643138,sala01,5941,1790187643138,0,0,OCUPADO,0,28,55,120,1,1
1790187645138,sala01,5942,1790187645138,0,0,OCUPADO,1,28,55,120,1,1
1790187647138,sala01,5943,1790187647138,0,0,OCUPADO,1,28,55,120,1,1
1790187649138,sala01,5944,1790187649138,0,0,OCUPADO,1,28,55,120,1,1
1790187651138,sala01,5945,1790187651138,0,0,OCUPADO,0,28,55,120,1,1
1790187653138,sala01,5946,1790187653138,0,0,OCUPADO,1,28,55,120,1,1
1790187655138,sala01,5947,1790187655138,0,0,OCUPADO,1,28,55,120,1,1
1790187657138,sala01,5948,1790187657138,0,0,OCUPADO,1,28,55,120,1,1
1790187659138,sala01,5949,1790187659138,0,0,OCUPADO,0,28,55,120,1,1
1790187661138,sala01,5950,1790187661138,0,0,OCUPADO,1,28,55,120,1,1
1790187663138,sala01,5951,1790187663138,0,0,OCUPADO,1,28,55,120,1,1
1790187665138,sala01,5952,1790187665138,0,0,OCUPADO,1,28,55,120,1,1
1790187667138,sala01,5953,1790187667138,0,0,OCUPADO,0,28,55,120,1,1
1790187669138,sala01,5954,1790187669138,0,0,OCUPADO,1,28,55,120,1,1
1790187671138,sala01,5955,1790187671138,0,0,OCUPADO,1,28,55,120,1,1
1790187673138,sala01,5956,1790187673138,0,0,OCUPADO,1,28,55,120,1,1
1790187675138,sala01,5957,1790187675138,0,0,OCUPADO,0,28,55,120,1,1
1790187677138,sala01,5958,1790187677138,0,0,OCUPADO,1,28,55,120,1,1
1790187679138,sala01,5959,1790187679138,0,0,OCUPADO,1,28,55,120,1,1
1790187681138,sala01,5960,1790187681138,0,0,OCUPADO,1,28,55,120,1,1
1790187683138,sala01,5961,1790187683138,0,0,OCUPADO,0,28,55,120,1,1
1790187685138,sala01,5962,1790187685138,0,0,OCUPADO,1,28,55,120,1,1
1790187687138,sala01,5963,1790187687138,0,0,OCUPADO,1,28,55,120,1,1
1790187689138,sala01,5964,1790187689138,0,0,OCUPADO,1,28,55,120,1,1
1790187691138,sala01,5965,1790187691138,0,0,OCUPADO,0,28,55,120,1,1
1790187693138,sala01,5966,1790187693138,0,0,OCUPADO,1,28,55,120,1,1
1790187695138,sala01,5967,1790187695138,0,0,OCUPADO,1,28,55,120,1,1
1790187697138,sala01,5968,1790187697138,0,0,OCUPADO,1,28,55,120,1,1
1790187699138,sala01,5969,1790187699138,0,0,OCUPADO,0,28,55,120,1,1
1790187701138,sala01,5970,1790187701138,0,0,OCUPADO,1,28,55,120,1,1
1790187703138,sala01,5971,1790187703138,0,0,OCUPADO,1,28,55,120,1,1
1790187705138,sala01,5972,1790187705138,0,0,OCUPADO,1,28,55,120,1,1
1790187707138,sala01,5973,1790187707138,0,0,OCUPADO,0,28,55,120,1,1
1790187709138,sala01,5974,1790187709138,0,0,OCUPADO,1,28,55,120,1,1
1790187711138,sala01,5975,1790187711138,0,0,OCUPADO,1,28,55,120,1,1
1790187713138,sala01,5976,1790187713138,0,0,OCUPADO,1,28,55,120,1,1
1790187715138,sala01,5977,1790187715138,0,0,OCUPADO,0,28,55,120,1,1
1790187717138,sala01,5978,1790187717138,0,0,OCUPADO,1,28,55,120,1,1
1790187719138,sala01,5979,1790187719138,0,0,OCUPADO,1,28,55,120,1,1
1790187721138,sala01,5980,1790187721138,0,0,OCUPADO,1,28,55,120,1,1
1790187723138,sala01,5981,1790187723138,0,0,OCUPADO,0,28,55,120,1,1
1790187725138,sala01,5982,1790187725138,0,0,OCUPADO,1,28,55,120,1,1
1790187727138,sala01,5983,1790187727138,0,0,OCUPADO,1,28,55,120,1,1
1790187729138,sala01,5984,1790187729138,0,0,OCUPADO,1,28,55,120,1,1
1790187731138,sala01,5985,1790187731138,0,0,OCUPADO,0,28,55,120,1,1
1790187733138,sala01,5986,1790187733138,0,0,OCUPADO,1,28,55,120,1,1
1790187735138,sala01,5987,1790187735138,0,0,OCUPADO,1,28,55,120,1,1
1790187737138,sala01,5988,1790187737138,0,0,OCUPADO,1,28,55,120,1,1
1790187739138,sala01,5989,1790187739138,0,0,OCUPADO,0,28,55,120,1,1
1790187741138,sala01,5990,1790187741138,0,0,OCUPADO,1,28,55,120,1,1
1790187743138,sala01,5991,1790187743138,0,0,OCUPADO,1,28,55,120,1,1
1790187745138,sala01,5992,1790187745138,0,0,OCUPADO,1,28,55,120,1,1
1790187747138,sala01,5993,1790187747138,0,0,OCUPADO,0,28,55,120,1,1
1790187749138,sala01,5994,1790187749138,0,0,OCUPADO,1,28,55,120,1,1
1790187751138,sala01,5995,1790187751138,0,0,OCUPADO,1,28,55,120,1,1
1790187753138,sala01,5996,1790187753138,0,0,OCUPADO,1,28,55,120,1,1
1790187755138,sala01,5997,1790187755138,0,0,OCUPADO,0,28,55,120,1,1
1790187757138,sala01,5998,1790187757138,0,0,OCUPADO,1,28,55,120,1,1
1790187759138,sala01,5999,1790187759138,0,0,OCUPADO,1,28,55,120,1,1
1790187761138,sala01,6000,1790187761138,0,0,OCUPADO,1,28,55,120,1,1
1790187763138,sala01,6001,1790187763138,0,0,OCUPADO,0,28,55,120,1,1
1790187765138,sala01,6002,1790187765138,0,0,OCUPADO,1,28,55,120,1,1
1790187767138,sala01,6003,1790187767138,0,0,OCUPADO,1,28,55,120,1,1
1790187769138,sala01,6004,1790187769138,0,0,OCUPADO,1,28,55,120,1,1
1790187771138,sala01,6005,1790187771138,0,0,OCUPADO,0,28,55,120,1,1
1790187773138,sala01,6006,1790187773138,0,0,OCUPADO,1,28,55,120,1,1
1790187775138,sala01,6007,1790187775138,0,0,OCUPADO,1,28,55,120,1,1
1790187777138,sala01,6008,1790187777138,0,0,OCUPADO,1,28,55,120,1,1
1790187779138,sala01,6009,1790187779138,0,0,OCUPADO,0,28,55,120,1,1
1790187781138,sala01,6010,1790187781138,0,0,OCUPADO,1,28,55,120,1,1
1790187783138,sala01,6011,1790187783138,0,0,OCUPADO,1,28,55,120,1,1
1790187785138,sala01,6012,1790187785138,0,0,OCUPADO,1,28,55,120,1,1
1790187787138,sala01,6013,1790187787138,0,0,OCUPADO,0,28,55,120,1,1
1790187789138,sala01,6014,1790187789138,0,0,OCUPADO,1,28,55,120,1,1
1790187791138,sala01,6015,1790187791138,0,0,OCUPADO,1,28,55,120,1,1
1790187793138,sala01,6016,1790187793138,0,0,OCUPADO,1,28,55,120,1,1
1790187795138,sala01,6017,1790187795138,0,0,OCUPADO,0,28,55,120,1,1
1790187797138,sala01,6018,1790187797138,0,0,OCUPADO,1,28,55,120,1,1
1790187799138,sala01,6019,1790187799138,0,0,OCUPADO,1,28,55,120,1,1
1790187801138,sala01,6020,1790187801138,0,0,OCUPADO,1,28,55,120,1,1
1790187803138,sala01,6021,1790187803138,0,0,OCUPADO,0,28,55,120,1,1
1790187805138,sala01,6022,1790187805138,0,0,OCUPADO,1,28,55,120,1,1
1790187807138,sala01,6023,1790187807138,0,0,OCUPADO,1,28,55,120,1,1
1790187809138,sala01,6024,1790187809138,0,0,OCUPADO,1,28,55,120,1,1
1790187811138,sala01,6025,1790187811138,0,0,OCUPADO,0,28,55,120,1,1
1790187813138,sala01,6026,1790187813138,0,0,OCUPADO,1,28,55,120,1,1
1790187815138,sala01,6027,1790187815138,0,0,OCUPADO,1,28,55,120,1,1
1790187817138,sala01,6028,1790187817138,0,0,OCUPADO,1,28,55,120,1,1
1790187819138,sala01,6029,1790187819138,0,0,OCUPADO,0,28,55,120,1,1
1790187821138,sala01,6030,1790187821138,0,0,OCUPADO,1,28,55,120,1,1
1790187823138,sala01,6031,1790187823138,0,0,OCUPADO,1,28,55,120,1,1
1790187825138,sala01,6032,1790187825138,0,0,OCUPADO,1,28,55,120,1,1
1790187827138,sala01,6033,1790187827138,0,0,OCUPADO,0,28,55,120,1,1
1790187829138,sala01,6034,1790187829138,0,0,OCUPADO,1,28,55,120,1,1
1790187831138,sala01,6035,1790187831138,0,0,OCUPADO,1,28,55,120,1,1
1790187833138,sala01,6036,1790187833138,0,0,OCUPADO,1,28,55,120,1,1
1790187835138,sala01,6037,1790187835138,0,0,OCUPADO,0,28,55,120,1,1
1790187837138,sala01,6038,1790187837138,0,0,OCUPADO,1,28,55,120,1,1
1790187839138,sala01,6039,1790187839138,0,0,OCUPADO,1,28,55,120,1,1
1790187841138,sala01,6040,1790187841138,0,0,OCUPADO,1,28,55,120,1,1
1790187843138,sala01,6041,1790187843138,0,0,OCUPADO,0,28,55,120,1,1
1790187845138,sala01,6042,1790187845138,0,0,OCUPADO,1,28,55,120,1,1
1790187847138,sala01,6043,1790187847138,0,0,OCUPADO,1,28,55,120,1,1
1790187849138,sala01,6044,1790187849138,0,0,OCUPADO,1,28,55,120,1,1
1790187851138,sala01,6045,1790187851138,0,0,OCUPADO,0,28,55,120,1,1
1790187853138,sala01,6046,1790187853138,0,0,OCUPADO,1,28,55,120,1,1
1790187855138,sala01,6047,1790187855138,0,0,OCUPADO,1,28,55,120,1,1
1790187857138,sala01,6048,1790187857138,0,0,OCUPADO,1,28,55,120,1,1
1790187859138,sala01,6049,1790187859138,0,0,OCUPADO,0,28,55,120,1,1
1790187861138,sala01,6050,1790187861138,0,0,OCUPADO,1,28,55,120,1,1
1790187863138,sala01,6051,1790187863138,0,0,OCUPADO,1,28,55,120,1,1
1790187865138,sala01,6052,1790187865138,0,0,OCUPADO,1,28,55,120,1,1
1790187867138,sala01,6053,1790187867138,0,0,OCUPADO,0,28,55,120,1,1
1790187869138,sala01,6054,1790187869138,0,0,OCUPADO,1,28,55,120,1,1
1790187871138,sala01,6055,1790187871138,0,0,OCUPADO,1,28,55,120,1,1
1790187873138,sala01,6056,1790187873138,0,0,OCUPADO,1,28,55,120,1,1
1790187875138,sala01,6057,1790187875138,0,0,OCUPADO,0,28,55,120,1,1
1790187877138,sala01,6058,1790187877138,0,0,OCUPADO,1,28,55,120,1,1
1790187879138,sala01,6059,1790187879138,0,0,OCUPADO,1,28,55,120,1,1
1790187881138,sala01,6060,1790187881138,0,0,OCUPADO,1,28,55,120,1,1
1790187883138,sala01,6061,1790187883138,0,0,OCUPADO,0,28,55,120,1,1
1790187885138,sala01,6062,1790187885138,0,0,OCUPADO,1,28,55,120,1,1
1790187887138,sala01,6063,1790187887138,0,0,OCUPADO,1,28,55,120,1,1
1790187889138,sala01,6064,1790187889138,0,0,OCUPADO,1,28,55,120,1,1
1790187891138,sala01,6065,1790187891138,0,0,OCUPADO,0,28,55,120,1,1
1790187893138,sala01,6066,1790187893138,0,0,OCUPADO,1,28,55,120,1,1
1790187895138,sala01,6067,1790187895138,0,0,OCUPADO,1,28,55,120,1,1
1790187897138,sala01,6068,1790187897138,0,0,OCUPADO,1,28,55,120,1,1
1790187899138,sala01,6069,1790187899138,0,0,OCUPADO,0,28,55,120,1,1
1790187901138,sala01,6070,1790187901138,0,0,OCUPADO,1,28,55,120,1,1
1790187903138,sala01,6071,1790187903138,0,0,OCUPADO,1,28,55,120,1,1
1790187905138,sala01,6072,1790187905138,0,0,OCUPADO,1,28,55,120,1,1
1790187907138,sala01,6073,1790187907138,0,0,OCUPADO,0,28,55,120,1,1
1790187909138,sala01,6074,1790187909138,0,0,OCUPADO,1,28,55,120,1,1
1790187911138,sala01,6075,1790187911138,0,0,OCUPADO,1,28,55,120,1,1
1790187913138,sala01,6076,1790187913138,0,0,OCUPADO,1,28,55,120,1,1
1790187915138,sala01,6077,1790187915138,0,0,OCUPADO,0,28,55,120,1,1
1790187917138,sala01,6078,1790187917138,0,0,OCUPADO,1,28,55,120,1,1
1790187919138,sala01,6079,1790187919138,0,0,OCUPADO,1,28,55,120,1,1
1790187921138,sala01,6080,1790187921138,0,0,OCUPADO,1,28,55,120,1,1
1790187923138,sala01,6081,1790187923138,0,0,OCUPADO,0,28,55,120,1,1
1790187925138,sala01,6082,1790187925138,0,0,OCUPADO,1,28,55,120,1,1
1790187927138,sala01,6083,1790187927138,0,0,OCUPADO,1,28,55,120,1,1
1790187929138,sala01,6084,1790187929138,0,0,OCUPADO,1,28,55,120,1,1
1790187931138,sala01,6085,1790187931138,0,0,OCUPADO,0,28,55,120,1,1
1790187933138,sala01,6086,1790187933138,0,0,OCUPADO,1,28,55,120,1,1
1790187935138,sala01,6087,1790187935138,0,0,OCUPADO,1,28,55,120,1,1
1790187937138,sala01,6088,1790187937138,0,0,OCUPADO,1,28,55,120,1,1
1790187939138,sala01,6089,1790187939138,0,0,OCUPADO,0,28,55,120,1,1
1790187941138,sala01,6090,1790187941138,0,0,OCUPADO,1,28,55,120,1,1
1790187943138,sala01,6091,1790187943138,0,0,OCUPADO,1,28,55,120,1,1
1790187945138,sala01,6092,1790187945138,0,0,OCUPADO,1,28,55,120,1,1
1790187947138,sala01,6093,1790187947138,0,0,OCUPADO,0,28,55,120,1,1
1790187949138,sala01,6094,1790187949138,0,0,OCUPADO,1,28,55,120,1,1
1790187951138,sala01,6095,1790187951138,0,0,OCUPADO,1,28,55,120,1,1
1790187953138,sala01,6096,1790187953138,0,0,OCUPADO,1,28,55,120,1,1
1790187955138,sala01,6097,1790187955138,0,0,OCUPADO,0,28,55,120,1,1
1790187957138,sala01,6098,1790187957138,0,0,OCUPADO,1,28,55,120,1,1
1790187959138,sala01,6099,1790187959138,0,0,OCUPADO,1,28,55,120,1,1
1790187961138,sala01,6100,1790187961138,0,0,OCUPADO,1,28,55,120,1,1
1790187963138,sala01,6101,1790187963138,0,0,OCUPADO,0,28,55,120,1,1
1790187965138,sala01,6102,1790187965138,0,0,OCUPADO,1,28,55,120,1,1
1790187967138,sala01,6103,1790187967138,0,0,OCUPADO,1,28,55,120,1,1
1790187969138,sala01,6104,1790187969138,0,0,OCUPADO,1,28,55,120,1,1
1790187971138,sala01,6105,1790187971138,0,0,OCUPADO,0,28,55,120,1,1
1790187973138,sala01,6106,1790187973138,0,0,OCUPADO,1,28,55,120,1,1
1790187975138,sala01,6107,1790187975138,0,0,OCUPADO,1,28,55,120,1,1
1790187977138,sala01,6108,1790187977138,0,0,OCUPADO,1,28,55,120,1,1
1790187979138,sala01,6109,1790187979138,0,0,OCUPADO,0,28,55,120,1,1
1790187981138,sala01,6110,1790187981138,0,0,OCUPADO,1,28,55,120,1,1
1790187983138,sala01,6111,1790187983138,0,0,OCUPADO,1,28,55,120,1,1
1790187985138,sala01,6112,1790187985138,0,0,OCUPADO,1,28,55,120,1,1
1790187987138,sala01,6113,1790187987138,0,0,OCUPADO,0,28,55,120,1,1
1790187989138,sala01,6114,1790187989138,0,0,OCUPADO,1,28,55,120,1,1
1790187991138,sala01,6115,1790187991138,0,0,OCUPADO,1,28,55,120,1,1
1790187993138,sala01,6116,1790187993138,0,0,OCUPADO,1,28,55,120,1,1
1790187995138,sala01,6117,1790187995138,0,0,OCUPADO,0,28,55,120,1,1
1790187997138,sala01,6118,1790187997138,0,0,OCUPADO,1,28,55,120,1,1
1790187999138,sala01,6119,1790187999138,0,0,OCUPADO,1,28,55,120,1,1
1790188001138,sala01,6120,1790188001138,0,0,OCUPADO,1,28,55,120,1,1
1790188003138,sala01,6121,1790188003138,0,0,OCUPADO,0,28,55,120,1,1
1790188005138,sala01,6122,1790188005138,0,0,OCUPADO,1,28,55,120,1,1
1790188007138,sala01,6123,1790188007138,0,0,OCUPADO,1,28,55,120,1,1
1790188009138,sala01,6124,1790188009138,0,0,OCUPADO,1,28,55,120,1,1
1790188011138,sala01,6125,1790188011138,0,0,OCUPADO,0,28,55,120,1,1
1790188013138,sala01,6126,1790188013138,0,0,OCUPADO,1,28,55,120,1,1
1790188015138,sala01,6127,1790188015138,0,0,OCUPADO,1,28,55,120,1,1
1790188017138,sala01,6128,1790188017138,0,0,OCUPADO,1,28,55,120,1,1
1790188019138,sala01,6129,1790188019138,0,0,OCUPADO,0,28,55,120,1,1
1790188021138,sala01,6130,1790188021138,0,0,OCUPADO,1,28,55,120,1,1
1790188023138,sala01,6131,1790188023138,0,0,OCUPADO,1,28,55,120,1,1
1790188025138,sala01,6132,1790188025138,0,0,OCUPADO,1,28,55,120,1,1
1790188027138,sala01,6133,1790188027138,0,0,OCUPADO,0,28,55,120,1,1
1790188029138,sala01,6134,1790188029138,0,0,OCUPADO,1,28,55,120,1,1
1790188031138,sala01,6135,1790188031138,0,0,OCUPADO,1,28,55,120,1,1
1790188033138,sala01,6136,1790188033138,0,0,OCUPADO,1,28,55,120,1,1
1790188035138,sala01,6137,1790188035138,0,0,OCUPADO,0,28,55,120,1,1
1790188037138,sala01,6138,1790188037138,0,0,OCUPADO,1,28,55,120,1,1
1790188039138,sala01,6139,1790188039138,0,0,OCUPADO,1,28,55,120,1,1
1790188041138,sala01,6140,1790188041138,0,0,OCUPADO,1,28,55,120,1,1
1790188043138,sala01,6141,1790188043138,0,0,OCUPADO,0,28,55,120,1,1
1790188045138,sala01,6142,1790188045138,0,0,OCUPADO,1,28,55,120,1,1
1790188047138,sala01,6143,1790188047138,0,0,OCUPADO,1,28,55,120,1,1
1790188049138,sala01,6144,1790188049138,0,0,OCUPADO,1,28,55,120,1,1
1790188051138,sala01,6145,1790188051138,0,0,OCUPADO,0,28,55,120,1,1
1790188053138,sala01,6146,1790188053138,0,0,OCUPADO,1,28,55,120,1,1
1790188055138,sala01,6147,1790188055138,0,0,OCUPADO,1,28,55,120,1,1
1790188057138,sala01,6148,1790188057138,0,0,OCUPADO,1,28,55,120,1,1
1790188059138,sala01,6149,1790188059138,0,0,OCUPADO,0,28,55,120,1,1
1790188061138,sala01,6150,1790188061138,0,0,OCUPADO,1,28,55,120,1,1
1790188063138,sala01,6151,1790188063138,0,0,OCUPADO,1,28,55,120,1,1
1790188065138,sala01,6152,1790188065138,0,0,OCUPADO,1,28,55,120,1,1
1790188067138,sala01,6153,1790188067138,0,0,OCUPADO,0,28,55,120,1,1
1790188069138,sala01,6154,1790188069138,0,0,OCUPADO,1,28,55,120,1,1
1790188071138,sala01,6155,1790188071138,0,0,OCUPADO,1,28,55,120,1,1
1790188073138,sala01,6156,1790188073138,0,0,OCUPADO,1,28,55,120,1,1
1790188075138,sala01,6157,1790188075138,0,0,OCUPADO,0,28,55,120,1,1
1790188077138,sala01,6158,1790188077138,0,0,OCUPADO,1,28,55,120,1,1
1790188079138,sala01,6159,1790188079138,0,0,OCUPADO,1,28,55,120,1,1
1790188081138,sala01,6160,1790188081138,0,0,OCUPADO,1,28,55,120,1,1
1790188083138,sala01,6161,1790188083138,0,0,OCUPADO,0,28,55,120,1,1
1790188085138,sala01,6162,1790188085138,0,0,OCUPADO,1,28,55,120,1,1
1790188087138,sala01,6163,1790188087138,0,0,OCUPADO,1,28,55,120,1,1
1790188089138,sala01,6164,1790188089138,0,0,OCUPADO,1,28,55,120,1,1
1790188091138,sala01,6165,1790188091138,0,0,OCUPADO,0,28,55,120,1,1
1790188093138,sala01,6166,1790188093138,0,0,OCUPADO,1,28,55,120,1,1
1790188095138,sala01,6167,1790188095138,0,0,OCUPADO,1,28,55,120,1,1
1790188097138,sala01,6168,1790188097138,0,0,OCUPADO,1,28,55,120,1,1
1790188099138,sala01,6169,1790188099138,0,0,OCUPADO,0,28,55,120,1,1
1790188101138,sala01,6170,1790188101138,0,0,OCUPADO,1,28,55,120,1,1
1790188103138,sala01,6171,1790188103138,0,0,OCUPADO,1,28,55,120,1,1
1790188105138,sala01,6172,1790188105138,0,0,OCUPADO,1,28,55,120,1,1
1790188107138,sala01,6173,1790188107138,0,0,OCUPADO,0,28,55,120,1,1
1790188109138,sala01,6174,1790188109138,0,0,OCUPADO,1,28,55,120,1,1
1790188111138,sala01,6175,1790188111138,0,0,OCUPADO,1,28,55,120,1,1
1790188113138,sala01,6176,1790188113138,0,0,OCUPADO,1,28,55,120,1,1
1790188115138,sala01,6177,1790188115138,0,0,OCUPADO,0,28,55,120,1,1
1790188117138,sala01,6178,1790188117138,0,0,OCUPADO,1,28,55,120,1,1
1790188119138,sala01,6179,1790188119138,0,0,OCUPADO,1,28,55,120,1,1
1790188121138,sala01,6180,1790188121138,0,0,OCUPADO,1,28,55,120,1,1
1790188123138,sala01,6181,1790188123138,0,0,OCUPADO,0,28,55,120,1,1
1790188125138,sala01,6182,1790188125138,0,0,OCUPADO,1,28,55,120,1,1
1790188127138,sala01,6183,1790188127138,0,0,OCUPADO,1,28,55,120,1,1
1790188129138,sala01,6184,1790188129138,0,0,OCUPADO,1,28,55,120,1,1
1790188131138,sala01,6185,1790188131138,0,0,OCUPADO,0,28,55,120,1,1
1790188133138,sala01,6186,1790188133138,0,0,OCUPADO,1,28,55,120,1,1
1790188135138,sala01,6187,1790188135138,0,0,OCUPADO,1,28,55,120,1,1
1790188137138,sala01,6188,1790188137138,0,0,OCUPADO,1,28,55,120,1,1
1790188139138,sala01,6189,1790188139138,0,0,OCUPADO,0,28,55,120,1,1
1790188141138,sala01,6190,1790188141138,0,0,OCUPADO,1,28,55,120,1,1
1790188143138,sala01,6191,1790188143138,0,0,OCUPADO,1,28,55,120,1,1
1790188145138,sala01,6192,1790188145138,0,0,OCUPADO,1,28,55,120,1,1
1790188147138,sala01,6193,1790188147138,0,0,OCUPADO,0,28,55,120,1,1
1790188149138,sala01,6194,1790188149138,0,0,OCUPADO,1,28,55,120,1,1
1790188151138,sala01,6195,1790188151138,0,0,OCUPADO,1,28,55,120,1,1
1790188153138,sala01,6196,1790188153138,0,0,OCUPADO,1,28,55,120,1,1
1790188155138,sala01,6197,1790188155138,0,0,OCUPADO,0,28,55,120,1,1
1790188157138,sala01,6198,1790188157138,0,0,OCUPADO,1,28,55,120,1,1
1790188159138,sala01,6199,1790188159138,0,0,OCUPADO,1,28,55,120,1,1
1790188161138,sala01,6200,1790188161138,0,0,OCUPADO,1,28,55,120,1,1
1790188163138,sala01,6201,1790188163138,0,0,OCUPADO,0,28,55,120,1,1
1790188165138,sala01,6202,1790188165138,0,0,OCUPADO,1,28,55,120,1,1
1790188167138,sala01,6203,1790188167138,0,0,OCUPADO,1,28,55,120,1,1
1790188169138,sala01,6204,1790188169138,0,0,OCUPADO,1,28,55,120,1,1
1790188171138,sala01,6205,1790188171138,0,0,OCUPADO,0,28,55,120,1,1
1790188173138,sala01,6206,1790188173138,0,0,OCUPADO,1,28,55,120,1,1
1790188175138,sala01,6207,1790188175138,0,0,OCUPADO,1,28,55,120,1,1
1790188177138,sala01,6208,1790188177138,0,0,OCUPADO,1,28,55,120,1,1
1790188179138,sala01,6209,1790188179138,0,0,OCUPADO,0,28,55,120,1,1
1790188181138,sala01,6210,1790188181138,0,0,OCUPADO,1,28,55,120,1,1
1790188183138,sala01,6211,1790188183138,0,0,OCUPADO,1,28,55,120,1,1
1790188185138,sala01,6212,1790188185138,0,0,OCUPADO,1,28,55,120,1,1
1790188187138,sala01,6213,1790188187138,0,0,OCUPADO,0,28,55,120,1,1
1790188189138,sala01,6214,1790188189138,0,0,OCUPADO,1,28,55,120,1,1
1790188191138,sala01,6215,1790188191138,0,0,OCUPADO,1,28,55,120,1,1
1790188193138,sala01,6216,1790188193138,0,0,OCUPADO,1,28,55,120,1,1
1790188195138,sala01,6217,1790188195138,0,0,OCUPADO,0,28,55,120,1,1
1790188197138,sala01,6218,1790188197138,0,0,OCUPADO,1,28,55,120,1,1
1790188199138,sala01,6219,1790188199138,0,0,OCUPADO,1,28,55,120,1,1
1790188201138,sala01,6220,1790188201138,0,0,OCUPADO,1,28,55,120,1,1
1790188203138,sala01,6221,1790188203138,0,0,OCUPADO,0,28,55,120,1,1
1790188205138,sala01,6222,1790188205138,0,0,OCUPADO,1,28,55,120,1,1
1790188207138,sala01,6223,1790188207138,0,0,OCUPADO,1,28,55,120,1,1
1790188209138,sala01,6224,1790188209138,0,0,OCUPADO,1,28,55,120,1,1
1790188211138,sala01,6225,1790188211138,0,0,OCUPADO,0,28,55,120,1,1
1790188213138,sala01,6226,1790188213138,0,0,OCUPADO,1,28,55,120,1,1
1790188215138,sala01,6227,1790188215138,0,0,OCUPADO,1,28,55,120,1,1
1790188217138,sala01,6228,1790188217138,0,0,OCUPADO,1,28,55,120,1,1
1790188219138,sala01,6229,1790188219138,0,0,OCUPADO,0,28,55,120,1,1
1790188221138,sala01,6230,1790188221138,0,0,OCUPADO,1,28,55,120,1,1
1790188223138,sala01,6231,1790188223138,0,0,OCUPADO,1,28,55,120,1,1
1790188225138,sala01,6232,1790188225138,0,0,OCUPADO,1,28,55,120,1,1
1790188227138,sala01,6233,1790188227138,0,0,OCUPADO,0,28,55,120,1,1
1790188229138,sala01,6234,1790188229138,0,0,OCUPADO,1,28,55,120,1,1
1790188231138,sala01,6235,1790188231138,0,0,OCUPADO,1,28,55,120,1,1
1790188233138,sala01,6236,1790188233138,0,0,OCUPADO,1,28,55,120,1,1
1790188235138,sala01,6237,1790188235138,0,0,OCUPADO,0,28,55,120,1,1
1790188237138,sala01,6238,1790188237138,0,0,OCUPADO,1,28,55,120,1,1
1790188239138,sala01,6239,1790188239138,0,0,OCUPADO,1,28,55,120,1,1
1790188241138,sala01,6240,1790188241138,0,0,OCUPADO,1,28,55,120,1,1
1790188243138,sala01,6241,1790188243138,0,0,OCUPADO,0,28,55,120,1,1
1790188245138,sala01,6242,1790188245138,0,0,OCUPADO,1,28,55,120,1,1
1790188247138,sala01,6243,1790188247138,0,0,OCUPADO,1,28,55,120,1,1
1790188249138,sala01,6244,1790188249138,0,0,OCUPADO,1,28,55,120,1,1
1790188251138,sala01,6245,1790188251138,0,0,OCUPADO,0,28,55,120,1,1
1790188253138,sala01,6246,1790188253138,0,0,OCUPADO,1,28,55,120,1,1
1790188255138,sala01,6247,1790188255138,0,0,OCUPADO,1,28,55,120,1,1
1790188257138,sala01,6248,1790188257138,0,0,OCUPADO,1,28,55,120,1,1
1790188259138,sala01,6249,1790188259138,0,0,OCUPADO,0,28,55,120,1,1
1790188261138,sala01,6250,1790188261138,0,0,OCUPADO,1,28,55,120,1,1
1790188263138,sala01,6251,1790188263138,0,0,OCUPADO,1,28,55,120,1,1
1790188265138,sala01,6252,1790188265138,0,0,OCUPADO,1,28,55,120,1,1
1790188267138,sala01,6253,1790188267138,0,0,OCUPADO,0,28,55,120,1,1
1790188269138,sala01,6254,1790188269138,0,0,OCUPADO,1,28,55,120,1,1
1790188271138,sala01,6255,1790188271138,0,0,OCUPADO,1,28,55,120,1,1
1790188273138,sala01,6256,1790188273138,0,0,OCUPADO,1,28,55,120,1,1
1790188275138,sala01,6257,1790188275138,0,0,OCUPADO,0,28,55,120,1,1
1790188277138,sala01,6258,1790188277138,0,0,OCUPADO,1,28,55,120,1,1
1790188279138,sala01,6259,1790188279138,0,0,OCUPADO,1,28,55,120,1,1
1790188281138,sala01,6260,1790188281138,0,0,OCUPADO,1,28,55,120,1,1
1790188283138,sala01,6261,1790188283138,0,0,OCUPADO,0,28,55,120,1,1
1790188285138,sala01,6262,1790188285138,0,0,OCUPADO,1,28,55,120,1,1
1790188287138,sala01,6263,1790188287138,0,0,OCUPADO,1,28,55,120,1,1
1790188289138,sala01,6264,1790188289138,0,0,OCUPADO,1,28,55,120,1,1
1790188291138,sala01,6265,1790188291138,0,0,OCUPADO,0,28,55,120,1,1
1790188293138,sala01,6266,1790188293138,0,0,OCUPADO,1,28,55,120,1,1
1790188295138,sala01,6267,1790188295138,0,0,OCUPADO,1,28,55,120,1,1
1790188297138,sala01,6268,1790188297138,0,0,OCUPADO,1,28,55,120,1,1
1790188299138,sala01,6269,1790188299138,0,0,OCUPADO,0,28,55,120,1,1
1790188301138,sala01,6270,1790188301138,0,0,OCUPADO,1,28,55,120,1,1
1790188303138,sala01,6271,1790188303138,0,0,OCUPADO,1,28,55,120,1,1
1790188305138,sala01,6272,1790188305138,0,0,OCUPADO,1,28,55,120,1,1
1790188307138,sala01,6273,1790188307138,0,0,OCUPADO,0,28,55,120,1,1
1790188309138,sala01,6274,1790188309138,0,0,OCUPADO,1,28,55,120,1,1
1790188311138,sala01,6275,1790188311138,0,0,OCUPADO,1,28,55,120,1,1
1790188313138,sala01,6276,1790188313138,0,0,OCUPADO,1,28,55,120,1,1
1790188315138,sala01,6277,1790188315138,0,0,OCUPADO,0,28,55,120,1,1
1790188317138,sala01,6278,1790188317138,0,0,OCUPADO,1,28,55,120,1,1
1790188319138,sala01,6279,1790188319138,0,0,OCUPADO,1,28,55,120,1,1
1790188321138,sala01,6280,1790188321138,0,0,OCUPADO,1,28,55,120,1,1
1790188323138,sala01,6281,1790188323138,0,0,OCUPADO,0,28,55,120,1,1
1790188325138,sala01,6282,1790188325138,0,0,OCUPADO,1,28,55,120,1,1
1790188327138,sala01,6283,1790188327138,0,0,OCUPADO,1,28,55,120,1,1
1790188329138,sala01,6284,1790188329138,0,0,OCUPADO,1,28,55,120,1,1
1790188331138,sala01,6285,1790188331138,0,0,OCUPADO,0,28,55,120,1,1
1790188333138,sala01,6286,1790188333138,0,0,OCUPADO,1,28,55,120,1,1
1790188335138,sala01,6287,1790188335138,0,0,OCUPADO,1,28,55,120,1,1
1790188337138,sala01,6288,1790188337138,0,0,OCUPADO,1,28,55,120,1,1
1790188339138,sala01,6289,1790188339138,0,0,OCUPADO,0,28,55,120,1,1
1790188341138,sala01,6290,1790188341138,0,0,OCUPADO,1,28,55,120,1,1
1790188343138,sala01,6291,1790188343138,0,0,OCUPADO,1,28,55,120,1,1
1790188345138,sala01,6292,1790188345138,0,0,OCUPADO,1,28,55,120,1,1
1790188347138,sala01,6293,1790188347138,0,0,OCUPADO,0,28,55,120,1,1
1790188349138,sala01,6294,1790188349138,0,0,OCUPADO,1,28,55,120,1,1
1790188351138,sala01,6295,1790188351138,0,0,OCUPADO,1,28,55,120,1,1
1790188353138,sala01,6296,1790188353138,0,0,OCUPADO,1,28,55,120,1,1
1790188355138,sala01,6297,1790188355138,0,0,OCUPADO,0,28,55,120,1,1
1790188357138,sala01,6298,1790188357138,0,0,OCUPADO,1,28,55,120,1,1
1790188359138,sala01,6299,1790188359138,0,0,OCUPADO,1,28,55,120,1,1
1790188361138,sala01,6300,1790188361138,0,0,OCUPADO,1,28,55,120,1,1
1790188363138,sala01,6301,1790188363138,0,0,OCUPADO,0,28,55,120,1,1
1790188365138,sala01,6302,1790188365138,0,0,OCUPADO,1,28,55,120,1,1
1790188367138,sala01,6303,1790188367138,0,0,OCUPADO,1,28,55,120,1,1
1790188369138,sala01,6304,1790188369138,0,0,OCUPADO,1,28,55,120,1,1
1790188371138,sala01,6305,1790188371138,0,0,OCUPADO,0,28,55,120,1,1
1790188373138,sala01,6306,1790188373138,0,0,OCUPADO,1,28,55,120,1,1
1790188375138,sala01,6307,1790188375138,0,0,OCUPADO,1,28,55,120,1,1
1790188377138,sala01,6308,1790188377138,0,0,OCUPADO,1,28,55,120,1,1
1790188379138,sala01,6309,1790188379138,0,0,OCUPADO,0,28,55,120,1,1
1790188381138,sala01,6310,1790188381138,0,0,OCUPADO,1,28,55,120,1,1
1790188383138,sala01,6311,1790188383138,0,0,OCUPADO,1,28,55,120,1,1
1790188385138,sala01,6312,1790188385138,0,0,OCUPADO,1,28,55,120,1,1
1790188387138,sala01,6313,1790188387138,0,0,OCUPADO,0,28,55,120,1,1
1790188389138,sala01,6314,1790188389138,0,0,OCUPADO,1,28,55,120,1,1
1790188391138,sala01,6315,1790188391138,0,0,OCUPADO,1,28,55,120,1,1
1790188393138,sala01,6316,1790188393138,0,0,OCUPADO,1,28,55,120,1,1
1790188395138,sala01,6317,1790188395138,0,0,OCUPADO,0,28,55,120,1,1
1790188397138,sala01,6318,1790188397138,0,0,OCUPADO,1,28,55,120,1,1
1790188399138,sala01,6319,1790188399138,0,0,OCUPADO,1,28,55,120,1,1
1790188401138,sala01,6320,1790188401138,0,0,OCUPADO,1,28,55,120,1,1
1790188403138,sala01,6321,1790188403138,0,0,OCUPADO,0,28,55,120,1,1
1790188405138,sala01,6322,1790188405138,0,0,OCUPADO,1,28,55,120,1,1
1790188407138,sala01,6323,1790188407138,0,0,OCUPADO,1,28,55,120,1,1
1790188409138,sala01,6324,1790188409138,0,0,OCUPADO,1,28,55,120,1,1
1790188411138,sala01,6325,1790188411138,0,0,OCUPADO,0,28,55,120,1,1
1790188413138,sala01,6326,1790188413138,0,0,OCUPADO,1,28,55,120,1,1
1790188415138,sala01,6327,1790188415138,0,0,OCUPADO,1,28,55,120,1,1
1790188417138,sala01,6328,1790188417138,0,0,OCUPADO,1,28,55,120,1,1
1790188419138,sala01,6329,1790188419138,0,0,OCUPADO,0,28,55,120,1,1
1790188421138,sala01,6330,1790188421138,0,0,OCUPADO,1,28,55,120,1,1
1790188423138,sala01,6331,1790188423138,0,0,OCUPADO,1,28,55,120,1,1
1790188425138,sala01,6332,1790188425138,0,0,OCUPADO,1,28,55,120,1,1
1790188427138,sala01,6333,1790188427138,0,0,OCUPADO,0,28,55,120,1,1
1790188429138,sala01,6334,1790188429138,0,0,OCUPADO,1,28,55,120,1,1
1790188431138,sala01,6335,1790188431138,0,0,OCUPADO,1,28,55,120,1,1
1790188433138,sala01,6336,1790188433138,0,0,OCUPADO,1,28,55,120,1,1
1790188435138,sala01,6337,1790188435138,0,0,OCUPADO,0,28,55,120,1,1
1790188437138,sala01,6338,1790188437138,0,0,OCUPADO,1,28,55,120,1,1
1790188439138,sala01,6339,1790188439138,0,0,OCUPADO,1,28,55,120,1,1
1790188441138,sala01,6340,1790188441138,0,0,OCUPADO,1,28,55,120,1,1
1790188443138,sala01,6341,1790188443138,0,0,OCUPADO,0,28,55,120,1,1
1790188445138,sala01,6342,1790188445138,0,0,OCUPADO,1,28,55,120,1,1
1790188447138,sala01,6343,1790188447138,0,0,OCUPADO,1,28,55,120,1,1
1790188449138,sala01,6344,1790188449138,0,0,OCUPADO,1,28,55,120,1,1
1790188451138,sala01,6345,1790188451138,0,0,OCUPADO,0,28,55,120,1,1
1790188453138,sala01,6346,1790188453138,0,0,OCUPADO,1,28,55,120,1,1
1790188455138,sala01,6347,1790188455138,0,0,OCUPADO,1,28,55,120,1,1
1790188457138,sala01,6348,1790188457138,0,0,OCUPADO,1,28,55,120,1,1
1790188459138,sala01,6349,1790188459138,0,0,OCUPADO,0,28,55,120,1,1
1790188461138,sala01,6350,1790188461138,0,0,OCUPADO,1,28,55,120,1,1
1790188463138,sala01,6351,1790188463138,0,0,OCUPADO,1,28,55,120,1,1
1790188465138,sala01,6352,1790188465138,0,0,OCUPADO,1,28,55,120,1,1
1790188467138,sala01,6353,1790188467138,0,0,OCUPADO,0,28,55,120,1,1
1790188469138,sala01,6354,1790188469138,0,0,OCUPADO,1,28,55,120,1,1
1790188471138,sala01,6355,1790188471138,0,0,OCUPADO,1,28,55,120,1,1
1790188473138,sala01,6356,1790188473138,0,0,OCUPADO,1,28,55,120,1,1
1790188475138,sala01,6357,1790188475138,0,0,OCUPADO,0,28,55,120,1,1
1790188477138,sala01,6358,1790188477138,0,0,OCUPADO,1,28,55,120,1,1
1790188479138,sala01,6359,1790188479138,0,0,OCUPADO,1,28,55,120,1,1
1790188481138,sala01,6360,1790188481138,0,0,OCUPADO,1,28,55,120,1,1
1790188483138,sala01,6361,1790188483138,0,0,OCUPADO,0,28,55,120,1,1
1790188485138,sala01,6362,1790188485138,0,0,OCUPADO,1,28,55,120,1,1
1790188487138,sala01,6363,1790188487138,0,0,OCUPADO,1,28,55,120,1,1
1790188489138,sala01,6364,1790188489138,0,0,OCUPADO,1,28,55,120,1,1
1790188491138,sala01,6365,1790188491138,0,0,OCUPADO,0,28,55,120,1,1
1790188493138,sala01,6366,1790188493138,0,0,OCUPADO,1,28,55,120,1,1
1790188495138,sala01,6367,1790188495138,0,0,OCUPADO,1,28,55,120,1,1
1790188497138,sala01,6368,1790188497138,0,0,OCUPADO,1,28,55,120,1,1
1790188499138,sala01,6369,1790188499138,0,0,OCUPADO,0,28,55,120,1,1
1790188501138,sala01,6370,1790188501138,0,0,OCUPADO,1,28,55,120,1,1
1790188503138,sala01,6371,1790188503138,0,0,OCUPADO,1,28,55,120,1,1
1790188505138,sala01,6372,1790188505138,0,0,OCUPADO,1,28,55,120,1,1
1790188507138,sala01,6373,1790188507138,0,0,OCUPADO,0,28,55,120,1,1
1790188509138,sala01,6374,1790188509138,0,0,OCUPADO,1,28,55,120,1,1
1790188511138,sala01,6375,1790188511138,0,0,OCUPADO,1,28,55,120,1,1
1790188513138,sala01,6376,1790188513138,0,0,OCUPADO,1,28,55,120,1,1
1790188515138,sala01,6377,1790188515138,0,0,OCUPADO,0,28,55,120,1,1
1790188517138,sala01,6378,1790188517138,0,0,OCUPADO,1,28,55,120,1,1
1790188519138,sala01,6379,1790188519138,0,0,OCUPADO,1,28,55,120,1,1
1790188521138,sala01,6380,1790188521138,0,0,OCUPADO,1,28,55,120,1,1
1790188523138,sala01,6381,1790188523138,0,0,OCUPADO,0,28,55,120,1,1
1790188525138,sala01,6382,1790188525138,0,0,OCUPADO,1,28,55,120,1,1
1790188527138,sala01,6383,1790188527138,0,0,OCUPADO,1,28,55,120,1,1
1790188529138,sala01,6384,1790188529138,0,0,OCUPADO,1,28,55,120,1,1
1790188531138,sala01,6385,1790188531138,0,0,OCUPADO,0,28,55,120,1,1
1790188533138,sala01,6386,1790188533138,0,0,OCUPADO,1,28,55,120,1,1
1790188535138,sala01,6387,1790188535138,0,0,OCUPADO,1,28,55,120,1,1
1790188537138,sala01,6388,1790188537138,0,0,OCUPADO,1,28,55,120,1,1
1790188539138,sala01,6389,1790188539138,0,0,OCUPADO,0,28,55,120,1,1
1790188541138,sala01,6390,1790188541138,0,0,OCUPADO,1,28,55,120,1,1
1790188543138,sala01,6391,1790188543138,0,0,OCUPADO,1,28,55,120,1,1
1790188545138,sala01,6392,1790188545138,0,0,OCUPADO,1,28,55,120,1,1
1790188547138,sala01,6393,1790188547138,0,0,OCUPADO,0,28,55,120,1,1
1790188549138,sala01,6394,1790188549138,0,0,OCUPADO,1,28,55,120,1,1
1790188551138,sala01,6395,1790188551138,0,0,OCUPADO,1,28,55,120,1,1
1790188553138,sala01,6396,1790188553138,0,0,OCUPADO,1,28,55,120,1,1
1790188555138,sala01,6397,1790188555138,0,0,OCUPADO,0,28,55,120,1,1
1790188557138,sala01,6398,1790188557138,0,0,OCUPADO,1,28,55,120,1,1
1790188559138,sala01,6399,1790188559138,0,0,OCUPADO,1,28,55,120,1,1
1790188561138,sala01,6400,1790188561138,0,0,OCUPADO,1,28,55,120,1,1
1790188563138,sala01,6401,1790188563138,0,0,OCUPADO,0,28,55,120,1,1
1790188565138,sala01,6402,1790188565138,0,0,OCUPADO,1,28,55,120,1,1
1790188567138,sala01,6403,1790188567138,0,0,OCUPADO,1,28,55,120,1,1
1790188569138,sala01,6404,1790188569138,0,0,OCUPADO,1,28,55,120,1,1
1790188571138,sala01,6405,1790188571138,0,0,OCUPADO,0,28,55,120,1,1
1790188573138,sala01,6406,1790188573138,0,0,OCUPADO,1,28,55,120,1,1
1790188575138,sala01,6407,1790188575138,0,0,OCUPADO,1,28,55,120,1,1
1790188577138,sala01,6408,1790188577138,0,0,OCUPADO,1,28,55,120,1,1
1790188579138,sala01,6409,1790188579138,0,0,OCUPADO,0,28,55,120,1,1
1790188581138,sala01,6410,1790188581138,0,0,OCUPADO,1,28,55,120,1,1
1790188583138,sala01,6411,1790188583138,0,0,OCUPADO,1,28,55,120,1,1
1790188585138,sala01,6412,1790188585138,0,0,OCUPADO,1,28,55,120,1,1
1790188587138,sala01,6413,1790188587138,0,0,OCUPADO,0,28,55,120,1,1
1790188589138,sala01,6414,1790188589138,0,0,OCUPADO,1,28,55,120,1,1
1790188591138,sala01,6415,1790188591138,0,0,OCUPADO,1,28,55,120,1,1
1790188593138,sala01,6416,1790188593138,0,0,OCUPADO,1,28,55,120,1,1
1790188595138,sala01,6417,1790188595138,0,0,OCUPADO,0,28,55,120,1,1
1790188597138,sala01,6418,1790188597138,0,0,OCUPADO,1,28,55,120,1,1
1790188599138,sala01,6419,1790188599138,0,0,OCUPADO,1,28,55,120,1,1
1790188601138,sala01,6420,1790188601138,0,0,OCUPADO,1,28,55,120,1,1
1790188603138,sala01,6421,1790188603138,0,0,OCUPADO,0,28,55,120,1,1
1790188605138,sala01,6422,1790188605138,0,0,OCUPADO,1,28,55,120,1,1
1790188607138,sala01,6423,1790188607138,0,0,OCUPADO,1,28,55,120,1,1
1790188609138,sala01,6424,1790188609138,0,0,OCUPADO,1,28,55,120,1,1
1790188611138,sala01,6425,1790188611138,0,0,OCUPADO,0,28,55,120,1,1
1790188613138,sala01,6426,1790188613138,0,0,OCUPADO,1,28,55,120,1,1
1790188615138,sala01,6427,1790188615138,0,0,OCUPADO,1,28,55,120,1,1
1790188617138,sala01,6428,1790188617138,0,0,OCUPADO,1,28,55,120,1,1
1790188619138,sala01,6429,1790188619138,0,0,OCUPADO,0,28,55,120,1,1
1790188621138,sala01,6430,1790188621138,0,0,OCUPADO,1,28,55,120,1,1
1790188623138,sala01,6431,1790188623138,0,0,OCUPADO,1,28,55,120,1,1
1790188625138,sala01,6432,1790188625138,0,0,OCUPADO,1,28,55,120,1,1
1790188627138,sala01,6433,1790188627138,0,0,OCUPADO,0,28,55,120,1,1
1790188629138,sala01,6434,1790188629138,0,0,OCUPADO,1,28,55,120,1,1
1790188631138,sala01,6435,1790188631138,0,0,OCUPADO,1,28,55,120,1,1
1790188633138,sala01,6436,1790188633138,0,0,OCUPADO,1,28,55,120,1,1
1790188635138,sala01,6437,1790188635138,0,0,OCUPADO,0,28,55,120,1,1
1790188637138,sala01,6438,1790188637138,0,0,OCUPADO,1,28,55,120,1,1
1790188639138,sala01,6439,1790188639138,0,0,OCUPADO,1,28,55,120,1,1
1790188641138,sala01,6440,1790188641138,0,0,OCUPADO,1,28,55,120,1,1
1790188643138,sala01,6441,1790188643138,0,0,OCUPADO,0,28,55,120,1,1
1790188645138,sala01,6442,1790188645138,0,0,OCUPADO,1,28,55,120,1,1
1790188647138,sala01,6443,1790188647138,0,0,OCUPADO,1,28,55,120,1,1
1790188649138,sala01,6444,1790188649138,0,0,OCUPADO,1,28,55,120,1,1
1790188651138,sala01,6445,1790188651138,0,0,OCUPADO,0,28,55,120,1,1
1790188653138,sala01,6446,1790188653138,0,0,OCUPADO,1,28,55,120,1,1
1790188655138,sala01,6447,1790188655138,0,0,OCUPADO,1,28,55,120,1,1
1790188657138,sala01,6448,1790188657138,0,0,OCUPADO,1,28,55,120,1,1
1790188659138,sala01,6449,1790188659138,0,0,OCUPADO,0,28,55,120,1,1
1790188661138,sala01,6450,1790188661138,0,0,OCUPADO,1,28,55,120,1,1
1790188663138,sala01,6451,1790188663138,0,0,OCUPADO,1,28,55,120,1,1
1790188665138,sala01,6452,1790188665138,0,0,OCUPADO,1,28,55,120,1,1
1790188667138,sala01,6453,1790188667138,0,0,OCUPADO,0,28,55,120,1,1
1790188669138,sala01,6454,1790188669138,0,0,OCUPADO,1,28,55,120,1,1
1790188671138,sala01,6455,1790188671138,0,0,OCUPADO,1,28,55,120,1,1
1790188673138,sala01,6456,1790188673138,0,0,OCUPADO,1,28,55,120,1,1
1790188675138,sala01,6457,1790188675138,0,0,OCUPADO,0,28,55,120,1,1
1790188677138,sala01,6458,1790188677138,0,0,OCUPADO,1,28,55,120,1,1
1790188679138,sala01,6459,1790188679138,0,0,OCUPADO,1,28,55,120,1,1
1790188681138,sala01,6460,1790188681138,0,0,OCUPADO,1,28,55,120,1,1
1790188683138,sala01,6461,1790188683138,0,0,OCUPADO,0,28,55,120,1,1
1790188685138,sala01,6462,1790188685138,0,0,OCUPADO,1,28,55,120,1,1
1790188687138,sala01,6463,1790188687138,0,0,OCUPADO,1,28,55,120,1,1
1790188689138,sala01,6464,1790188689138,0,0,OCUPADO,1,28,55,120,1,1
1790188691138,sala01,6465,1790188691138,0,0,OCUPADO,0,28,55,120,1,1
1790188693138,sala01,6466,1790188693138,0,0,OCUPADO,1,28,55,120,1,1
1790188695138,sala01,6467,1790188695138,0,0,OCUPADO,1,28,55,120,1,1
1790188697138,sala01,6468,1790188697138,0,0,OCUPADO,1,28,55,120,1,1
1790188699138,sala01,6469,1790188699138,0,0,OCUPADO,0,28,55,120,1,1
1790188701138,sala01,6470,1790188701138,0,0,OCUPADO,1,28,55,120,1,1
1790188703138,sala01,6471,1790188703138,0,0,OCUPADO,1,28,55,120,1,1
1790188705138,sala01,6472,1790188705138,0,0,OCUPADO,1,28,55,120,1,1
1790188707138,sala01,6473,1790188707138,0,0,OCUPADO,0,28,55,120,1,1
1790188709138,sala01,6474,1790188709138,0,0,OCUPADO,1,28,55,120,1,1
1790188711138,sala01,6475,1790188711138,0,0,OCUPADO,1,28,55,120,1,1
1790188713138,sala01,6476,1790188713138,0,0,OCUPADO,1,28,55,120,1,1
1790188715138,sala01,6477,1790188715138,0,0,OCUPADO,0,28,55,120,1,1
1790188717138,sala01,6478,1790188717138,0,0,OCUPADO,1,28,55,120,1,1
1790188719138,sala01,6479,1790188719138,0,0,OCUPADO,1,28,55,120,1,1
1790188721138,sala01,6480,1790188721138,0,0,OCUPADO,1,28,55,120,1,1
1790188723138,sala01,6481,1790188723138,0,0,OCUPADO,0,28,55,120,1,1
1790188725138,sala01,6482,1790188725138,0,0,OCUPADO,1,28,55,120,1,1
1790188727138,sala01,6483,1790188727138,0,0,OCUPADO,1,28,55,120,1,1
1790188729138,sala01,6484,1790188729138,0,0,OCUPADO,1,28,55,120,1,1
1790188731138,sala01,6485,1790188731138,0,0,OCUPADO,0,28,55,120,1,1
1790188733138,sala01,6486,1790188733138,0,0,OCUPADO,1,28,55,120,1,1
1790188735138,sala01,6487,1790188735138,0,0,OCUPADO,1,28,55,120,1,1
1790188737138,sala01,6488,1790188737138,0,0,OCUPADO,1,28,55,120,1,1
1790188739138,sala01,6489,1790188739138,0,0,OCUPADO,0,28,55,120,1,1
1790188741138,sala01,6490,1790188741138,0,0,OCUPADO,1,28,55,120,1,1
1790188743138,sala01,6491,1790188743138,0,0,OCUPADO,1,28,55,120,1,1
1790188745138,sala01,6492,1790188745138,0,0,OCUPADO,1,28,55,120,1,1
1790188747138,sala01,6493,1790188747138,0,0,OCUPADO,0,28,55,120,1,1
1790188749138,sala01,6494,1790188749138,0,0,OCUPADO,1,28,55,120,1,1
1790188751138,sala01,6495,1790188751138,0,0,OCUPADO,1,28,55,120,1,1
1790188753138,sala01,6496,1790188753138,0,0,OCUPADO,1,28,55,120,1,1
1790188755138,sala01,6497,1790188755138,0,0,OCUPADO,0,28,55,120,1,1
1790188757138,sala01,6498,1790188757138,0,0,OCUPADO,1,28,55,120,1,1
1790188759138,sala01,6499,1790188759138,0,0,OCUPADO,1,28,55,120,1,1
1790188761138,sala01,6500,1790188761138,0,0,OCUPADO,1,28,55,120,1,1
1790188763138,sala01,6501,1790188763138,0,0,OCUPADO,0,28,55,120,1,1
1790188765138,sala01,6502,1790188765138,0,0,OCUPADO,1,28,55,120,1,1
1790188767138,sala01,6503,1790188767138,0,0,OCUPADO,1,28,55,120,1,1
1790188769138,sala01,6504,1790188769138,0,0,OCUPADO,1,28,55,120,1,1
1790188771138,sala01,6505,1790188771138,0,0,OCUPADO,0,28,55,120,1,1
1790188773138,sala01,6506,1790188773138,0,0,OCUPADO,1,28,55,120,1,1
1790188775138,sala01,6507,1790188775138,0,0,OCUPADO,1,28,55,120,1,1
1790188777138,sala01,6508,1790188777138,0,0,OCUPADO,1,28,55,120,1,1
1790188779138,sala01,6509,1790188779138,0,0,OCUPADO,0,28,55,120,1,1
1790188781138,sala01,6510,1790188781138,0,0,OCUPADO,1,28,55,120,1,1
1790188783138,sala01,6511,1790188783138,0,0,OCUPADO,1,28,55,120,1,1
1790188785138,sala01,6512,1790188785138,0,0,OCUPADO,1,28,55,120,1,1
1790188787138,sala01,6513,1790188787138,0,0,OCUPADO,0,28,55,120,1,1
1790188789138,sala01,6514,1790188789138,0,0,OCUPADO,1,28,55,120,1,1
1790188791138,sala01,6515,1790188791138,0,0,OCUPADO,1,28,55,120,1,1
1790188793138,sala01,6516,1790188793138,0,0,OCUPADO,1,28,55,120,1,1
1790188795138,sala01,6517,1790188795138,0,0,OCUPADO,0,28,55,120,1,1
1790188797138,sala01,6518,1790188797138,0,0,OCUPADO,1,28,55,120,1,1
1790188799138,sala01,6519,1790188799138,0,0,OCUPADO,1,28,55,120,1,1
1790188801138,sala01,6520,1790188801138,0,0,OCUPADO,1,28,55,120,1,1
1790188803138,sala01,6521,1790188803138,0,0,OCUPADO,0,28,55,120,1,1
1790188805138,sala01,6522,1790188805138,0,0,OCUPADO,1,28,55,120,1,1
1790188807138,sala01,6523,1790188807138,0,0,OCUPADO,1,28,55,120,1,1
1790188809138,sala01,6524,1790188809138,0,0,OCUPADO,1,28,55,120,1,1
1790188811138,sala01,6525,1790188811138,0,0,OCUPADO,0,28,55,120,1,1
1790188813138,sala01,6526,1790188813138,0,0,OCUPADO,1,28,55,120,1,1
1790188815138,sala01,6527,1790188815138,0,0,OCUPADO,1,28,55,120,1,1
1790188817138,sala01,6528,1790188817138,0,0,OCUPADO,1,28,55,120,1,1
1790188819138,sala01,6529,1790188819138,0,0,OCUPADO,0,28,55,120,1,1
1790188821138,sala01,6530,1790188821138,0,0,OCUPADO,1,28,55,120,1,1
1790188823138,sala01,6531,1790188823138,0,0,OCUPADO,1,28,55,120,1,1
1790188825138,sala01,6532,1790188825138,0,0,OCUPADO,1,28,55,120,1,1
1790188827138,sala01,6533,1790188827138,0,0,OCUPADO,0,28,55,120,1,1
1790188829138,sala01,6534,1790188829138,0,0,OCUPADO,1,28,55,120,1,1
1790188831138,sala01,6535,1790188831138,0,0,OCUPADO,1,28,55,120,1,1
1790188833138,sala01,6536,1790188833138,0,0,OCUPADO,1,28,55,120,1,1
1790188835138,sala01,6537,1790188835138,0,0,OCUPADO,0,28,55,120,1,1
1790188837138,sala01,6538,1790188837138,0,0,OCUPADO,1,28,55,120,1,1
1790188839138,sala01,6539,1790188839138,0,0,OCUPADO,1,28,55,120,1,1
1790188841138,sala01,6540,1790188841138,0,0,OCUPADO,1,28,55,120,1,1
1790188843138,sala01,6541,1790188843138,0,0,OCUPADO,0,28,55,120,1,1
1790188845138,sala01,6542,1790188845138,0,0,OCUPADO,1,28,55,120,1,1
1790188847138,sala01,6543,1790188847138,0,0,OCUPADO,1,28,55,120,1,1
1790188849138,sala01,6544,1790188849138,0,0,OCUPADO,1,28,55,120,1,1
1790188851138,sala01,6545,1790188851138,0,0,OCUPADO,0,28,55,120,1,1
1790188853138,sala01,6546,1790188853138,0,0,OCUPADO,1,28,55,120,1,1
1790188855138,sala01,6547,1790188855138,0,0,OCUPADO,1,28,55,120,1,1
1790188857138,sala01,6548,1790188857138,0,0,OCUPADO,1,28,55,120,1,1
1790188859138,sala01,6549,1790188859138,0,0,OCUPADO,0,28,55,120,1,1
1790188861138,sala01,6550,1790188861138,0,0,OCUPADO,1,28,55,120,1,1
1790188863138,sala01,6551,1790188863138,0,0,OCUPADO,1,28,55,120,1,1
1790188865138,sala01,6552,1790188865138,0,0,OCUPADO,1,28,55,120,1,1
1790188867138,sala01,6553,1790188867138,0,0,OCUPADO,0,28,55,120,1,1
1790188869138,sala01,6554,1790188869138,0,0,OCUPADO,1,28,55,120,1,1
1790188871138,sala01,6555,1790188871138,0,0,OCUPADO,1,28,55,120,1,1
1790188873138,sala01,6556,1790188873138,0,0,OCUPADO,1,28,55,120,1,1
1790188875138,sala01,6557,1790188875138,0,0,OCUPADO,0,28,55,120,1,1
1790188877138,sala01,6558,1790188877138,0,0,OCUPADO,1,28,55,120,1,1
1790188879138,sala01,6559,1790188879138,0,0,OCUPADO,1,28,55,120,1,1
1790188881138,sala01,6560,1790188881138,0,0,OCUPADO,1,28,55,120,1,1
1790188883138,sala01,6561,1790188883138,0,0,OCUPADO,0,28,55,120,1,1
1790188885138,sala01,6562,1790188885138,0,0,OCUPADO,1,28,55,120,1,1
1790188887138,sala01,6563,1790188887138,0,0,OCUPADO,1,28,55,120,1,1
1790188889138,sala01,6564,1790188889138,0,0,OCUPADO,1,28,55,120,1,1
1790188891138,sala01,6565,1790188891138,0,0,OCUPADO,0,28,55,120,1,1
1790188893138,sala01,6566,1790188893138,0,0,OCUPADO,1,28,55,120,1,1
1790188895138,sala01,6567,1790188895138,0,0,OCUPADO,1,28,55,120,1,1
1790188897138,sala01,6568,1790188897138,0,0,OCUPADO,1,28,55,120,1,1
1790188899138,sala01,6569,1790188899138,0,0,OCUPADO,0,28,55,120,1,1
1790188901138,sala01,6570,1790188901138,0,0,OCUPADO,1,28,55,120,1,1
1790188903138,sala01,6571,1790188903138,0,0,OCUPADO,1,28,55,120,1,1
1790188905138,sala01,6572,1790188905138,0,0,OCUPADO,1,28,55,120,1,1
1790188907138,sala01,6573,1790188907138,0,0,OCUPADO,0,28,55,120,1,1
1790188909138,sala01,6574,1790188909138,0,0,OCUPADO,1,28,55,120,1,1
1790188911138,sala01,6575,1790188911138,0,0,OCUPADO,1,28,55,120,1,1
1790188913138,sala01,6576,1790188913138,0,0,OCUPADO,1,28,55,120,1,1
1790188915138,sala01,6577,1790188915138,0,0,OCUPADO,0,28,55,120,1,1
1790188917138,sala01,6578,1790188917138,0,0,OCUPADO,1,28,55,120,1,1
1790188919138,sala01,6579,1790188919138,0,0,OCUPADO,1,28,55,120,1,1
1790188921138,sala01,6580,1790188921138,0,0,OCUPADO,1,28,55,120,1,1
1790188923138,sala01,6581,1790188923138,0,0,OCUPADO,0,28,55,120,1,1
1790188925138,sala01,6582,1790188925138,0,0,OCUPADO,1,28,55,120,1,1
1790188927138,sala01,6583,1790188927138,0,0,OCUPADO,1,28,55,120,1,1
1790188929138,sala01,6584,1790188929138,0,0,OCUPADO,1,28,55,120,1,1
1790188931138,sala01,6585,1790188931138,0,0,OCUPADO,0,28,55,120,1,1
1790188933138,sala01,6586,1790188933138,0,0,OCUPADO,1,28,55,120,1,1
1790188935138,sala01,6587,1790188935138,0,0,OCUPADO,1,28,55,120,1,1
1790188937138,sala01,6588,1790188937138,0,0,OCUPADO,1,28,55,120,1,1
1790188939138,sala01,6589,1790188939138,0,0,OCUPADO,0,28,55,120,1,1
1790188941138,sala01,6590,1790188941138,0,0,OCUPADO,1,28,55,120,1,1
1790188943138,sala01,6591,1790188943138,0,0,OCUPADO,1,28,55,120,1,1
1790188945138,sala01,6592,1790188945138,0,0,OCUPADO,1,28,55,120,1,1
1790188947138,sala01,6593,1790188947138,0,0,OCUPADO,0,28,55,120,1,1
1790188949138,sala01,6594,1790188949138,0,0,OCUPADO,1,28,55,120,1,1
1790188951138,sala01,6595,1790188951138,0,0,OCUPADO,1,28,55,120,1,1
1790188953138,sala01,6596,1790188953138,0,0,OCUPADO,1,28,55,120,1,1
1790188955138,sala01,6597,1790188955138,0,0,OCUPADO,0,28,55,120,1,1
1790188957138,sala01,6598,1790188957138,0,0,OCUPADO,1,28,55,120,1,1
1790188959138,sala01,6599,1790188959138,0,0,OCUPADO,1,28,55,120,1,1
1790188961138,sala01,6600,1790188961138,0,0,OCUPADO,1,28,55,120,1,1
1790188963138,sala01,6601,1790188963138,0,0,OCUPADO,0,28,55,120,1,1
1790188965138,sala01,6602,1790188965138,0,0,OCUPADO,1,28,55,120,1,1
1790188967138,sala01,6603,1790188967138,0,0,OCUPADO,1,28,55,120,1,1
1790188969138,sala01,6604,1790188969138,0,0,OCUPADO,1,28,55,120,1,1
1790188971138,sala01,6605,1790188971138,0,0,OCUPADO,0,28,55,120,1,1
1790188973138,sala01,6606,1790188973138,0,0,OCUPADO,1,28,55,120,1,1
1790188975138,sala01,6607,1790188975138,0,0,OCUPADO,1,28,55,120,1,1
1790188977138,sala01,6608,1790188977138,0,0,OCUPADO,1,28,55,120,1,1
1790188979138,sala01,6609,1790188979138,0,0,OCUPADO,0,28,55,120,1,1
1790188981138,sala01,6610,1790188981138,0,0,OCUPADO,1,28,55,120,1,1
1790188983138,sala01,6611,1790188983138,0,0,OCUPADO,1,28,55,120,1,1
1790188985138,sala01,6612,1790188985138,0,0,OCUPADO,1,28,55,120,1,1
1790188987138,sala01,6613,1790188987138,0,0,OCUPADO,0,28,55,120,1,1
1790188989138,sala01,6614,1790188989138,0,0,OCUPADO,1,28,55,120,1,1
1790188991138,sala01,6615,1790188991138,0,0,OCUPADO,1,28,55,120,1,1
1790188993138,sala01,6616,1790188993138,0,0,OCUPADO,1,28,55,120,1,1
1790188995138,sala01,6617,1790188995138,0,0,OCUPADO,0,28,55,120,1,1
1790188997138,sala01,6618,1790188997138,0,0,OCUPADO,1,28,55,120,1,1
1790188999138,sala01,6619,1790188999138,0,0,OCUPADO,1,28,55,120,1,1
1790189001138,sala01,6620,1790189001138,0,0,OCUPADO,1,28,55,120,1,1
1790189003138,sala01,6621,1790189003138,0,0,OCUPADO,0,28,55,120,1,1
1790189005138,sala01,6622,1790189005138,0,0,OCUPADO,1,28,55,120,1,1
1790189007138,sala01,6623,1790189007138,0,0,OCUPADO,1,28,55,120,1,1
1790189009138,sala01,6624,1790189009138,0,0,OCUPADO,1,28,55,120,1,1
1790189011138,sala01,6625,1790189011138,0,0,OCUPADO,0,28,55,120,1,1
1790189013138,sala01,6626,1790189013138,0,0,OCUPADO,1,28,55,120,1,1
1790189015138,sala01,6627,1790189015138,0,0,OCUPADO,1,28,55,120,1,1
1790189017138,sala01,6628,1790189017138,0,0,OCUPADO,1,28,55,120,1,1
1790189019138,sala01,6629,1790189019138,0,0,OCUPADO,0,28,55,120,1,1
1790189021138,sala01,6630,1790189021138,0,0,OCUPADO,1,28,55,120,1,1
1790189023138,sala01,6631,1790189023138,0,0,OCUPADO,1,28,55,120,1,1
1790189025138,sala01,6632,1790189025138,0,0,OCUPADO,1,28,55,120,1,1
1790189027138,sala01,6633,1790189027138,0,0,OCUPADO,0,28,55,120,1,1
1790189029138,sala01,6634,1790189029138,0,0,OCUPADO,1,28,55,120,1,1
1790189031138,sala01,6635,1790189031138,0,0,OCUPADO,1,28,55,120,1,1
1790189033138,sala01,6636,1790189033138,0,0,OCUPADO,1,28,55,120,1,1
1790189035138,sala01,6637,1790189035138,0,0,OCUPADO,0,28,55,120,1,1
1790189037138,sala01,6638,1790189037138,0,0,OCUPADO,1,28,55,120,1,1
1790189039138,sala01,6639,1790189039138,0,0,OCUPADO,1,28,55,120,1,1
1790189041138,sala01,6640,1790189041138,0,0,OCUPADO,1,28,55,120,1,1
1790189043138,sala01,6641,1790189043138,0,0,OCUPADO,0,28,55,120,1,1
1790189045138,sala01,6642,1790189045138,0,0,OCUPADO,1,28,55,120,1,1
1790189047138,sala01,6643,1790189047138,0,0,OCUPADO,1,28,55,120,1,1
1790189049138,sala01,6644,1790189049138,0,0,OCUPADO,1,28,55,120,1,1
1790189051138,sala01,6645,1790189051138,0,0,OCUPADO,0,28,55,120,1,1
1790189053138,sala01,6646,1790189053138,0,0,OCUPADO,1,28,55,120,1,1
1790189055138,sala01,6647,1790189055138,0,0,OCUPADO,1,28,55,120,1,1
1790189057138,sala01,6648,1790189057138,0,0,OCUPADO,1,28,55,120,1,1
1790189059138,sala01,6649,1790189059138,0,0,OCUPADO,0,28,55,120,1,1
1790189061138,sala01,6650,1790189061138,0,0,OCUPADO,1,28,55,120,1,1
1790189063138,sala01,6651,1790189063138,0,0,OCUPADO,1,28,55,120,1,1
1790189065138,sala01,6652,1790189065138,0,0,OCUPADO,1,28,55,120,1,1
1790189067138,sala01,6653,1790189067138,0,0,OCUPADO,0,28,55,120,1,1
1790189069138,sala01,6654,1790189069138,0,0,OCUPADO,1,28,55,120,1,1
1790189071138,sala01,6655,1790189071138,0,0,OCUPADO,1,28,55,120,1,1
1790189073138,sala01,6656,1790189073138,0,0,OCUPADO,1,28,55,120,1,1
1790189075138,sala01,6657,1790189075138,0,0,OCUPADO,0,28,55,120,1,1
1790189077138,sala01,6658,1790189077138,0,0,OCUPADO,1,28,55,120,1,1
1790189079138,sala01,6659,1790189079138,0,0,OCUPADO,1,28,55,120,1,1
1790189081138,sala01,6660,1790189081138,0,0,OCUPADO,1,28,55,120,1,1
1790189083138,sala01,6661,1790189083138,0,0,OCUPADO,0,28,55,120,1,1
1790189085138,sala01,6662,1790189085138,0,0,OCUPADO,1,28,55,120,1,1
1790189087138,sala01,6663,1790189087138,0,0,OCUPADO,1,28,55,120,1,1
1790189089138,sala01,6664,1790189089138,0,0,OCUPADO,1,28,55,120,1,1
1790189091138,sala01,6665,1790189091138,0,0,OCUPADO,0,28,55,120,1,1
1790189093138,sala01,6666,1790189093138,0,0,OCUPADO,1,28,55,120,1,1
1790189095138,sala01,6667,1790189095138,0,0,OCUPADO,1,28,55,120,1,1
1790189097138,sala01,6668,1790189097138,0,0,OCUPADO,1,28,55,120,1,1
1790189099138,sala01,6669,1790189099138,0,0,OCUPADO,0,28,55,120,1,1
1790189101138,sala01,6670,1790189101138,0,0,OCUPADO,1,28,55,120,1,1
1790189103138,sala01,6671,1790189103138,0,0,OCUPADO,1,28,55,120,1,1
1790189105138,sala01,6672,1790189105138,0,0,OCUPADO,1,28,55,120,1,1
1790189107138,sala01,6673,1790189107138,0,0,OCUPADO,0,28,55,120,1,1
1790189109138,sala01,6674,1790189109138,0,0,OCUPADO,1,28,55,120,1,1
1790189111138,sala01,6675,1790189111138,0,0,OCUPADO,1,28,55,120,1,1
1790189113138,sala01,6676,1790189113138,0,0,OCUPADO,1,28,55,120,1,1
1790189115138,sala01,6677,1790189115138,0,0,OCUPADO,0,28,55,120,1,1
1790189117138,sala01,6678,1790189117138,0,0,OCUPADO,1,28,55,120,1,1
1790189119138,sala01,6679,1790189119138,0,0,OCUPADO,1,28,55,120,1,1
1790189121138,sala01,6680,1790189121138,0,0,OCUPADO,1,28,55,120,1,1
1790189123138,sala01,6681,1790189123138,0,0,OCUPADO,0,28,55,120,1,1
1790189125138,sala01,6682,1790189125138,0,0,OCUPADO,1,28,55,120,1,1
1790189127138,sala01,6683,1790189127138,0,0,OCUPADO,1,28,55,120,1,1
1790189129138,sala01,6684,1790189129138,0,0,OCUPADO,1,28,55,120,1,1
1790189131138,sala01,6685,1790189131138,0,0,OCUPADO,0,28,55,120,1,1
1790189133138,sala01,6686,1790189133138,0,0,OCUPADO,1,28,55,120,1,1
1790189135138,sala01,6687,1790189135138,0,0,OCUPADO,1,28,55,120,1,1
1790189137138,sala01,6688,1790189137138,0,0,OCUPADO,1,28,55,120,1,1
1790189139138,sala01,6689,1790189139138,0,0,OCUPADO,0,28,55,120,1,1
1790189141138,sala01,6690,1790189141138,0,0,OCUPADO,1,28,55,120,1,1
1790189143138,sala01,6691,1790189143138,0,0,OCUPADO,1,28,55,120,1,1
1790189145138,sala01,6692,1790189145138,0,0,OCUPADO,1,28,55,120,1,1
1790189147138,sala01,6693,1790189147138,0,0,OCUPADO,0,28,55,120,1,1
1790189149138,sala01,6694,1790189149138,0,0,OCUPADO,1,28,55,120,1,1
1790189151138,sala01,6695,1790189151138,0,0,OCUPADO,1,28,55,120,1,1
1790189153138,sala01,6696,1790189153138,0,0,OCUPADO,1,28,55,120,1,1
1790189155138,sala01,6697,1790189155138,0,0,OCUPADO,0,28,55,120,1,1
1790189157138,sala01,6698,1790189157138,0,0,OCUPADO,1,28,55,120,1,1
1790189159138,sala01,6699,1790189159138,0,0,OCUPADO,1,28,55,120,1,1
1790189161138,sala01,6700,1790189161138,0,0,OCUPADO,1,28,55,120,1,1
1790189163138,sala01,6701,1790189163138,0,0,OCUPADO,0,28,55,120,1,1
1790189165138,sala01,6702,1790189165138,0,0,OCUPADO,1,28,55,120,1,1
1790189167138,sala01,6703,1790189167138,0,0,OCUPADO,1,28,55,120,1,1
1790189169138,sala01,6704,1790189169138,0,0,OCUPADO,1,28,55,120,1,1
1790189171138,sala01,6705,1790189171138,0,0,OCUPADO,0,28,55,120,1,1
1790189173138,sala01,6706,1790189173138,0,0,OCUPADO,1,28,55,120,1,1
1790189175138,sala01,6707,1790189175138,0,0,OCUPADO,1,28,55,120,1,1
1790189177138,sala01,6708,1790189177138,0,0,OCUPADO,1,28,55,120,1,1
1790189179138,sala01,6709,1790189179138,0,0,OCUPADO,0,28,55,120,1,1
1790189181138,sala01,6710,1790189181138,0,0,OCUPADO,1,28,55,120,1,1
1790189183138,sala01,6711,1790189183138,0,0,OCUPADO,1,28,55,120,1,1
1790189185138,sala01,6712,1790189185138,0,0,OCUPADO,1,28,55,120,1,1
1790189187138,sala01,6713,1790189187138,0,0,OCUPADO,0,28,55,120,1,1
1790189189138,sala01,6714,1790189189138,0,0,OCUPADO,1,28,55,120,1,1
1790189191138,sala01,6715,1790189191138,0,0,OCUPADO,1,28,55,120,1,1
1790189193138,sala01,6716,1790189193138,0,0,OCUPADO,1,28,55,120,1,1
1790189195138,sala01,6717,1790189195138,0,0,OCUPADO,0,28,55,120,1,1
1790189197138,sala01,6718,1790189197138,0,0,OCUPADO,1,28,55,120,1,1
1790189199138,sala01,6719,1790189199138,0,0,OCUPADO,1,28,55,120,1,1
1790189201138,sala01,6720,1790189201138,0,0,OCUPADO,1,28,55,120,1,1
1790189203138,sala01,6721,1790189203138,0,0,OCUPADO,0,28,55,120,1,1
1790189205138,sala01,6722,1790189205138,0,0,OCUPADO,1,28,55,120,1,1
1790189207138,sala01,6723,1790189207138,0,0,OCUPADO,1,28,55,120,1,1
1790189209138,sala01,6724,1790189209138,0,0,OCUPADO,1,28,55,120,1,1
1790189211138,sala01,6725,1790189211138,0,0,OCUPADO,0,28,55,120,1,1
1790189213138,sala01,6726,1790189213138,0,0,OCUPADO,1,28,55,120,1,1
1790189215138,sala01,6727,1790189215138,0,0,OCUPADO,1,28,55,120,1,1
1790189217138,sala01,6728,1790189217138,0,0,OCUPADO,1,28,55,120,1,1
1790189219138,sala01,6729,1790189219138,0,0,OCUPADO,0,28,55,120,1,1
1790189221138,sala01,6730,1790189221138,0,0,OCUPADO,1,28,55,120,1,1
1790189223138,sala01,6731,1790189223138,0,0,OCUPADO,1,28,55,120,1,1
1790189225138,sala01,6732,1790189225138,0,0,OCUPADO,1,28,55,120,1,1
1790189227138,sala01,6733,1790189227138,0,0,OCUPADO,0,28,55,120,1,1
1790189229138,sala01,6734,1790189229138,0,0,OCUPADO,1,28,55,120,1,1
1790189231138,sala01,6735,1790189231138,0,0,OCUPADO,1,28,55,120,1,1
1790189233138,sala01,6736,1790189233138,0,0,OCUPADO,1,28,55,120,1,1
1790189235138,sala01,6737,1790189235138,0,0,OCUPADO,0,28,55,120,1,1
1790189237138,sala01,6738,1790189237138,0,0,OCUPADO,1,28,55,120,1,1
1790189239138,sala01,6739,1790189239138,0,0,OCUPADO,1,28,55,120,1,1
1790189241138,sala01,6740,1790189241138,0,0,OCUPADO,1,28,55,120,1,1
1790189243138,sala01,6741,1790189243138,0,0,OCUPADO,0,28,55,120,1,1
1790189245138,sala01,6742,1790189245138,0,0,OCUPADO,1,28,55,120,1,1
1790189247138,sala01,6743,1790189247138,0,0,OCUPADO,1,28,55,120,1,1
1790189249138,sala01,6744,1790189249138,0,0,OCUPADO,1,28,55,120,1,1
1790189251138,sala01,6745,1790189251138,0,0,OCUPADO,0,28,55,120,1,1
1790189253138,sala01,6746,1790189253138,0,0,OCUPADO,1,28,55,120,1,1
1790189255138,sala01,6747,1790189255138,0,0,OCUPADO,1,28,55,120,1,1
1790189257138,sala01,6748,1790189257138,0,0,OCUPADO,1,28,55,120,1,1
1790189259138,sala01,6749,1790189259138,0,0,OCUPADO,0,28,55,120,1,1
1790189261138,sala01,6750,1790189261138,0,0,OCUPADO,1,28,55,120,1,1
1790189263138,sala01,6751,1790189263138,0,0,OCUPADO,1,28,55,120,1,1
1790189265138,sala01,6752,1790189265138,0,0,OCUPADO,1,28,55,120,1,1
1790189267138,sala01,6753,1790189267138,0,0,OCUPADO,0,28,55,120,1,1
1790189269138,sala01,6754,1790189269138,0,0,OCUPADO,1,28,55,120,1,1
1790189271138,sala01,6755,1790189271138,0,0,OCUPADO,1,28,55,120,1,1
1790189273138,sala01,6756,1790189273138,0,0,OCUPADO,1,28,55,120,1,1
1790189275138,sala01,6757,1790189275138,0,0,OCUPADO,0,28,55,120,1,1
1790189277138,sala01,6758,1790189277138,0,0,OCUPADO,1,28,55,120,1,1
1790189279138,sala01,6759,1790189279138,0,0,OCUPADO,1,28,55,120,1,1
1790189281138,sala01,6760,1790189281138,0,0,OCUPADO,1,28,55,120,1,1
1790189283138,sala01,6761,1790189283138,0,0,OCUPADO,0,28,55,120,1,1
1790189285138,sala01,6762,1790189285138,0,0,OCUPADO,1,28,55,120,1,1
1790189287138,sala01,6763,1790189287138,0,0,OCUPADO,1,28,55,120,1,1
1790189289138,sala01,6764,1790189289138,0,0,OCUPADO,1,28,55,120,1,1
1790189291138,sala01,6765,1790189291138,0,0,OCUPADO,0,28,55,120,1,1
1790189293138,sala01,6766,1790189293138,0,0,OCUPADO,1,28,55,120,1,1
1790189295138,sala01,6767,1790189295138,0,0,OCUPADO,1,28,55,120,1,1
1790189297138,sala01,6768,1790189297138,0,0,OCUPADO,1,28,55,120,1,1
1790189299138,sala01,6769,1790189299138,0,0,OCUPADO,0,28,55,120,1,1
1790189301138,sala01,6770,1790189301138,0,0,OCUPADO,1,28,55,120,1,1
1790189303138,sala01,6771,1790189303138,0,0,OCUPADO,1,28,55,120,1,1
1790189305138,sala01,6772,1790189305138,0,0,OCUPADO,1,28,55,120,1,1
1790189307138,sala01,6773,1790189307138,0,0,OCUPADO,0,28,55,120,1,1
1790189309138,sala01,6774,1790189309138,0,0,OCUPADO,1,28,55,120,1,1
1790189311138,sala01,6775,1790189311138,0,0,OCUPADO,1,28,55,120,1,1
1790189313138,sala01,6776,1790189313138,0,0,OCUPADO,1,28,55,120,1,1
1790189315138,sala01,6777,1790189315138,0,0,OCUPADO,0,28,55,120,1,1
1790189317138,sala01,6778,1790189317138,0,0,OCUPADO,1,28,55,120,1,1
1790189319138,sala01,6779,1790189319138,0,0,OCUPADO,1,28,55,120,1,1
1790189321138,sala01,6780,1790189321138,0,0,OCUPADO,1,28,55,120,1,1
1790189323138,sala01,6781,1790189323138,0,0,OCUPADO,0,28,55,120,1,1
1790189325138,sala01,6782,1790189325138,0,0,OCUPADO,1,28,55,120,1,1
1790189327138,sala01,6783,1790189327138,0,0,OCUPADO,1,28,55,120,1,1
1790189329138,sala01,6784,1790189329138,0,0,OCUPADO,1,28,55,120,1,1
1790189331138,sala01,6785,1790189331138,0,0,OCUPADO,0,28,55,120,1,1
1790189333138,sala01,6786,1790189333138,0,0,OCUPADO,1,28,55,120,1,1
1790189335138,sala01,6787,1790189335138,0,0,OCUPADO,1,28,55,120,1,1
1790189337138,sala01,6788,1790189337138,0,0,OCUPADO,1,28,55,120,1,1
1790189339138,sala01,6789,1790189339138,0,0,OCUPADO,0,28,55,120,1,1
1790189341138,sala01,6790,1790189341138,0,0,OCUPADO,1,28,55,120,1,1
1790189343138,sala01,6791,1790189343138,0,0,OCUPADO,1,28,55,120,1,1
1790189345138,sala01,6792,1790189345138,0,0,OCUPADO,1,28,55,120,1,1
1790189347138,sala01,6793,1790189347138,0,0,OCUPADO,0,28,55,120,1,1
1790189349138,sala01,6794,1790189349138,0,0,OCUPADO,1,28,55,120,1,1
1790189351138,sala01,6795,1790189351138,0,0,OCUPADO,1,28,55,120,1,1
1790189353138,sala01,6796,1790189353138,0,0,OCUPADO,1,28,55,120,1,1
1790189355138,sala01,6797,1790189355138,0,0,OCUPADO,0,28,55,120,1,1
1790189357138,sala01,6798,1790189357138,0,0,OCUPADO,1,28,55,120,1,1
1790189359138,sala01,6799,1790189359138,0,0,OCUPADO,1,28,55,120,1,1
1790189361138,sala01,6800,1790189361138,0,0,OCUPADO,1,28,55,120,1,1
1790189363138,sala01,6801,1790189363138,0,0,OCUPADO,0,28,55,120,1,1
1790189365138,sala01,6802,1790189365138,0,0,OCUPADO,1,28,55,120,1,1
1790189367138,sala01,6803,1790189367138,0,0,OCUPADO,1,28,55,120,1,1
1790189369138,sala01,6804,1790189369138,0,0,OCUPADO,1,28,55,120,1,1
1790189371138,sala01,6805,1790189371138,0,0,OCUPADO,0,28,55,120,1,1
1790189373138,sala01,6806,1790189373138,0,0,OCUPADO,1,28,55,120,1,1
1790189375138,sala01,6807,1790189375138,0,0,OCUPADO,1,28,55,120,1,1
1790189377138,sala01,6808,1790189377138,0,0,OCUPADO,1,28,55,120,1,1
1790189379138,sala01,6809,1790189379138,0,0,OCUPADO,0,28,55,120,1,1
1790189381138,sala01,6810,1790189381138,0,0,OCUPADO,1,28,55,120,1,1
1790189383138,sala01,6811,1790189383138,0,0,OCUPADO,1,28,55,120,1,1
1790189385138,sala01,6812,1790189385138,0,0,OCUPADO,1,28,55,120,1,1
1790189387138,sala01,6813,1790189387138,0,0,OCUPADO,0,28,55,120,1,1
1790189389138,sala01,6814,1790189389138,0,0,OCUPADO,1,28,55,120,1,1
1790189391138,sala01,6815,1790189391138,0,0,OCUPADO,1,28,55,120,1,1
1790189393138,sala01,6816,1790189393138,0,0,OCUPADO,1,28,55,120,1,1
1790189395138,sala01,6817,1790189395138,0,0,OCUPADO,0,28,55,120,1,1
1790189397138,sala01,6818,1790189397138,0,0,OCUPADO,1,28,55,120,1,1
1790189399138,sala01,6819,1790189399138,0,0,OCUPADO,1,28,55,120,1,1
1790189401138,sala01,6820,1790189401138,0,0,OCUPADO,1,28,55,120,1,1
1790189403138,sala01,6821,1790189403138,0,0,OCUPADO,0,28,55,120,1,1
1790189405138,sala01,6822,1790189405138,0,0,OCUPADO,1,28,55,120,1,1
1790189407138,sala01,6823,1790189407138,0,0,OCUPADO,1,28,55,120,1,1
1790189409138,sala01,6824,1790189409138,0,0,OCUPADO,1,28,55,120,1,1
1790189411138,sala01,6825,1790189411138,0,0,OCUPADO,0,28,55,120,1,1
1790189413138,sala01,6826,1790189413138,0,0,OCUPADO,1,28,55,120,1,1
1790189415138,sala01,6827,1790189415138,0,0,OCUPADO,1,28,55,120,1,1
1790189417138,sala01,6828,1790189417138,0,0,OCUPADO,1,28,55,120,1,1
1790189419138,sala01,6829,1790189419138,0,0,OCUPADO,0,28,55,120,1,1
1790189421138,sala01,6830,1790189421138,0,0,OCUPADO,1,28,55,120,1,1
1790189423138,sala01,6831,1790189423138,0,0,OCUPADO,1,28,55,120,1,1
1790189425138,sala01,6832,1790189425138,0,0,OCUPADO,1,28,55,120,1,1
1790189427138,sala01,6833,1790189427138,0,0,OCUPADO,0,28,55,120,1,1
1790189429138,sala01,6834,1790189429138,0,0,OCUPADO,1,28,55,120,1,1
1790189431138,sala01,6835,1790189431138,0,0,OCUPADO,1,28,55,120,1,1
1790189433138,sala01,6836,1790189433138,0,0,OCUPADO,1,28,55,120,1,1
1790189435138,sala01,6837,1790189435138,0,0,OCUPADO,0,28,55,120,1,1
1790189437138,sala01,6838,1790189437138,0,0,OCUPADO,1,28,55,120,1,1
1790189439138,sala01,6839,1790189439138,0,0,OCUPADO,1,28,55,120,1,1
1790189441138,sala01,6840,1790189441138,0,0,OCUPADO,1,28,55,120,1,1
1790189443138,sala01,6841,1790189443138,0,0,OCUPADO,0,28,55,120,1,1
1790189445138,sala01,6842,1790189445138,0,0,OCUPADO,1,28,55,120,1,1
1790189447138,sala01,6843,1790189447138,0,0,OCUPADO,1,28,55,120,1,1
1790189449138,sala01,6844,1790189449138,0,0,OCUPADO,1,28,55,120,1,1
1790189451138,sala01,6845,1790189451138,0,0,OCUPADO,0,28,55,120,1,1
1790189453138,sala01,6846,1790189453138,0,0,OCUPADO,1,28,55,120,1,1
1790189455138,sala01,6847,1790189455138,0,0,OCUPADO,1,28,55,120,1,1
1790189457138,sala01,6848,1790189457138,0,0,OCUPADO,1,28,55,120,1,1
1790189459138,sala01,6849,1790189459138,0,0,OCUPADO,0,28,55,120,1,1
1790189461138,sala01,6850,1790189461138,0,0,OCUPADO,1,28,55,120,1,1
1790189463138,sala01,6851,1790189463138,0,0,OCUPADO,1,28,55,120,1,1
1790189465138,sala01,6852,1790189465138,0,0,OCUPADO,1,28,55,120,1,1
1790189467138,sala01,6853,1790189467138,0,0,OCUPADO,0,28,55,120,1,1
1790189469138,sala01,6854,1790189469138,0,0,OCUPADO,1,28,55,120,1,1
1790189471138,sala01,6855,1790189471138,0,0,OCUPADO,1,28,55,120,1,1
1790189473138,sala01,6856,1790189473138,0,0,OCUPADO,1,28,55,120,1,1
1790189475138,sala01,6857,1790189475138,0,0,OCUPADO,0,28,55,120,1,1
1790189477138,sala01,6858,1790189477138,0,0,OCUPADO,1,28,55,120,1,1
1790189479138,sala01,6859,1790189479138,0,0,OCUPADO,1,28,55,120,1,1
1790189481138,sala01,6860,1790189481138,0,0,OCUPADO,1,28,55,120,1,1
1790189483138,sala01,6861,1790189483138,0,0,OCUPADO,0,28,55,120,1,1
1790189485138,sala01,6862,1790189485138,0,0,OCUPADO,1,28,55,120,1,1
1790189487138,sala01,6863,1790189487138,0,0,OCUPADO,1,28,55,120,1,1
1790189489138,sala01,6864,1790189489138,0,0,OCUPADO,1,28,55,120,1,1
1790189491138,sala01,6865,1790189491138,0,0,OCUPADO,0,28,55,120,1,1
1790189493138,sala01,6866,1790189493138,0,0,OCUPADO,1,28,55,120,1,1
1790189495138,sala01,6867,1790189495138,0,0,OCUPADO,1,28,55,120,1,1
1790189497138,sala01,6868,1790189497138,0,0,OCUPADO,1,28,55,120,1,1
1790189499138,sala01,6869,1790189499138,0,0,OCUPADO,0,28,55,120,1,1
1790189501138,sala01,6870,1790189501138,0,0,OCUPADO,1,28,55,120,1,1
1790189503138,sala01,6871,1790189503138,0,0,OCUPADO,1,28,55,120,1,1
1790189505138,sala01,6872,1790189505138,0,0,OCUPADO,1,28,55,120,1,1
1790189507138,sala01,6873,1790189507138,0,0,OCUPADO,0,28,55,120,1,1
1790189509138,sala01,6874,1790189509138,0,0,OCUPADO,1,28,55,120,1,1
1790189511138,sala01,6875,1790189511138,0,0,OCUPADO,1,28,55,120,1,1
1790189513138,sala01,6876,1790189513138,0,0,OCUPADO,1,28,55,120,1,1
1790189515138,sala01,6877,1790189515138,0,0,OCUPADO,0,28,55,120,1,1
1790189517138,sala01,6878,1790189517138,0,0,OCUPADO,1,28,55,120,1,1
1790189519138,sala01,6879,1790189519138,0,0,OCUPADO,1,28,55,120,1,1
1790189521138,sala01,6880,1790189521138,0,0,OCUPADO,1,28,55,120,1,1
1790189523138,sala01,6881,1790189523138,0,0,OCUPADO,0,28,55,120,1,1
1790189525138,sala01,6882,1790189525138,0,0,OCUPADO,1,28,55,120,1,1
1790189527138,sala01,6883,1790189527138,0,0,OCUPADO,1,28,55,120,1,1
1790189529138,sala01,6884,1790189529138,0,0,OCUPADO,1,28,55,120,1,1
1790189531138,sala01,6885,1790189531138,0,0,OCUPADO,0,28,55,120,1,1
1790189533138,sala01,6886,1790189533138,0,0,OCUPADO,1,28,55,120,1,1
1790189535138,sala01,6887,1790189535138,0,0,OCUPADO,1,28,55,120,1,1
1790189537138,sala01,6888,1790189537138,0,0,OCUPADO,1,28,55,120,1,1
1790189539138,sala01,6889,1790189539138,0,0,OCUPADO,0,28,55,120,1,1
1790189541138,sala01,6890,1790189541138,0,0,OCUPADO,1,28,55,120,1,1
1790189543138,sala01,6891,1790189543138,0,0,OCUPADO,1,28,55,120,1,1
1790189545138,sala01,6892,1790189545138,0,0,OCUPADO,1,28,55,120,1,1
1790189547138,sala01,6893,1790189547138,0,0,OCUPADO,0,28,55,120,1,1
1790189549138,sala01,6894,1790189549138,0,0,OCUPADO,1,28,55,120,1,1
1790189551138,sala01,6895,1790189551138,0,0,OCUPADO,1,28,55,120,1,1
1790189553138,sala01,6896,1790189553138,0,0,OCUPADO,1,28,55,120,1,1
1790189555138,sala01,6897,1790189555138,0,0,OCUPADO,0,28,55,120,1,1
1790189557138,sala01,6898,1790189557138,0,0,OCUPADO,1,28,55,120,1,1
1790189559138,sala01,6899,1790189559138,0,0,OCUPADO,1,28,55,120,1,1
1790189561138,sala01,6900,1790189561138,0,0,OCUPADO,1,28,55,120,1,1
1790189563138,sala01,6901,1790189563138,0,0,OCUPADO,0,28,55,120,1,1
1790189565138,sala01,6902,1790189565138,0,0,OCUPADO,1,28,55,120,1,1
1790189567138,sala01,6903,1790189567138,0,0,OCUPADO,1,28,55,120,1,1
1790189569138,sala01,6904,1790189569138,0,0,OCUPADO,1,28,55,120,1,1
1790189571138,sala01,6905,1790189571138,0,0,OCUPADO,0,28,55,120,1,1
1790189573138,sala01,6906,1790189573138,0,0,OCUPADO,1,28,55,120,1,1
1790189575138,sala01,6907,1790189575138,0,0,OCUPADO,1,28,55,120,1,1
1790189577138,sala01,6908,1790189577138,0,0,OCUPADO,1,28,55,120,1,1
1790189579138,sala01,6909,1790189579138,0,0,OCUPADO,0,28,55,120,1,1
1790189581138,sala01,6910,1790189581138,0,0,OCUPADO,1,28,55,120,1,1
1790189583138,sala01,6911,1790189583138,0,0,OCUPADO,1,28,55,120,1,1
1790189585138,sala01,6912,1790189585138,0,0,OCUPADO,1,28,55,120,1,1
1790189587138,sala01,6913,1790189587138,0,0,OCUPADO,0,28,55,120,1,1
1790189589138,sala01,6914,1790189589138,0,0,OCUPADO,1,28,55,120,1,1
1790189591138,sala01,6915,1790189591138,0,0,OCUPADO,1,28,55,120,1,1
1790189593138,sala01,6916,1790189593138,0,0,OCUPADO,1,28,55,120,1,1
1790189595138,sala01,6917,1790189595138,0,0,OCUPADO,0,28,55,120,1,1
1790189597138,sala01,6918,1790189597138,0,0,OCUPADO,1,28,55,120,1,1
1790189599138,sala01,6919,1790189599138,0,0,OCUPADO,1,28,55,120,1,1
1790189601138,sala01,6920,1790189601138,0,0,OCUPADO,1,28,55,120,1,1
1790189603138,sala01,6921,1790189603138,0,0,OCUPADO,0,28,55,120,1,1
1790189605138,sala01,6922,1790189605138,0,0,OCUPADO,1,28,55,120,1,1
1790189607138,sala01,6923,1790189607138,0,0,OCUPADO,1,28,55,120,1,1
1790189609138,sala01,6924,1790189609138,0,0,OCUPADO,1,28,55,120,1,1
1790189611138,sala01,6925,1790189611138,0,0,OCUPADO,0,28,55,120,1,1
1790189613138,sala01,6926,1790189613138,0,0,OCUPADO,1,28,55,120,1,1
1790189615138,sala01,6927,1790189615138,0,0,OCUPADO,1,28,55,120,1,1
1790189617138,sala01,6928,1790189617138,0,0,OCUPADO,1,28,55,120,1,1
1790189619138,sala01,6929,1790189619138,0,0,OCUPADO,0,28,55,120,1,1
1790189621138,sala01,6930,1790189621138,0,0,OCUPADO,1,28,55,120,1,1
1790189623138,sala01,6931,1790189623138,0,0,OCUPADO,1,28,55,120,1,1
1790189625138,sala01,6932,1790189625138,0,0,OCUPADO,1,28,55,120,1,1
1790189627138,sala01,6933,1790189627138,0,0,OCUPADO,0,28,55,120,1,1
1790189629138,sala01,6934,1790189629138,0,0,OCUPADO,1,28,55,120,1,1
1790189631138,sala01,6935,1790189631138,0,0,OCUPADO,1,28,55,120,1,1
1790189633138,sala01,6936,1790189633138,0,0,OCUPADO,1,28,55,120,1,1
1790189635138,sala01,6937,1790189635138,0,0,OCUPADO,0,28,55,120,1,1
1790189637138,sala01,6938,1790189637138,0,0,OCUPADO,1,28,55,120,1,1
1790189639138,sala01,6939,1790189639138,0,0,OCUPADO,1,28,55,120,1,1
1790189641138,sala01,6940,1790189641138,0,0,OCUPADO,1,28,55,120,1,1
1790189643138,sala01,6941,1790189643138,0,0,OCUPADO,0,28,55,120,1,1
1790189645138,sala01,6942,1790189645138,0,0,OCUPADO,1,28,55,120,1,1
1790189647138,sala01,6943,1790189647138,0,0,OCUPADO,1,28,55,120,1,1
1790189649138,sala01,6944,1790189649138,0,0,OCUPADO,1,28,55,120,1,1
1790189651138,sala01,6945,1790189651138,0,0,OCUPADO,0,28,55,120,1,1
1790189653138,sala01,6946,1790189653138,0,0,OCUPADO,1,28,55,120,1,1
1790189655138,sala01,6947,1790189655138,0,0,OCUPADO,1,28,55,120,1,1
1790189657138,sala01,6948,1790189657138,0,0,OCUPADO,1,28,55,120,1,1
1790189659138,sala01,6949,1790189659138,0,0,OCUPADO,0,28,55,120,1,1
1790189661138,sala01,6950,1790189661138,0,0,OCUPADO,1,28,55,120,1,1
1790189663138,sala01,6951,1790189663138,0,0,OCUPADO,1,28,55,120,1,1
1790189665138,sala01,6952,1790189665138,0,0,OCUPADO,1,28,55,120,1,1
1790189667138,sala01,6953,1790189667138,0,0,OCUPADO,0,28,55,120,1,1
1790189669138,sala01,6954,1790189669138,0,0,OCUPADO,1,28,55,120,1,1
1790189671138,sala01,6955,1790189671138,0,0,OCUPADO,1,28,55,120,1,1
1790189673138,sala01,6956,1790189673138,0,0,OCUPADO,1,28,55,120,1,1
1790189675138,sala01,6957,1790189675138,0,0,OCUPADO,0,28,55,120,1,1
1790189677138,sala01,6958,1790189677138,0,0,OCUPADO,1,28,55,120,1,1
1790189679138,sala01,6959,1790189679138,0,0,OCUPADO,1,28,55,120,1,1
1790189681138,sala01,6960,1790189681138,0,0,OCUPADO,1,28,55,120,1,1
1790189683138,sala01,6961,1790189683138,0,0,OCUPADO,0,28,55,120,1,1
1790189685138,sala01,6962,1790189685138,0,0,OCUPADO,1,28,55,120,1,1
1790189687138,sala01,6963,1790189687138,0,0,OCUPADO,1,28,55,120,1,1
1790189689138,sala01,6964,1790189689138,0,0,OCUPADO,1,28,55,120,1,1
1790189691138,sala01,6965,1790189691138,0,0,OCUPADO,0,28,55,120,1,1
1790189693138,sala01,6966,1790189693138,0,0,OCUPADO,1,28,55,120,1,1
1790189695138,sala01,6967,1790189695138,0,0,OCUPADO,1,28,55,120,1,1
1790189697138,sala01,6968,1790189697138,0,0,OCUPADO,1,28,55,120,1,1
1790189699138,sala01,6969,1790189699138,0,0,OCUPADO,0,28,55,120,1,1
1790189701138,sala01,6970,1790189701138,0,0,OCUPADO,1,28,55,120,1,1
1790189703138,sala01,6971,1790189703138,0,0,OCUPADO,1,28,55,120,1,1
1790189705138,sala01,6972,1790189705138,0,0,OCUPADO,1,28,55,120,1,1
1790189707138,sala01,6973,1790189707138,0,0,OCUPADO,0,28,55,120,1,1
1790189709138,sala01,6974,1790189709138,0,0,OCUPADO,1,28,55,120,1,1
1790189711138,sala01,6975,1790189711138,0,0,OCUPADO,1,28,55,120,1,1
1790189713138,sala01,6976,1790189713138,0,0,OCUPADO,1,28,55,120,1,1
1790189715138,sala01,6977,1790189715138,0,0,OCUPADO,0,28,55,120,1,1
1790189717138,sala01,6978,1790189717138,0,0,OCUPADO,1,28,55,120,1,1
1790189719138,sala01,6979,1790189719138,0,0,OCUPADO,1,28,55,120,1,1
1790189721138,sala01,6980,1790189721138,0,0,OCUPADO,1,28,55,120,1,1
1790189723138,sala01,6981,1790189723138,0,0,OCUPADO,0,28,55,120,1,1
1790189725138,sala01,6982,1790189725138,0,0,OCUPADO,1,28,55,120,1,1
1790189727138,sala01,6983,1790189727138,0,0,OCUPADO,1,28,55,120,1,1
1790189729138,sala01,6984,1790189729138,0,0,OCUPADO,1,28,55,120,1,1
1790189731138,sala01,6985,1790189731138,0,0,OCUPADO,0,28,55,120,1,1
1790189733138,sala01,6986,1790189733138,0,0,OCUPADO,1,28,55,120,1,1
1790189735138,sala01,6987,1790189735138,0,0,OCUPADO,1,28,55,120,1,1
1790189737138,sala01,6988,1790189737138,0,0,OCUPADO,1,28,55,120,1,1
1790189739138,sala01,6989,1790189739138,0,0,OCUPADO,0,28,55,120,1,1
1790189741138,sala01,6990,1790189741138,0,0,OCUPADO,1,28,55,120,1,1
1790189743138,sala01,6991,1790189743138,0,0,OCUPADO,1,28,55,120,1,1
1790189745138,sala01,6992,1790189745138,0,0,OCUPADO,1,28,55,120,1,1
1790189747138,sala01,6993,1790189747138,0,0,OCUPADO,0,28,55,120,1,1
1790189749138,sala01,6994,1790189749138,0,0,OCUPADO,1,28,55,120,1,1
1790189751138,sala01,6995,1790189751138,0,0,OCUPADO,1,28,55,120,1,1
1790189753138,sala01,6996,1790189753138,0,0,OCUPADO,1,28,55,120,1,1
1790189755138,sala01,6997,1790189755138,0,0,OCUPADO,0,28,55,120,1,1
1790189757138,sala01,6998,1790189757138,0,0,OCUPADO,1,28,55,120,1,1
1790189759138,sala01,6999,1790189759138,0,0,OCUPADO,1,28,55,120,1,1
1790189761138,sala01,7000,1790189761138,0,0,OCUPADO,1,28,55,120,1,1
1790189763138,sala01,7001,1790189763138,0,0,OCUPADO,0,28,55,120,1,1
1790189765138,sala01,7002,1790189765138,0,0,OCUPADO,1,28,55,120,1,1
1790189767138,sala01,7003,1790189767138,0,0,OCUPADO,1,28,55,120,1,1
1790189769138,sala01,7004,1790189769138,0,0,OCUPADO,1,28,55,120,1,1
1790189771138,sala01,7005,1790189771138,0,0,OCUPADO,0,28,55,120,1,1
1790189773138,sala01,7006,1790189773138,0,0,OCUPADO,1,28,55,120,1,1
1790189775138,sala01,7007,1790189775138,0,0,OCUPADO,1,28,55,120,1,1
1790189777138,sala01,7008,1790189777138,0,0,OCUPADO,1,28,55,120,1,1
1790189779138,sala01,7009,1790189779138,0,0,OCUPADO,0,28,55,120,1,1
1790189781138,sala01,7010,1790189781138,0,0,OCUPADO,1,28,55,120,1,1
1790189783138,sala01,7011,1790189783138,0,0,OCUPADO,1,28,55,120,1,1
1790189785138,sala01,7012,1790189785138,0,0,OCUPADO,1,28,55,120,1,1
1790189787138,sala01,7013,1790189787138,0,0,OCUPADO,0,28,55,120,1,1
1790189789138,sala01,7014,1790189789138,0,0,OCUPADO,1,28,55,120,1,1
1790189791138,sala01,7015,1790189791138,0,0,OCUPADO,1,28,55,120,1,1
1790189793138,sala01,7016,1790189793138,0,0,OCUPADO,1,28,55,120,1,1
1790189795138,sala01,7017,1790189795138,0,0,OCUPADO,0,28,55,120,1,1
1790189797138,sala01,7018,1790189797138,0,0,OCUPADO,1,28,55,120,1,1
1790189799138,sala01,7019,1790189799138,0,0,OCUPADO,1,28,55,120,1,1
1790189801138,sala01,7020,1790189801138,0,0,OCUPADO,1,28,55,120,1,1
1790189803138,sala01,7021,1790189803138,0,0,OCUPADO,0,28,55,120,1,1
1790189805138,sala01,7022,1790189805138,0,0,OCUPADO,1,28,55,120,1,1
1790189807138,sala01,7023,1790189807138,0,0,OCUPADO,1,28,55,120,1,1
1790189809138,sala01,7024,1790189809138,0,0,OCUPADO,1,28,55,120,1,1
1790189811138,sala01,7025,1790189811138,0,0,OCUPADO,0,28,55,120,1,1
1790189813138,sala01,7026,1790189813138,0,0,OCUPADO,1,28,55,120,1,1
1790189815138,sala01,7027,1790189815138,0,0,OCUPADO,1,28,55,120,1,1
1790189817138,sala01,7028,1790189817138,0,0,OCUPADO,1,28,55,120,1,1
1790189819138,sala01,7029,1790189819138,0,0,OCUPADO,0,28,55,120,1,1
1790189821138,sala01,7030,1790189821138,0,0,OCUPADO,1,28,55,120,1,1
1790189823138,sala01,7031,1790189823138,0,0,OCUPADO,1,28,55,120,1,1
1790189825138,sala01,7032,1790189825138,0,0,OCUPADO,1,28,55,120,1,1
1790189827138,sala01,7033,1790189827138,0,0,OCUPADO,0,28,55,120,1,1
1790189829138,sala01,7034,1790189829138,0,0,OCUPADO,1,28,55,120,1,1
1790189831138,sala01,7035,1790189831138,0,0,OCUPADO,1,28,55,120,1,1
1790189833138,sala01,7036,1790189833138,0,0,OCUPADO,1,28,55,120,1,1
1790189835138,sala01,7037,1790189835138,0,0,OCUPADO,0,28,55,120,1,1
1790189837138,sala01,7038,1790189837138,0,0,OCUPADO,1,28,55,120,1,1
1790189839138,sala01,7039,1790189839138,0,0,OCUPADO,1,28,55,120,1,1
1790189841138,sala01,7040,1790189841138,0,0,OCUPADO,1,28,55,120,1,1
1790189843138,sala01,7041,1790189843138,0,0,OCUPADO,0,28,55,120,1,1
1790189845138,sala01,7042,1790189845138,0,0,OCUPADO,1,28,55,120,1,1
1790189847138,sala01,7043,1790189847138,0,0,OCUPADO,1,28,55,120,1,1
1790189849138,sala01,7044,1790189849138,0,0,OCUPADO,1,28,55,120,1,1
1790189851138,sala01,7045,1790189851138,0,0,OCUPADO,0,28,55,120,1,1
1790189853138,sala01,7046,1790189853138,0,0,OCUPADO,1,28,55,120,1,1
1790189855138,sala01,7047,1790189855138,0,0,OCUPADO,1,28,55,120,1,1
1790189857138,sala01,7048,1790189857138,0,0,OCUPADO,1,28,55,120,1,1
1790189859138,sala01,7049,1790189859138,0,0,OCUPADO,0,28,55,120,1,1
1790189861138,sala01,7050,1790189861138,0,0,OCUPADO,1,28,55,120,1,1
1790189863138,sala01,7051,1790189863138,0,0,OCUPADO,1,28,55,120,1,1
1790189865138,sala01,7052,1790189865138,0,0,OCUPADO,1,28,55,120,1,1
1790189867138,sala01,7053,1790189867138,0,0,OCUPADO,0,28,55,120,1,1
1790189869138,sala01,7054,1790189869138,0,0,OCUPADO,1,28,55,120,1,1
1790189871138,sala01,7055,1790189871138,0,0,OCUPADO,1,28,55,120,1,1
1790189873138,sala01,7056,1790189873138,0,0,OCUPADO,1,28,55,120,1,1
1790189875138,sala01,7057,1790189875138,0,0,OCUPADO,0,28,55,120,1,1
1790189877138,sala01,7058,1790189877138,0,0,OCUPADO,1,28,55,120,1,1
1790189879138,sala01,7059,1790189879138,0,0,OCUPADO,1,28,55,120,1,1
1790189881138,sala01,7060,1790189881138,0,0,OCUPADO,1,28,55,120,1,1
1790189883138,sala01,7061,1790189883138,0,0,OCUPADO,0,28,55,120,1,1
1790189885138,sala01,7062,1790189885138,0,0,OCUPADO,1,28,55,120,1,1
1790189887138,sala01,7063,1790189887138,0,0,OCUPADO,1,28,55,120,1,1
1790189889138,sala01,7064,1790189889138,0,0,OCUPADO,1,28,55,120,1,1
1790189891138,sala01,7065,1790189891138,0,0,OCUPADO,0,28,55,120,1,1
1790189893138,sala01,7066,1790189893138,0,0,OCUPADO,1,28,55,120,1,1
1790189895138,sala01,7067,1790189895138,0,0,OCUPADO,1,28,55,120,1,1
1790189897138,sala01,7068,1790189897138,0,0,OCUPADO,1,28,55,120,1,1
1790189899138,sala01,7069,1790189899138,0,0,OCUPADO,0,28,55,120,1,1
1790189901138,sala01,7070,1790189901138,0,0,OCUPADO,1,28,55,120,1,1
1790189903138,sala01,7071,1790189903138,0,0,OCUPADO,1,28,55,120,1,1
1790189905138,sala01,7072,1790189905138,0,0,OCUPADO,1,28,55,120,1,1
1790189907138,sala01,7073,1790189907138,0,0,OCUPADO,0,28,55,120,1,1
1790189909138,sala01,7074,1790189909138,0,0,OCUPADO,1,28,55,120,1,1
1790189911138,sala01,7075,1790189911138,0,0,OCUPADO,1,28,55,120,1,1
1790189913138,sala01,7076,1790189913138,0,0,OCUPADO,1,28,55,120,1,1
1790189915138,sala01,7077,1790189915138,0,0,OCUPADO,0,28,55,120,1,1
1790189917138,sala01,7078,1790189917138,0,0,OCUPADO,1,28,55,120,1,1
1790189919138,sala01,7079,1790189919138,0,0,OCUPADO,1,28,55,120,1,1
1790189921138,sala01,7080,1790189921138,0,0,OCUPADO,1,28,55,120,1,1
1790189923138,sala01,7081,1790189923138,0,0,OCUPADO,0,28,55,120,1,1
1790189925138,sala01,7082,1790189925138,0,0,OCUPADO,1,28,55,120,1,1
1790189927138,sala01,7083,1790189927138,0,0,OCUPADO,1,28,55,120,1,1
1790189929138,sala01,7084,1790189929138,0,0,OCUPADO,1,28,55,120,1,1
1790189931138,sala01,7085,1790189931138,0,0,OCUPADO,0,28,55,120,1,1
1790189933138,sala01,7086,1790189933138,0,0,OCUPADO,1,28,55,120,1,1
1790189935138,sala01,7087,1790189935138,0,0,OCUPADO,1,28,55,120,1,1
1790189937138,sala01,7088,1790189937138,0,0,OCUPADO,1,28,55,120,1,1
1790189939138,sala01,7089,1790189939138,0,0,OCUPADO,0,28,55,120,1,1
1790189941138,sala01,7090,1790189941138,0,0,OCUPADO,1,28,55,120,1,1
1790189943138,sala01,7091,1790189943138,0,0,OCUPADO,1,28,55,120,1,1
1790189945138,sala01,7092,1790189945138,0,0,OCUPADO,1,28,55,120,1,1
1790189947138,sala01,7093,1790189947138,0,0,OCUPADO,0,28,55,120,1,1
1790189949138,sala01,7094,1790189949138,0,0,OCUPADO,1,28,55,120,1,1
1790189951138,sala01,7095,1790189951138,0,0,OCUPADO,1,28,55,120,1,1
1790189953138,sala01,7096,1790189953138,0,0,OCUPADO,1,28,55,120,1,1
1790189955138,sala01,7097,1790189955138,0,0,OCUPADO,0,28,55,120,1,1
1790189957138,sala01,7098,1790189957138,0,0,OCUPADO,1,28,55,120,1,1
1790189959138,sala01,7099,1790189959138,0,0,OCUPADO,1,28,55,120,1,1
1790189961138,sala01,7100,1790189961138,0,0,OCUPADO,1,28,55,120,1,1
1790189963138,sala01,7101,1790189963138,0,0,OCUPADO,0,28,55,120,1,1
1790189965138,sala01,7102,1790189965138,0,0,OCUPADO,1,28,55,120,1,1
1790189967138,sala01,7103,1790189967138,0,0,OCUPADO,1,28,55,120,1,1
1790189969138,sala01,7104,1790189969138,0,0,OCUPADO,1,28,55,120,1,1
1790189971138,sala01,7105,1790189971138,0,0,OCUPADO,0,28,55,120,1,1
1790189973138,sala01,7106,1790189973138,0,0,OCUPADO,1,28,55,120,1,1
1790189975138,sala01,7107,1790189975138,0,0,OCUPADO,1,28,55,120,1,1
1790189977138,sala01,7108,1790189977138,0,0,OCUPADO,1,28,55,120,1,1
1790189979138,sala01,7109,1790189979138,0,0,OCUPADO,0,28,55,120,1,1
1790189981138,sala01,7110,1790189981138,0,0,OCUPADO,1,28,55,120,1,1
1790189983138,sala01,7111,1790189983138,0,0,OCUPADO,1,28,55,120,1,1
1790189985138,sala01,7112,1790189985138,0,0,OCUPADO,1,28,55,120,1,1
1790189987138,sala01,7113,1790189987138,0,0,OCUPADO,0,28,55,120,1,1
1790189989138,sala01,7114,1790189989138,0,0,OCUPADO,1,28,55,120,1,1
1790189991138,sala01,7115,1790189991138,0,0,OCUPADO,1,28,55,120,1,1
1790189993138,sala01,7116,1790189993138,0,0,OCUPADO,1,28,55,120,1,1
1790189995138,sala01,7117,1790189995138,0,0,OCUPADO,0,28,55,120,1,1
1790189997138,sala01,7118,1790189997138,0,0,OCUPADO,1,28,55,120,1,1
1790189999138,sala01,7119,1790189999138,0,0,OCUPADO,1,28,55,120,1,1
1790190001138,sala01,7120,1790190001138,0,0,OCUPADO,1,28,55,120,1,1
1790190003138,sala01,7121,1790190003138,0,0,OCUPADO,0,28,55,120,1,1
1790190005138,sala01,7122,1790190005138,0,0,OCUPADO,1,28,55,120,1,1
1790190007138,sala01,7123,1790190007138,0,0,OCUPADO,1,28,55,120,1,1
1790190009138,sala01,7124,1790190009138,0,0,OCUPADO,1,28,55,120,1,1
1790190011138,sala01,7125,1790190011138,0,0,OCUPADO,0,28,55,120,1,1
1790190013138,sala01,7126,1790190013138,0,0,OCUPADO,1,28,55,120,1,1
1790190015138,sala01,7127,1790190015138,0,0,OCUPADO,1,28,55,120,1,1
1790190017138,sala01,7128,1790190017138,0,0,OCUPADO,1,28,55,120,1,1
1790190019138,sala01,7129,1790190019138,0,0,OCUPADO,0,28,55,120,1,1
1790190021138,sala01,7130,1790190021138,0,0,OCUPADO,1,28,55,120,1,1
1790190023138,sala01,7131,1790190023138,0,0,OCUPADO,1,28,55,120,1,1
1790190025138,sala01,7132,1790190025138,0,0,OCUPADO,1,28,55,120,1,1
1790190027138,sala01,7133,1790190027138,0,0,OCUPADO,0,28,55,120,1,1
1790190029138,sala01,7134,1790190029138,0,0,OCUPADO,1,28,55,120,1,1
1790190031138,sala01,7135,1790190031138,0,0,OCUPADO,1,28,55,120,1,1
1790190033138,sala01,7136,1790190033138,0,0,OCUPADO,1,28,55,120,1,1
1790190035138,sala01,7137,1790190035138,0,0,OCUPADO,0,28,55,120,1,1
1790190037138,sala01,7138,1790190037138,0,0,OCUPADO,1,28,55,120,1,1
1790190039138,sala01,7139,1790190039138,0,0,OCUPADO,1,28,55,120,1,1
1790190041138,sala01,7140,1790190041138,0,0,OCUPADO,1,28,55,120,1,1
1790190043138,sala01,7141,1790190043138,0,0,OCUPADO,0,28,55,120,1,1
1790190045138,sala01,7142,1790190045138,0,0,OCUPADO,1,28,55,120,1,1
1790190047138,sala01,7143,1790190047138,0,0,OCUPADO,1,28,55,120,1,1
1790190049138,sala01,7144,1790190049138,0,0,OCUPADO,1,28,55,120,1,1
1790190051138,sala01,7145,1790190051138,0,0,OCUPADO,0,28,55,120,1,1
1790190053138,sala01,7146,1790190053138,0,0,OCUPADO,1,28,55,120,1,1
1790190055138,sala01,7147,1790190055138,0,0,OCUPADO,1,28,55,120,1,1
1790190057138,sala01,7148,1790190057138,0,0,OCUPADO,1,28,55,120,1,1
1790190059138,sala01,7149,1790190059138,0,0,OCUPADO,0,28,55,120,1,1
1790190061138,sala01,7150,1790190061138,0,0,OCUPADO,1,28,55,120,1,1
1790190063138,sala01,7151,1790190063138,0,0,OCUPADO,1,28,55,120,1,1
1790190065138,sala01,7152,1790190065138,0,0,OCUPADO,1,28,55,120,1,1
1790190067138,sala01,7153,1790190067138,0,0,OCUPADO,0,28,55,120,1,1
1790190069138,sala01,7154,1790190069138,0,0,OCUPADO,1,28,55,120,1,1
1790190071138,sala01,7155,1790190071138,0,0,OCUPADO,1,28,55,120,1,1
1790190073138,sala01,7156,1790190073138,0,0,OCUPADO,1,28,55,120,1,1
1790190075138,sala01,7157,1790190075138,0,0,OCUPADO,0,28,55,120,1,1
1790190077138,sala01,7158,1790190077138,0,0,OCUPADO,1,28,55,120,1,1
1790190079138,sala01,7159,1790190079138,0,0,OCUPADO,1,28,55,120,1,1
1790190081138,sala01,7160,1790190081138,0,0,OCUPADO,1,28,55,120,1,1
1790190083138,sala01,7161,1790190083138,0,0,OCUPADO,0,28,55,120,1,1
1790190085138,sala01,7162,1790190085138,0,0,OCUPADO,1,28,55,120,1,1
1790190087138,sala01,7163,1790190087138,0,0,OCUPADO,1,28,55,120,1,1
1790190089138,sala01,7164,1790190089138,0,0,OCUPADO,1,28,55,120,1,1
1790190091138,sala01,7165,1790190091138,0,0,OCUPADO,0,28,55,120,1,1
1790190093138,sala01,7166,1790190093138,0,0,OCUPADO,1,28,55,120,1,1
1790190095138,sala01,7167,1790190095138,0,0,OCUPADO,1,28,55,120,1,1
1790190097138,sala01,7168,1790190097138,0,0,OCUPADO,1,28,55,120,1,1
1790190099138,sala01,7169,1790190099138,0,0,OCUPADO,0,28,55,120,1,1
1790190101138,sala01,7170,1790190101138,0,0,OCUPADO,1,28,55,120,1,1
1790190103138,sala01,7171,1790190103138,0,0,OCUPADO,1,28,55,120,1,1
1790190105138,sala01,7172,1790190105138,0,0,OCUPADO,1,28,55,120,1,1
1790190107138,sala01,7173,1790190107138,0,0,OCUPADO,0,28,55,120,1,1
1790190109138,sala01,7174,1790190109138,0,0,OCUPADO,1,28,55,120,1,1
1790190111138,sala01,7175,1790190111138,0,0,OCUPADO,1,28,55,120,1,1
1790190113138,sala01,7176,1790190113138,0,0,OCUPADO,1,28,55,120,1,1
1790190115138,sala01,7177,1790190115138,0,0,OCUPADO,0,28,55,120,1,1
1790190117138,sala01,7178,1790190117138,0,0,OCUPADO,1,28,55,120,1,1
1790190119138,sala01,7179,1790190119138,0,0,OCUPADO,1,28,55,120,1,1
1790190121138,sala01,7180,1790190121138,0,0,OCUPADO,1,28,55,120,1,1
1790190123138,sala01,7181,1790190123138,0,0,OCUPADO,0,28,55,120,1,1
1790190125138,sala01,7182,1790190125138,0,0,OCUPADO,1,28,55,120,1,1
1790190127138,sala01,7183,1790190127138,0,0,OCUPADO,1,28,55,120,1,1
1790190129138,sala01,7184,1790190129138,0,0,OCUPADO,1,28,55,120,1,1
1790190131138,sala01,7185,1790190131138,0,0,OCUPADO,0,28,55,120,1,1
1790190133138,sala01,7186,1790190133138,0,0,OCUPADO,1,28,55,120,1,1
1790190135138,sala01,7187,1790190135138,0,0,OCUPADO,1,28,55,120,1,1
1790190137138,sala01,7188,1790190137138,0,0,OCUPADO,1,28,55,120,1,1
1790190139138,sala01,7189,1790190139138,0,0,OCUPADO,0,28,55,120,1,1
1790190141138,sala01,7190,1790190141138,0,0,OCUPADO,1,28,55,120,1,1
1790190143138,sala01,7191,1790190143138,0,0,OCUPADO,1,28,55,120,1,1
1790190145138,sala01,7192,1790190145138,0,0,OCUPADO,1,28,55,120,1,1
1790190147138,sala01,7193,1790190147138,0,0,OCUPADO,0,28,55,120,1,1
1790190149138,sala01,7194,1790190149138,0,0,OCUPADO,1,28,55,120,1,1
1790190151138,sala01,7195,1790190151138,0,0,OCUPADO,1,28,55,120,1,1
1790190153138,sala01,7196,1790190153138,0,0,OCUPADO,1,28,55,120,1,1
1790190155138,sala01,7197,1790190155138,0,0,OCUPADO,0,28,55,120,1,1
1790190157138,sala01,7198,1790190157138,0,0,OCUPADO,1,28,55,120,1,1
1790190159138,sala01,7199,1790190159138,0,0,OCUPADO,1,28,55,120,1,1
1790190161138,sala01,7200,1790190161138,0,0,OCUPADO,1,28,55,120,1,1
1790190163138,sala01,7201,1790190163138,0,0,OCUPADO,0,28,55,120,1,1
1790190165138,sala01,7202,1790190165138,0,0,OCUPADO,0,28,55,120,1,1
1790190167138,sala01,7203,1790190167138,0,0,OCUPADO,0,28,55,120,1,1
1790190169138,sala01,7204,1790190169138,0,0,OCUPADO,0,28,55,120,1,1
1790190171138,sala01,7205,1790190171138,0,0,OCUPADO,0,28,55,120,1,1
1790190173138,sala01,7206,1790190173138,0,0,OCUPADO,0,28,55,120,1,1
1790190175138,sala01,7207,1790190175138,0,0,OCUPADO,0,28,55,120,1,1
1790190177138,sala01,7208,1790190177138,0,0,OCUPADO,0,28,55,120,1,1
1790190179138,sala01,7209,1790190179138,0,0,OCUPADO,0,28,55,120,1,1
1790190181138,sala01,7210,1790190181138,0,0,OCUPADO,0,28,55,120,1,1
1790190183138,sala01,7211,1790190183138,0,0,OCUPADO,0,28,55,120,1,1
1790190185138,sala01,7212,1790190185138,0,0,OCUPADO,0,28,55,120,1,1
1790190187138,sala01,7213,1790190187138,0,0,OCUPADO,0,28,55,120,1,1
1790190189138,sala01,7214,1790190189138,0,0,OCUPADO,0,28,55,120,1,1
1790190191138,sala01,7215,1790190191138,0,0,OCUPADO,0,28,55,120,1,1
1790190192138,sala01,7216,1790190192138,0,0,DESOCUPADO,0,28,55,120,0,0
1790190194138,sala01,7217,1790190194138,0,0,DESOCUPADO,0,28,55,120,0,0
1790190196138,sala01,7218,1790190196138,0,0,DESOCUPADO,0,28,55,120,0,0
1790190198138,sala01,7219,1790190198138,0,0,DESOCUPADO,0,28,55,120,0,0
1790190200138,sala01,7220,1790190200138,0,0,DESOCUPADO,0,28,55,120,0,0
1790190202138,sala01,7221,1790190202138,0,0,DESOCUPADO,0,28,55,120,0,0
1790190204138,sala01,7222,1790190204138,0,0,DESOCUPADO,0,28,55,120,0,0
1790190206138,sala01,7223,1790190206138,0,0,DESOCUPADO,0,28,55,120,0,0
1790190208138,sala01,7224,1790190208138,0,0,DESOCUPADO,0,28,55,120,0,0
1790190210138,sala01,7225,1790190210138,0,0,DESOCUPADO,0,28,55,120,0,0
1790190212138,sala01,7226,1790190212138,0,0,DESOCUPADO,0,28,55,120,0,0
1790190214138,sala01,7227,1790190214138,0,0,DESOCUPADO,0,28,55,120,0,0
1790190216138,sala01,7228,1790190216138,0,0,DESOCUPADO,0,28,55,120,0,0
1790190218138,sala01,7229,1790190218138,0,0,DESOCUPADO,0,28,55,120,0,0
1790190220138,sala01,7230,1790190220138,0,0,DESOCUPADO,0,28,55,120,0,0
1790190222138,sala01,7231,1790190222138,0,0,DESOCUPADO,0,28,55,120,0,0
1790190224138,sala01,7232,1790190224138,0,0,DESOCUPADO,0,28,55,120,0,0
1790190226138,sala01,7233,1790190226138,0,0,DESOCUPADO,0,28,55,120,0,0
1790190228138,sala01,7234,1790190228138,0,0,DESOCUPADO,0,28,55,120,0,0
1790190230138,sala01,7235,1790190230138,0,0,DESOCUPADO,0,28,55,120,0,0
1790190232138,sala01,7236,1790190232138,0,0,DESOCUPADO,0,28,55,120,0,0
1790190234138,sala01,7237,1790190234138,0,0,DESOCUPADO,0,28,55,120,0,0
1790190236138,sala01,7238,1790190236138,0,0,DESOCUPADO,0,28,55,120,0,0
1790190238138,sala01,7239,1790190238138,0,0,DESOCUPADO,0,28,55,120,0,0
1790190240138,sala01,7240,1790190240138,0,0,DESOCUPADO,0,28,55,120,0,0
1790190242138,sala01,7241,1790190242138,0,0,DESOCUPADO,0,28,55,120,0,0
1790190244138,sala01,7242,1790190244138,0,0,DESOCUPADO,0,28,55,120,0,0
1790190246138,sala01,7243,1790190246138,0,0,DESOCUPADO,0,28,55,120,0,0
1790190248138,sala01,7244,1790190248138,0,0,DESOCUPADO,0,28,55,120,0,0
1790190250138,sala01,7245,1790190250138,0,0,DESOCUPADO,0,28,55,120,0,0
1790190252138,sala01,7246,1790190252138,0,0,DESOCUPADO,0,28,55,120,0,0
1790190254138,sala01,7247,1790190254138,0,0,DESOCUPADO,0,28,55,120,0,0
1790190256138,sala01,7248,1790190256138,0,0,DESOCUPADO,0,28,55,120,0,0
1790190258138,sala01,7249,1790190258138,0,0,DESOCUPADO,0,28,55,120,0,0
1790190260138,sala01,7250,1790190260138,0,0,DESOCUPADO,0,28,55,120,0,0
1790190262138,sala01,7251,1790190262138,0,0,DESOCUPADO,0,28,55,120,0,0
1790190264138,sala01,7252,1790190264138,0,0,DESOCUPADO,0,28,55,120,0,0
1790190266138,sala01,7253,1790190266138,0,0,DESOCUPADO,0,28,55,120,0,0
1790190268138,sala01,7254,1790190268138,0,0,DESOCUPADO,0,28,55,120,0,0
1790190270138,sala01,7255,1790190270138,0,0,DESOCUPADO,0,28,55,120,0,0
1790190272138,sala01,7256,1790190272138,0,0,DESOCUPADO,0,28,55,120,0,0
1790190274138,sala01,7257,1790190274138,0,0,DESOCUPADO,0,28,55,120,0,0
1790190276138,sala01,7258,1790190276138,0,0,DESOCUPADO,0,28,55,120,0,0
1790190278138,sala01,7259,1790190278138,0,0,DESOCUPADO,0,28,55,120,0,0
1790190280138,sala01,7260,1790190280138,0,0,DESOCUPADO,0,28,55,120,0,0
1790190282138,sala01,7261,1790190282138,0,0,DESOCUPADO,0,28,55,120,0,0
1790190284138,sala01,7262,1790190284138,0,0,DESOCUPADO,0,28,55,120,0,0
1790190286138,sala01,7263,1790190286138,0,0,DESOCUPADO,0,28,55,120,0,0
1790190288138,sala01,7264,1790190288138,0,0,DESOCUPADO,0,28,55,120,0,0
1790190290138,sala01,7265,1790190290138,0,0,DESOCUPADO,0,28,55,120,0,0
1790190292138,sala01,7266,1790190292138,0,0,DESOCUPADO,0,28,55,120,0,0
1790190294138,sala01,7267,1790190294138,0,0,DESOCUPADO,0,28,55,120,0,0
1790190296138,sala01,7268,1790190296138,0,0,DESOCUPADO,0,28,55,120,0,0
1790190298138,sala01,7269,1790190298138,0,0,DESOCUPADO,0,28,55,120,0,0
1790190300138,sala01,7270,1790190300138,0,0,DESOCUPADO,0,28,55,120,0,0
1790190302138,sala01,7271,1790190302138,0,0,DESOCUPADO,0,28,55,120,0,0
1790190304138,sala01,7272,1790190304138,0,0,DESOCUPADO,0,28,55,120,0,0
1790190306138,sala01,7273,1790190306138,0,0,DESOCUPADO,0,28,55,120,0,0
1790190308138,sala01,7274,1790190308138,0,0,DESOCUPADO,0,28,55,120,0,0
1790190310138,sala01,7275,1790190310138,0,0,DESOCUPADO,0,28,55,120,0,0
1790190312138,sala01,7276,1790190312138,0,0,DESOCUPADO,0,28,55,120,0,0
1790190314138,sala01,7277,1790190314138,0,0,DESOCUPADO,0,28,55,120,0,0
1790190316138,sala01,7278,1790190316138,0,0,DESOCUPADO,0,28,55,120,0,0
1790190318138,sala01,7279,1790190318138,0,0,DESOCUPADO,0,28,55,120,0,0
1790190320138,sala01,7280,1790190320138,0,0,DESOCUPADO,0,28,55,120,0,0
1790190322138,sala01,7281,1790190322138,0,0,DESOCUPADO,0,28,55,120,0,0
1790190324138,sala01,7282,1790190324138,0,0,DESOCUPADO,0,28,55,120,0,0
1790190326138,sala01,7283,1790190326138,0,0,DESOCUPADO,0,28,55,120,0,0
1790190328138,sala01,7284,1790190328138,0,0,DESOCUPADO,0,28,55,120,0,0
1790190330138,sala01,7285,1790190330138,0,0,DESOCUPADO,0,28,55,120,0,0
1790190332138,sala01,7286,1790190332138,0,0,DESOCUPADO,0,28,55,120,0,0
1790190334138,sala01,7287,1790190334138,0,0,DESOCUPADO,0,28,55,120,0,0
1790190336138,sala01,7288,1790190336138,0,0,DESOCUPADO,0,28,55,120,0,0
1790190338138,sala01,7289,1790190338138,0,0,DESOCUPADO,0,28,55,120,0,0
1790190340138,sala01,7290,1790190340138,0,0,DESOCUPADO,0,28,55,120,0,0
1790190342138,sala01,7291,1790190342138,0,0,DESOCUPADO,0,28,55,120,0,0
1790190344138,sala01,7292,1790190344138,0,0,DESOCUPADO,0,28,55,120,0,0
1790190346138,sala01,7293,1790190346138,0,0,DESOCUPADO,0,28,55,120,0,0
1790190348138,sala01,7294,1790190348138,0,0,DESOCUPADO,0,28,55,120,0,0
1790190350138,sala01,7295,1790190350138,0,0,DESOCUPADO,0,28,55,120,0,0
1790190352138,sala01,7296,1790190352138,0,0,DESOCUPADO,0,28,55,120,0,0
1790190354138,sala01,7297,1790190354138,0,0,DESOCUPADO,0,28,55,120,0,0
1790190356138,sala01,7298,1790190356138,0,0,DESOCUPADO,0,28,55,120,0,0
1790190358138,sala01,7299,1790190358138,0,0,DESOCUPADO,0,28,55,120,0,0
1790190360138,sala01,7300,1790190360138,0,0,DESOCUPADO,0,28,55,120,0,0
1790190362138,sala01,7301,1790190362138,0,0,DESOCUPADO,0,28,55,120,0,0
1790190364138,sala01,7302,1790190364138,0,0,DESOCUPADO,0,28,55,120,0,0
1790190366138,sala01,7303,1790190366138,0,0,DESOCUPADO,0,28,55,120,0,0
1790190368138,sala01,7304,1790190368138,0,0,DESOCUPADO,0,28,55,120,0,0
1790190370138,sala01,7305,1790190370138,0,0,DESOCUPADO,0,28,55,120,0,0
1790190372138,sala01,7306,1790190372138,0,0,DESOCUPADO,0,28,55,120,0,0
1790190374138,sala01,7307,1790190374138,0,0,DESOCUPADO,0,28,55,120,0,0
1790190376138,sala01,7308,1790190376138,0,0,DESOCUPADO,0,28,55,120,0,0
1790190378138,sala01,7309,1790190378138,0,0,DESOCUPADO,0,28,55,120,0,0
1790190380138,sala01,7310,1790190380138,0,0,DESOCUPADO,0,28,55,120,0,0
1790190382138,sala01,7311,1790190382138,0,0,DESOCUPADO,0,28,55,120,0,0
1790190384138,sala01,7312,1790190384138,0,0,DESOCUPADO,0,28,55,120,0,0
1790190386138,sala01,7313,1790190386138,0,0,DESOCUPADO,0,28,55,120,0,0
1790190388138,sala01,7314,1790190388138,0,0,DESOCUPADO,0,28,55,120,0,0
1790190390138,sala01,7315,1790190390138,0,0,DESOCUPADO,0,28,55,120,0,0
1790190392138,sala01,7316,1790190392138,0,0,DESOCUPADO,0,28,55,120,0,0
1790190394138,sala01,7317,1790190394138,0,0,DESOCUPADO,0,28,55,120,0,0
1790190396138,sala01,7318,1790190396138,0,0,DESOCUPADO,0,28,55,120,0,0
1790190398138,sala01,7319,1790190398138,0,0,DESOCUPADO,0,28,55,120,0,0
1790190400138,sala01,7320,1790190400138,0,0,DESOCUPADO,0,28,55,120,0,0
1790190402138,sala01,7321,1790190402138,0,0,DESOCUPADO,0,28,55,120,0,0
1790190404138,sala01,7322,1790190404138,0,0,DESOCUPADO,0,28,55,120,0,0
1790190406138,sala01,7323,1790190406138,0,0,DESOCUPADO,0,28,55,120,0,0
1790190408138,sala01,7324,1790190408138,0,0,DESOCUPADO,0,28,55,120,0,0
1790190410138,sala01,7325,1790190410138,0,0,DESOCUPADO,0,28,55,120,0,0
1790190412138,sala01,7326,1790190412138,0,0,DESOCUPADO,0,28,55,120,0,0
1790190414138,sala01,7327,1790190414138,0,0,DESOCUPADO,0,28,55,120,0,0
1790190416138,sala01,7328,1790190416138,0,0,DESOCUPADO,0,28,55,120,0,0
1790190418138,sala01,7329,1790190418138,0,0,DESOCUPADO,0,28,55,120,0,0
1790190420138,sala01,7330,1790190420138,0,0,DESOCUPADO,0,28,55,120,0,0
1790190422138,sala01,7331,1790190422138,0,0,DESOCUPADO,0,28,55,120,0,0
1790190424138,sala01,7332,1790190424138,0,0,DESOCUPADO,0,28,55,120,0,0
1790190426138,sala01,7333,1790190426138,0,0,DESOCUPADO,0,28,55,120,0,0
1790190428138,sala01,7334,1790190428138,0,0,DESOCUPADO,0,28,55,120,0,0
1790190430138,sala01,7335,1790190430138,0,0,DESOCUPADO,0,28,55,120,0,0
1790190432138,sala01,7336,1790190432138,0,0,DESOCUPADO,0,28,55,120,0,0
1790190434138,sala01,7337,1790190434138,0,0,DESOCUPADO,0,28,55,120,0,0
1790190436138,sala01,7338,1790190436138,0,0,DESOCUPADO,0,28,55,120,0,0
1790190438138,sala01,7339,1790190438138,0,0,DESOCUPADO,0,28,55,120,0,0
1790190440138,sala01,7340,1790190440138,0,0,DESOCUPADO,0,28,55,120,0,0
1790190442138,sala01,7341,1790190442138,0,0,DESOCUPADO,0,28,55,120,0,0
1790190444138,sala01,7342,1790190444138,0,0,DESOCUPADO,0,28,55,120,0,0
1790190446138,sala01,7343,1790190446138,0,0,DESOCUPADO,0,28,55,120,0,0
1790190448138,sala01,7344,1790190448138,0,0,DESOCUPADO,0,28,55,120,0,0
1790190450138,sala01,7345,1790190450138,0,0,DESOCUPADO,0,28,55,120,0,0
1790190452138,sala01,7346,1790190452138,0,0,DESOCUPADO,0,28,55,120,0,0
1790190454138,sala01,7347,1790190454138,0,0,DESOCUPADO,0,28,55,120,0,0
1790190456138,sala01,7348,1790190456138,0,0,DESOCUPADO,0,28,55,120,0,0
1790190458138,sala01,7349,1790190458138,0,0,DESOCUPADO,0,28,55,120,0,0
1790190460138,sala01,7350,1790190460138,0,0,DESOCUPADO,0,28,55,120,0,0
1790190462138,sala01,7351,1790190462138,0,0,DESOCUPADO,0,28,55,120,0,0
1790190464138,sala01,7352,1790190464138,0,0,DESOCUPADO,0,28,55,120,0,0
1790190466138,sala01,7353,1790190466138,0,0,DESOCUPADO,0,28,55,120,0,0
1790190468138,sala01,7354,1790190468138,0,0,DESOCUPADO,0,28,55,120,0,0
1790190470138,sala01,7355,1790190470138,0,0,DESOCUPADO,0,28,55,120,0,0
1790190472138,sala01,7356,1790190472138,0,0,DESOCUPADO,0,28,55,120,0,0
1790190474138,sala01,7357,1790190474138,0,0,DESOCUPADO,0,28,55,120,0,0
1790190476138,sala01,7358,1790190476138,0,0,DESOCUPADO,0,28,55,120,0,0
1790190478138,sala01,7359,1790190478138,0,0,DESOCUPADO,0,28,55,120,0,0
1790190480138,sala01,7360,1790190480138,0,0,DESOCUPADO,0,28,55,120,0,0
1790190482138,sala01,7361,1790190482138,0,0,DESOCUPADO,0,28,55,120,0,0
1790190484138,sala01,7362,1790190484138,0,0,DESOCUPADO,0,28,55,120,0,0
1790190486138,sala01,7363,1790190486138,0,0,DESOCUPADO,0,28,55,120,0,0
1790190488138,sala01,7364,1790190488138,0,0,DESOCUPADO,0,28,55,120,0,0
1790190490138,sala01,7365,1790190490138,0,0,DESOCUPADO,0,28,55,120,0,0
1790190492138,sala01,7366,1790190492138,0,0,DESOCUPADO,0,28,55,120,0,0
1790190494138,sala01,7367,1790190494138,0,0,DESOCUPADO,0,28,55,120,0,0
1790190496138,sala01,7368,1790190496138,0,0,DESOCUPADO,0,28,55,120,0,0
1790190498138,sala01,7369,1790190498138,0,0,DESOCUPADO,0,28,55,120,0,0
1790190500138,sala01,7370,1790190500138,0,0,DESOCUPADO,0,28,55,120,0,0
1790190502138,sala01,7371,1790190502138,0,0,DESOCUPADO,0,28,55,120,0,0
1790190504138,sala01,7372,1790190504138,0,0,DESOCUPADO,0,28,55,120,0,0
1790190506138,sala01,7373,1790190506138,0,0,DESOCUPADO,0,28,55,120,0,0
1790190508138,sala01,7374,1790190508138,0,0,DESOCUPADO,0,28,55,120,0,0
1790190510138,sala01,7375,1790190510138,0,0,DESOCUPADO,0,28,55,120,0,0
1790190512138,sala01,7376,1790190512138,0,0,DESOCUPADO,0,28,55,120,0,0
1790190514138,sala01,7377,1790190514138,0,0,DESOCUPADO,0,28,55,120,0,0
1790190516138,sala01,7378,1790190516138,0,0,DESOCUPADO,0,28,55,120,0,0
1790190518138,sala01,7379,1790190518138,0,0,DESOCUPADO,0,28,55,120,0,0
1790190520138,sala01,7380,1790190520138,0,0,DESOCUPADO,0,28,55,120,0,0
1790190522138,sala01,7381,1790190522138,0,0,DESOCUPADO,0,28,55,120,0,0
1790190524138,sala01,7382,1790190524138,0,0,DESOCUPADO,0,28,55,120,0,0
1790190526138,sala01,7383,1790190526138,0,0,DESOCUPADO,0,28,55,120,0,0
1790190528138,sala01,7384,1790190528138,0,0,DESOCUPADO,0,28,55,120,0,0
1790190530138,sala01,7385,1790190530138,0,0,DESOCUPADO,0,28,55,120,0,0
1790190532138,sala01,7386,1790190532138,0,0,DESOCUPADO,0,28,55,120,0,0
1790190534138,sala01,7387,1790190534138,0,0,DESOCUPADO,0,28,55,120,0,0
1790190536138,sala01,7388,1790190536138,0,0,DESOCUPADO,0,28,55,120,0,0
1790190538138,sala01,7389,1790190538138,0,0,DESOCUPADO,0,28,55,120,0,0
1790190540138,sala01,7390,1790190540138,0,0,DESOCUPADO,0,28,55,120,0,0
1790190542138,sala01,7391,1790190542138,0,0,DESOCUPADO,0,28,55,120,0,0
1790190544138,sala01,7392,1790190544138,0,0,DESOCUPADO,0,28,55,120,0,0
1790190546138,sala01,7393,1790190546138,0,0,DESOCUPADO,0,28,55,120,0,0
1790190548138,sala01,7394,1790190548138,0,0,DESOCUPADO,0,28,55,120,0,0
1790190550138,sala01,7395,1790190550138,0,0,DESOCUPADO,0,28,55,120,0,0
1790190552138,sala01,7396,1790190552138,0,0,DESOCUPADO,0,28,55,120,0,0
1790190554138,sala01,7397,1790190554138,0,0,DESOCUPADO,0,28,55,120,0,0
1790190556138,sala01,7398,1790190556138,0,0,DESOCUPADO,0,28,55,120,0,0
1790190558138,sala01,7399,1790190558138,0,0,DESOCUPADO,0,28,55,120,0,0
1790190560138,sala01,7400,1790190560138,0,0,DESOCUPADO,0,28,55,120,0,0
1790190562138,sala01,7401,1790190562138,0,0,DESOCUPADO,0,28,55,120,0,0
1790190564138,sala01,7402,1790190564138,0,0,DESOCUPADO,0,28,55,120,0,0
1790190566138,sala01,7403,1790190566138,0,0,DESOCUPADO,0,28,55,120,0,0
1790190568138,sala01,7404,1790190568138,0,0,DESOCUPADO,0,28,55,120,0,0
1790190570138,sala01,7405,1790190570138,0,0,DESOCUPADO,0,28,55,120,0,0
1790190572138,sala01,7406,1790190572138,0,0,DESOCUPADO,0,28,55,120,0,0
1790190574138,sala01,7407,1790190574138,0,0,DESOCUPADO,0,28,55,120,0,0
1790190576138,sala01,7408,1790190576138,0,0,DESOCUPADO,0,28,55,120,0,0
1790190578138,sala01,7409,1790190578138,0,0,DESOCUPADO,0,28,55,120,0,0
1790190580138,sala01,7410,1790190580138,0,0,DESOCUPADO,0,28,55,120,0,0
1790190582138,sala01,7411,1790190582138,0,0,DESOCUPADO,0,28,55,120,0,0
1790190584138,sala01,7412,1790190584138,0,0,DESOCUPADO,0,28,55,120,0,0
1790190586138,sala01,7413,1790190586138,0,0,DESOCUPADO,0,28,55,120,0,0
1790190588138,sala01,7414,1790190588138,0,0,DESOCUPADO,0,28,55,120,0,0
1790190590138,sala01,7415,1790190590138,0,0,DESOCUPADO,0,28,55,120,0,0
1790190592138,sala01,7416,1790190592138,0,0,DESOCUPADO,0,28,55,120,0,0
1790190594138,sala01,7417,1790190594138,0,0,DESOCUPADO,0,28,55,120,0,0
1790190596138,sala01,7418,1790190596138,0,0,DESOCUPADO,0,28,55,120,0,0
1790190598138,sala01,7419,1790190598138,0,0,DESOCUPADO,0,28,55,120,0,0
1790190600138,sala01,7420,1790190600138,0,0,DESOCUPADO,0,28,55,120,0,0
1790190602138,sala01,7421,1790190602138,0,0,DESOCUPADO,0,28,55,120,0,0
1790190604138,sala01,7422,1790190604138,0,0,DESOCUPADO,0,28,55,120,0,0
1790190606138,sala01,7423,1790190606138,0,0,DESOCUPADO,0,28,55,120,0,0
1790190608138,sala01,7424,1790190608138,0,0,DESOCUPADO,0,28,55,120,0,0
1790190610138,sala01,7425,1790190610138,0,0,DESOCUPADO,0,28,55,120,0,0
1790190612138,sala01,7426,1790190612138,0,0,DESOCUPADO,0,28,55,120,0,0
1790190614138,sala01,7427,1790190614138,0,0,DESOCUPADO,0,28,55,120,0,0
1790190616138,sala01,7428,1790190616138,0,0,DESOCUPADO,0,28,55,120,0,0
1790190618138,sala01,7429,1790190618138,0,0,DESOCUPADO,0,28,55,120,0,0
1790190620138,sala01,7430,1790190620138,0,0,DESOCUPADO,0,28,55,120,0,0
1790190622138,sala01,7431,1790190622138,0,0,DESOCUPADO,0,28,55,120,0,0
1790190624138,sala01,7432,1790190624138,0,0,DESOCUPADO,0,28,55,120,0,0
1790190626138,sala01,7433,1790190626138,0,0,DESOCUPADO,0,28,55,120,0,0
1790190628138,sala01,7434,1790190628138,0,0,DESOCUPADO,0,28,55,120,0,0
1790190630138,sala01,7435,1790190630138,0,0,DESOCUPADO,0,28,55,120,0,0
1790190632138,sala01,7436,1790190632138,0,0,DESOCUPADO,0,28,55,120,0,0
1790190634138,sala01,7437,1790190634138,0,0,DESOCUPADO,0,28,55,120,0,0
1790190636138,sala01,7438,1790190636138,0,0,DESOCUPADO,0,28,55,120,0,0
1790190638138,sala01,7439,1790190638138,0,0,DESOCUPADO,0,28,55,120,0,0
1790190640138,sala01,7440,1790190640138,0,0,DESOCUPADO,0,28,55,120,0,0
1790190642138,sala01,7441,1790190642138,0,0,DESOCUPADO,0,28,55,120,0,0
1790190644138,sala01,7442,1790190644138,0,0,DESOCUPADO,0,28,55,120,0,0
1790190646138,sala01,7443,1790190646138,0,0,DESOCUPADO,0,28,55,120,0,0
1790190648138,sala01,7444,1790190648138,0,0,DESOCUPADO,0,28,55,120,0,0
1790190650138,sala01,7445,1790190650138,0,0,DESOCUPADO,0,28,55,120,0,0
1790190652138,sala01,7446,1790190652138,0,0,DESOCUPADO,0,28,55,120,0,0
1790190654138,sala01,7447,1790190654138,0,0,DESOCUPADO,0,28,55,120,0,0
1790190656138,sala01,7448,1790190656138,0,0,DESOCUPADO,0,28,55,120,0,0
1790190658138,sala01,7449,1790190658138,0,0,DESOCUPADO,0,28,55,120,0,0
1790190660138,sala01,7450,1790190660138,0,0,DESOCUPADO,0,28,55,120,0,0
1790190662138,sala01,7451,1790190662138,0,0,DESOCUPADO,0,28,55,120,0,0
1790190664138,sala01,7452,1790190664138,0,0,DESOCUPADO,0,28,55,120,0,0
1790190666138,sala01,7453,1790190666138,0,0,DESOCUPADO,0,28,55,120,0,0
1790190668138,sala01,7454,1790190668138,0,0,DESOCUPADO,0,28,55,120,0,0
1790190670138,sala01,7455,1790190670138,0,0,DESOCUPADO,0,28,55,120,0,0
1790190672138,sala01,7456,1790190672138,0,0,DESOCUPADO,0,28,55,120,0,0
1790190674138,sala01,7457,1790190674138,0,0,DESOCUPADO,0,28,55,120,0,0
1790190676138,sala01,7458,1790190676138,0,0,DESOCUPADO,0,28,55,120,0,0
1790190678138,sala01,7459,1790190678138,0,0,DESOCUPADO,0,28,55,120,0,0
1790190680138,sala01,7460,1790190680138,0,0,DESOCUPADO,0,28,55,120,0,0
1790190682138,sala01,7461,1790190682138,0,0,DESOCUPADO,0,28,55,120,0,0
1790190684138,sala01,7462,1790190684138,0,0,DESOCUPADO,0,28,55,120,0,0
1790190686138,sala01,7463,1790190686138,0,0,DESOCUPADO,0,28,55,120,0,0
1790190688138,sala01,7464,1790190688138,0,0,DESOCUPADO,0,28,55,120,0,0
1790190690138,sala01,7465,1790190690138,0,0,DESOCUPADO,0,28,55,120,0,0
1790190692138,sala01,7466,1790190692138,0,0,DESOCUPADO,0,28,55,120,0,0
1790190694138,sala01,7467,1790190694138,0,0,DESOCUPADO,0,28,55,120,0,0
1790190696138,sala01,7468,1790190696138,0,0,DESOCUPADO,0,28,55,120,0,0
1790190698138,sala01,7469,1790190698138,0,0,DESOCUPADO,0,28,55,120,0,0
1790190700138,sala01,7470,1790190700138,0,0,DESOCUPADO,0,28,55,120,0,0
1790190702138,sala01,7471,1790190702138,0,0,DESOCUPADO,0,28,55,120,0,0
1790190704138,sala01,7472,1790190704138,0,0,DESOCUPADO,0,28,55,120,0,0
1790190706138,sala01,7473,1790190706138,0,0,DESOCUPADO,0,28,55,120,0,0
1790190708138,sala01,7474,1790190708138,0,0,DESOCUPADO,0,28,55,120,0,0
1790190710138,sala01,7475,1790190710138,0,0,DESOCUPADO,0,28,55,120,0,0
1790190712138,sala01,7476,1790190712138,0,0,DESOCUPADO,0,28,55,120,0,0
1790190714138,sala01,7477,1790190714138,0,0,DESOCUPADO,0,28,55,120,0,0
1790190716138,sala01,7478,1790190716138,0,0,DESOCUPADO,0,28,55,120,0,0
1790190718138,sala01,7479,1790190718138,0,0,DESOCUPADO,0,28,55,120,0,0
1790190720138,sala01,7480,1790190720138,0,0,DESOCUPADO,0,28,55,120,0,0
1790190722138,sala01,7481,1790190722138,0,0,DESOCUPADO,0,28,55,120,0,0
1790190724138,sala01,7482,1790190724138,0,0,DESOCUPADO,0,28,55,120,0,0
1790190726138,sala01,7483,1790190726138,0,0,DESOCUPADO,0,28,55,120,0,0
1790190728138,sala01,7484,1790190728138,0,0,DESOCUPADO,0,28,55,120,0,0
1790190730138,sala01,7485,1790190730138,0,0,DESOCUPADO,0,28,55,120,0,0
1790190732138,sala01,7486,1790190732138,0,0,DESOCUPADO,0,28,55,120,0,0
1790190734138,sala01,7487,1790190734138,0,0,DESOCUPADO,0,28,55,120,0,0
1790190736138,sala01,7488,1790190736138,0,0,DESOCUPADO,0,28,55,120,0,0
1790190738138,sala01,7489,1790190738138,0,0,DESOCUPADO,0,28,55,120,0,0
1790190740138,sala01,7490,1790190740138,0,0,DESOCUPADO,0,28,55,120,0,0
1790190742138,sala01,7491,1790190742138,0,0,DESOCUPADO,0,28,55,120,0,0
1790190744138,sala01,7492,1790190744138,0,0,DESOCUPADO,0,28,55,120,0,0
1790190746138,sala01,7493,1790190746138,0,0,DESOCUPADO,0,28,55,120,0,0
1790190748138,sala01,7494,1790190748138,0,0,DESOCUPADO,0,28,55,120,0,0
1790190750138,sala01,7495,1790190750138,0,0,DESOCUPADO,0,28,55,120,0,0
1790190752138,sala01,7496,1790190752138,0,0,DESOCUPADO,0,28,55,120,0,0
1790190754138,sala01,7497,1790190754138,0,0,DESOCUPADO,0,28,55,120,0,0
1790190756138,sala01,7498,1790190756138,0,0,DESOCUPADO,0,28,55,120,0,0
1790190758138,sala01,7499,1790190758138,0,0,DESOCUPADO,0,28,55,120,0,0
1790190760138,sala01,7500,1790190760138,0,0,DESOCUPADO,0,28,55,120,0,0
1790190762138,sala01,7501,1790190762138,0,0,DESOCUPADO,0,28,55,120,0,0
1790190764138,sala01,7502,1790190764138,0,0,DESOCUPADO,0,28,55,120,0,0
1790190766138,sala01,7503,1790190766138,0,0,DESOCUPADO,0,28,55,120,0,0
1790190768138,sala01,7504,1790190768138,0,0,DESOCUPADO,0,28,55,120,0,0
1790190770138,sala01,7505,1790190770138,0,0,DESOCUPADO,0,28,55,120,0,0
1790190772138,sala01,7506,1790190772138,0,0,DESOCUPADO,0,28,55,120,0,0
1790190774138,sala01,7507,1790190774138,0,0,DESOCUPADO,0,28,55,120,0,0
1790190776138,sala01,7508,1790190776138,0,0,DESOCUPADO,0,28,55,120,0,0
1790190778138,sala01,7509,1790190778138,0,0,DESOCUPADO,0,28,55,120,0,0
1790190780138,sala01,7510,1790190780138,0,0,DESOCUPADO,0,28,55,120,0,0
1790190782138,sala01,7511,1790190782138,0,0,DESOCUPADO,0,28,55,120,0,0
1790190784138,sala01,7512,1790190784138,0,0,DESOCUPADO,0,28,55,120,0,0
1790190786138,sala01,7513,1790190786138,0,0,DESOCUPADO,0,28,55,120,0,0
1790190788138,sala01,7514,1790190788138,0,0,DESOCUPADO,0,28,55,120,0,0
1790190790138,sala01,7515,1790190790138,0,0,DESOCUPADO,0,28,55,120,0,0
1790190792138,sala01,7516,1790190792138,0,0,DESOCUPADO,0,28,55,120,0,0
1790190794138,sala01,7517,1790190794138,0,0,DESOCUPADO,0,28,55,120,0,0
1790190796138,sala01,7518,1790190796138,0,0,DESOCUPADO,0,28,55,120,0,0
1790190798138,sala01,7519,1790190798138,0,0,DESOCUPADO,0,28,55,120,0,0
1790190800138,sala01,7520,1790190800138,0,0,DESOCUPADO,0,28,55,120,0,0
1790190802138,sala01,7521,1790190802138,0,0,DESOCUPADO,0,28,55,120,0,0
1790190804138,sala01,7522,1790190804138,0,0,DESOCUPADO,0,28,55,120,0,0
1790190806138,sala01,7523,1790190806138,0,0,DESOCUPADO,0,28,55,120,0,0
1790190808138,sala01,7524,1790190808138,0,0,DESOCUPADO,0,28,55,120,0,0
1790190810138,sala01,7525,1790190810138,0,0,DESOCUPADO,0,28,55,120,0,0
1790190812138,sala01,7526,1790190812138,0,0,DESOCUPADO,0,28,55,120,0,0
1790190814138,sala01,7527,1790190814138,0,0,DESOCUPADO,0,28,55,120,0,0
1790190816138,sala01,7528,1790190816138,0,0,DESOCUPADO,0,28,55,120,0,0
1790190818138,sala01,7529,1790190818138,0,0,DESOCUPADO,0,28,55,120,0,0
1790190820138,sala01,7530,1790190820138,0,0,DESOCUPADO,0,28,55,120,0,0
1790190822138,sala01,7531,1790190822138,0,0,DESOCUPADO,0,28,55,120,0,0
1790190824138,sala01,7532,1790190824138,0,0,DESOCUPADO,0,28,55,120,0,0
1790190826138,sala01,7533,1790190826138,0,0,DESOCUPADO,0,28,55,120,0,0
1790190828138,sala01,7534,1790190828138,0,0,DESOCUPADO,0,28,55,120,0,0
1790190830138,sala01,7535,1790190830138,0,0,DESOCUPADO,0,28,55,120,0,0
1790190832138,sala01,7536,1790190832138,0,0,DESOCUPADO,0,28,55,120,0,0
1790190834138,sala01,7537,1790190834138,0,0,DESOCUPADO,0,28,55,120,0,0
1790190836138,sala01,7538,1790190836138,0,0,DESOCUPADO,0,28,55,120,0,0
1790190838138,sala01,7539,1790190838138,0,0,DESOCUPADO,0,28,55,120,0,0
1790190840138,sala01,7540,1790190840138,0,0,DESOCUPADO,0,28,55,120,0,0
1790190842138,sala01,7541,1790190842138,0,0,DESOCUPADO,0,28,55,120,0,0
1790190844138,sala01,7542,1790190844138,0,0,DESOCUPADO,0,28,55,120,0,0
1790190846138,sala01,7543,1790190846138,0,0,DESOCUPADO,0,28,55,120,0,0
1790190848138,sala01,7544,1790190848138,0,0,DESOCUPADO,0,28,55,120,0,0
1790190850138,sala01,7545,1790190850138,0,0,DESOCUPADO,0,28,55,120,0,0
1790190852138,sala01,7546,1790190852138,0,0,DESOCUPADO,0,28,55,120,0,0
1790190854138,sala01,7547,1790190854138,0,0,DESOCUPADO,0,28,55,120,0,0
1790190856138,sala01,7548,1790190856138,0,0,DESOCUPADO,0,28,55,120,0,0
1790190858138,sala01,7549,1790190858138,0,0,DESOCUPADO,0,28,55,120,0,0
1790190860138,sala01,7550,1790190860138,0,0,DESOCUPADO,0,28,55,120,0,0
1790190862138,sala01,7551,1790190862138,0,0,DESOCUPADO,0,28,55,120,0,0
1790190864138,sala01,7552,1790190864138,0,0,DESOCUPADO,0,28,55,120,0,0
1790190866138,sala01,7553,1790190866138,0,0,DESOCUPADO,0,28,55,120,0,0
1790190868138,sala01,7554,1790190868138,0,0,DESOCUPADO,0,28,55,120,0,0
1790190870138,sala01,7555,1790190870138,0,0,DESOCUPADO,0,28,55,120,0,0
1790190872138,sala01,7556,1790190872138,0,0,DESOCUPADO,0,28,55,120,0,0
1790190874138,sala01,7557,1790190874138,0,0,DESOCUPADO,0,28,55,120,0,0
1790190876138,sala01,7558,1790190876138,0,0,DESOCUPADO,0,28,55,120,0,0
1790190878138,sala01,7559,1790190878138,0,0,DESOCUPADO,0,28,55,120,0,0
1790190880138,sala01,7560,1790190880138,0,0,DESOCUPADO,0,28,55,120,0,0
1790190882138,sala01,7561,1790190882138,0,0,DESOCUPADO,0,28,55,120,0,0
1790190884138,sala01,7562,1790190884138,0,0,DESOCUPADO,0,28,55,120,0,0
1790190886138,sala01,7563,1790190886138,0,0,DESOCUPADO,0,28,55,120,0,0
1790190888138,sala01,7564,1790190888138,0,0,DESOCUPADO,0,28,55,120,0,0
1790190890138,sala01,7565,1790190890138,0,0,DESOCUPADO,0,28,55,120,0,0
1790190892138,sala01,7566,1790190892138,0,0,DESOCUPADO,0,28,55,120,0,0
1790190894138,sala01,7567,1790190894138,0,0,DESOCUPADO,0,28,55,120,0,0
1790190896138,sala01,7568,1790190896138,0,0,DESOCUPADO,0,28,55,120,0,0
1790190898138,sala01,7569,1790190898138,0,0,DESOCUPADO,0,28,55,120,0,0
1790190900138,sala01,7570,1790190900138,0,0,DESOCUPADO,0,28,55,120,0,0
1790190902138,sala01,7571,1790190902138,0,0,DESOCUPADO,0,28,55,120,0,0
1790190904138,sala01,7572,1790190904138,0,0,DESOCUPADO,0,28,55,120,0,0
1790190906138,sala01,7573,1790190906138,0,0,DESOCUPADO,0,28,55,120,0,0
1790190908138,sala01,7574,1790190908138,0,0,DESOCUPADO,0,28,55,120,0,0
1790190910138,sala01,7575,1790190910138,0,0,DESOCUPADO,0,28,55,120,0,0
1790190912138,sala01,7576,1790190912138,0,0,DESOCUPADO,0,28,55,120,0,0
1790190914138,sala01,7577,1790190914138,0,0,DESOCUPADO,0,28,55,120,0,0
1790190916138,sala01,7578,1790190916138,0,0,DESOCUPADO,0,28,55,120,0,0
1790190918138,sala01,7579,1790190918138,0,0,DESOCUPADO,0,28,55,120,0,0
1790190920138,sala01,7580,1790190920138,0,0,DESOCUPADO,0,28,55,120,0,0
1790190922138,sala01,7581,1790190922138,0,0,DESOCUPADO,0,28,55,120,0,0
1790190924138,sala01,7582,1790190924138,0,0,DESOCUPADO,0,28,55,120,0,0
1790190926138,sala01,7583,1790190926138,0,0,DESOCUPADO,0,28,55,120,0,0
1790190928138,sala01,7584,1790190928138,0,0,DESOCUPADO,0,28,55,120,0,0
1790190930138,sala01,7585,1790190930138,0,0,DESOCUPADO,0,28,55,120,0,0
1790190932138,sala01,7586,1790190932138,0,0,DESOCUPADO,0,28,55,120,0,0
1790190934138,sala01,7587,1790190934138,0,0,DESOCUPADO,0,28,55,120,0,0
1790190936138,sala01,7588,1790190936138,0,0,DESOCUPADO,0,28,55,120,0,0
1790190938138,sala01,7589,1790190938138,0,0,DESOCUPADO,0,28,55,120,0,0
1790190940138,sala01,7590,1790190940138,0,0,DESOCUPADO,0,28,55,120,0,0
1790190942138,sala01,7591,1790190942138,0,0,DESOCUPADO,0,28,55,120,0,0
1790190944138,sala01,7592,1790190944138,0,0,DESOCUPADO,0,28,55,120,0,0
1790190946138,sala01,7593,1790190946138,0,0,DESOCUPADO,0,28,55,120,0,0
1790190948138,sala01,7594,1790190948138,0,0,DESOCUPADO,0,28,55,120,0,0
1790190950138,sala01,7595,1790190950138,0,0,DESOCUPADO,0,28,55,120,0,0
1790190952138,sala01,7596,1790190952138,0,0,DESOCUPADO,0,28,55,120,0,0
1790190954138,sala01,7597,1790190954138,0,0,DESOCUPADO,0,28,55,120,0,0
1790190956138,sala01,7598,1790190956138,0,0,DESOCUPADO,0,28,55,120,0,0
1790190958138,sala01,7599,1790190958138,0,0,DESOCUPADO,0,28,55,120,0,0
1790190960138,sala01,7600,1790190960138,0,0,DESOCUPADO,0,28,55,120,0,0
1790190962138,sala01,7601,1790190962138,0,0,DESOCUPADO,0,28,55,120,0,0
1790190964138,sala01,7602,1790190964138,0,0,DESOCUPADO,0,28,55,120,0,0
1790190966138,sala01,7603,1790190966138,0,0,DESOCUPADO,0,28,55,120,0,0
1790190968138,sala01,7604,1790190968138,0,0,DESOCUPADO,0,28,55,120,0,0
1790190970138,sala01,7605,1790190970138,0,0,DESOCUPADO,0,28,55,120,0,0
1790190972138,sala01,7606,1790190972138,0,0,DESOCUPADO,0,28,55,120,0,0
1790190974138,sala01,7607,1790190974138,0,0,DESOCUPADO,0,28,55,120,0,0
1790190976138,sala01,7608,1790190976138,0,0,DESOCUPADO,0,28,55,120,0,0
1790190978138,sala01,7609,1790190978138,0,0,DESOCUPADO,0,28,55,120,0,0
1790190980138,sala01,7610,1790190980138,0,0,DESOCUPADO,0,28,55,120,0,0
1790190982138,sala01,7611,1790190982138,0,0,DESOCUPADO,0,28,55,120,0,0
1790190984138,sala01,7612,1790190984138,0,0,DESOCUPADO,0,28,55,120,0,0
1790190986138,sala01,7613,1790190986138,0,0,DESOCUPADO,0,28,55,120,0,0
1790190988138,sala01,7614,1790190988138,0,0,DESOCUPADO,0,28,55,120,0,0
1790190990138,sala01,7615,1790190990138,0,0,DESOCUPADO,0,28,55,120,0,0
1790190992138,sala01,7616,1790190992138,0,0,DESOCUPADO,0,28,55,120,0,0
1790190994138,sala01,7617,1790190994138,0,0,DESOCUPADO,0,28,55,120,0,0
1790190996138,sala01,7618,1790190996138,0,0,DESOCUPADO,0,28,55,120,0,0
1790190998138,sala01,7619,1790190998138,0,0,DESOCUPADO,0,28,55,120,0,0
1790191000138,sala01,7620,1790191000138,0,0,DESOCUPADO,0,28,55,120,0,0
1790191002138,sala01,7621,1790191002138,0,0,DESOCUPADO,0,28,55,120,0,0
1790191004138,sala01,7622,1790191004138,0,0,DESOCUPADO,0,28,55,120,0,0
1790191006138,sala01,7623,1790191006138,0,0,DESOCUPADO,0,28,55,120,0,0
1790191008138,sala01,7624,1790191008138,0,0,DESOCUPADO,0,28,55,120,0,0
1790191010138,sala01,7625,1790191010138,0,0,DESOCUPADO,0,28,55,120,0,0
1790191012138,sala01,7626,1790191012138,0,0,DESOCUPADO,0,28,55,120,0,0
1790191014138,sala01,7627,1790191014138,0,0,DESOCUPADO,0,28,55,120,0,0
1790191016138,sala01,7628,1790191016138,0,0,DESOCUPADO,0,28,55,120,0,0
1790191018138,sala01,7629,1790191018138,0,0,DESOCUPADO,0,28,55,120,0,0
1790191020138,sala01,7630,1790191020138,0,0,DESOCUPADO,0,28,55,120,0,0
1790191022138,sala01,7631,1790191022138,0,0,DESOCUPADO,0,28,55,120,0,0
1790191024138,sala01,7632,1790191024138,0,0,DESOCUPADO,0,28,55,120,0,0
1790191026138,sala01,7633,1790191026138,0,0,DESOCUPADO,0,28,55,120,0,0
1790191028138,sala01,7634,1790191028138,0,0,DESOCUPADO,0,28,55,120,0,0
1790191030138,sala01,7635,1790191030138,0,0,DESOCUPADO,0,28,55,120,0,0
1790191032138,sala01,7636,1790191032138,0,0,DESOCUPADO,0,28,55,120,0,0
1790191034138,sala01,7637,1790191034138,0,0,DESOCUPADO,0,28,55,120,0,0
1790191036138,sala01,7638,1790191036138,0,0,DESOCUPADO,0,28,55,120,0,0
1790191038138,sala01,7639,1790191038138,0,0,DESOCUPADO,0,28,55,120,0,0
1790191040138,sala01,7640,1790191040138,0,0,DESOCUPADO,0,28,55,120,0,0
1790191042138,sala01,7641,1790191042138,0,0,DESOCUPADO,0,28,55,120,0,0
1790191044138,sala01,7642,1790191044138,0,0,DESOCUPADO,0,28,55,120,0,0
1790191046138,sala01,7643,1790191046138,0,0,DESOCUPADO,0,28,55,120,0,0
1790191048138,sala01,7644,1790191048138,0,0,DESOCUPADO,0,28,55,120,0,0
1790191050138,sala01,7645,1790191050138,0,0,DESOCUPADO,0,28,55,120,0,0
1790191052138,sala01,7646,1790191052138,0,0,DESOCUPADO,0,28,55,120,0,0
1790191054138,sala01,7647,1790191054138,0,0,DESOCUPADO,0,28,55,120,0,0
1790191056138,sala01,7648,1790191056138,0,0,DESOCUPADO,0,28,55,120,0,0
1790191058138,sala01,7649,1790191058138,0,0,DESOCUPADO,0,28,55,120,0,0
1790191060138,sala01,7650,1790191060138,0,0,DESOCUPADO,0,28,55,120,0,0
1790191062138,sala01,7651,1790191062138,0,0,DESOCUPADO,0,28,55,120,0,0
1790191064138,sala01,7652,1790191064138,0,0,DESOCUPADO,0,28,55,120,0,0
1790191066138,sala01,7653,1790191066138,0,0,DESOCUPADO,0,28,55,120,0,0
1790191068138,sala01,7654,1790191068138,0,0,DESOCUPADO,0,28,55,120,0,0
1790191070138,sala01,7655,1790191070138,0,0,DESOCUPADO,0,28,55,120,0,0
1790191072138,sala01,7656,1790191072138,0,0,DESOCUPADO,0,28,55,120,0,0
1790191074138,sala01,7657,1790191074138,0,0,DESOCUPADO,0,28,55,120,0,0
1790191076138,sala01,7658,1790191076138,0,0,DESOCUPADO,0,28,55,120,0,0
1790191078138,sala01,7659,1790191078138,0,0,DESOCUPADO,0,28,55,120,0,0
1790191080138,sala01,7660,1790191080138,0,0,DESOCUPADO,0,28,55,120,0,0
1790191082138,sala01,7661,1790191082138,0,0,DESOCUPADO,0,28,55,120,0,0
1790191084138,sala01,7662,1790191084138,0,0,DESOCUPADO,0,28,55,120,0,0
1790191086138,sala01,7663,1790191086138,0,0,DESOCUPADO,0,28,55,120,0,0
1790191088138,sala01,7664,1790191088138,0,0,DESOCUPADO,0,28,55,120,0,0
1790191090138,sala01,7665,1790191090138,0,0,DESOCUPADO,0,28,55,120,0,0
1790191092138,sala01,7666,1790191092138,0,0,DESOCUPADO,0,28,55,120,0,0
1790191094138,sala01,7667,1790191094138,0,0,DESOCUPADO,0,28,55,120,0,0
1790191096138,sala01,7668,1790191096138,0,0,DESOCUPADO,0,28,55,120,0,0
1790191098138,sala01,7669,1790191098138,0,0,DESOCUPADO,0,28,55,120,0,0
1790191100138,sala01,7670,1790191100138,0,0,DESOCUPADO,0,28,55,120,0,0
1790191102138,sala01,7671,1790191102138,0,0,DESOCUPADO,0,28,55,120,0,0
1790191104138,sala01,7672,1790191104138,0,0,DESOCUPADO,0,28,55,120,0,0
1790191106138,sala01,7673,1790191106138,0,0,DESOCUPADO,0,28,55,120,0,0
1790191108138,sala01,7674,1790191108138,0,0,DESOCUPADO,0,28,55,120,0,0
1790191110138,sala01,7675,1790191110138,0,0,DESOCUPADO,0,28,55,120,0,0
1790191112138,sala01,7676,1790191112138,0,0,DESOCUPADO,0,28,55,120,0,0
1790191114138,sala01,7677,1790191114138,0,0,DESOCUPADO,0,28,55,120,0,0
1790191116138,sala01,7678,1790191116138,0,0,DESOCUPADO,0,28,55,120,0,0
1790191118138,sala01,7679,1790191118138,0,0,DESOCUPADO,0,28,55,120,0,0
1790191120138,sala01,7680,1790191120138,0,0,DESOCUPADO,0,28,55,120,0,0
1790191122138,sala01,7681,1790191122138,0,0,DESOCUPADO,0,28,55,120,0,0
1790191124138,sala01,7682,1790191124138,0,0,DESOCUPADO,0,28,55,120,0,0
1790191126138,sala01,7683,1790191126138,0,0,DESOCUPADO,0,28,55,120,0,0
1790191128138,sala01,7684,1790191128138,0,0,DESOCUPADO,0,28,55,120,0,0
1790191130138,sala01,7685,1790191130138,0,0,DESOCUPADO,0,28,55,120,0,0
1790191132138,sala01,7686,1790191132138,0,0,DESOCUPADO,0,28,55,120,0,0
1790191134138,sala01,7687,1790191134138,0,0,DESOCUPADO,0,28,55,120,0,0
1790191136138,sala01,7688,1790191136138,0,0,DESOCUPADO,0,28,55,120,0,0
1790191138138,sala01,7689,1790191138138,0,0,DESOCUPADO,0,28,55,120,0,0
1790191140138,sala01,7690,1790191140138,0,0,DESOCUPADO,0,28,55,120,0,0
1790191142138,sala01,7691,1790191142138,0,0,DESOCUPADO,0,28,55,120,0,0
1790191144138,sala01,7692,1790191144138,0,0,DESOCUPADO,0,28,55,120,0,0
1790191146138,sala01,7693,1790191146138,0,0,DESOCUPADO,0,28,55,120,0,0
1790191148138,sala01,7694,1790191148138,0,0,DESOCUPADO,0,28,55,120,0,0
1790191150138,sala01,7695,1790191150138,0,0,DESOCUPADO,0,28,55,120,0,0
1790191152138,sala01,7696,1790191152138,0,0,DESOCUPADO,0,28,55,120,0,0
1790191154138,sala01,7697,1790191154138,0,0,DESOCUPADO,0,28,55,120,0,0
1790191156138,sala01,7698,1790191156138,0,0,DESOCUPADO,0,28,55,120,0,0
1790191158138,sala01,7699,1790191158138,0,0,DESOCUPADO,0,28,55,120,0,0
1790191160138,sala01,7700,1790191160138,0,0,DESOCUPADO,0,28,55,120,0,0
1790191162138,sala01,7701,1790191162138,0,0,DESOCUPADO,0,28,55,120,0,0
1790191164138,sala01,7702,1790191164138,0,0,DESOCUPADO,0,28,55,120,0,0
1790191166138,sala01,7703,1790191166138,0,0,DESOCUPADO,0,28,55,120,0,0
1790191168138,sala01,7704,1790191168138,0,0,DESOCUPADO,0,28,55,120,0,0
1790191170138,sala01,7705,1790191170138,0,0,DESOCUPADO,0,28,55,120,0,0
1790191172138,sala01,7706,1790191172138,0,0,DESOCUPADO,0,28,55,120,0,0
1790191174138,sala01,7707,1790191174138,0,0,DESOCUPADO,0,28,55,120,0,0
1790191176138,sala01,7708,1790191176138,0,0,DESOCUPADO,0,28,55,120,0,0
1790191178138,sala01,7709,1790191178138,0,0,DESOCUPADO,0,28,55,120,0,0
1790191180138,sala01,7710,1790191180138,0,0,DESOCUPADO,0,28,55,120,0,0
1790191182138,sala01,7711,1790191182138,0,0,DESOCUPADO,0,28,55,120,0,0
1790191184138,sala01,7712,1790191184138,0,0,DESOCUPADO,0,28,55,120,0,0
1790191186138,sala01,7713,1790191186138,0,0,DESOCUPADO,0,28,55,120,0,0
1790191188138,sala01,7714,1790191188138,0,0,DESOCUPADO,0,28,55,120,0,0
1790191190138,sala01,7715,1790191190138,0,0,DESOCUPADO,0,28,55,120,0,0
1790191192138,sala01,7716,1790191192138,0,0,DESOCUPADO,0,28,55,120,0,0
1790191194138,sala01,7717,1790191194138,0,0,DESOCUPADO,0,28,55,120,0,0
1790191196138,sala01,7718,1790191196138,0,0,DESOCUPADO,0,28,55,120,0,0
1790191198138,sala01,7719,1790191198138,0,0,DESOCUPADO,0,28,55,120,0,0
1790191200138,sala01,7720,1790191200138,0,0,DESOCUPADO,0,28,55,120,0,0
1790191202138,sala01,7721,1790191202138,0,0,DESOCUPADO,0,28,55,120,0,0
1790191204138,sala01,7722,1790191204138,0,0,DESOCUPADO,0,28,55,120,0,0
1790191206138,sala01,7723,1790191206138,0,0,DESOCUPADO,0,28,55,120,0,0
1790191208138,sala01,7724,1790191208138,0,0,DESOCUPADO,0,28,55,120,0,0
1790191210138,sala01,7725,1790191210138,0,0,DESOCUPADO,0,28,55,120,0,0
1790191212138,sala01,7726,1790191212138,0,0,DESOCUPADO,0,28,55,120,0,0
1790191214138,sala01,7727,1790191214138,0,0,DESOCUPADO,0,28,55,120,0,0
1790191216138,sala01,7728,1790191216138,0,0,DESOCUPADO,0,28,55,120,0,0
1790191218138,sala01,7729,1790191218138,0,0,DESOCUPADO,0,28,55,120,0,0
1790191220138,sala01,7730,1790191220138,0,0,DESOCUPADO,0,28,55,120,0,0
1790191222138,sala01,7731,1790191222138,0,0,DESOCUPADO,0,28,55,120,0,0
1790191224138,sala01,7732,1790191224138,0,0,DESOCUPADO,0,28,55,120,0,0
1790191226138,sala01,7733,1790191226138,0,0,DESOCUPADO,0,28,55,120,0,0
1790191228138,sala01,7734,1790191228138,0,0,DESOCUPADO,0,28,55,120,0,0
1790191230138,sala01,7735,1790191230138,0,0,DESOCUPADO,0,28,55,120,0,0
1790191232138,sala01,7736,1790191232138,0,0,DESOCUPADO,0,28,55,120,0,0
1790191234138,sala01,7737,1790191234138,0,0,DESOCUPADO,0,28,55,120,0,0
1790191236138,sala01,7738,1790191236138,0,0,DESOCUPADO,0,28,55,120,0,0
1790191238138,sala01,7739,1790191238138,0,0,DESOCUPADO,0,28,55,120,0,0
1790191240138,sala01,7740,1790191240138,0,0,DESOCUPADO,0,28,55,120,0,0
1790191242138,sala01,7741,1790191242138,0,0,DESOCUPADO,0,28,55,120,0,0
1790191244138,sala01,7742,1790191244138,0,0,DESOCUPADO,0,28,55,120,0,0
1790191246138,sala01,7743,1790191246138,0,0,DESOCUPADO,0,28,55,120,0,0
1790191248138,sala01,7744,1790191248138,0,0,DESOCUPADO,0,28,55,120,0,0
1790191250138,sala01,7745,1790191250138,0,0,DESOCUPADO,0,28,55,120,0,0
1790191252138,sala01,7746,1790191252138,0,0,DESOCUPADO,0,28,55,120,0,0
1790191254138,sala01,7747,1790191254138,0,0,DESOCUPADO,0,28,55,120,0,0
1790191256138,sala01,7748,1790191256138,0,0,DESOCUPADO,0,28,55,120,0,0
1790191258138,sala01,7749,1790191258138,0,0,DESOCUPADO,0,28,55,120,0,0
1790191260138,sala01,7750,1790191260138,0,0,DESOCUPADO,0,28,55,120,0,0
1790191262138,sala01,7751,1790191262138,0,0,DESOCUPADO,0,28,55,120,0,0
1790191264138,sala01,7752,1790191264138,0,0,DESOCUPADO,0,28,55,120,0,0
1790191266138,sala01,7753,1790191266138,0,0,DESOCUPADO,0,28,55,120,0,0
1790191268138,sala01,7754,1790191268138,0,0,DESOCUPADO,0,28,55,120,0,0
1790191270138,sala01,7755,1790191270138,0,0,DESOCUPADO,0,28,55,120,0,0
1790191272138,sala01,7756,1790191272138,0,0,DESOCUPADO,0,28,55,120,0,0
1790191274138,sala01,7757,1790191274138,0,0,DESOCUPADO,0,28,55,120,0,0
1790191276138,sala01,7758,1790191276138,0,0,DESOCUPADO,0,28,55,120,0,0
1790191278138,sala01,7759,1790191278138,0,0,DESOCUPADO,0,28,55,120,0,0
1790191280138,sala01,7760,1790191280138,0,0,DESOCUPADO,0,28,55,120,0,0
1790191282138,sala01,7761,1790191282138,0,0,DESOCUPADO,0,28,55,120,0,0
1790191284138,sala01,7762,1790191284138,0,0,DESOCUPADO,0,28,55,120,0,0
1790191286138,sala01,7763,1790191286138,0,0,DESOCUPADO,0,28,55,120,0,0
1790191288138,sala01,7764,1790191288138,0,0,DESOCUPADO,0,28,55,120,0,0
1790191290138,sala01,7765,1790191290138,0,0,DESOCUPADO,0,28,55,120,0,0
1790191292138,sala01,7766,1790191292138,0,0,DESOCUPADO,0,28,55,120,0,0
1790191294138,sala01,7767,1790191294138,0,0,DESOCUPADO,0,28,55,120,0,0
1790191296138,sala01,7768,1790191296138,0,0,DESOCUPADO,0,28,55,120,0,0
1790191298138,sala01,7769,1790191298138,0,0,DESOCUPADO,0,28,55,120,0,0
1790191300138,sala01,7770,1790191300138,0,0,DESOCUPADO,0,28,55,120,0,0
1790191302138,sala01,7771,1790191302138,0,0,DESOCUPADO,0,28,55,120,0,0
1790191304138,sala01,7772,1790191304138,0,0,DESOCUPADO,0,28,55,120,0,0
1790191306138,sala01,7773,1790191306138,0,0,DESOCUPADO,0,28,55,120,0,0
1790191308138,sala01,7774,1790191308138,0,0,DESOCUPADO,0,28,55,120,0,0
1790191310138,sala01,7775,1790191310138,0,0,DESOCUPADO,0,28,55,120,0,0
1790191312138,sala01,7776,1790191312138,0,0,DESOCUPADO,0,28,55,120,0,0
1790191314138,sala01,7777,1790191314138,0,0,DESOCUPADO,0,28,55,120,0,0
1790191316138,sala01,7778,1790191316138,0,0,DESOCUPADO,0,28,55,120,0,0
1790191318138,sala01,7779,1790191318138,0,0,DESOCUPADO,0,28,55,120,0,0
1790191320138,sala01,7780,1790191320138,0,0,DESOCUPADO,0,28,55,120,0,0
1790191322138,sala01,7781,1790191322138,0,0,DESOCUPADO,0,28,55,120,0,0
1790191324138,sala01,7782,1790191324138,0,0,DESOCUPADO,0,28,55,120,0,0
1790191326138,sala01,7783,1790191326138,0,0,DESOCUPADO,0,28,55,120,0,0
1790191328138,sala01,7784,1790191328138,0,0,DESOCUPADO,0,28,55,120,0,0
1790191330138,sala01,7785,1790191330138,0,0,DESOCUPADO,0,28,55,120,0,0
1790191332138,sala01,7786,1790191332138,0,0,DESOCUPADO,0,28,55,120,0,0
1790191334138,sala01,7787,1790191334138,0,0,DESOCUPADO,0,28,55,120,0,0
1790191336138,sala01,7788,1790191336138,0,0,DESOCUPADO,0,28,55,120,0,0
1790191338138,sala01,7789,1790191338138,0,0,DESOCUPADO,0,28,55,120,0,0
1790191340138,sala01,7790,1790191340138,0,0,DESOCUPADO,0,28,55,120,0,0
1790191342138,sala01,7791,1790191342138,0,0,DESOCUPADO,0,28,55,120,0,0
1790191344138,sala01,7792,1790191344138,0,0,DESOCUPADO,0,28,55,120,0,0
1790191346138,sala01,7793,1790191346138,0,0,DESOCUPADO,0,28,55,120,0,0
1790191348138,sala01,7794,1790191348138,0,0,DESOCUPADO,0,28,55,120,0,0
1790191350138,sala01,7795,1790191350138,0,0,DESOCUPADO,0,28,55,120,0,0
1790191352138,sala01,7796,1790191352138,0,0,DESOCUPADO,0,28,55,120,0,0
1790191354138,sala01,7797,1790191354138,0,0,DESOCUPADO,0,28,55,120,0,0
1790191356138,sala01,7798,1790191356138,0,0,DESOCUPADO,0,28,55,120,0,0
1790191358138,sala01,7799,1790191358138,0,0,DESOCUPADO,0,28,55,120,0,0
1790191360138,sala01,7800,1790191360138,0,0,DESOCUPADO,0,28,55,120,0,0
1790191362138,sala01,7801,1790191362138,0,0,DESOCUPADO,0,28,55,120,0,0
1790191364138,sala01,7802,1790191364138,0,0,DESOCUPADO,0,28,55,120,0,0
1790191366138,sala01,7803,1790191366138,0,0,DESOCUPADO,0,28,55,120,0,0
1790191368138,sala01,7804,1790191368138,0,0,DESOCUPADO,0,28,55,120,0,0
1790191370138,sala01,7805,1790191370138,0,0,DESOCUPADO,0,28,55,120,0,0
1790191372138,sala01,7806,1790191372138,0,0,DESOCUPADO,0,28,55,120,0,0
1790191374138,sala01,7807,1790191374138,0,0,DESOCUPADO,0,28,55,120,0,0
1790191376138,sala01,7808,1790191376138,0,0,DESOCUPADO,0,28,55,120,0,0
1790191378138,sala01,7809,1790191378138,0,0,DESOCUPADO,0,28,55,120,0,0
1790191380138,sala01,7810,1790191380138,0,0,DESOCUPADO,0,28,55,120,0,0
1790191382138,sala01,7811,1790191382138,0,0,DESOCUPADO,0,28,55,120,0,0
1790191384138,sala01,7812,1790191384138,0,0,DESOCUPADO,0,28,55,120,0,0
1790191386138,sala01,7813,1790191386138,0,0,DESOCUPADO,0,28,55,120,0,0
1790191388138,sala01,7814,1790191388138,0,0,DESOCUPADO,0,28,55,120,0,0
1790191390138,sala01,7815,1790191390138,0,0,DESOCUPADO,0,28,55,120,0,0
1790191392138,sala01,7816,1790191392138,0,0,DESOCUPADO,0,28,55,120,0,0
1790191394138,sala01,7817,1790191394138,0,0,DESOCUPADO,0,28,55,120,0,0
1790191396138,sala01,7818,1790191396138,0,0,DESOCUPADO,0,28,55,120,0,0
1790191398138,sala01,7819,1790191398138,0,0,DESOCUPADO,0,28,55,120,0,0
1790191400138,sala01,7820,1790191400138,0,0,DESOCUPADO,0,28,55,120,0,0
1790191402138,sala01,7821,1790191402138,0,0,DESOCUPADO,0,28,55,120,0,0
1790191404138,sala01,7822,1790191404138,0,0,DESOCUPADO,0,28,55,120,0,0
1790191406138,sala01,7823,1790191406138,0,0,DESOCUPADO,0,28,55,120,0,0
1790191408138,sala01,7824,1790191408138,0,0,DESOCUPADO,0,28,55,120,0,0
1790191410138,sala01,7825,1790191410138,0,0,DESOCUPADO,0,28,55,120,0,0
1790191412138,sala01,7826,1790191412138,0,0,DESOCUPADO,0,28,55,120,0,0
1790191414138,sala01,7827,1790191414138,0,0,DESOCUPADO,0,28,55,120,0,0
1790191416138,sala01,7828,1790191416138,0,0,DESOCUPADO,0,28,55,120,0,0
1790191418138,sala01,7829,1790191418138,0,0,DESOCUPADO,0,28,55,120,0,0
1790191420138,sala01,7830,1790191420138,0,0,DESOCUPADO,0,28,55,120,0,0
1790191422138,sala01,7831,1790191422138,0,0,DESOCUPADO,0,28,55,120,0,0
1790191424138,sala01,7832,1790191424138,0,0,DESOCUPADO,0,28,55,120,0,0
1790191426138,sala01,7833,1790191426138,0,0,DESOCUPADO,0,28,55,120,0,0
1790191428138,sala01,7834,1790191428138,0,0,DESOCUPADO,0,28,55,120,0,0
1790191430138,sala01,7835,1790191430138,0,0,DESOCUPADO,0,28,55,120,0,0
1790191432138,sala01,7836,1790191432138,0,0,DESOCUPADO,0,28,55,120,0,0
1790191434138,sala01,7837,1790191434138,0,0,DESOCUPADO,0,28,55,120,0,0
1790191436138,sala01,7838,1790191436138,0,0,DESOCUPADO,0,28,55,120,0,0
1790191438138,sala01,7839,1790191438138,0,0,DESOCUPADO,0,28,55,120,0,0
1790191440138,sala01,7840,1790191440138,0,0,DESOCUPADO,0,28,55,120,0,0
1790191442138,sala01,7841,1790191442138,0,0,DESOCUPADO,0,28,55,120,0,0
1790191444138,sala01,7842,1790191444138,0,0,DESOCUPADO,0,28,55,120,0,0
1790191446138,sala01,7843,1790191446138,0,0,DESOCUPADO,0,28,55,120,0,0
1790191448138,sala01,7844,1790191448138,0,0,DESOCUPADO,0,28,55,120,0,0
1790191450138,sala01,7845,1790191450138,0,0,DESOCUPADO,0,28,55,120,0,0
1790191452138,sala01,7846,1790191452138,0,0,DESOCUPADO,0,28,55,120,0,0
1790191454138,sala01,7847,1790191454138,0,0,DESOCUPADO,0,28,55,120,0,0
1790191456138,sala01,7848,1790191456138,0,0,DESOCUPADO,0,28,55,120,0,0
1790191458138,sala01,7849,1790191458138,0,0,DESOCUPADO,0,28,55,120,0,0
1790191460138,sala01,7850,1790191460138,0,0,DESOCUPADO,0,28,55,120,0,0
1790191462138,sala01,7851,1790191462138,0,0,DESOCUPADO,0,28,55,120,0,0
1790191464138,sala01,7852,1790191464138,0,0,DESOCUPADO,0,28,55,120,0,0
1790191466138,sala01,7853,1790191466138,0,0,DESOCUPADO,0,28,55,120,0,0
1790191468138,sala01,7854,1790191468138,0,0,DESOCUPADO,0,28,55,120,0,0
1790191470138,sala01,7855,1790191470138,0,0,DESOCUPADO,0,28,55,120,0,0
1790191472138,sala01,7856,1790191472138,0,0,DESOCUPADO,0,28,55,120,0,0
1790191474138,sala01,7857,1790191474138,0,0,DESOCUPADO,0,28,55,120,0,0
1790191476138,sala01,7858,1790191476138,0,0,DESOCUPADO,0,28,55,120,0,0
1790191478138,sala01,7859,1790191478138,0,0,DESOCUPADO,0,28,55,120,0,0
1790191480138,sala01,7860,1790191480138,0,0,DESOCUPADO,0,28,55,120,0,0
1790191482138,sala01,7861,1790191482138,0,0,DESOCUPADO,0,28,55,120,0,0
1790191484138,sala01,7862,1790191484138,0,0,DESOCUPADO,0,28,55,120,0,0
1790191486138,sala01,7863,1790191486138,0,0,DESOCUPADO,0,28,55,120,0,0
1790191488138,sala01,7864,1790191488138,0,0,DESOCUPADO,0,28,55,120,0,0
1790191490138,sala01,7865,1790191490138,0,0,DESOCUPADO,0,28,55,120,0,0
1790191492138,sala01,7866,1790191492138,0,0,DESOCUPADO,0,28,55,120,0,0
1790191494138,sala01,7867,1790191494138,0,0,DESOCUPADO,0,28,55,120,0,0
1790191496138,sala01,7868,1790191496138,0,0,DESOCUPADO,0,28,55,120,0,0
1790191498138,sala01,7869,1790191498138,0,0,DESOCUPADO,0,28,55,120,0,0
1790191500138,sala01,7870,1790191500138,0,0,DESOCUPADO,0,28,55,120,0,0
1790191502138,sala01,7871,1790191502138,0,0,DESOCUPADO,0,28,55,120,0,0
1790191504138,sala01,7872,1790191504138,0,0,DESOCUPADO,0,28,55,120,0,0
1790191506138,sala01,7873,1790191506138,0,0,DESOCUPADO,0,28,55,120,0,0
1790191508138,sala01,7874,1790191508138,0,0,DESOCUPADO,0,28,55,120,0,0
1790191510138,sala01,7875,1790191510138,0,0,DESOCUPADO,0,28,55,120,0,0
1790191512138,sala01,7876,1790191512138,0,0,DESOCUPADO,0,28,55,120,0,0
1790191514138,sala01,7877,1790191514138,0,0,DESOCUPADO,0,28,55,120,0,0
1790191516138,sala01,7878,1790191516138,0,0,DESOCUPADO,0,28,55,120,0,0
1790191518138,sala01,7879,1790191518138,0,0,DESOCUPADO,0,28,55,120,0,0
1790191520138,sala01,7880,1790191520138,0,0,DESOCUPADO,0,28,55,120,0,0
1790191522138,sala01,7881,1790191522138,0,0,DESOCUPADO,0,28,55,120,0,0
1790191524138,sala01,7882,1790191524138,0,0,DESOCUPADO,0,28,55,120,0,0
1790191526138,sala01,7883,1790191526138,0,0,DESOCUPADO,0,28,55,120,0,0
1790191528138,sala01,7884,1790191528138,0,0,DESOCUPADO,0,28,55,120,0,0
1790191530138,sala01,7885,1790191530138,0,0,DESOCUPADO,0,28,55,120,0,0
1790191532138,sala01,7886,1790191532138,0,0,DESOCUPADO,0,28,55,120,0,0
1790191534138,sala01,7887,1790191534138,0,0,DESOCUPADO,0,28,55,120,0,0
1790191536138,sala01,7888,1790191536138,0,0,DESOCUPADO,0,28,55,120,0,0
1790191538138,sala01,7889,1790191538138,0,0,DESOCUPADO,0,28,55,120,0,0
1790191540138,sala01,7890,1790191540138,0,0,DESOCUPADO,0,28,55,120,0,0
1790191542138,sala01,7891,1790191542138,0,0,DESOCUPADO,0,28,55,120,0,0
1790191544138,sala01,7892,1790191544138,0,0,DESOCUPADO,0,28,55,120,0,0
1790191546138,sala01,7893,1790191546138,0,0,DESOCUPADO,0,28,55,120,0,0
1790191548138,sala01,7894,1790191548138,0,0,DESOCUPADO,0,28,55,120,0,0
1790191550138,sala01,7895,1790191550138,0,0,DESOCUPADO,0,28,55,120,0,0
1790191552138,sala01,7896,1790191552138,0,0,DESOCUPADO,0,28,55,120,0,0
1790191554138,sala01,7897,1790191554138,0,0,DESOCUPADO,0,28,55,120,0,0
1790191556138,sala01,7898,1790191556138,0,0,DESOCUPADO,0,28,55,120,0,0
1790191558138,sala01,7899,1790191558138,0,0,DESOCUPADO,0,28,55,120,0,0
1790191560138,sala01,7900,1790191560138,0,0,DESOCUPADO,0,28,55,120,0,0
1790191562138,sala01,7901,1790191562138,0,0,DESOCUPADO,0,28,55,120,0,0
1790191564138,sala01,7902,1790191564138,0,0,DESOCUPADO,0,28,55,120,0,0
1790191566138,sala01,7903,1790191566138,0,0,DESOCUPADO,0,28,55,120,0,0
1790191568138,sala01,7904,1790191568138,0,0,DESOCUPADO,0,28,55,120,0,0
1790191570138,sala01,7905,1790191570138,0,0,DESOCUPADO,0,28,55,120,0,0
1790191572138,sala01,7906,1790191572138,0,0,DESOCUPADO,0,28,55,120,0,0
1790191574138,sala01,7907,1790191574138,0,0,DESOCUPADO,0,28,55,120,0,0
1790191576138,sala01,7908,1790191576138,0,0,DESOCUPADO,0,28,55,120,0,0
1790191578138,sala01,7909,1790191578138,0,0,DESOCUPADO,0,28,55,120,0,0
1790191580138,sala01,7910,1790191580138,0,0,DESOCUPADO,0,28,55,120,0,0
1790191582138,sala01,7911,1790191582138,0,0,DESOCUPADO,0,28,55,120,0,0
1790191584138,sala01,7912,1790191584138,0,0,DESOCUPADO,0,28,55,120,0,0
1790191586138,sala01,7913,1790191586138,0,0,DESOCUPADO,0,28,55,120,0,0
1790191588138,sala01,7914,1790191588138,0,0,DESOCUPADO,0,28,55,120,0,0
1790191590138,sala01,7915,1790191590138,0,0,DESOCUPADO,0,28,55,120,0,0
1790191592138,sala01,7916,1790191592138,0,0,DESOCUPADO,0,28,55,120,0,0
1790191594138,sala01,7917,1790191594138,0,0,DESOCUPADO,0,28,55,120,0,0
1790191596138,sala01,7918,1790191596138,0,0,DESOCUPADO,0,28,55,120,0,0
1790191598138,sala01,7919,1790191598138,0,0,DESOCUPADO,0,28,55,120,0,0
1790191600138,sala01,7920,1790191600138,0,0,DESOCUPADO,0,28,55,120,0,0
1790191602138,sala01,7921,1790191602138,0,0,DESOCUPADO,0,28,55,120,0,0
1790191604138,sala01,7922,1790191604138,0,0,DESOCUPADO,0,28,55,120,0,0
1790191606138,sala01,7923,1790191606138,0,0,DESOCUPADO,0,28,55,120,0,0
1790191608138,sala01,7924,1790191608138,0,0,DESOCUPADO,0,28,55,120,0,0
1790191610138,sala01,7925,1790191610138,0,0,DESOCUPADO,0,28,55,120,0,0
1790191612138,sala01,7926,1790191612138,0,0,DESOCUPADO,0,28,55,120,0,0
1790191614138,sala01,7927,1790191614138,0,0,DESOCUPADO,0,28,55,120,0,0
1790191616138,sala01,7928,1790191616138,0,0,DESOCUPADO,0,28,55,120,0,0
1790191618138,sala01,7929,1790191618138,0,0,DESOCUPADO,0,28,55,120,0,0
1790191620138,sala01,7930,1790191620138,0,0,DESOCUPADO,0,28,55,120,0,0
1790191622138,sala01,7931,1790191622138,0,0,DESOCUPADO,0,28,55,120,0,0
1790191624138,sala01,7932,1790191624138,0,0,DESOCUPADO,0,28,55,120,0,0
1790191626138,sala01,7933,1790191626138,0,0,DESOCUPADO,0,28,55,120,0,0
1790191628138,sala01,7934,1790191628138,0,0,DESOCUPADO,0,28,55,120,0,0
1790191630138,sala01,7935,1790191630138,0,0,DESOCUPADO,0,28,55,120,0,0
1790191632138,sala01,7936,1790191632138,0,0,DESOCUPADO,0,28,55,120,0,0
1790191634138,sala01,7937,1790191634138,0,0,DESOCUPADO,0,28,55,120,0,0
1790191636138,sala01,7938,1790191636138,0,0,DESOCUPADO,0,28,55,120,0,0
1790191638138,sala01,7939,1790191638138,0,0,DESOCUPADO,0,28,55,120,0,0
1790191640138,sala01,7940,1790191640138,0,0,DESOCUPADO,0,28,55,120,0,0
1790191642138,sala01,7941,1790191642138,0,0,DESOCUPADO,0,28,55,120,0,0
1790191644138,sala01,7942,1790191644138,0,0,DESOCUPADO,0,28,55,120,0,0
1790191646138,sala01,7943,1790191646138,0,0,DESOCUPADO,0,28,55,120,0,0
1790191648138,sala01,7944,1790191648138,0,0,DESOCUPADO,0,28,55,120,0,0
1790191650138,sala01,7945,1790191650138,0,0,DESOCUPADO,0,28,55,120,0,0
1790191652138,sala01,7946,1790191652138,0,0,DESOCUPADO,0,28,55,120,0,0
1790191654138,sala01,7947,1790191654138,0,0,DESOCUPADO,0,28,55,120,0,0
1790191656138,sala01,7948,1790191656138,0,0,DESOCUPADO,0,28,55,120,0,0
1790191658138,sala01,7949,1790191658138,0,0,DESOCUPADO,0,28,55,120,0,0
1790191660138,sala01,7950,1790191660138,0,0,DESOCUPADO,0,28,55,120,0,0
1790191662138,sala01,7951,1790191662138,0,0,DESOCUPADO,0,28,55,120,0,0
1790191664138,sala01,7952,1790191664138,0,0,DESOCUPADO,0,28,55,120,0,0
1790191666138,sala01,7953,1790191666138,0,0,DESOCUPADO,0,28,55,120,0,0
1790191668138,sala01,7954,1790191668138,0,0,DESOCUPADO,0,28,55,120,0,0
1790191670138,sala01,7955,1790191670138,0,0,DESOCUPADO,0,28,55,120,0,0
1790191672138,sala01,7956,1790191672138,0,0,DESOCUPADO,0,28,55,120,0,0
1790191674138,sala01,7957,1790191674138,0,0,DESOCUPADO,0,28,55,120,0,0
1790191676138,sala01,7958,1790191676138,0,0,DESOCUPADO,0,28,55,120,0,0
1790191678138,sala01,7959,1790191678138,0,0,DESOCUPADO,0,28,55,120,0,0
1790191680138,sala01,7960,1790191680138,0,0,DESOCUPADO,0,28,55,120,0,0
1790191682138,sala01,7961,1790191682138,0,0,DESOCUPADO,0,28,55,120,0,0
1790191684138,sala01,7962,1790191684138,0,0,DESOCUPADO,0,28,55,120,0,0
1790191686138,sala01,7963,1790191686138,0,0,DESOCUPADO,0,28,55,120,0,0
1790191688138,sala01,7964,1790191688138,0,0,DESOCUPADO,0,28,55,120,0,0
1790191690138,sala01,7965,1790191690138,0,0,DESOCUPADO,0,28,55,120,0,0
1790191692138,sala01,7966,1790191692138,0,0,DESOCUPADO,0,28,55,120,0,0
1790191694138,sala01,7967,1790191694138,0,0,DESOCUPADO,0,28,55,120,0,0
1790191696138,sala01,7968,1790191696138,0,0,DESOCUPADO,0,28,55,120,0,0
1790191698138,sala01,7969,1790191698138,0,0,DESOCUPADO,0,28,55,120,0,0
1790191700138,sala01,7970,1790191700138,0,0,DESOCUPADO,0,28,55,120,0,0
1790191702138,sala01,7971,1790191702138,0,0,DESOCUPADO,0,28,55,120,0,0
1790191704138,sala01,7972,1790191704138,0,0,DESOCUPADO,0,28,55,120,0,0
1790191706138,sala01,7973,1790191706138,0,0,DESOCUPADO,0,28,55,120,0,0
1790191708138,sala01,7974,1790191708138,0,0,DESOCUPADO,0,28,55,120,0,0
1790191710138,sala01,7975,1790191710138,0,0,DESOCUPADO,0,28,55,120,0,0
1790191712138,sala01,7976,1790191712138,0,0,DESOCUPADO,0,28,55,120,0,0
1790191714138,sala01,7977,1790191714138,0,0,DESOCUPADO,0,28,55,120,0,0
1790191716138,sala01,7978,1790191716138,0,0,DESOCUPADO,0,28,55,120,0,0
1790191718138,sala01,7979,1790191718138,0,0,DESOCUPADO,0,28,55,120,0,0
1790191720138,sala01,7980,1790191720138,0,0,DESOCUPADO,0,28,55,120,0,0
1790191722138,sala01,7981,1790191722138,0,0,DESOCUPADO,0,28,55,120,0,0
1790191724138,sala01,7982,1790191724138,0,0,DESOCUPADO,0,28,55,120,0,0
1790191726138,sala01,7983,1790191726138,0,0,DESOCUPADO,0,28,55,120,0,0
1790191728138,sala01,7984,1790191728138,0,0,DESOCUPADO,0,28,55,120,0,0
1790191730138,sala01,7985,1790191730138,0,0,DESOCUPADO,0,28,55,120,0,0
1790191732138,sala01,7986,1790191732138,0,0,DESOCUPADO,0,28,55,120,0,0
1790191734138,sala01,7987,1790191734138,0,0,DESOCUPADO,0,28,55,120,0,0
1790191736138,sala01,7988,1790191736138,0,0,DESOCUPADO,0,28,55,120,0,0
1790191738138,sala01,7989,1790191738138,0,0,DESOCUPADO,0,28,55,120,0,0
1790191740138,sala01,7990,1790191740138,0,0,DESOCUPADO,0,28,55,120,0,0
1790191742138,sala01,7991,1790191742138,0,0,DESOCUPADO,0,28,55,120,0,0
1790191744138,sala01,7992,1790191744138,0,0,DESOCUPADO,0,28,55,120,0,0
1790191746138,sala01,7993,1790191746138,0,0,DESOCUPADO,0,28,55,120,0,0
1790191748138,sala01,7994,1790191748138,0,0,DESOCUPADO,0,28,55,120,0,0
1790191750138,sala01,7995,1790191750138,0,0,DESOCUPADO,0,28,55,120,0,0
1790191752138,sala01,7996,1790191752138,0,0,DESOCUPADO,0,28,55,120,0,0
1790191754138,sala01,7997,1790191754138,0,0,DESOCUPADO,0,28,55,120,0,0
1790191756138,sala01,7998,1790191756138,0,0,DESOCUPADO,0,28,55,120,0,0
1790191758138,sala01,7999,1790191758138,0,0,DESOCUPADO,0,28,55,120,0,0
1790191760138,sala01,8000,1790191760138,0,0,DESOCUPADO,0,28,55,120,0,0
1790191762138,sala01,8001,1790191762138,0,0,DESOCUPADO,0,28,55,120,0,0
1790191764138,sala01,8002,1790191764138,0,0,DESOCUPADO,0,28,55,120,0,0
1790191766138,sala01,8003,1790191766138,0,0,DESOCUPADO,0,28,55,120,0,0
1790191768138,sala01,8004,1790191768138,0,0,DESOCUPADO,0,28,55,120,0,0
1790191770138,sala01,8005,1790191770138,0,0,DESOCUPADO,0,28,55,120,0,0
1790191772138,sala01,8006,1790191772138,0,0,DESOCUPADO,0,28,55,120,0,0
1790191774138,sala01,8007,1790191774138,0,0,DESOCUPADO,0,28,55,120,0,0
1790191776138,sala01,8008,1790191776138,0,0,DESOCUPADO,0,28,55,120,0,0
1790191778138,sala01,8009,1790191778138,0,0,DESOCUPADO,0,28,55,120,0,0
1790191780138,sala01,8010,1790191780138,0,0,DESOCUPADO,0,28,55,120,0,0
1790191782138,sala01,8011,1790191782138,0,0,DESOCUPADO,0,28,55,120,0,0
1790191784138,sala01,8012,1790191784138,0,0,DESOCUPADO,0,28,55,120,0,0
1790191786138,sala01,8013,1790191786138,0,0,DESOCUPADO,0,28,55,120,0,0
1790191788138,sala01,8014,1790191788138,0,0,DESOCUPADO,0,28,55,120,0,0
1790191790138,sala01,8015,1790191790138,0,0,DESOCUPADO,0,28,55,120,0,0
1790191792138,sala01,8016,1790191792138,0,0,DESOCUPADO,0,28,55,120,0,0
1790191794138,sala01,8017,1790191794138,0,0,DESOCUPADO,0,28,55,120,0,0
1790191796138,sala01,8018,1790191796138,0,0,DESOCUPADO,0,28,55,120,0,0
1790191798138,sala01,8019,1790191798138,0,0,DESOCUPADO,0,28,55,120,0,0
1790191800138,sala01,8020,1790191800138,0,0,DESOCUPADO,0,28,55,120,0,0
1790191802138,sala01,8021,1790191802138,0,0,DESOCUPADO,0,28,55,120,0,0
1790191804138,sala01,8022,1790191804138,0,0,DESOCUPADO,0,28,55,120,0,0
1790191806138,sala01,8023,1790191806138,0,0,DESOCUPADO,0,28,55,120,0,0
1790191808138,sala01,8024,1790191808138,0,0,DESOCUPADO,0,28,55,120,0,0
1790191810138,sala01,8025,1790191810138,0,0,DESOCUPADO,0,28,55,120,0,0
1790191812138,sala01,8026,1790191812138,0,0,DESOCUPADO,0,28,55,120,0,0
1790191814138,sala01,8027,1790191814138,0,0,DESOCUPADO,0,28,55,120,0,0
1790191816138,sala01,8028,1790191816138,0,0,DESOCUPADO,0,28,55,120,0,0
1790191818138,sala01,8029,1790191818138,0,0,DESOCUPADO,0,28,55,120,0,0
1790191820138,sala01,8030,1790191820138,0,0,DESOCUPADO,0,28,55,120,0,0
1790191822138,sala01,8031,1790191822138,0,0,DESOCUPADO,0,28,55,120,0,0
1790191824138,sala01,8032,1790191824138,0,0,DESOCUPADO,0,28,55,120,0,0
1790191826138,sala01,8033,1790191826138,0,0,DESOCUPADO,0,28,55,120,0,0
1790191828138,sala01,8034,1790191828138,0,0,DESOCUPADO,0,28,55,120,0,0
1790191830138,sala01,8035,1790191830138,0,0,DESOCUPADO,0,28,55,120,0,0
1790191832138,sala01,8036,1790191832138,0,0,DESOCUPADO,0,28,55,120,0,0
1790191834138,sala01,8037,1790191834138,0,0,DESOCUPADO,0,28,55,120,0,0
1790191836138,sala01,8038,1790191836138,0,0,DESOCUPADO,0,28,55,120,0,0
1790191838138,sala01,8039,1790191838138,0,0,DESOCUPADO,0,28,55,120,0,0
1790191840138,sala01,8040,1790191840138,0,0,DESOCUPADO,0,28,55,120,0,0
1790191842138,sala01,8041,1790191842138,0,0,DESOCUPADO,0,28,55,120,0,0
1790191844138,sala01,8042,1790191844138,0,0,DESOCUPADO,0,28,55,120,0,0
1790191846138,sala01,8043,1790191846138,0,0,DESOCUPADO,0,28,55,120,0,0
1790191848138,sala01,8044,1790191848138,0,0,DESOCUPADO,0,28,55,120,0,0
1790191850138,sala01,8045,1790191850138,0,0,DESOCUPADO,0,28,55,120,0,0
1790191852138,sala01,8046,1790191852138,0,0,DESOCUPADO,0,28,55,120,0,0
1790191854138,sala01,8047,1790191854138,0,0,DESOCUPADO,0,28,55,120,0,0
1790191856138,sala01,8048,1790191856138,0,0,DESOCUPADO,0,28,55,120,0,0
1790191858138,sala01,8049,1790191858138,0,0,DESOCUPADO,0,28,55,120,0,0
1790191860138,sala01,8050,1790191860138,0,0,DESOCUPADO,0,28,55,120,0,0
1790191862138,sala01,8051,1790191862138,0,0,DESOCUPADO,0,28,55,120,0,0
1790191864138,sala01,8052,1790191864138,0,0,DESOCUPADO,0,28,55,120,0,0
1790191866138,sala01,8053,1790191866138,0,0,DESOCUPADO,0,28,55,120,0,0
1790191868138,sala01,8054,1790191868138,0,0,DESOCUPADO,0,28,55,120,0,0
1790191870138,sala01,8055,1790191870138,0,0,DESOCUPADO,0,28,55,120,0,0
1790191872138,sala01,8056,1790191872138,0,0,DESOCUPADO,0,28,55,120,0,0
1790191874138,sala01,8057,1790191874138,0,0,DESOCUPADO,0,28,55,120,0,0
1790191876138,sala01,8058,1790191876138,0,0,DESOCUPADO,0,28,55,120,0,0
1790191878138,sala01,8059,1790191878138,0,0,DESOCUPADO,0,28,55,120,0,0
1790191880138,sala01,8060,1790191880138,0,0,DESOCUPADO,0,28,55,120,0,0
1790191882138,sala01,8061,1790191882138,0,0,DESOCUPADO,0,28,55,120,0,0
1790191884138,sala01,8062,1790191884138,0,0,DESOCUPADO,0,28,55,120,0,0
1790191886138,sala01,8063,1790191886138,0,0,DESOCUPADO,0,28,55,120,0,0
1790191888138,sala01,8064,1790191888138,0,0,DESOCUPADO,0,28,55,120,0,0
1790191890138,sala01,8065,1790191890138,0,0,DESOCUPADO,0,28,55,120,0,0
1790191892138,sala01,8066,1790191892138,0,0,DESOCUPADO,0,28,55,120,0,0
1790191894138,sala01,8067,1790191894138,0,0,DESOCUPADO,0,28,55,120,0,0
1790191896138,sala01,8068,1790191896138,0,0,DESOCUPADO,0,28,55,120,0,0
1790191898138,sala01,8069,1790191898138,0,0,DESOCUPADO,0,28,55,120,0,0
1790191900138,sala01,8070,1790191900138,0,0,DESOCUPADO,0,28,55,120,0,0
1790191902138,sala01,8071,1790191902138,0,0,DESOCUPADO,0,28,55,120,0,0
1790191904138,sala01,8072,1790191904138,0,0,DESOCUPADO,0,28,55,120,0,0
1790191906138,sala01,8073,1790191906138,0,0,DESOCUPADO,0,28,55,120,0,0
1790191908138,sala01,8074,1790191908138,0,0,DESOCUPADO,0,28,55,120,0,0
1790191910138,sala01,8075,1790191910138,0,0,DESOCUPADO,0,28,55,120,0,0
1790191912138,sala01,8076,1790191912138,0,0,DESOCUPADO,0,28,55,120,0,0
1790191914138,sala01,8077,1790191914138,0,0,DESOCUPADO,0,28,55,120,0,0
1790191916138,sala01,8078,1790191916138,0,0,DESOCUPADO,0,28,55,120,0,0
1790191918138,sala01,8079,1790191918138,0,0,DESOCUPADO,0,28,55,120,0,0
1790191920138,sala01,8080,1790191920138,0,0,DESOCUPADO,0,28,55,120,0,0
1790191922138,sala01,8081,1790191922138,0,0,DESOCUPADO,0,28,55,120,0,0
1790191924138,sala01,8082,1790191924138,0,0,DESOCUPADO,0,28,55,120,0,0
1790191926138,sala01,8083,1790191926138,0,0,DESOCUPADO,0,28,55,120,0,0
1790191928138,sala01,8084,1790191928138,0,0,DESOCUPADO,0,28,55,120,0,0
1790191930138,sala01,8085,1790191930138,0,0,DESOCUPADO,0,28,55,120,0,0
1790191932138,sala01,8086,1790191932138,0,0,DESOCUPADO,0,28,55,120,0,0
1790191934138,sala01,8087,1790191934138,0,0,DESOCUPADO,0,28,55,120,0,0
1790191936138,sala01,8088,1790191936138,0,0,DESOCUPADO,0,28,55,120,0,0
1790191938138,sala01,8089,1790191938138,0,0,DESOCUPADO,0,28,55,120,0,0
1790191940138,sala01,8090,1790191940138,0,0,DESOCUPADO,0,28,55,120,0,0
1790191942138,sala01,8091,1790191942138,0,0,DESOCUPADO,0,28,55,120,0,0
1790191944138,sala01,8092,1790191944138,0,0,DESOCUPADO,0,28,55,120,0,0
1790191946138,sala01,8093,1790191946138,0,0,DESOCUPADO,0,28,55,120,0,0
1790191948138,sala01,8094,1790191948138,0,0,DESOCUPADO,0,28,55,120,0,0
1790191950138,sala01,8095,1790191950138,0,0,DESOCUPADO,0,28,55,120,0,0
1790191952138,sala01,8096,1790191952138,0,0,DESOCUPADO,0,28,55,120,0,0
1790191954138,sala01,8097,1790191954138,0,0,DESOCUPADO,0,28,55,120,0,0
1790191956138,sala01,8098,1790191956138,0,0,DESOCUPADO,0,28,55,120,0,0
1790191958138,sala01,8099,1790191958138,0,0,DESOCUPADO,0,28,55,120,0,0
1790191960138,sala01,8100,1790191960138,0,0,DESOCUPADO,0,28,55,120,0,0
1790191962138,sala01,8101,1790191962138,0,0,DESOCUPADO,0,28,55,120,0,0
1790191964138,sala01,8102,1790191964138,0,0,DESOCUPADO,0,28,55,120,0,0
1790191965138,sala01,8103,1790191965138,0,0,CONFIRMANDO,1,28,55,120,0,0
1790191967138,sala01,8104,1790191967138,0,0,CONFIRMANDO,1,28,55,120,0,0
1790191969138,sala01,8105,1790191969138,0,0,CONFIRMANDO,1,28,55,120,0,0
1790191971138,sala01,8106,1790191971138,0,0,CONFIRMANDO,0,28,55,120,0,0
1790191973138,sala01,8107,1790191973138,0,0,OCUPADO,1,28,55,120,1,1
1790191975138,sala01,8108,1790191975138,0,0,OCUPADO,1,28,55,120,1,1
1790191977138,sala01,8109,1790191977138,0,0,OCUPADO,1,28,55,120,1,1
1790191979138,sala01,8110,1790191979138,0,0,OCUPADO,0,28,55,120,1,1
1790191981138,sala01,8111,1790191981138,0,0,OCUPADO,1,28,55,120,1,1
1790191983138,sala01,8112,1790191983138,0,0,OCUPADO,1,28,55,120,1,1
1790191985138,sala01,8113,1790191985138,0,0,OCUPADO,1,28,55,120,1,1
1790191987138,sala01,8114,1790191987138,0,0,OCUPADO,0,28,55,120,1,1
1790191989138,sala01,8115,1790191989138,0,0,OCUPADO,1,28,55,120,1,1
1790191991138,sala01,8116,1790191991138,0,0,OCUPADO,1,28,55,120,1,1
1790191993138,sala01,8117,1790191993138,0,0,OCUPADO,1,28,55,120,1,1
1790191995138,sala01,8118,1790191995138,0,0,OCUPADO,0,28,55,120,1,1
1790191997138,sala01,8119,1790191997138,0,0,OCUPADO,1,28,55,120,1,1
1790191999138,sala01,8120,1790191999138,0,0,OCUPADO,1,28,55,120,1,1
1790192001138,sala01,8121,1790192001138,0,0,OCUPADO,1,28,55,120,1,1
1790192003138,sala01,8122,1790192003138,0,0,OCUPADO,0,28,55,120,1,1
1790192005138,sala01,8123,1790192005138,0,0,OCUPADO,1,28,55,120,1,1
1790192007138,sala01,8124,1790192007138,0,0,OCUPADO,1,28,55,120,1,1
1790192009138,sala01,8125,1790192009138,0,0,OCUPADO,1,28,55,120,1,1
1790192011138,sala01,8126,1790192011138,0,0,OCUPADO,0,28,55,120,1,1
1790192013138,sala01,8127,1790192013138,0,0,OCUPADO,1,28,55,120,1,1
1790192015138,sala01,8128,1790192015138,0,0,OCUPADO,1,28,55,120,1,1
1790192017138,sala01,8129,1790192017138,0,0,OCUPADO,1,28,55,120,1,1
1790192019138,sala01,8130,1790192019138,0,0,OCUPADO,0,28,55,120,1,1
1790192021138,sala01,8131,1790192021138,0,0,OCUPADO,1,28,55,120,1,1
1790192023138,sala01,8132,1790192023138,0,0,OCUPADO,1,28,55,120,1,1
1790192025138,sala01,8133,1790192025138,0,0,OCUPADO,1,28,55,120,1,1
1790192027138,sala01,8134,1790192027138,0,0,OCUPADO,0,28,55,120,1,1
1790192029138,sala01,8135,1790192029138,0,0,OCUPADO,1,28,55,120,1,1
1790192031138,sala01,8136,1790192031138,0,0,OCUPADO,1,28,55,120,1,1
1790192033138,sala01,8137,1790192033138,0,0,OCUPADO,1,28,55,120,1,1
1790192035138,sala01,8138,1790192035138,0,0,OCUPADO,0,28,55,120,1,1
1790192037138,sala01,8139,1790192037138,0,0,OCUPADO,1,28,55,120,1,1
1790192039138,sala01,8140,1790192039138,0,0,OCUPADO,1,28,55,120,1,1
1790192041138,sala01,8141,1790192041138,0,0,OCUPADO,1,28,55,120,1,1
1790192043138,sala01,8142,1790192043138,0,0,OCUPADO,0,28,55,120,1,1
1790192045138,sala01,8143,1790192045138,0,0,OCUPADO,1,28,55,120,1,1
1790192047138,sala01,8144,1790192047138,0,0,OCUPADO,1,28,55,120,1,1
1790192049138,sala01,8145,1790192049138,0,0,OCUPADO,1,28,55,120,1,1
1790192051138,sala01,8146,1790192051138,0,0,OCUPADO,0,28,55,120,1,1
1790192053138,sala01,8147,1790192053138,0,0,OCUPADO,1,28,55,120,1,1
1790192055138,sala01,8148,1790192055138,0,0,OCUPADO,1,28,55,120,1,1
1790192057138,sala01,8149,1790192057138,0,0,OCUPADO,1,28,55,120,1,1
1790192059138,sala01,8150,1790192059138,0,0,OCUPADO,0,28,55,120,1,1
1790192061138,sala01,8151,1790192061138,0,0,OCUPADO,1,28,55,120,1,1
1790192063138,sala01,8152,1790192063138,0,0,OCUPADO,1,28,55,120,1,1
1790192065138,sala01,8153,1790192065138,0,0,OCUPADO,1,28,55,120,1,1
1790192067138,sala01,8154,1790192067138,0,0,OCUPADO,0,28,55,120,1,1
1790192069138,sala01,8155,1790192069138,0,0,OCUPADO,1,28,55,120,1,1
1790192071138,sala01,8156,1790192071138,0,0,OCUPADO,1,28,55,120,1,1
1790192073138,sala01,8157,1790192073138,0,0,OCUPADO,1,28,55,120,1,1
1790192075138,sala01,8158,1790192075138,0,0,OCUPADO,0,28,55,120,1,1
1790192077138,sala01,8159,1790192077138,0,0,OCUPADO,1,28,55,120,1,1
1790192079138,sala01,8160,1790192079138,0,0,OCUPADO,1,28,55,120,1,1
1790192081138,sala01,8161,1790192081138,0,0,OCUPADO,1,28,55,120,1,1
1790192083138,sala01,8162,1790192083138,0,0,OCUPADO,0,28,55,120,1,1
1790192085138,sala01,8163,1790192085138,0,0,OCUPADO,1,28,55,120,1,1
1790192087138,sala01,8164,1790192087138,0,0,OCUPADO,1,28,55,120,1,1
1790192089138,sala01,8165,1790192089138,0,0,OCUPADO,1,28,55,120,1,1
1790192091138,sala01,8166,1790192091138,0,0,OCUPADO,0,28,55,120,1,1
1790192093138,sala01,8167,1790192093138,0,0,OCUPADO,1,28,55,120,1,1
1790192095138,sala01,8168,1790192095138,0,0,OCUPADO,1,28,55,120,1,1
1790192097138,sala01,8169,1790192097138,0,0,OCUPADO,1,28,55,120,1,1
1790192099138,sala01,8170,1790192099138,0,0,OCUPADO,0,28,55,120,1,1
1790192101138,sala01,8171,1790192101138,0,0,OCUPADO,1,28,55,120,1,1
1790192103138,sala01,8172,1790192103138,0,0,OCUPADO,1,28,55,120,1,1
1790192105138,sala01,8173,1790192105138,0,0,OCUPADO,1,28,55,120,1,1
1790192107138,sala01,8174,1790192107138,0,0,OCUPADO,0,28,55,120,1,1
1790192109138,sala01,8175,1790192109138,0,0,OCUPADO,1,28,55,120,1,1
1790192111138,sala01,8176,1790192111138,0,0,OCUPADO,1,28,55,120,1,1
1790192113138,sala01,8177,1790192113138,0,0,OCUPADO,1,28,55,120,1,1
1790192115138,sala01,8178,1790192115138,0,0,OCUPADO,0,28,55,120,1,1
1790192117138,sala01,8179,1790192117138,0,0,OCUPADO,1,28,55,120,1,1
1790192119138,sala01,8180,1790192119138,0,0,OCUPADO,1,28,55,120,1,1
1790192121138,sala01,8181,1790192121138,0,0,OCUPADO,1,28,55,120,1,1
1790192123138,sala01,8182,1790192123138,0,0,OCUPADO,0,28,55,120,1,1
1790192125138,sala01,8183,1790192125138,0,0,OCUPADO,1,28,55,120,1,1
1790192127138,sala01,8184,1790192127138,0,0,OCUPADO,1,28,55,120,1,1
1790192129138,sala01,8185,1790192129138,0,0,OCUPADO,1,28,55,120,1,1
1790192131138,sala01,8186,1790192131138,0,0,OCUPADO,0,28,55,120,1,1
1790192133138,sala01,8187,1790192133138,0,0,OCUPADO,1,28,55,120,1,1
1790192135138,sala01,8188,1790192135138,0,0,OCUPADO,1,28,55,120,1,1
1790192137138,sala01,8189,1790192137138,0,0,OCUPADO,1,28,55,120,1,1
1790192139138,sala01,8190,1790192139138,0,0,OCUPADO,0,28,55,120,1,1
1790192141138,sala01,8191,1790192141138,0,0,OCUPADO,1,28,55,120,1,1
1790192143138,sala01,8192,1790192143138,0,0,OCUPADO,1,28,55,120,1,1
1790192145138,sala01,8193,1790192145138,0,0,OCUPADO,1,28,55,120,1,1
1790192147138,sala01,8194,1790192147138,0,0,OCUPADO,0,28,55,120,1,1
1790192149138,sala01,8195,1790192149138,0,0,OCUPADO,1,28,55,120,1,1
1790192151138,sala01,8196,1790192151138,0,0,OCUPADO,1,28,55,120,1,1
1790192153138,sala01,8197,1790192153138,0,0,OCUPADO,1,28,55,120,1,1
1790192155138,sala01,8198,1790192155138,0,0,OCUPADO,0,28,55,120,1,1
1790192157138,sala01,8199,1790192157138,0,0,OCUPADO,1,28,55,120,1,1
1790192159138,sala01,8200,1790192159138,0,0,OCUPADO,1,28,55,120,1,1
1790192161138,sala01,8201,1790192161138,0,0,OCUPADO,1,28,55,120,1,1
1790192163138,sala01,8202,1790192163138,0,0,OCUPADO,0,28,55,120,1,1
1790192165138,sala01,8203,1790192165138,0,0,OCUPADO,1,28,55,120,1,1
1790192167138,sala01,8204,1790192167138,0,0,OCUPADO,1,28,55,120,1,1
1790192169138,sala01,8205,1790192169138,0,0,OCUPADO,1,28,55,120,1,1
1790192171138,sala01,8206,1790192171138,0,0,OCUPADO,0,28,55,120,1,1
1790192173138,sala01,8207,1790192173138,0,0,OCUPADO,1,28,55,120,1,1
1790192175138,sala01,8208,1790192175138,0,0,OCUPADO,1,28,55,120,1,1
1790192177138,sala01,8209,1790192177138,0,0,OCUPADO,1,28,55,120,1,1
1790192179138,sala01,8210,1790192179138,0,0,OCUPADO,0,28,55,120,1,1
1790192181138,sala01,8211,1790192181138,0,0,OCUPADO,1,28,55,120,1,1
1790192183138,sala01,8212,1790192183138,0,0,OCUPADO,1,28,55,120,1,1
1790192185138,sala01,8213,1790192185138,0,0,OCUPADO,1,28,55,120,1,1
1790192187138,sala01,8214,1790192187138,0,0,OCUPADO,0,28,55,120,1,1
1790192189138,sala01,8215,1790192189138,0,0,OCUPADO,1,28,55,120,1,1
1790192191138,sala01,8216,1790192191138,0,0,OCUPADO,1,28,55,120,1,1
1790192193138,sala01,8217,1790192193138,0,0,OCUPADO,1,28,55,120,1,1
1790192195138,sala01,8218,1790192195138,0,0,OCUPADO,0,28,55,120,1,1
1790192197138,sala01,8219,1790192197138,0,0,OCUPADO,1,28,55,120,1,1
1790192199138,sala01,8220,1790192199138,0,0,OCUPADO,1,28,55,120,1,1
1790192201138,sala01,8221,1790192201138,0,0,OCUPADO,1,28,55,120,1,1
1790192203138,sala01,8222,1790192203138,0,0,OCUPADO,0,28,55,120,1,1
1790192205138,sala01,8223,1790192205138,0,0,OCUPADO,1,28,55,120,1,1
1790192207138,sala01,8224,1790192207138,0,0,OCUPADO,1,28,55,120,1,1
1790192209138,sala01,8225,1790192209138,0,0,OCUPADO,1,28,55,120,1,1
1790192211138,sala01,8226,1790192211138,0,0,OCUPADO,0,28,55,120,1,1
1790192213138,sala01,8227,1790192213138,0,0,OCUPADO,1,28,55,120,1,1
1790192215138,sala01,8228,1790192215138,0,0,OCUPADO,1,28,55,120,1,1
1790192217138,sala01,8229,1790192217138,0,0,OCUPADO,1,28,55,120,1,1
1790192219138,sala01,8230,1790192219138,0,0,OCUPADO,0,28,55,120,1,1
1790192221138,sala01,8231,1790192221138,0,0,OCUPADO,1,28,55,120,1,1
1790192223138,sala01,8232,1790192223138,0,0,OCUPADO,1,28,55,120,1,1
1790192225138,sala01,8233,1790192225138,0,0,OCUPADO,1,28,55,120,1,1
1790192227138,sala01,8234,1790192227138,0,0,OCUPADO,0,28,55,120,1,1
1790192229138,sala01,8235,1790192229138,0,0,OCUPADO,1,28,55,120,1,1
1790192231138,sala01,8236,1790192231138,0,0,OCUPADO,1,28,55,120,1,1
1790192233138,sala01,8237,1790192233138,0,0,OCUPADO,1,28,55,120,1,1
1790192235138,sala01,8238,1790192235138,0,0,OCUPADO,0,28,55,120,1,1
1790192237138,sala01,8239,1790192237138,0,0,OCUPADO,1,28,55,120,1,1
1790192239138,sala01,8240,1790192239138,0,0,OCUPADO,1,28,55,120,1,1
1790192241138,sala01,8241,1790192241138,0,0,OCUPADO,1,28,55,120,1,1
1790192243138,sala01,8242,1790192243138,0,0,OCUPADO,0,28,55,120,1,1
1790192245138,sala01,8243,1790192245138,0,0,OCUPADO,1,28,55,120,1,1
1790192247138,sala01,8244,1790192247138,0,0,OCUPADO,1,28,55,120,1,1
1790192249138,sala01,8245,1790192249138,0,0,OCUPADO,1,28,55,120,1,1
1790192251138,sala01,8246,1790192251138,0,0,OCUPADO,0,28,55,120,1,1
1790192253138,sala01,8247,1790192253138,0,0,OCUPADO,1,28,55,120,1,1
1790192255138,sala01,8248,1790192255138,0,0,OCUPADO,1,28,55,120,1,1
1790192257138,sala01,8249,1790192257138,0,0,OCUPADO,1,28,55,120,1,1
1790192259138,sala01,8250,1790192259138,0,0,OCUPADO,0,28,55,120,1,1
1790192261138,sala01,8251,1790192261138,0,0,OCUPADO,1,28,55,120,1,1
1790192263138,sala01,8252,1790192263138,0,0,OCUPADO,1,28,55,120,1,1
1790192265138,sala01,8253,1790192265138,0,0,OCUPADO,1,28,55,120,1,1
1790192267138,sala01,8254,1790192267138,0,0,OCUPADO,0,28,55,120,1,1
1790192269138,sala01,8255,1790192269138,0,0,OCUPADO,1,28,55,120,1,1
1790192271138,sala01,8256,1790192271138,0,0,OCUPADO,1,28,55,120,1,1
1790192273138,sala01,8257,1790192273138,0,0,OCUPADO,1,28,55,120,1,1
1790192275138,sala01,8258,1790192275138,0,0,OCUPADO,0,28,55,120,1,1
1790192277138,sala01,8259,1790192277138,0,0,OCUPADO,1,28,55,120,1,1
1790192279138,sala01,8260,1790192279138,0,0,OCUPADO,1,28,55,120,1,1
1790192281138,sala01,8261,1790192281138,0,0,OCUPADO,1,28,55,120,1,1
1790192283138,sala01,8262,1790192283138,0,0,OCUPADO,0,28,55,120,1,1
1790192285138,sala01,8263,1790192285138,0,0,OCUPADO,1,28,55,120,1,1
1790192287138,sala01,8264,1790192287138,0,0,OCUPADO,1,28,55,120,1,1
1790192289138,sala01,8265,1790192289138,0,0,OCUPADO,1,28,55,120,1,1
1790192291138,sala01,8266,1790192291138,0,0,OCUPADO,0,28,55,120,1,1
1790192293138,sala01,8267,1790192293138,0,0,OCUPADO,1,28,55,120,1,1
1790192295138,sala01,8268,1790192295138,0,0,OCUPADO,1,28,55,120,1,1
1790192297138,sala01,8269,1790192297138,0,0,OCUPADO,1,28,55,120,1,1
1790192299138,sala01,8270,1790192299138,0,0,OCUPADO,0,28,55,120,1,1
1790192301138,sala01,8271,1790192301138,0,0,OCUPADO,1,28,55,120,1,1
1790192303138,sala01,8272,1790192303138,0,0,OCUPADO,1,28,55,120,1,1
1790192305138,sala01,8273,1790192305138,0,0,OCUPADO,1,28,55,120,1,1
1790192307138,sala01,8274,1790192307138,0,0,OCUPADO,0,28,55,120,1,1
1790192309138,sala01,8275,1790192309138,0,0,OCUPADO,1,28,55,120,1,1
1790192311138,sala01,8276,1790192311138,0,0,OCUPADO,1,28,55,120,1,1
1790192313138,sala01,8277,1790192313138,0,0,OCUPADO,1,28,55,120,1,1
1790192315138,sala01,8278,1790192315138,0,0,OCUPADO,0,28,55,120,1,1
1790192317138,sala01,8279,1790192317138,0,0,OCUPADO,1,28,55,120,1,1
1790192319138,sala01,8280,1790192319138,0,0,OCUPADO,1,28,55,120,1,1
1790192321138,sala01,8281,1790192321138,0,0,OCUPADO,1,28,55,120,1,1
1790192323138,sala01,8282,1790192323138,0,0,OCUPADO,0,28,55,120,1,1
1790192325138,sala01,8283,1790192325138,0,0,OCUPADO,1,28,55,120,1,1
1790192327138,sala01,8284,1790192327138,0,0,OCUPADO,1,28,55,120,1,1
1790192329138,sala01,8285,1790192329138,0,0,OCUPADO,1,28,55,120,1,1
1790192331138,sala01,8286,1790192331138,0,0,OCUPADO,0,28,55,120,1,1
1790192333138,sala01,8287,1790192333138,0,0,OCUPADO,1,28,55,120,1,1
1790192335138,sala01,8288,1790192335138,0,0,OCUPADO,1,28,55,120,1,1
1790192337138,sala01,8289,1790192337138,0,0,OCUPADO,1,28,55,120,1,1
1790192339138,sala01,8290,1790192339138,0,0,OCUPADO,0,28,55,120,1,1
1790192341138,sala01,8291,1790192341138,0,0,OCUPADO,1,28,55,120,1,1
1790192343138,sala01,8292,1790192343138,0,0,OCUPADO,1,28,55,120,1,1
1790192345138,sala01,8293,1790192345138,0,0,OCUPADO,1,28,55,120,1,1
1790192347138,sala01,8294,1790192347138,0,0,OCUPADO,0,28,55,120,1,1
1790192349138,sala01,8295,1790192349138,0,0,OCUPADO,1,28,55,120,1,1
1790192351138,sala01,8296,1790192351138,0,0,OCUPADO,1,28,55,120,1,1
1790192353138,sala01,8297,1790192353138,0,0,OCUPADO,1,28,55,120,1,1
1790192355138,sala01,8298,1790192355138,0,0,OCUPADO,0,28,55,120,1,1
1790192357138,sala01,8299,1790192357138,0,0,OCUPADO,1,28,55,120,1,1
1790192359138,sala01,8300,1790192359138,0,0,OCUPADO,1,28,55,120,1,1
1790192361138,sala01,8301,1790192361138,0,0,OCUPADO,1,28,55,120,1,1
1790192363138,sala01,8302,1790192363138,0,0,OCUPADO,0,28,55,120,1,1
1790192365138,sala01,8303,1790192365138,0,0,OCUPADO,1,28,55,120,1,1
1790192367138,sala01,8304,1790192367138,0,0,OCUPADO,1,28,55,120,1,1
1790192369138,sala01,8305,1790192369138,0,0,OCUPADO,1,28,55,120,1,1
1790192371138,sala01,8306,1790192371138,0,0,OCUPADO,0,28,55,120,1,1
1790192373138,sala01,8307,1790192373138,0,0,OCUPADO,1,28,55,120,1,1
1790192375138,sala01,8308,1790192375138,0,0,OCUPADO,1,28,55,120,1,1
1790192377138,sala01,8309,1790192377138,0,0,OCUPADO,1,28,55,120,1,1
1790192379138,sala01,8310,1790192379138,0,0,OCUPADO,0,28,55,120,1,1
1790192381138,sala01,8311,1790192381138,0,0,OCUPADO,1,28,55,120,1,1
1790192383138,sala01,8312,1790192383138,0,0,OCUPADO,1,28,55,120,1,1
1790192385138,sala01,8313,1790192385138,0,0,OCUPADO,1,28,55,120,1,1
1790192387138,sala01,8314,1790192387138,0,0,OCUPADO,0,28,55,120,1,1
1790192389138,sala01,8315,1790192389138,0,0,OCUPADO,1,28,55,120,1,1
1790192391138,sala01,8316,1790192391138,0,0,OCUPADO,1,28,55,120,1,1
1790192393138,sala01,8317,1790192393138,0,0,OCUPADO,1,28,55,120,1,1
1790192395138,sala01,8318,1790192395138,0,0,OCUPADO,0,28,55,120,1,1
1790192397138,sala01,8319,1790192397138,0,0,OCUPADO,1,28,55,120,1,1
1790192399138,sala01,8320,1790192399138,0,0,OCUPADO,1,28,55,120,1,1
1790192401138,sala01,8321,1790192401138,0,0,OCUPADO,1,28,55,120,1,1
1790192403138,sala01,8322,1790192403138,0,0,OCUPADO,0,28,55,120,1,1
1790192405138,sala01,8323,1790192405138,0,0,OCUPADO,1,28,55,120,1,1
1790192407138,sala01,8324,1790192407138,0,0,OCUPADO,1,28,55,120,1,1
1790192409138,sala01,8325,1790192409138,0,0,OCUPADO,1,28,55,120,1,1
1790192411138,sala01,8326,1790192411138,0,0,OCUPADO,0,28,55,120,1,1
1790192413138,sala01,8327,1790192413138,0,0,OCUPADO,1,28,55,120,1,1
1790192415138,sala01,8328,1790192415138,0,0,OCUPADO,1,28,55,120,1,1
1790192417138,sala01,8329,1790192417138,0,0,OCUPADO,1,28,55,120,1,1
1790192419138,sala01,8330,1790192419138,0,0,OCUPADO,0,28,55,120,1,1
1790192421138,sala01,8331,1790192421138,0,0,OCUPADO,1,28,55,120,1,1
1790192423138,sala01,8332,1790192423138,0,0,OCUPADO,1,28,55,120,1,1
1790192425138,sala01,8333,1790192425138,0,0,OCUPADO,1,28,55,120,1,1
1790192427138,sala01,8334,1790192427138,0,0,OCUPADO,0,28,55,120,1,1
1790192429138,sala01,8335,1790192429138,0,0,OCUPADO,1,28,55,120,1,1
1790192431138,sala01,8336,1790192431138,0,0,OCUPADO,1,28,55,120,1,1
1790192433138,sala01,8337,1790192433138,0,0,OCUPADO,1,28,55,120,1,1
1790192435138,sala01,8338,1790192435138,0,0,OCUPADO,0,28,55,120,1,1
1790192437138,sala01,8339,1790192437138,0,0,OCUPADO,1,28,55,120,1,1
1790192439138,sala01,8340,1790192439138,0,0,OCUPADO,1,28,55,120,1,1
1790192441138,sala01,8341,1790192441138,0,0,OCUPADO,1,28,55,120,1,1
1790192443138,sala01,8342,1790192443138,0,0,OCUPADO,0,28,55,120,1,1
1790192445138,sala01,8343,1790192445138,0,0,OCUPADO,1,28,55,120,1,1
1790192447138,sala01,8344,1790192447138,0,0,OCUPADO,1,28,55,120,1,1
1790192449138,sala01,8345,1790192449138,0,0,OCUPADO,1,28,55,120,1,1
1790192451138,sala01,8346,1790192451138,0,0,OCUPADO,0,28,55,120,1,1
1790192453138,sala01,8347,1790192453138,0,0,OCUPADO,1,28,55,120,1,1
1790192455138,sala01,8348,1790192455138,0,0,OCUPADO,1,28,55,120,1,1
1790192457138,sala01,8349,1790192457138,0,0,OCUPADO,1,28,55,120,1,1
1790192459138,sala01,8350,1790192459138,0,0,OCUPADO,0,28,55,120,1,1
1790192461138,sala01,8351,1790192461138,0,0,OCUPADO,1,28,55,120,1,1
1790192463138,sala01,8352,1790192463138,0,0,OCUPADO,1,28,55,120,1,1
1790192465138,sala01,8353,1790192465138,0,0,OCUPADO,1,28,55,120,1,1
1790192467138,sala01,8354,1790192467138,0,0,OCUPADO,0,28,55,120,1,1
1790192469138,sala01,8355,1790192469138,0,0,OCUPADO,1,28,55,120,1,1
1790192471138,sala01,8356,1790192471138,0,0,OCUPADO,1,28,55,120,1,1
1790192473138,sala01,8357,1790192473138,0,0,OCUPADO,1,28,55,120,1,1
1790192475138,sala01,8358,1790192475138,0,0,OCUPADO,0,28,55,120,1,1
1790192477138,sala01,8359,1790192477138,0,0,OCUPADO,1,28,55,120,1,1
1790192479138,sala01,8360,1790192479138,0,0,OCUPADO,1,28,55,120,1,1
1790192481138,sala01,8361,1790192481138,0,0,OCUPADO,1,28,55,120,1,1
1790192483138,sala01,8362,1790192483138,0,0,OCUPADO,0,28,55,120,1,1
1790192485138,sala01,8363,1790192485138,0,0,OCUPADO,1,28,55,120,1,1
1790192487138,sala01,8364,1790192487138,0,0,OCUPADO,1,28,55,120,1,1
1790192489138,sala01,8365,1790192489138,0,0,OCUPADO,1,28,55,120,1,1
1790192491138,sala01,8366,1790192491138,0,0,OCUPADO,0,28,55,120,1,1
1790192493138,sala01,8367,1790192493138,0,0,OCUPADO,1,28,55,120,1,1
1790192495138,sala01,8368,1790192495138,0,0,OCUPADO,1,28,55,120,1,1
1790192497138,sala01,8369,1790192497138,0,0,OCUPADO,1,28,55,120,1,1
1790192499138,sala01,8370,1790192499138,0,0,OCUPADO,0,28,55,120,1,1
1790192501138,sala01,8371,1790192501138,0,0,OCUPADO,1,28,55,120,1,1
1790192503138,sala01,8372,1790192503138,0,0,OCUPADO,1,28,55,120,1,1
1790192505138,sala01,8373,1790192505138,0,0,OCUPADO,1,28,55,120,1,1
1790192507138,sala01,8374,1790192507138,0,0,OCUPADO,0,28,55,120,1,1
1790192509138,sala01,8375,1790192509138,0,0,OCUPADO,1,28,55,120,1,1
1790192511138,sala01,8376,1790192511138,0,0,OCUPADO,1,28,55,120,1,1
1790192513138,sala01,8377,1790192513138,0,0,OCUPADO,1,28,55,120,1,1
1790192515138,sala01,8378,1790192515138,0,0,OCUPADO,0,28,55,120,1,1
1790192517138,sala01,8379,1790192517138,0,0,OCUPADO,1,28,55,120,1,1
1790192519138,sala01,8380,1790192519138,0,0,OCUPADO,1,28,55,120,1,1
1790192521138,sala01,8381,1790192521138,0,0,OCUPADO,1,28,55,120,1,1
1790192523138,sala01,8382,1790192523138,0,0,OCUPADO,0,28,55,120,1,1
1790192525138,sala01,8383,1790192525138,0,0,OCUPADO,1,28,55,120,1,1
1790192527138,sala01,8384,1790192527138,0,0,OCUPADO,1,28,55,120,1,1
1790192529138,sala01,8385,1790192529138,0,0,OCUPADO,1,28,55,120,1,1
1790192531138,sala01,8386,1790192531138,0,0,OCUPADO,0,28,55,120,1,1
1790192533138,sala01,8387,1790192533138,0,0,OCUPADO,1,28,55,120,1,1
1790192535138,sala01,8388,1790192535138,0,0,OCUPADO,1,28,55,120,1,1
1790192537138,sala01,8389,1790192537138,0,0,OCUPADO,1,28,55,120,1,1
1790192539138,sala01,8390,1790192539138,0,0,OCUPADO,0,28,55,120,1,1
1790192541138,sala01,8391,1790192541138,0,0,OCUPADO,1,28,55,120,1,1
1790192543138,sala01,8392,1790192543138,0,0,OCUPADO,1,28,55,120,1,1
1790192545138,sala01,8393,1790192545138,0,0,OCUPADO,1,28,55,120,1,1
1790192547138,sala01,8394,1790192547138,0,0,OCUPADO,0,28,55,120,1,1
1790192549138,sala01,8395,1790192549138,0,0,OCUPADO,1,28,55,120,1,1
1790192551138,sala01,8396,1790192551138,0,0,OCUPADO,1,28,55,120,1,1
1790192553138,sala01,8397,1790192553138,0,0,OCUPADO,1,28,55,120,1,1
1790192555138,sala01,8398,1790192555138,0,0,OCUPADO,0,28,55,120,1,1
1790192557138,sala01,8399,1790192557138,0,0,OCUPADO,1,28,55,120,1,1
1790192559138,sala01,8400,1790192559138,0,0,OCUPADO,1,28,55,120,1,1
1790192561138,sala01,8401,1790192561138,0,0,OCUPADO,1,28,55,120,1,1
1790192563138,sala01,8402,1790192563138,0,0,OCUPADO,0,28,55,120,1,1
1790192565138,sala01,8403,1790192565138,0,0,OCUPADO,1,28,55,120,1,1
1790192567138,sala01,8404,1790192567138,0,0,OCUPADO,1,28,55,120,1,1
1790192569138,sala01,8405,1790192569138,0,0,OCUPADO,1,28,55,120,1,1
1790192571138,sala01,8406,1790192571138,0,0,OCUPADO,0,28,55,120,1,1
1790192573138,sala01,8407,1790192573138,0,0,OCUPADO,1,28,55,120,1,1
1790192575138,sala01,8408,1790192575138,0,0,OCUPADO,1,28,55,120,1,1
1790192577138,sala01,8409,1790192577138,0,0,OCUPADO,1,28,55,120,1,1
1790192579138,sala01,8410,1790192579138,0,0,OCUPADO,0,28,55,120,1,1
1790192581138,sala01,8411,1790192581138,0,0,OCUPADO,1,28,55,120,1,1
1790192583138,sala01,8412,1790192583138,0,0,OCUPADO,1,28,55,120,1,1
1790192585138,sala01,8413,1790192585138,0,0,OCUPADO,1,28,55,120,1,1
1790192587138,sala01,8414,1790192587138,0,0,OCUPADO,0,28,55,120,1,1
1790192589138,sala01,8415,1790192589138,0,0,OCUPADO,1,28,55,120,1,1
1790192591138,sala01,8416,1790192591138,0,0,OCUPADO,1,28,55,120,1,1
1790192593138,sala01,8417,1790192593138,0,0,OCUPADO,1,28,55,120,1,1
1790192595138,sala01,8418,1790192595138,0,0,OCUPADO,0,28,55,120,1,1
1790192597138,sala01,8419,1790192597138,0,0,OCUPADO,1,28,55,120,1,1
1790192599138,sala01,8420,1790192599138,0,0,OCUPADO,1,28,55,120,1,1
1790192601138,sala01,8421,1790192601138,0,0,OCUPADO,1,28,55,120,1,1
1790192603138,sala01,8422,1790192603138,0,0,OCUPADO,0,28,55,120,1,1
1790192605138,sala01,8423,1790192605138,0,0,OCUPADO,1,28,55,120,1,1
1790192607138,sala01,8424,1790192607138,0,0,OCUPADO,1,28,55,120,1,1
1790192609138,sala01,8425,1790192609138,0,0,OCUPADO,1,28,55,120,1,1
1790192611138,sala01,8426,1790192611138,0,0,OCUPADO,0,28,55,120,1,1
1790192613138,sala01,8427,1790192613138,0,0,OCUPADO,1,28,55,120,1,1
1790192615138,sala01,8428,1790192615138,0,0,OCUPADO,1,28,55,120,1,1
1790192617138,sala01,8429,1790192617138,0,0,OCUPADO,1,28,55,120,1,1
1790192619138,sala01,8430,1790192619138,0,0,OCUPADO,0,28,55,120,1,1
1790192621138,sala01,8431,1790192621138,0,0,OCUPADO,1,28,55,120,1,1
1790192623138,sala01,8432,1790192623138,0,0,OCUPADO,1,28,55,120,1,1
1790192625138,sala01,8433,1790192625138,0,0,OCUPADO,1,28,55,120,1,1
1790192627138,sala01,8434,1790192627138,0,0,OCUPADO,0,28,55,120,1,1
1790192629138,sala01,8435,1790192629138,0,0,OCUPADO,1,28,55,120,1,1
1790192631138,sala01,8436,1790192631138,0,0,OCUPADO,1,28,55,120,1,1
1790192633138,sala01,8437,1790192633138,0,0,OCUPADO,1,28,55,120,1,1
1790192635138,sala01,8438,1790192635138,0,0,OCUPADO,0,28,55,120,1,1
1790192637138,sala01,8439,1790192637138,0,0,OCUPADO,1,28,55,120,1,1
1790192639138,sala01,8440,1790192639138,0,0,OCUPADO,1,28,55,120,1,1
1790192641138,sala01,8441,1790192641138,0,0,OCUPADO,1,28,55,120,1,1
1790192643138,sala01,8442,1790192643138,0,0,OCUPADO,0,28,55,120,1,1
1790192645138,sala01,8443,1790192645138,0,0,OCUPADO,1,28,55,120,1,1
1790192647138,sala01,8444,1790192647138,0,0,OCUPADO,1,28,55,120,1,1
1790192649138,sala01,8445,1790192649138,0,0,OCUPADO,1,28,55,120,1,1
1790192651138,sala01,8446,1790192651138,0,0,OCUPADO,0,28,55,120,1,1
1790192653138,sala01,8447,1790192653138,0,0,OCUPADO,1,28,55,120,1,1
1790192655138,sala01,8448,1790192655138,0,0,OCUPADO,1,28,55,120,1,1
1790192657138,sala01,8449,1790192657138,0,0,OCUPADO,1,28,55,120,1,1
1790192659138,sala01,8450,1790192659138,0,0,OCUPADO,0,28,55,120,1,1
1790192661138,sala01,8451,1790192661138,0,0,OCUPADO,1,28,55,120,1,1
1790192663138,sala01,8452,1790192663138,0,0,OCUPADO,1,28,55,120,1,1
1790192665138,sala01,8453,1790192665138,0,0,OCUPADO,1,28,55,120,1,1
1790192667138,sala01,8454,1790192667138,0,0,OCUPADO,0,28,55,120,1,1
1790192669138,sala01,8455,1790192669138,0,0,OCUPADO,1,28,55,120,1,1
1790192671138,sala01,8456,1790192671138,0,0,OCUPADO,1,28,55,120,1,1
1790192673138,sala01,8457,1790192673138,0,0,OCUPADO,1,28,55,120,1,1
1790192675138,sala01,8458,1790192675138,0,0,OCUPADO,0,28,55,120,1,1
1790192677138,sala01,8459,1790192677138,0,0,OCUPADO,1,28,55,120,1,1
1790192679138,sala01,8460,1790192679138,0,0,OCUPADO,1,28,55,120,1,1
1790192681138,sala01,8461,1790192681138,0,0,OCUPADO,1,28,55,120,1,1
1790192683138,sala01,8462,1790192683138,0,0,OCUPADO,0,28,55,120,1,1
1790192685138,sala01,8463,1790192685138,0,0,OCUPADO,1,28,55,120,1,1
1790192687138,sala01,8464,1790192687138,0,0,OCUPADO,1,28,55,120,1,1
1790192689138,sala01,8465,1790192689138,0,0,OCUPADO,1,28,55,120,1,1
1790192691138,sala01,8466,1790192691138,0,0,OCUPADO,0,28,55,120,1,1
1790192693138,sala01,8467,1790192693138,0,0,OCUPADO,1,28,55,120,1,1
1790192695138,sala01,8468,1790192695138,0,0,OCUPADO,1,28,55,120,1,1
1790192697138,sala01,8469,1790192697138,0,0,OCUPADO,1,28,55,120,1,1
1790192699138,sala01,8470,1790192699138,0,0,OCUPADO,0,28,55,120,1,1
1790192701138,sala01,8471,1790192701138,0,0,OCUPADO,1,28,55,120,1,1
1790192703138,sala01,8472,1790192703138,0,0,OCUPADO,1,28,55,120,1,1
1790192705138,sala01,8473,1790192705138,0,0,OCUPADO,1,28,55,120,1,1
1790192707138,sala01,8474,1790192707138,0,0,OCUPADO,0,28,55,120,1,1
1790192709138,sala01,8475,1790192709138,0,0,OCUPADO,1,28,55,120,1,1
1790192711138,sala01,8476,1790192711138,0,0,OCUPADO,1,28,55,120,1,1
1790192713138,sala01,8477,1790192713138,0,0,OCUPADO,1,28,55,120,1,1
1790192715138,sala01,8478,1790192715138,0,0,OCUPADO,0,28,55,120,1,1
1790192717138,sala01,8479,1790192717138,0,0,OCUPADO,1,28,55,120,1,1
1790192719138,sala01,8480,1790192719138,0,0,OCUPADO,1,28,55,120,1,1
1790192721138,sala01,8481,1790192721138,0,0,OCUPADO,1,28,55,120,1,1
1790192723138,sala01,8482,1790192723138,0,0,OCUPADO,0,28,55,120,1,1
1790192725138,sala01,8483,1790192725138,0,0,OCUPADO,1,28,55,120,1,1
1790192727138,sala01,8484,1790192727138,0,0,OCUPADO,1,28,55,120,1,1
1790192729138,sala01,8485,1790192729138,0,0,OCUPADO,1,28,55,120,1,1
1790192731138,sala01,8486,1790192731138,0,0,OCUPADO,0,28,55,120,1,1
1790192733138,sala01,8487,1790192733138,0,0,OCUPADO,1,28,55,120,1,1
1790192735138,sala01,8488,1790192735138,0,0,OCUPADO,1,28,55,120,1,1
1790192737138,sala01,8489,1790192737138,0,0,OCUPADO,1,28,55,120,1,1
1790192739138,sala01,8490,1790192739138,0,0,OCUPADO,0,28,55,120,1,1
1790192741138,sala01,8491,1790192741138,0,0,OCUPADO,1,28,55,120,1,1
1790192743138,sala01,8492,1790192743138,0,0,OCUPADO,1,28,55,120,1,1
1790192745138,sala01,8493,1790192745138,0,0,OCUPADO,1,28,55,120,1,1
1790192747138,sala01,8494,1790192747138,0,0,OCUPADO,0,28,55,120,1,1
1790192749138,sala01,8495,1790192749138,0,0,OCUPADO,1,28,55,120,1,1
1790192751138,sala01,8496,1790192751138,0,0,OCUPADO,1,28,55,120,1,1
1790192753138,sala01,8497,1790192753138,0,0,OCUPADO,1,28,55,120,1,1
1790192755138,sala01,8498,1790192755138,0,0,OCUPADO,0,28,55,120,1,1
1790192757138,sala01,8499,1790192757138,0,0,OCUPADO,1,28,55,120,1,1
1790192759138,sala01,8500,1790192759138,0,0,OCUPADO,1,28,55,120,1,1
1790192761138,sala01,8501,1790192761138,0,0,OCUPADO,1,28,55,120,1,1
1790192763138,sala01,8502,1790192763138,0,0,OCUPADO,0,28,55,120,1,1
1790192765138,sala01,8503,1790192765138,0,0,OCUPADO,1,28,55,120,1,1
1790192767138,sala01,8504,1790192767138,0,0,OCUPADO,1,28,55,120,1,1
1790192769138,sala01,8505,1790192769138,0,0,OCUPADO,1,28,55,120,1,1
1790192771138,sala01,8506,1790192771138,0,0,OCUPADO,0,28,55,120,1,1
1790192773138,sala01,8507,1790192773138,0,0,OCUPADO,1,28,55,120,1,1
1790192775138,sala01,8508,1790192775138,0,0,OCUPADO,1,28,55,120,1,1
1790192777138,sala01,8509,1790192777138,0,0,OCUPADO,1,28,55,120,1,1
1790192779138,sala01,8510,1790192779138,0,0,OCUPADO,0,28,55,120,1,1
1790192781138,sala01,8511,1790192781138,0,0,OCUPADO,1,28,55,120,1,1
1790192783138,sala01,8512,1790192783138,0,0,OCUPADO,1,28,55,120,1,1
1790192785138,sala01,8513,1790192785138,0,0,OCUPADO,1,28,55,120,1,1
1790192787138,sala01,8514,1790192787138,0,0,OCUPADO,0,28,55,120,1,1
1790192789138,sala01,8515,1790192789138,0,0,OCUPADO,1,28,55,120,1,1
1790192791138,sala01,8516,1790192791138,0,0,OCUPADO,1,28,55,120,1,1
1790192793138,sala01,8517,1790192793138,0,0,OCUPADO,1,28,55,120,1,1
1790192795138,sala01,8518,1790192795138,0,0,OCUPADO,0,28,55,120,1,1
1790192797138,sala01,8519,1790192797138,0,0,OCUPADO,1,28,55,120,1,1
1790192799138,sala01,8520,1790192799138,0,0,OCUPADO,1,28,55,120,1,1
1790192801138,sala01,8521,1790192801138,0,0,OCUPADO,1,28,55,120,1,1
1790192803138,sala01,8522,1790192803138,0,0,OCUPADO,0,28,55,120,1,1
1790192805138,sala01,8523,1790192805138,0,0,OCUPADO,1,28,55,120,1,1
1790192807138,sala01,8524,1790192807138,0,0,OCUPADO,1,28,55,120,1,1
1790192809138,sala01,8525,1790192809138,0,0,OCUPADO,1,28,55,120,1,1
1790192811138,sala01,8526,1790192811138,0,0,OCUPADO,0,28,55,120,1,1
1790192813138,sala01,8527,1790192813138,0,0,OCUPADO,1,28,55,120,1,1
1790192815138,sala01,8528,1790192815138,0,0,OCUPADO,1,28,55,120,1,1
1790192817138,sala01,8529,1790192817138,0,0,OCUPADO,1,28,55,120,1,1
1790192819138,sala01,8530,1790192819138,0,0,OCUPADO,0,28,55,120,1,1
1790192821138,sala01,8531,1790192821138,0,0,OCUPADO,1,28,55,120,1,1
1790192823138,sala01,8532,1790192823138,0,0,OCUPADO,1,28,55,120,1,1
1790192825138,sala01,8533,1790192825138,0,0,OCUPADO,1,28,55,120,1,1
1790192827138,sala01,8534,1790192827138,0,0,OCUPADO,0,28,55,120,1,1
1790192829138,sala01,8535,1790192829138,0,0,OCUPADO,1,28,55,120,1,1
1790192831138,sala01,8536,1790192831138,0,0,OCUPADO,1,28,55,120,1,1
1790192833138,sala01,8537,1790192833138,0,0,OCUPADO,1,28,55,120,1,1
1790192835138,sala01,8538,1790192835138,0,0,OCUPADO,0,28,55,120,1,1
1790192837138,sala01,8539,1790192837138,0,0,OCUPADO,1,28,55,120,1,1
1790192839138,sala01,8540,1790192839138,0,0,OCUPADO,1,28,55,120,1,1
1790192841138,sala01,8541,1790192841138,0,0,OCUPADO,1,28,55,120,1,1
1790192843138,sala01,8542,1790192843138,0,0,OCUPADO,0,28,55,120,1,1
1790192845138,sala01,8543,1790192845138,0,0,OCUPADO,1,28,55,120,1,1
1790192847138,sala01,8544,1790192847138,0,0,OCUPADO,1,28,55,120,1,1
1790192849138,sala01,8545,1790192849138,0,0,OCUPADO,1,28,55,120,1,1
1790192851138,sala01,8546,1790192851138,0,0,OCUPADO,0,28,55,120,1,1
1790192853138,sala01,8547,1790192853138,0,0,OCUPADO,1,28,55,120,1,1
1790192855138,sala01,8548,1790192855138,0,0,OCUPADO,1,28,55,120,1,1
1790192857138,sala01,8549,1790192857138,0,0,OCUPADO,1,28,55,120,1,1
1790192859138,sala01,8550,1790192859138,0,0,OCUPADO,0,28,55,120,1,1
1790192861138,sala01,8551,1790192861138,0,0,OCUPADO,1,28,55,120,1,1
1790192863138,sala01,8552,1790192863138,0,0,OCUPADO,1,28,55,120,1,1
1790192865138,sala01,8553,1790192865138,0,0,OCUPADO,1,28,55,120,1,1
1790192867138,sala01,8554,1790192867138,0,0,OCUPADO,0,28,55,120,1,1
1790192869138,sala01,8555,1790192869138,0,0,OCUPADO,1,28,55,120,1,1
1790192871138,sala01,8556,1790192871138,0,0,OCUPADO,1,28,55,120,1,1
1790192873138,sala01,8557,1790192873138,0,0,OCUPADO,1,28,55,120,1,1
1790192875138,sala01,8558,1790192875138,0,0,OCUPADO,0,28,55,120,1,1
1790192877138,sala01,8559,1790192877138,0,0,OCUPADO,1,28,55,120,1,1
1790192879138,sala01,8560,1790192879138,0,0,OCUPADO,1,28,55,120,1,1
1790192881138,sala01,8561,1790192881138,0,0,OCUPADO,1,28,55,120,1,1
1790192883138,sala01,8562,1790192883138,0,0,OCUPADO,0,28,55,120,1,1
1790192885138,sala01,8563,1790192885138,0,0,OCUPADO,1,28,55,120,1,1
1790192887138,sala01,8564,1790192887138,0,0,OCUPADO,1,28,55,120,1,1
1790192889138,sala01,8565,1790192889138,0,0,OCUPADO,1,28,55,120,1,1
1790192891138,sala01,8566,1790192891138,0,0,OCUPADO,0,28,55,120,1,1
1790192893138,sala01,8567,1790192893138,0,0,OCUPADO,1,28,55,120,1,1
1790192895138,sala01,8568,1790192895138,0,0,OCUPADO,1,28,55,120,1,1
1790192897138,sala01,8569,1790192897138,0,0,OCUPADO,1,28,55,120,1,1
1790192899138,sala01,8570,1790192899138,0,0,OCUPADO,0,28,55,120,1,1
1790192901138,sala01,8571,1790192901138,0,0,OCUPADO,1,28,55,120,1,1
1790192903138,sala01,8572,1790192903138,0,0,OCUPADO,1,28,55,120,1,1
1790192905138,sala01,8573,1790192905138,0,0,OCUPADO,1,28,55,120,1,1
1790192907138,sala01,8574,1790192907138,0,0,OCUPADO,0,28,55,120,1,1
1790192909138,sala01,8575,1790192909138,0,0,OCUPADO,1,28,55,120,1,1
1790192911138,sala01,8576,1790192911138,0,0,OCUPADO,1,28,55,120,1,1
1790192913138,sala01,8577,1790192913138,0,0,OCUPADO,1,28,55,120,1,1
1790192915138,sala01,8578,1790192915138,0,0,OCUPADO,0,28,55,120,1,1
1790192917138,sala01,8579,1790192917138,0,0,OCUPADO,1,28,55,120,1,1
1790192919138,sala01,8580,1790192919138,0,0,OCUPADO,1,28,55,120,1,1
1790192921138,sala01,8581,1790192921138,0,0,OCUPADO,1,28,55,120,1,1
1790192923138,sala01,8582,1790192923138,0,0,OCUPADO,0,28,55,120,1,1
1790192925138,sala01,8583,1790192925138,0,0,OCUPADO,1,28,55,120,1,1
1790192927138,sala01,8584,1790192927138,0,0,OCUPADO,1,28,55,120,1,1
1790192929138,sala01,8585,1790192929138,0,0,OCUPADO,1,28,55,120,1,1
1790192931138,sala01,8586,1790192931138,0,0,OCUPADO,0,28,55,120,1,1
1790192933138,sala01,8587,1790192933138,0,0,OCUPADO,1,28,55,120,1,1
1790192935138,sala01,8588,1790192935138,0,0,OCUPADO,1,28,55,120,1,1
1790192937138,sala01,8589,1790192937138,0,0,OCUPADO,1,28,55,120,1,1
1790192939138,sala01,8590,1790192939138,0,0,OCUPADO,0,28,55,120,1,1
1790192941138,sala01,8591,1790192941138,0,0,OCUPADO,1,28,55,120,1,1
1790192943138,sala01,8592,1790192943138,0,0,OCUPADO,1,28,55,120,1,1
1790192945138,sala01,8593,1790192945138,0,0,OCUPADO,1,28,55,120,1,1
1790192947138,sala01,8594,1790192947138,0,0,OCUPADO,0,28,55,120,1,1
1790192949138,sala01,8595,1790192949138,0,0,OCUPADO,1,28,55,120,1,1
1790192951138,sala01,8596,1790192951138,0,0,OCUPADO,1,28,55,120,1,1
1790192953138,sala01,8597,1790192953138,0,0,OCUPADO,1,28,55,120,1,1
1790192955138,sala01,8598,1790192955138,0,0,OCUPADO,0,28,55,120,1,1
1790192957138,sala01,8599,1790192957138,0,0,OCUPADO,1,28,55,120,1,1
1790192959138,sala01,8600,1790192959138,0,0,OCUPADO,1,28,55,120,1,1
1790192961138,sala01,8601,1790192961138,0,0,OCUPADO,1,28,55,120,1,1
1790192963138,sala01,8602,1790192963138,0,0,OCUPADO,0,28,55,120,1,1
1790192965138,sala01,8603,1790192965138,0,0,OCUPADO,1,28,55,120,1,1
1790192967138,sala01,8604,1790192967138,0,0,OCUPADO,1,28,55,120,1,1
1790192969138,sala01,8605,1790192969138,0,0,OCUPADO,1,28,55,120,1,1
1790192971138,sala01,8606,1790192971138,0,0,OCUPADO,0,28,55,120,1,1
1790192973138,sala01,8607,1790192973138,0,0,OCUPADO,1,28,55,120,1,1
1790192975138,sala01,8608,1790192975138,0,0,OCUPADO,1,28,55,120,1,1
1790192977138,sala01,8609,1790192977138,0,0,OCUPADO,1,28,55,120,1,1
1790192979138,sala01,8610,1790192979138,0,0,OCUPADO,0,28,55,120,1,1
1790192981138,sala01,8611,1790192981138,0,0,OCUPADO,1,28,55,120,1,1
1790192983138,sala01,8612,1790192983138,0,0,OCUPADO,1,28,55,120,1,1
1790192985138,sala01,8613,1790192985138,0,0,OCUPADO,1,28,55,120,1,1
1790192987138,sala01,8614,1790192987138,0,0,OCUPADO,0,28,55,120,1,1
1790192989138,sala01,8615,1790192989138,0,0,OCUPADO,1,28,55,120,1,1
1790192991138,sala01,8616,1790192991138,0,0,OCUPADO,1,28,55,120,1,1
1790192993138,sala01,8617,1790192993138,0,0,OCUPADO,1,28,55,120,1,1
1790192995138,sala01,8618,1790192995138,0,0,OCUPADO,0,28,55,120,1,1
1790192997138,sala01,8619,1790192997138,0,0,OCUPADO,1,28,55,120,1,1
1790192999138,sala01,8620,1790192999138,0,0,OCUPADO,1,28,55,120,1,1
1790193001138,sala01,8621,1790193001138,0,0,OCUPADO,1,28,55,120,1,1
1790193003138,sala01,8622,1790193003138,0,0,OCUPADO,0,28,55,120,1,1
1790193005138,sala01,8623,1790193005138,0,0,OCUPADO,1,28,55,120,1,1
1790193007138,sala01,8624,1790193007138,0,0,OCUPADO,1,28,55,120,1,1
1790193009138,sala01,8625,1790193009138,0,0,OCUPADO,1,28,55,120,1,1
1790193011138,sala01,8626,1790193011138,0,0,OCUPADO,0,28,55,120,1,1
1790193013138,sala01,8627,1790193013138,0,0,OCUPADO,1,28,55,120,1,1
1790193015138,sala01,8628,1790193015138,0,0,OCUPADO,1,28,55,120,1,1
1790193017138,sala01,8629,1790193017138,0,0,OCUPADO,1,28,55,120,1,1
1790193019138,sala01,8630,1790193019138,0,0,OCUPADO,0,28,55,120,1,1
1790193021138,sala01,8631,1790193021138,0,0,OCUPADO,1,28,55,120,1,1
1790193023138,sala01,8632,1790193023138,0,0,OCUPADO,1,28,55,120,1,1
1790193025138,sala01,8633,1790193025138,0,0,OCUPADO,1,28,55,120,1,1
1790193027138,sala01,8634,1790193027138,0,0,OCUPADO,0,28,55,120,1,1
1790193029138,sala01,8635,1790193029138,0,0,OCUPADO,1,28,55,120,1,1
1790193031138,sala01,8636,1790193031138,0,0,OCUPADO,1,28,55,120,1,1
1790193033138,sala01,8637,1790193033138,0,0,OCUPADO,1,28,55,120,1,1
1790193035138,sala01,8638,1790193035138,0,0,OCUPADO,0,28,55,120,1,1
1790193037138,sala01,8639,1790193037138,0,0,OCUPADO,1,28,55,120,1,1
1790193039138,sala01,8640,1790193039138,0,0,OCUPADO,1,28,55,120,1,1
1790193041138,sala01,8641,1790193041138,0,0,OCUPADO,1,28,55,120,1,1
1790193043138,sala01,8642,1790193043138,0,0,OCUPADO,0,28,55,120,1,1
1790193045138,sala01,8643,1790193045138,0,0,OCUPADO,1,28,55,120,1,1
1790193047138,sala01,8644,1790193047138,0,0,OCUPADO,1,28,55,120,1,1
1790193049138,sala01,8645,1790193049138,0,0,OCUPADO,1,28,55,120,1,1
1790193051138,sala01,8646,1790193051138,0,0,OCUPADO,0,28,55,120,1,1
1790193053138,sala01,8647,1790193053138,0,0,OCUPADO,1,28,55,120,1,1
1790193055138,sala01,8648,1790193055138,0,0,OCUPADO,1,28,55,120,1,1
1790193057138,sala01,8649,1790193057138,0,0,OCUPADO,1,28,55,120,1,1
1790193059138,sala01,8650,1790193059138,0,0,OCUPADO,0,28,55,120,1,1
1790193061138,sala01,8651,1790193061138,0,0,OCUPADO,1,28,55,120,1,1
1790193063138,sala01,8652,1790193063138,0,0,OCUPADO,1,28,55,120,1,1
1790193065138,sala01,8653,1790193065138,0,0,OCUPADO,1,28,55,120,1,1
1790193067138,sala01,8654,1790193067138,0,0,OCUPADO,0,28,55,120,1,1
1790193069138,sala01,8655,1790193069138,0,0,OCUPADO,1,28,55,120,1,1
1790193071138,sala01,8656,1790193071138,0,0,OCUPADO,1,28,55,120,1,1
1790193073138,sala01,8657,1790193073138,0,0,OCUPADO,1,28,55,120,1,1
1790193075138,sala01,8658,1790193075138,0,0,OCUPADO,0,28,55,120,1,1
1790193077138,sala01,8659,1790193077138,0,0,OCUPADO,1,28,55,120,1,1
1790193079138,sala01,8660,1790193079138,0,0,OCUPADO,1,28,55,120,1,1
1790193081138,sala01,8661,1790193081138,0,0,OCUPADO,1,28,55,120,1,1
1790193083138,sala01,8662,1790193083138,0,0,OCUPADO,0,28,55,120,1,1
1790193085138,sala01,8663,1790193085138,0,0,OCUPADO,1,28,55,120,1,1
1790193087138,sala01,8664,1790193087138,0,0,OCUPADO,1,28,55,120,1,1
1790193089138,sala01,8665,1790193089138,0,0,OCUPADO,1,28,55,120,1,1
1790193091138,sala01,8666,1790193091138,0,0,OCUPADO,0,28,55,120,1,1
1790193093138,sala01,8667,1790193093138,0,0,OCUPADO,1,28,55,120,1,1
1790193095138,sala01,8668,1790193095138,0,0,OCUPADO,1,28,55,120,1,1
1790193097138,sala01,8669,1790193097138,0,0,OCUPADO,1,28,55,120,1,1
1790193099138,sala01,8670,1790193099138,0,0,OCUPADO,0,28,55,120,1,1
1790193101138,sala01,8671,1790193101138,0,0,OCUPADO,1,28,55,120,1,1
1790193103138,sala01,8672,1790193103138,0,0,OCUPADO,1,28,55,120,1,1
1790193105138,sala01,8673,1790193105138,0,0,OCUPADO,1,28,55,120,1,1
1790193107138,sala01,8674,1790193107138,0,0,OCUPADO,0,28,55,120,1,1
1790193109138,sala01,8675,1790193109138,0,0,OCUPADO,1,28,55,120,1,1
1790193111138,sala01,8676,1790193111138,0,0,OCUPADO,1,28,55,120,1,1
1790193113138,sala01,8677,1790193113138,0,0,OCUPADO,1,28,55,120,1,1
1790193115138,sala01,8678,1790193115138,0,0,OCUPADO,0,28,55,120,1,1
1790193117138,sala01,8679,1790193117138,0,0,OCUPADO,1,28,55,120,1,1
1790193119138,sala01,8680,1790193119138,0,0,OCUPADO,1,28,55,120,1,1
1790193121138,sala01,8681,1790193121138,0,0,OCUPADO,1,28,55,120,1,1
1790193123138,sala01,8682,1790193123138,0,0,OCUPADO,0,28,55,120,1,1
1790193125138,sala01,8683,1790193125138,0,0,OCUPADO,1,28,55,120,1,1
1790193127138,sala01,8684,1790193127138,0,0,OCUPADO,1,28,55,120,1,1
1790193129138,sala01,8685,1790193129138,0,0,OCUPADO,1,28,55,120,1,1
1790193131138,sala01,8686,1790193131138,0,0,OCUPADO,0,28,55,120,1,1
1790193133138,sala01,8687,1790193133138,0,0,OCUPADO,1,28,55,120,1,1
1790193135138,sala01,8688,1790193135138,0,0,OCUPADO,1,28,55,120,1,1
1790193137138,sala01,8689,1790193137138,0,0,OCUPADO,1,28,55,120,1,1
1790193139138,sala01,8690,1790193139138,0,0,OCUPADO,0,28,55,120,1,1
1790193141138,sala01,8691,1790193141138,0,0,OCUPADO,1,28,55,120,1,1
1790193143138,sala01,8692,1790193143138,0,0,OCUPADO,1,28,55,120,1,1
1790193145138,sala01,8693,1790193145138,0,0,OCUPADO,1,28,55,120,1,1
1790193147138,sala01,8694,1790193147138,0,0,OCUPADO,0,28,55,120,1,1
1790193149138,sala01,8695,1790193149138,0,0,OCUPADO,1,28,55,120,1,1
1790193151138,sala01,8696,1790193151138,0,0,OCUPADO,1,28,55,120,1,1
1790193153138,sala01,8697,1790193153138,0,0,OCUPADO,1,28,55,120,1,1
1790193155138,sala01,8698,1790193155138,0,0,OCUPADO,0,28,55,120,1,1
1790193157138,sala01,8699,1790193157138,0,0,OCUPADO,1,28,55,120,1,1
1790193159138,sala01,8700,1790193159138,0,0,OCUPADO,1,28,55,120,1,1
1790193161138,sala01,8701,1790193161138,0,0,OCUPADO,1,28,55,120,1,1
1790193163138,sala01,8702,1790193163138,0,0,OCUPADO,0,28,55,120,1,1
1790193165138,sala01,8703,1790193165138,0,0,OCUPADO,1,28,55,120,1,1
1790193167138,sala01,8704,1790193167138,0,0,OCUPADO,1,28,55,120,1,1
1790193169138,sala01,8705,1790193169138,0,0,OCUPADO,1,28,55,120,1,1
1790193171138,sala01,8706,1790193171138,0,0,OCUPADO,0,28,55,120,1,1
1790193173138,sala01,8707,1790193173138,0,0,OCUPADO,1,28,55,120,1,1
1790193175138,sala01,8708,1790193175138,0,0,OCUPADO,1,28,55,120,1,1
1790193177138,sala01,8709,1790193177138,0,0,OCUPADO,1,28,55,120,1,1
1790193179138,sala01,8710,1790193179138,0,0,OCUPADO,0,28,55,120,1,1
1790193181138,sala01,8711,1790193181138,0,0,OCUPADO,1,28,55,120,1,1
1790193183138,sala01,8712,1790193183138,0,0,OCUPADO,1,28,55,120,1,1
1790193185138,sala01,8713,1790193185138,0,0,OCUPADO,1,28,55,120,1,1
1790193187138,sala01,8714,1790193187138,0,0,OCUPADO,0,28,55,120,1,1
1790193189138,sala01,8715,1790193189138,0,0,OCUPADO,1,28,55,120,1,1
1790193191138,sala01,8716,1790193191138,0,0,OCUPADO,1,28,55,120,1,1
1790193193138,sala01,8717,1790193193138,0,0,OCUPADO,1,28,55,120,1,1
1790193195138,sala01,8718,1790193195138,0,0,OCUPADO,0,28,55,120,1,1
1790193197138,sala01,8719,1790193197138,0,0,OCUPADO,1,28,55,120,1,1
1790193199138,sala01,8720,1790193199138,0,0,OCUPADO,1,28,55,120,1,1
1790193201138,sala01,8721,1790193201138,0,0,OCUPADO,1,28,55,120,1,1
1790193203138,sala01,8722,1790193203138,0,0,OCUPADO,0,28,55,120,1,1
1790193205138,sala01,8723,1790193205138,0,0,OCUPADO,1,28,55,120,1,1
1790193207138,sala01,8724,1790193207138,0,0,OCUPADO,1,28,55,120,1,1
1790193209138,sala01,8725,1790193209138,0,0,OCUPADO,1,28,55,120,1,1
1790193211138,sala01,8726,1790193211138,0,0,OCUPADO,0,28,55,120,1,1
1790193213138,sala01,8727,1790193213138,0,0,OCUPADO,1,28,55,120,1,1
1790193215138,sala01,8728,1790193215138,0,0,OCUPADO,1,28,55,120,1,1
1790193217138,sala01,8729,1790193217138,0,0,OCUPADO,1,28,55,120,1,1
1790193219138,sala01,8730,1790193219138,0,0,OCUPADO,0,28,55,120,1,1
1790193221138,sala01,8731,1790193221138,0,0,OCUPADO,1,28,55,120,1,1
1790193223138,sala01,8732,1790193223138,0,0,OCUPADO,1,28,55,120,1,1
1790193225138,sala01,8733,1790193225138,0,0,OCUPADO,1,28,55,120,1,1
1790193227138,sala01,8734,1790193227138,0,0,OCUPADO,0,28,55,120,1,1
1790193229138,sala01,8735,1790193229138,0,0,OCUPADO,1,28,55,120,1,1
1790193231138,sala01,8736,1790193231138,0,0,OCUPADO,1,28,55,120,1,1
1790193233138,sala01,8737,1790193233138,0,0,OCUPADO,1,28,55,120,1,1
1790193235138,sala01,8738,1790193235138,0,0,OCUPADO,0,28,55,120,1,1
1790193237138,sala01,8739,1790193237138,0,0,OCUPADO,1,28,55,120,1,1
1790193239138,sala01,8740,1790193239138,0,0,OCUPADO,1,28,55,120,1,1
1790193241138,sala01,8741,1790193241138,0,0,OCUPADO,1,28,55,120,1,1
1790193243138,sala01,8742,1790193243138,0,0,OCUPADO,0,28,55,120,1,1
1790193245138,sala01,8743,1790193245138,0,0,OCUPADO,1,28,55,120,1,1
1790193247138,sala01,8744,1790193247138,0,0,OCUPADO,1,28,55,120,1,1
1790193249138,sala01,8745,1790193249138,0,0,OCUPADO,1,28,55,120,1,1
1790193251138,sala01,8746,1790193251138,0,0,OCUPADO,0,28,55,120,1,1
1790193253138,sala01,8747,1790193253138,0,0,OCUPADO,1,28,55,120,1,1
1790193255138,sala01,8748,1790193255138,0,0,OCUPADO,1,28,55,120,1,1
1790193257138,sala01,8749,1790193257138,0,0,OCUPADO,1,28,55,120,1,1
1790193259138,sala01,8750,1790193259138,0,0,OCUPADO,0,28,55,120,1,1
1790193261138,sala01,8751,1790193261138,0,0,OCUPADO,1,28,55,120,1,1
1790193263138,sala01,8752,1790193263138,0,0,OCUPADO,1,28,55,120,1,1
1790193265138,sala01,8753,1790193265138,0,0,OCUPADO,1,28,55,120,1,1
1790193267138,sala01,8754,1790193267138,0,0,OCUPADO,0,28,55,120,1,1
1790193269138,sala01,8755,1790193269138,0,0,OCUPADO,1,28,55,120,1,1
1790193271138,sala01,8756,1790193271138,0,0,OCUPADO,1,28,55,120,1,1
1790193273138,sala01,8757,1790193273138,0,0,OCUPADO,1,28,55,120,1,1
1790193275138,sala01,8758,1790193275138,0,0,OCUPADO,0,28,55,120,1,1
1790193277138,sala01,8759,1790193277138,0,0,OCUPADO,1,28,55,120,1,1
1790193279138,sala01,8760,1790193279138,0,0,OCUPADO,1,28,55,120,1,1
1790193281138,sala01,8761,1790193281138,0,0,OCUPADO,1,28,55,120,1,1
1790193283138,sala01,8762,1790193283138,0,0,OCUPADO,0,28,55,120,1,1
1790193285138,sala01,8763,1790193285138,0,0,OCUPADO,1,28,55,120,1,1
1790193287138,sala01,8764,1790193287138,0,0,OCUPADO,1,28,55,120,1,1
1790193289138,sala01,8765,1790193289138,0,0,OCUPADO,1,28,55,120,1,1
1790193291138,sala01,8766,1790193291138,0,0,OCUPADO,0,28,55,120,1,1
1790193293138,sala01,8767,1790193293138,0,0,OCUPADO,1,28,55,120,1,1
1790193295138,sala01,8768,1790193295138,0,0,OCUPADO,1,28,55,120,1,1
1790193297138,sala01,8769,1790193297138,0,0,OCUPADO,1,28,55,120,1,1
1790193299138,sala01,8770,1790193299138,0,0,OCUPADO,0,28,55,120,1,1
1790193301138,sala01,8771,1790193301138,0,0,OCUPADO,1,28,55,120,1,1
1790193303138,sala01,8772,1790193303138,0,0,OCUPADO,1,28,55,120,1,1
1790193305138,sala01,8773,1790193305138,0,0,OCUPADO,1,28,55,120,1,1
1790193307138,sala01,8774,1790193307138,0,0,OCUPADO,0,28,55,120,1,1
1790193309138,sala01,8775,1790193309138,0,0,OCUPADO,1,28,55,120,1,1
1790193311138,sala01,8776,1790193311138,0,0,OCUPADO,1,28,55,120,1,1
1790193313138,sala01,8777,1790193313138,0,0,OCUPADO,1,28,55,120,1,1
1790193315138,sala01,8778,1790193315138,0,0,OCUPADO,0,28,55,120,1,1
1790193317138,sala01,8779,1790193317138,0,0,OCUPADO,1,28,55,120,1,1
1790193319138,sala01,8780,1790193319138,0,0,OCUPADO,1,28,55,120,1,1
1790193321138,sala01,8781,1790193321138,0,0,OCUPADO,1,28,55,120,1,1
1790193323138,sala01,8782,1790193323138,0,0,OCUPADO,0,28,55,120,1,1
1790193325138,sala01,8783,1790193325138,0,0,OCUPADO,1,28,55,120,1,1
1790193327138,sala01,8784,1790193327138,0,0,OCUPADO,1,28,55,120,1,1
1790193329138,sala01,8785,1790193329138,0,0,OCUPADO,1,28,55,120,1,1
1790193331138,sala01,8786,1790193331138,0,0,OCUPADO,0,28,55,120,1,1
1790193333138,sala01,8787,1790193333138,0,0,OCUPADO,1,28,55,120,1,1
1790193335138,sala01,8788,1790193335138,0,0,OCUPADO,1,28,55,120,1,1
1790193337138,sala01,8789,1790193337138,0,0,OCUPADO,1,28,55,120,1,1
1790193339138,sala01,8790,1790193339138,0,0,OCUPADO,0,28,55,120,1,1
1790193341138,sala01,8791,1790193341138,0,0,OCUPADO,1,28,55,120,1,1
1790193343138,sala01,8792,1790193343138,0,0,OCUPADO,1,28,55,120,1,1
1790193345138,sala01,8793,1790193345138,0,0,OCUPADO,1,28,55,120,1,1
1790193347138,sala01,8794,1790193347138,0,0,OCUPADO,0,28,55,120,1,1
1790193349138,sala01,8795,1790193349138,0,0,OCUPADO,1,28,55,120,1,1
1790193351138,sala01,8796,1790193351138,0,0,OCUPADO,1,28,55,120,1,1
1790193353138,sala01,8797,1790193353138,0,0,OCUPADO,1,28,55,120,1,1
1790193355138,sala01,8798,1790193355138,0,0,OCUPADO,0,28,55,120,1,1
1790193357138,sala01,8799,1790193357138,0,0,OCUPADO,1,28,55,120,1,1
1790193359138,sala01,8800,1790193359138,0,0,OCUPADO,1,28,55,120,1,1
1790193361138,sala01,8801,1790193361138,0,0,OCUPADO,1,28,55,120,1,1
1790193363138,sala01,8802,1790193363138,0,0,OCUPADO,0,28,55,120,1,1
1790193365138,sala01,8803,1790193365138,0,0,OCUPADO,1,28,55,120,1,1
1790193367138,sala01,8804,1790193367138,0,0,OCUPADO,1,28,55,120,1,1
1790193369138,sala01,8805,1790193369138,0,0,OCUPADO,1,28,55,120,1,1
1790193371138,sala01,8806,1790193371138,0,0,OCUPADO,0,28,55,120,1,1
1790193373138,sala01,8807,1790193373138,0,0,OCUPADO,1,28,55,120,1,1
1790193375138,sala01,8808,1790193375138,0,0,OCUPADO,1,28,55,120,1,1
1790193377138,sala01,8809,1790193377138,0,0,OCUPADO,1,28,55,120,1,1
1790193379138,sala01,8810,1790193379138,0,0,OCUPADO,0,28,55,120,1,1
1790193381138,sala01,8811,1790193381138,0,0,OCUPADO,1,28,55,120,1,1
1790193383138,sala01,8812,1790193383138,0,0,OCUPADO,1,28,55,120,1,1
1790193385138,sala01,8813,1790193385138,0,0,OCUPADO,1,28,55,120,1,1
1790193387138,sala01,8814,1790193387138,0,0,OCUPADO,0,28,55,120,1,1
1790193389138,sala01,8815,1790193389138,0,0,OCUPADO,1,28,55,120,1,1
1790193391138,sala01,8816,1790193391138,0,0,OCUPADO,1,28,55,120,1,1
1790193393138,sala01,8817,1790193393138,0,0,OCUPADO,1,28,55,120,1,1
1790193395138,sala01,8818,1790193395138,0,0,OCUPADO,0,28,55,120,1,1
1790193397138,sala01,8819,1790193397138,0,0,OCUPADO,1,28,55,120,1,1
1790193399138,sala01,8820,1790193399138,0,0,OCUPADO,1,28,55,120,1,1
1790193401138,sala01,8821,1790193401138,0,0,OCUPADO,1,28,55,120,1,1
1790193403138,sala01,8822,1790193403138,0,0,OCUPADO,0,28,55,120,1,1
1790193405138,sala01,8823,1790193405138,0,0,OCUPADO,1,28,55,120,1,1
1790193407138,sala01,8824,1790193407138,0,0,OCUPADO,1,28,55,120,1,1
1790193409138,sala01,8825,1790193409138,0,0,OCUPADO,1,28,55,120,1,1
1790193411138,sala01,8826,1790193411138,0,0,OCUPADO,0,28,55,120,1,1
1790193413138,sala01,8827,1790193413138,0,0,OCUPADO,1,28,55,120,1,1
1790193415138,sala01,8828,1790193415138,0,0,OCUPADO,1,28,55,120,1,1
1790193417138,sala01,8829,1790193417138,0,0,OCUPADO,1,28,55,120,1,1
1790193419138,sala01,8830,1790193419138,0,0,OCUPADO,0,28,55,120,1,1
1790193421138,sala01,8831,1790193421138,0,0,OCUPADO,1,28,55,120,1,1
1790193423138,sala01,8832,1790193423138,0,0,OCUPADO,1,28,55,120,1,1
1790193425138,sala01,8833,1790193425138,0,0,OCUPADO,1,28,55,120,1,1
1790193427138,sala01,8834,1790193427138,0,0,OCUPADO,0,28,55,120,1,1
1790193429138,sala01,8835,1790193429138,0,0,OCUPADO,1,28,55,120,1,1
1790193431138,sala01,8836,1790193431138,0,0,OCUPADO,1,28,55,120,1,1
1790193433138,sala01,8837,1790193433138,0,0,OCUPADO,1,28,55,120,1,1
1790193435138,sala01,8838,1790193435138,0,0,OCUPADO,0,28,55,120,1,1
1790193437138,sala01,8839,1790193437138,0,0,OCUPADO,1,28,55,120,1,1
1790193439138,sala01,8840,1790193439138,0,0,OCUPADO,1,28,55,120,1,1
1790193441138,sala01,8841,1790193441138,0,0,OCUPADO,1,28,55,120,1,1
1790193443138,sala01,8842,1790193443138,0,0,OCUPADO,0,28,55,120,1,1
1790193445138,sala01,8843,1790193445138,0,0,OCUPADO,1,28,55,120,1,1
1790193447138,sala01,8844,1790193447138,0,0,OCUPADO,1,28,55,120,1,1
1790193449138,sala01,8845,1790193449138,0,0,OCUPADO,1,28,55,120,1,1
1790193451138,sala01,8846,1790193451138,0,0,OCUPADO,0,28,55,120,1,1
1790193453138,sala01,8847,1790193453138,0,0,OCUPADO,1,28,55,120,1,1
1790193455138,sala01,8848,1790193455138,0,0,OCUPADO,1,28,55,120,1,1
1790193457138,sala01,8849,1790193457138,0,0,OCUPADO,1,28,55,120,1,1
1790193459138,sala01,8850,1790193459138,0,0,OCUPADO,0,28,55,120,1,1
1790193461138,sala01,8851,1790193461138,0,0,OCUPADO,1,28,55,120,1,1
1790193463138,sala01,8852,1790193463138,0,0,OCUPADO,1,28,55,120,1,1
1790193465138,sala01,8853,1790193465138,0,0,OCUPADO,1,28,55,120,1,1
1790193467138,sala01,8854,1790193467138,0,0,OCUPADO,0,28,55,120,1,1
1790193469138,sala01,8855,1790193469138,0,0,OCUPADO,1,28,55,120,1,1
1790193471138,sala01,8856,1790193471138,0,0,OCUPADO,1,28,55,120,1,1
1790193473138,sala01,8857,1790193473138,0,0,OCUPADO,1,28,55,120,1,1
1790193475138,sala01,8858,1790193475138,0,0,OCUPADO,0,28,55,120,1,1
1790193477138,sala01,8859,1790193477138,0,0,OCUPADO,1,28,55,120,1,1
1790193479138,sala01,8860,1790193479138,0,0,OCUPADO,1,28,55,120,1,1
1790193481138,sala01,8861,1790193481138,0,0,OCUPADO,1,28,55,120,1,1
1790193483138,sala01,8862,1790193483138,0,0,OCUPADO,0,28,55,120,1,1
1790193485138,sala01,8863,1790193485138,0,0,OCUPADO,1,28,55,120,1,1
1790193487138,sala01,8864,1790193487138,0,0,OCUPADO,1,28,55,120,1,1
1790193489138,sala01,8865,1790193489138,0,0,OCUPADO,1,28,55,120,1,1
1790193491138,sala01,8866,1790193491138,0,0,OCUPADO,0,28,55,120,1,1
1790193493138,sala01,8867,1790193493138,0,0,OCUPADO,1,28,55,120,1,1
1790193495138,sala01,8868,1790193495138,0,0,OCUPADO,1,28,55,120,1,1
1790193497138,sala01,8869,1790193497138,0,0,OCUPADO,1,28,55,120,1,1
1790193499138,sala01,8870,1790193499138,0,0,OCUPADO,0,28,55,120,1,1
1790193501138,sala01,8871,1790193501138,0,0,OCUPADO,1,28,55,120,1,1
1790193503138,sala01,8872,1790193503138,0,0,OCUPADO,1,28,55,120,1,1
1790193505138,sala01,8873,1790193505138,0,0,OCUPADO,1,28,55,120,1,1
1790193507138,sala01,8874,1790193507138,0,0,OCUPADO,0,28,55,120,1,1
1790193509138,sala01,8875,1790193509138,0,0,OCUPADO,1,28,55,120,1,1
1790193511138,sala01,8876,1790193511138,0,0,OCUPADO,1,28,55,120,1,1
1790193513138,sala01,8877,1790193513138,0,0,OCUPADO,1,28,55,120,1,1
1790193515138,sala01,8878,1790193515138,0,0,OCUPADO,0,28,55,120,1,1
1790193517138,sala01,8879,1790193517138,0,0,OCUPADO,1,28,55,120,1,1
1790193519138,sala01,8880,1790193519138,0,0,OCUPADO,1,28,55,120,1,1
1790193521138,sala01,8881,1790193521138,0,0,OCUPADO,1,28,55,120,1,1
1790193523138,sala01,8882,1790193523138,0,0,OCUPADO,0,28,55,120,1,1
1790193525138,sala01,8883,1790193525138,0,0,OCUPADO,1,28,55,120,1,1
1790193527138,sala01,8884,1790193527138,0,0,OCUPADO,1,28,55,120,1,1
1790193529138,sala01,8885,1790193529138,0,0,OCUPADO,1,28,55,120,1,1
1790193531138,sala01,8886,1790193531138,0,0,OCUPADO,0,28,55,120,1,1
1790193533138,sala01,8887,1790193533138,0,0,OCUPADO,1,28,55,120,1,1
1790193535138,sala01,8888,1790193535138,0,0,OCUPADO,1,28,55,120,1,1
1790193537138,sala01,8889,1790193537138,0,0,OCUPADO,1,28,55,120,1,1
1790193539138,sala01,8890,1790193539138,0,0,OCUPADO,0,28,55,120,1,1
1790193541138,sala01,8891,1790193541138,0,0,OCUPADO,1,28,55,120,1,1
1790193543138,sala01,8892,1790193543138,0,0,OCUPADO,1,28,55,120,1,1
1790193545138,sala01,8893,1790193545138,0,0,OCUPADO,1,28,55,120,1,1
1790193547138,sala01,8894,1790193547138,0,0,OCUPADO,0,28,55,120,1,1
1790193549138,sala01,8895,1790193549138,0,0,OCUPADO,1,28,55,120,1,1
1790193551138,sala01,8896,1790193551138,0,0,OCUPADO,1,28,55,120,1,1
1790193553138,sala01,8897,1790193553138,0,0,OCUPADO,1,28,55,120,1,1
1790193555138,sala01,8898,1790193555138,0,0,OCUPADO,0,28,55,120,1,1
1790193557138,sala01,8899,1790193557138,0,0,OCUPADO,1,28,55,120,1,1
1790193559138,sala01,8900,1790193559138,0,0,OCUPADO,1,28,55,120,1,1
1790193561138,sala01,8901,1790193561138,0,0,OCUPADO,1,28,55,120,1,1
1790193563138,sala01,8902,1790193563138,0,0,OCUPADO,0,28,55,120,1,1
1790193565138,sala01,8903,1790193565138,0,0,OCUPADO,1,28,55,120,1,1
1790193567138,sala01,8904,1790193567138,0,0,OCUPADO,1,28,55,120,1,1
1790193569138,sala01,8905,1790193569138,0,0,OCUPADO,1,28,55,120,1,1
1790193571138,sala01,8906,1790193571138,0,0,OCUPADO,0,28,55,120,1,1
1790193573138,sala01,8907,1790193573138,0,0,OCUPADO,1,28,55,120,1,1
1790193575138,sala01,8908,1790193575138,0,0,OCUPADO,1,28,55,120,1,1
1790193577138,sala01,8909,1790193577138,0,0,OCUPADO,1,28,55,120,1,1
1790193579138,sala01,8910,1790193579138,0,0,OCUPADO,0,28,55,120,1,1
1790193581138,sala01,8911,1790193581138,0,0,OCUPADO,1,28,55,120,1,1
1790193583138,sala01,8912,1790193583138,0,0,OCUPADO,1,28,55,120,1,1
1790193585138,sala01,8913,1790193585138,0,0,OCUPADO,1,28,55,120,1,1
1790193587138,sala01,8914,1790193587138,0,0,OCUPADO,0,28,55,120,1,1
1790193589138,sala01,8915,1790193589138,0,0,OCUPADO,1,28,55,120,1,1
1790193591138,sala01,8916,1790193591138,0,0,OCUPADO,1,28,55,120,1,1
1790193593138,sala01,8917,1790193593138,0,0,OCUPADO,1,28,55,120,1,1
1790193595138,sala01,8918,1790193595138,0,0,OCUPADO,0,28,55,120,1,1
1790193597138,sala01,8919,1790193597138,0,0,OCUPADO,1,28,55,120,1,1
1790193599138,sala01,8920,1790193599138,0,0,OCUPADO,1,28,55,120,1,1
1790193601138,sala01,8921,1790193601138,0,0,OCUPADO,1,28,55,120,1,1
1790193603138,sala01,8922,1790193603138,0,0,OCUPADO,0,28,55,120,1,1
1790193605138,sala01,8923,1790193605138,0,0,OCUPADO,1,28,55,120,1,1
1790193607138,sala01,8924,1790193607138,0,0,OCUPADO,1,28,55,120,1,1
1790193609138,sala01,8925,1790193609138,0,0,OCUPADO,1,28,55,120,1,1
1790193611138,sala01,8926,1790193611138,0,0,OCUPADO,0,28,55,120,1,1
1790193613138,sala01,8927,1790193613138,0,0,OCUPADO,1,28,55,120,1,1
1790193615138,sala01,8928,1790193615138,0,0,OCUPADO,1,28,55,120,1,1
1790193617138,sala01,8929,1790193617138,0,0,OCUPADO,1,28,55,120,1,1
1790193619138,sala01,8930,1790193619138,0,0,OCUPADO,0,28,55,120,1,1
1790193621138,sala01,8931,1790193621138,0,0,OCUPADO,1,28,55,120,1,1
1790193623138,sala01,8932,1790193623138,0,0,OCUPADO,1,28,55,120,1,1
1790193625138,sala01,8933,1790193625138,0,0,OCUPADO,1,28,55,120,1,1
1790193627138,sala01,8934,1790193627138,0,0,OCUPADO,0,28,55,120,1,1
1790193629138,sala01,8935,1790193629138,0,0,OCUPADO,1,28,55,120,1,1
1790193631138,sala01,8936,1790193631138,0,0,OCUPADO,1,28,55,120,1,1
1790193633138,sala01,8937,1790193633138,0,0,OCUPADO,1,28,55,120,1,1
1790193635138,sala01,8938,1790193635138,0,0,OCUPADO,0,28,55,120,1,1
1790193637138,sala01,8939,1790193637138,0,0,OCUPADO,1,28,55,120,1,1
1790193639138,sala01,8940,1790193639138,0,0,OCUPADO,1,28,55,120,1,1
1790193641138,sala01,8941,1790193641138,0,0,OCUPADO,1,28,55,120,1,1
1790193643138,sala01,8942,1790193643138,0,0,OCUPADO,0,28,55,120,1,1
1790193645138,sala01,8943,1790193645138,0,0,OCUPADO,1,28,55,120,1,1
1790193647138,sala01,8944,1790193647138,0,0,OCUPADO,1,28,55,120,1,1
1790193649138,sala01,8945,1790193649138,0,0,OCUPADO,1,28,55,120,1,1
1790193651138,sala01,8946,1790193651138,0,0,OCUPADO,0,28,55,120,1,1
1790193653138,sala01,8947,1790193653138,0,0,OCUPADO,1,28,55,120,1,1
1790193655138,sala01,8948,1790193655138,0,0,OCUPADO,1,28,55,120,1,1
1790193657138,sala01,8949,1790193657138,0,0,OCUPADO,1,28,55,120,1,1
1790193659138,sala01,8950,1790193659138,0,0,OCUPADO,0,28,55,120,1,1
1790193661138,sala01,8951,1790193661138,0,0,OCUPADO,1,28,55,120,1,1
1790193663138,sala01,8952,1790193663138,0,0,OCUPADO,1,28,55,120,1,1
1790193665138,sala01,8953,1790193665138,0,0,OCUPADO,1,28,55,120,1,1
1790193667138,sala01,8954,1790193667138,0,0,OCUPADO,0,28,55,120,1,1
1790193669138,sala01,8955,1790193669138,0,0,OCUPADO,1,28,55,120,1,1
1790193671138,sala01,8956,1790193671138,0,0,OCUPADO,1,28,55,120,1,1
1790193673138,sala01,8957,1790193673138,0,0,OCUPADO,1,28,55,120,1,1
1790193675138,sala01,8958,1790193675138,0,0,OCUPADO,0,28,55,120,1,1
1790193677138,sala01,8959,1790193677138,0,0,OCUPADO,1,28,55,120,1,1
1790193679138,sala01,8960,1790193679138,0,0,OCUPADO,1,28,55,120,1,1
1790193681138,sala01,8961,1790193681138,0,0,OCUPADO,1,28,55,120,1,1
1790193683138,sala01,8962,1790193683138,0,0,OCUPADO,0,28,55,120,1,1
1790193685138,sala01,8963,1790193685138,0,0,OCUPADO,1,28,55,120,1,1
1790193687138,sala01,8964,1790193687138,0,0,OCUPADO,1,28,55,120,1,1
1790193689138,sala01,8965,1790193689138,0,0,OCUPADO,1,28,55,120,1,1
1790193691138,sala01,8966,1790193691138,0,0,OCUPADO,0,28,55,120,1,1
1790193693138,sala01,8967,1790193693138,0,0,OCUPADO,1,28,55,120,1,1
1790193695138,sala01,8968,1790193695138,0,0,OCUPADO,1,28,55,120,1,1
1790193697138,sala01,8969,1790193697138,0,0,OCUPADO,1,28,55,120,1,1
1790193699138,sala01,8970,1790193699138,0,0,OCUPADO,0,28,55,120,1,1
1790193701138,sala01,8971,1790193701138,0,0,OCUPADO,1,28,55,120,1,1
1790193703138,sala01,8972,1790193703138,0,0,OCUPADO,1,28,55,120,1,1
1790193705138,sala01,8973,1790193705138,0,0,OCUPADO,1,28,55,120,1,1
1790193707138,sala01,8974,1790193707138,0,0,OCUPADO,0,28,55,120,1,1
1790193709138,sala01,8975,1790193709138,0,0,OCUPADO,1,28,55,120,1,1
1790193711138,sala01,8976,1790193711138,0,0,OCUPADO,1,28,55,120,1,1
1790193713138,sala01,8977,1790193713138,0,0,OCUPADO,1,28,55,120,1,1
1790193715138,sala01,8978,1790193715138,0,0,OCUPADO,0,28,55,120,1,1
1790193717138,sala01,8979,1790193717138,0,0,OCUPADO,1,28,55,120,1,1
1790193719138,sala01,8980,1790193719138,0,0,OCUPADO,1,28,55,120,1,1
1790193721138,sala01,8981,1790193721138,0,0,OCUPADO,1,28,55,120,1,1
1790193723138,sala01,8982,1790193723138,0,0,OCUPADO,0,28,55,120,1,1
1790193725138,sala01,8983,1790193725138,0,0,OCUPADO,1,28,55,120,1,1
1790193727138,sala01,8984,1790193727138,0,0,OCUPADO,1,28,55,120,1,1
1790193729138,sala01,8985,1790193729138,0,0,OCUPADO,1,28,55,120,1,1
1790193731138,sala01,8986,1790193731138,0,0,OCUPADO,0,28,55,120,1,1
1790193733138,sala01,8987,1790193733138,0,0,OCUPADO,1,28,55,120,1,1
1790193735138,sala01,8988,1790193735138,0,0,OCUPADO,1,28,55,120,1,1
1790193737138,sala01,8989,1790193737138,0,0,OCUPADO,1,28,55,120,1,1
1790193739138,sala01,8990,1790193739138,0,0,OCUPADO,0,28,55,120,1,1
1790193741138,sala01,8991,1790193741138,0,0,OCUPADO,1,28,55,120,1,1
1790193743138,sala01,8992,1790193743138,0,0,OCUPADO,1,28,55,120,1,1
1790193745138,sala01,8993,1790193745138,0,0,OCUPADO,1,28,55,120,1,1
1790193747138,sala01,8994,1790193747138,0,0,OCUPADO,0,28,55,120,1,1
1790193749138,sala01,8995,1790193749138,0,0,OCUPADO,1,28,55,120,1,1
1790193751138,sala01,8996,1790193751138,0,0,OCUPADO,1,28,55,120,1,1
1790193753138,sala01,8997,1790193753138,0,0,OCUPADO,1,28,55,120,1,1
1790193755138,sala01,8998,1790193755138,0,0,OCUPADO,0,28,55,120,1,1
1790193757138,sala01,8999,1790193757138,0,0,OCUPADO,1,28,55,120,1,1
1790193759138,sala01,9000,1790193759138,0,0,OCUPADO,1,28,55,120,1,1
1790193761138,sala01,9001,1790193761138,0,0,OCUPADO,1,28,55,120,1,1
1790193763138,sala01,9002,1790193763138,0,0,OCUPADO,0,28,55,120,1,1
1790193765138,sala01,9003,1790193765138,0,0,OCUPADO,1,28,55,120,1,1
1790193767138,sala01,9004,1790193767138,0,0,OCUPADO,1,28,55,120,1,1
1790193769138,sala01,9005,1790193769138,0,0,OCUPADO,1,28,55,120,1,1
1790193771138,sala01,9006,1790193771138,0,0,OCUPADO,0,28,55,120,1,1
1790193773138,sala01,9007,1790193773138,0,0,OCUPADO,1,28,55,120,1,1
1790193775138,sala01,9008,1790193775138,0,0,OCUPADO,1,28,55,120,1,1
1790193777138,sala01,9009,1790193777138,0,0,OCUPADO,1,28,55,120,1,1
1790193779138,sala01,9010,1790193779138,0,0,OCUPADO,0,28,55,120,1,1
1790193781138,sala01,9011,1790193781138,0,0,OCUPADO,1,28,55,120,1,1
1790193783138,sala01,9012,1790193783138,0,0,OCUPADO,1,28,55,120,1,1
1790193785138,sala01,9013,1790193785138,0,0,OCUPADO,1,28,55,120,1,1
1790193787138,sala01,9014,1790193787138,0,0,OCUPADO,0,28,55,120,1,1
1790193789138,sala01,9015,1790193789138,0,0,OCUPADO,1,28,55,120,1,1
1790193791138,sala01,9016,1790193791138,0,0,OCUPADO,1,28,55,120,1,1
1790193793138,sala01,9017,1790193793138,0,0,OCUPADO,1,28,55,120,1,1
1790193795138,sala01,9018,1790193795138,0,0,OCUPADO,0,28,55,120,1,1
1790193797138,sala01,9019,1790193797138,0,0,OCUPADO,1,28,55,120,1,1
1790193799138,sala01,9020,1790193799138,0,0,OCUPADO,1,28,55,120,1,1
1790193801138,sala01,9021,1790193801138,0,0,OCUPADO,1,28,55,120,1,1
1790193803138,sala01,9022,1790193803138,0,0,OCUPADO,0,28,55,120,1,1
1790193805138,sala01,9023,1790193805138,0,0,OCUPADO,1,28,55,120,1,1
1790193807138,sala01,9024,1790193807138,0,0,OCUPADO,1,28,55,120,1,1
1790193809138,sala01,9025,1790193809138,0,0,OCUPADO,1,28,55,120,1,1
1790193811138,sala01,9026,1790193811138,0,0,OCUPADO,0,28,55,120,1,1
1790193813138,sala01,9027,1790193813138,0,0,OCUPADO,1,28,55,120,1,1
1790193815138,sala01,9028,1790193815138,0,0,OCUPADO,1,28,55,120,1,1
1790193817138,sala01,9029,1790193817138,0,0,OCUPADO,1,28,55,120,1,1
1790193819138,sala01,9030,1790193819138,0,0,OCUPADO,0,28,55,120,1,1
1790193821138,sala01,9031,1790193821138,0,0,OCUPADO,1,28,55,120,1,1
1790193823138,sala01,9032,1790193823138,0,0,OCUPADO,1,28,55,120,1,1
1790193825138,sala01,9033,1790193825138,0,0,OCUPADO,1,28,55,120,1,1
1790193827138,sala01,9034,1790193827138,0,0,OCUPADO,0,28,55,120,1,1
1790193829138,sala01,9035,1790193829138,0,0,OCUPADO,1,28,55,120,1,1
1790193831138,sala01,9036,1790193831138,0,0,OCUPADO,1,28,55,120,1,1
1790193833138,sala01,9037,1790193833138,0,0,OCUPADO,1,28,55,120,1,1
1790193835138,sala01,9038,1790193835138,0,0,OCUPADO,0,28,55,120,1,1
1790193837138,sala01,9039,1790193837138,0,0,OCUPADO,1,28,55,120,1,1
1790193839138,sala01,9040,1790193839138,0,0,OCUPADO,1,28,55,120,1,1
1790193841138,sala01,9041,1790193841138,0,0,OCUPADO,1,28,55,120,1,1
1790193843138,sala01,9042,1790193843138,0,0,OCUPADO,0,28,55,120,1,1
1790193845138,sala01,9043,1790193845138,0,0,OCUPADO,1,28,55,120,1,1
1790193847138,sala01,9044,1790193847138,0,0,OCUPADO,1,28,55,120,1,1
1790193849138,sala01,9045,1790193849138,0,0,OCUPADO,1,28,55,120,1,1
1790193851138,sala01,9046,1790193851138,0,0,OCUPADO,0,28,55,120,1,1
1790193853138,sala01,9047,1790193853138,0,0,OCUPADO,1,28,55,120,1,1
1790193855138,sala01,9048,1790193855138,0,0,OCUPADO,1,28,55,120,1,1
1790193857138,sala01,9049,1790193857138,0,0,OCUPADO,1,28,55,120,1,1
1790193859138,sala01,9050,1790193859138,0,0,OCUPADO,0,28,55,120,1,1
1790193861138,sala01,9051,1790193861138,0,0,OCUPADO,1,28,55,120,1,1
1790193863138,sala01,9052,1790193863138,0,0,OCUPADO,1,28,55,120,1,1
1790193865138,sala01,9053,1790193865138,0,0,OCUPADO,1,28,55,120,1,1
1790193867138,sala01,9054,1790193867138,0,0,OCUPADO,0,28,55,120,1,1
1790193869138,sala01,9055,1790193869138,0,0,OCUPADO,1,28,55,120,1,1
1790193871138,sala01,9056,1790193871138,0,0,OCUPADO,1,28,55,120,1,1
1790193873138,sala01,9057,1790193873138,0,0,OCUPADO,1,28,55,120,1,1
1790193875138,sala01,9058,1790193875138,0,0,OCUPADO,0,28,55,120,1,1
1790193877138,sala01,9059,1790193877138,0,0,OCUPADO,1,28,55,120,1,1
1790193879138,sala01,9060,1790193879138,0,0,OCUPADO,1,28,55,120,1,1
1790193881138,sala01,9061,1790193881138,0,0,OCUPADO,1,28,55,120,1,1
1790193883138,sala01,9062,1790193883138,0,0,OCUPADO,0,28,55,120,1,1
1790193885138,sala01,9063,1790193885138,0,0,OCUPADO,1,28,55,120,1,1
1790193887138,sala01,9064,1790193887138,0,0,OCUPADO,1,28,55,120,1,1
1790193889138,sala01,9065,1790193889138,0,0,OCUPADO,1,28,55,120,1,1
1790193891138,sala01,9066,1790193891138,0,0,OCUPADO,0,28,55,120,1,1
1790193893138,sala01,9067,1790193893138,0,0,OCUPADO,1,28,55,120,1,1
1790193895138,sala01,9068,1790193895138,0,0,OCUPADO,1,28,55,120,1,1
1790193897138,sala01,9069,1790193897138,0,0,OCUPADO,1,28,55,120,1,1
1790193899138,sala01,9070,1790193899138,0,0,OCUPADO,0,28,55,120,1,1
1790193901138,sala01,9071,1790193901138,0,0,OCUPADO,1,28,55,120,1,1
1790193903138,sala01,9072,1790193903138,0,0,OCUPADO,1,28,55,120,1,1
1790193905138,sala01,9073,1790193905138,0,0,OCUPADO,1,28,55,120,1,1
1790193907138,sala01,9074,1790193907138,0,0,OCUPADO,0,28,55,120,1,1
1790193909138,sala01,9075,1790193909138,0,0,OCUPADO,1,28,55,120,1,1
1790193911138,sala01,9076,1790193911138,0,0,OCUPADO,1,28,55,120,1,1
1790193913138,sala01,9077,1790193913138,0,0,OCUPADO,1,28,55,120,1,1
1790193915138,sala01,9078,1790193915138,0,0,OCUPADO,0,28,55,120,1,1
1790193917138,sala01,9079,1790193917138,0,0,OCUPADO,1,28,55,120,1,1
1790193919138,sala01,9080,1790193919138,0,0,OCUPADO,1,28,55,120,1,1
1790193921138,sala01,9081,1790193921138,0,0,OCUPADO,1,28,55,120,1,1
1790193923138,sala01,9082,1790193923138,0,0,OCUPADO,0,28,55,120,1,1
1790193925138,sala01,9083,1790193925138,0,0,OCUPADO,1,28,55,120,1,1
1790193927138,sala01,9084,1790193927138,0,0,OCUPADO,1,28,55,120,1,1
1790193929138,sala01,9085,1790193929138,0,0,OCUPADO,1,28,55,120,1,1
1790193931138,sala01,9086,1790193931138,0,0,OCUPADO,0,28,55,120,1,1
1790193933138,sala01,9087,1790193933138,0,0,OCUPADO,1,28,55,120,1,1
1790193935138,sala01,9088,1790193935138,0,0,OCUPADO,1,28,55,120,1,1
1790193937138,sala01,9089,1790193937138,0,0,OCUPADO,1,28,55,120,1,1
1790193939138,sala01,9090,1790193939138,0,0,OCUPADO,0,28,55,120,1,1
1790193941138,sala01,9091,1790193941138,0,0,OCUPADO,1,28,55,120,1,1
1790193943138,sala01,9092,1790193943138,0,0,OCUPADO,1,28,55,120,1,1
1790193945138,sala01,9093,1790193945138,0,0,OCUPADO,1,28,55,120,1,1
1790193947138,sala01,9094,1790193947138,0,0,OCUPADO,0,28,55,120,1,1
1790193949138,sala01,9095,1790193949138,0,0,OCUPADO,1,28,55,120,1,1
1790193951138,sala01,9096,1790193951138,0,0,OCUPADO,1,28,55,120,1,1
1790193953138,sala01,9097,1790193953138,0,0,OCUPADO,1,28,55,120,1,1
1790193955138,sala01,9098,1790193955138,0,0,OCUPADO,0,28,55,120,1,1
1790193957138,sala01,9099,1790193957138,0,0,OCUPADO,1,28,55,120,1,1
1790193959138,sala01,9100,1790193959138,0,0,OCUPADO,1,28,55,120,1,1
1790193961138,sala01,9101,1790193961138,0,0,OCUPADO,1,28,55,120,1,1
1790193963138,sala01,9102,1790193963138,0,0,OCUPADO,0,28,55,120,1,1
1790193965138,sala01,9103,1790193965138,0,0,OCUPADO,1,28,55,120,1,1
1790193967138,sala01,9104,1790193967138,0,0,OCUPADO,1,28,55,120,1,1
1790193969138,sala01,9105,1790193969138,0,0,OCUPADO,1,28,55,120,1,1
1790193971138,sala01,9106,1790193971138,0,0,OCUPADO,0,28,55,120,1,1
1790193973138,sala01,9107,1790193973138,0,0,OCUPADO,1,28,55,120,1,1
1790193975138,sala01,9108,1790193975138,0,0,OCUPADO,1,28,55,120,1,1
1790193977138,sala01,9109,1790193977138,0,0,OCUPADO,1,28,55,120,1,1
1790193979138,sala01,9110,1790193979138,0,0,OCUPADO,0,28,55,120,1,1
1790193981138,sala01,9111,1790193981138,0,0,OCUPADO,1,28,55,120,1,1
1790193983138,sala01,9112,1790193983138,0,0,OCUPADO,1,28,55,120,1,1
1790193985138,sala01,9113,1790193985138,0,0,OCUPADO,1,28,55,120,1,1
1790193987138,sala01,9114,1790193987138,0,0,OCUPADO,0,28,55,120,1,1
1790193989138,sala01,9115,1790193989138,0,0,OCUPADO,1,28,55,120,1,1
1790193991138,sala01,9116,1790193991138,0,0,OCUPADO,1,28,55,120,1,1
1790193993138,sala01,9117,1790193993138,0,0,OCUPADO,1,28,55,120,1,1
1790193995138,sala01,9118,1790193995138,0,0,OCUPADO,0,28,55,120,1,1
1790193997138,sala01,9119,1790193997138,0,0,OCUPADO,1,28,55,120,1,1
1790193999138,sala01,9120,1790193999138,0,0,OCUPADO,1,28,55,120,1,1
1790194001138,sala01,9121,1790194001138,0,0,OCUPADO,1,28,55,120,1,1
1790194003138,sala01,9122,1790194003138,0,0,OCUPADO,0,28,55,120,1,1
1790194005138,sala01,9123,1790194005138,0,0,OCUPADO,1,28,55,120,1,1
1790194007138,sala01,9124,1790194007138,0,0,OCUPADO,1,28,55,120,1,1
1790194009138,sala01,9125,1790194009138,0,0,OCUPADO,1,28,55,120,1,1
1790194011138,sala01,9126,1790194011138,0,0,OCUPADO,0,28,55,120,1,1
1790194013138,sala01,9127,1790194013138,0,0,OCUPADO,1,28,55,120,1,1
1790194015138,sala01,9128,1790194015138,0,0,OCUPADO,1,28,55,120,1,1
1790194017138,sala01,9129,1790194017138,0,0,OCUPADO,1,28,55,120,1,1
1790194019138,sala01,9130,1790194019138,0,0,OCUPADO,0,28,55,120,1,1
1790194021138,sala01,9131,1790194021138,0,0,OCUPADO,1,28,55,120,1,1
1790194023138,sala01,9132,1790194023138,0,0,OCUPADO,1,28,55,120,1,1
1790194025138,sala01,9133,1790194025138,0,0,OCUPADO,1,28,55,120,1,1
1790194027138,sala01,9134,1790194027138,0,0,OCUPADO,0,28,55,120,1,1
1790194029138,sala01,9135,1790194029138,0,0,OCUPADO,1,28,55,120,1,1
1790194031138,sala01,9136,1790194031138,0,0,OCUPADO,1,28,55,120,1,1
1790194033138,sala01,9137,1790194033138,0,0,OCUPADO,1,28,55,120,1,1
1790194035138,sala01,9138,1790194035138,0,0,OCUPADO,0,28,55,120,1,1
1790194037138,sala01,9139,1790194037138,0,0,OCUPADO,1,28,55,120,1,1
1790194039138,sala01,9140,1790194039138,0,0,OCUPADO,1,28,55,120,1,1
1790194041138,sala01,9141,1790194041138,0,0,OCUPADO,1,28,55,120,1,1
1790194043138,sala01,9142,1790194043138,0,0,OCUPADO,0,28,55,120,1,1
1790194045138,sala01,9143,1790194045138,0,0,OCUPADO,1,28,55,120,1,1
1790194047138,sala01,9144,1790194047138,0,0,OCUPADO,1,28,55,120,1,1
1790194049138,sala01,9145,1790194049138,0,0,OCUPADO,1,28,55,120,1,1
1790194051138,sala01,9146,1790194051138,0,0,OCUPADO,0,28,55,120,1,1
1790194053138,sala01,9147,1790194053138,0,0,OCUPADO,1,28,55,120,1,1
1790194055138,sala01,9148,1790194055138,0,0,OCUPADO,1,28,55,120,1,1
1790194057138,sala01,9149,1790194057138,0,0,OCUPADO,1,28,55,120,1,1
1790194059138,sala01,9150,1790194059138,0,0,OCUPADO,0,28,55,120,1,1
1790194061138,sala01,9151,1790194061138,0,0,OCUPADO,1,28,55,120,1,1
1790194063138,sala01,9152,1790194063138,0,0,OCUPADO,1,28,55,120,1,1
1790194065138,sala01,9153,1790194065138,0,0,OCUPADO,1,28,55,120,1,1
1790194067138,sala01,9154,1790194067138,0,0,OCUPADO,0,28,55,120,1,1
1790194069138,sala01,9155,1790194069138,0,0,OCUPADO,1,28,55,120,1,1
1790194071138,sala01,9156,1790194071138,0,0,OCUPADO,1,28,55,120,1,1
1790194073138,sala01,9157,1790194073138,0,0,OCUPADO,1,28,55,120,1,1
1790194075138,sala01,9158,1790194075138,0,0,OCUPADO,0,28,55,120,1,1
1790194077138,sala01,9159,1790194077138,0,0,OCUPADO,1,28,55,120,1,1
1790194079138,sala01,9160,1790194079138,0,0,OCUPADO,1,28,55,120,1,1
1790194081138,sala01,9161,1790194081138,0,0,OCUPADO,1,28,55,120,1,1
1790194083138,sala01,9162,1790194083138,0,0,OCUPADO,0,28,55,120,1,1
1790194085138,sala01,9163,1790194085138,0,0,OCUPADO,1,28,55,120,1,1
1790194087138,sala01,9164,1790194087138,0,0,OCUPADO,1,28,55,120,1,1
1790194089138,sala01,9165,1790194089138,0,0,OCUPADO,1,28,55,120,1,1
1790194091138,sala01,9166,1790194091138,0,0,OCUPADO,0,28,55,120,1,1
1790194093138,sala01,9167,1790194093138,0,0,OCUPADO,1,28,55,120,1,1
1790194095138,sala01,9168,1790194095138,0,0,OCUPADO,1,28,55,120,1,1
1790194097138,sala01,9169,1790194097138,0,0,OCUPADO,1,28,55,120,1,1
1790194099138,sala01,9170,1790194099138,0,0,OCUPADO,0,28,55,120,1,1
1790194101138,sala01,9171,1790194101138,0,0,OCUPADO,1,28,55,120,1,1
1790194103138,sala01,9172,1790194103138,0,0,OCUPADO,1,28,55,120,1,1
1790194105138,sala01,9173,1790194105138,0,0,OCUPADO,1,28,55,120,1,1
1790194107138,sala01,9174,1790194107138,0,0,OCUPADO,0,28,55,120,1,1
1790194109138,sala01,9175,1790194109138,0,0,OCUPADO,1,28,55,120,1,1
1790194111138,sala01,9176,1790194111138,0,0,OCUPADO,1,28,55,120,1,1
1790194113138,sala01,9177,1790194113138,0,0,OCUPADO,1,28,55,120,1,1
1790194115138,sala01,9178,1790194115138,0,0,OCUPADO,0,28,55,120,1,1
1790194117138,sala01,9179,1790194117138,0,0,OCUPADO,1,28,55,120,1,1
1790194119138,sala01,9180,1790194119138,0,0,OCUPADO,1,28,55,120,1,1
1790194121138,sala01,9181,1790194121138,0,0,OCUPADO,1,28,55,120,1,1
1790194123138,sala01,9182,1790194123138,0,0,OCUPADO,0,28,55,120,1,1
1790194125138,sala01,9183,1790194125138,0,0,OCUPADO,1,28,55,120,1,1
1790194127138,sala01,9184,1790194127138,0,0,OCUPADO,1,28,55,120,1,1
1790194129138,sala01,9185,1790194129138,0,0,OCUPADO,1,28,55,120,1,1
1790194131138,sala01,9186,1790194131138,0,0,OCUPADO,0,28,55,120,1,1
1790194133138,sala01,9187,1790194133138,0,0,OCUPADO,1,28,55,120,1,1
1790194135138,sala01,9188,1790194135138,0,0,OCUPADO,1,28,55,120,1,1
1790194137138,sala01,9189,1790194137138,0,0,OCUPADO,1,28,55,120,1,1
1790194139138,sala01,9190,1790194139138,0,0,OCUPADO,0,28,55,120,1,1
1790194141138,sala01,9191,1790194141138,0,0,OCUPADO,1,28,55,120,1,1
1790194143138,sala01,9192,1790194143138,0,0,OCUPADO,1,28,55,120,1,1
1790194145138,sala01,9193,1790194145138,0,0,OCUPADO,1,28,55,120,1,1
1790194147138,sala01,9194,1790194147138,0,0,OCUPADO,0,28,55,120,1,1
1790194149138,sala01,9195,1790194149138,0,0,OCUPADO,1,28,55,120,1,1
1790194151138,sala01,9196,1790194151138,0,0,OCUPADO,1,28,55,120,1,1
1790194153138,sala01,9197,1790194153138,0,0,OCUPADO,1,28,55,120,1,1
1790194155138,sala01,9198,1790194155138,0,0,OCUPADO,0,28,55,120,1,1
1790194157138,sala01,9199,1790194157138,0,0,OCUPADO,1,28,55,120,1,1
1790194159138,sala01,9200,1790194159138,0,0,OCUPADO,1,28,55,120,1,1
1790194161138,sala01,9201,1790194161138,0,0,OCUPADO,1,28,55,120,1,1
1790194163138,sala01,9202,1790194163138,0,0,OCUPADO,0,28,55,120,1,1
1790194165138,sala01,9203,1790194165138,0,0,OCUPADO,1,28,55,120,1,1
1790194167138,sala01,9204,1790194167138,0,0,OCUPADO,1,28,55,120,1,1
1790194169138,sala01,9205,1790194169138,0,0,OCUPADO,1,28,55,120,1,1
1790194171138,sala01,9206,1790194171138,0,0,OCUPADO,0,28,55,120,1,1
1790194173138,sala01,9207,1790194173138,0,0,OCUPADO,1,28,55,120,1,1
1790194175138,sala01,9208,1790194175138,0,0,OCUPADO,1,28,55,120,1,1
1790194177138,sala01,9209,1790194177138,0,0,OCUPADO,1,28,55,120,1,1
1790194179138,sala01,9210,1790194179138,0,0,OCUPADO,0,28,55,120,1,1
1790194181138,sala01,9211,1790194181138,0,0,OCUPADO,1,28,55,120,1,1
1790194183138,sala01,9212,1790194183138,0,0,OCUPADO,1,28,55,120,1,1
1790194185138,sala01,9213,1790194185138,0,0,OCUPADO,1,28,55,120,1,1
1790194187138,sala01,9214,1790194187138,0,0,OCUPADO,0,28,55,120,1,1
1790194189138,sala01,9215,1790194189138,0,0,OCUPADO,1,28,55,120,1,1
1790194191138,sala01,9216,1790194191138,0,0,OCUPADO,1,28,55,120,1,1
1790194193138,sala01,9217,1790194193138,0,0,OCUPADO,1,28,55,120,1,1
1790194195138,sala01,9218,1790194195138,0,0,OCUPADO,0,28,55,120,1,1
1790194197138,sala01,9219,1790194197138,0,0,OCUPADO,1,28,55,120,1,1
1790194199138,sala01,9220,1790194199138,0,0,OCUPADO,1,28,55,120,1,1
1790194201138,sala01,9221,1790194201138,0,0,OCUPADO,1,28,55,120,1,1
1790194203138,sala01,9222,1790194203138,0,0,OCUPADO,0,28,55,120,1,1
1790194205138,sala01,9223,1790194205138,0,0,OCUPADO,1,28,55,120,1,1
1790194207138,sala01,9224,1790194207138,0,0,OCUPADO,1,28,55,120,1,1
1790194209138,sala01,9225,1790194209138,0,0,OCUPADO,1,28,55,120,1,1
1790194211138,sala01,9226,1790194211138,0,0,OCUPADO,0,28,55,120,1,1
1790194213138,sala01,9227,1790194213138,0,0,OCUPADO,1,28,55,120,1,1
1790194215138,sala01,9228,1790194215138,0,0,OCUPADO,1,28,55,120,1,1
1790194217138,sala01,9229,1790194217138,0,0,OCUPADO,1,28,55,120,1,1
1790194219138,sala01,9230,1790194219138,0,0,OCUPADO,0,28,55,120,1,1
1790194221138,sala01,9231,1790194221138,0,0,OCUPADO,1,28,55,120,1,1
1790194223138,sala01,9232,1790194223138,0,0,OCUPADO,1,28,55,120,1,1
1790194225138,sala01,9233,1790194225138,0,0,OCUPADO,1,28,55,120,1,1
1790194227138,sala01,9234,1790194227138,0,0,OCUPADO,0,28,55,120,1,1
1790194229138,sala01,9235,1790194229138,0,0,OCUPADO,1,28,55,120,1,1
1790194231138,sala01,9236,1790194231138,0,0,OCUPADO,1,28,55,120,1,1
1790194233138,sala01,9237,1790194233138,0,0,OCUPADO,1,28,55,120,1,1
1790194235138,sala01,9238,1790194235138,0,0,OCUPADO,0,28,55,120,1,1
1790194237138,sala01,9239,1790194237138,0,0,OCUPADO,1,28,55,120,1,1
1790194239138,sala01,9240,1790194239138,0,0,OCUPADO,1,28,55,120,1,1
1790194241138,sala01,9241,1790194241138,0,0,OCUPADO,1,28,55,120,1,1
1790194243138,sala01,9242,1790194243138,0,0,OCUPADO,0,28,55,120,1,1
1790194245138,sala01,9243,1790194245138,0,0,OCUPADO,1,28,55,120,1,1
1790194247138,sala01,9244,1790194247138,0,0,OCUPADO,1,28,55,120,1,1
1790194249138,sala01,9245,1790194249138,0,0,OCUPADO,1,28,55,120,1,1
1790194251138,sala01,9246,1790194251138,0,0,OCUPADO,0,28,55,120,1,1
1790194253138,sala01,9247,1790194253138,0,0,OCUPADO,1,28,55,120,1,1
1790194255138,sala01,9248,1790194255138,0,0,OCUPADO,1,28,55,120,1,1
1790194257138,sala01,9249,1790194257138,0,0,OCUPADO,1,28,55,120,1,1
1790194259138,sala01,9250,1790194259138,0,0,OCUPADO,0,28,55,120,1,1
1790194261138,sala01,9251,1790194261138,0,0,OCUPADO,1,28,55,120,1,1
1790194263138,sala01,9252,1790194263138,0,0,OCUPADO,1,28,55,120,1,1
1790194265138,sala01,9253,1790194265138,0,0,OCUPADO,1,28,55,120,1,1
1790194267138,sala01,9254,1790194267138,0,0,OCUPADO,0,28,55,120,1,1
1790194269138,sala01,9255,1790194269138,0,0,OCUPADO,1,28,55,120,1,1
1790194271138,sala01,9256,1790194271138,0,0,OCUPADO,1,28,55,120,1,1
1790194273138,sala01,9257,1790194273138,0,0,OCUPADO,1,28,55,120,1,1
1790194275138,sala01,9258,1790194275138,0,0,OCUPADO,0,28,55,120,1,1
1790194277138,sala01,9259,1790194277138,0,0,OCUPADO,1,28,55,120,1,1
1790194279138,sala01,9260,1790194279138,0,0,OCUPADO,1,28,55,120,1,1
1790194281138,sala01,9261,1790194281138,0,0,OCUPADO,1,28,55,120,1,1
1790194283138,sala01,9262,1790194283138,0,0,OCUPADO,0,28,55,120,1,1
1790194285138,sala01,9263,1790194285138,0,0,OCUPADO,1,28,55,120,1,1
1790194287138,sala01,9264,1790194287138,0,0,OCUPADO,1,28,55,120,1,1
1790194289138,sala01,9265,1790194289138,0,0,OCUPADO,1,28,55,120,1,1
1790194291138,sala01,9266,1790194291138,0,0,OCUPADO,0,28,55,120,1,1
1790194293138,sala01,9267,1790194293138,0,0,OCUPADO,1,28,55,120,1,1
1790194295138,sala01,9268,1790194295138,0,0,OCUPADO,1,28,55,120,1,1
1790194297138,sala01,9269,1790194297138,0,0,OCUPADO,1,28,55,120,1,1
1790194299138,sala01,9270,1790194299138,0,0,OCUPADO,0,28,55,120,1,1
1790194301138,sala01,9271,1790194301138,0,0,OCUPADO,1,28,55,120,1,1
1790194303138,sala01,9272,1790194303138,0,0,OCUPADO,1,28,55,120,1,1
1790194305138,sala01,9273,1790194305138,0,0,OCUPADO,1,28,55,120,1,1
1790194307138,sala01,9274,1790194307138,0,0,OCUPADO,0,28,55,120,1,1
1790194309138,sala01,9275,1790194309138,0,0,OCUPADO,1,28,55,120,1,1
1790194311138,sala01,9276,1790194311138,0,0,OCUPADO,1,28,55,120,1,1
1790194313138,sala01,9277,1790194313138,0,0,OCUPADO,1,28,55,120,1,1
1790194315138,sala01,9278,1790194315138,0,0,OCUPADO,0,28,55,120,1,1
1790194317138,sala01,9279,1790194317138,0,0,OCUPADO,1,28,55,120,1,1
1790194319138,sala01,9280,1790194319138,0,0,OCUPADO,1,28,55,120,1,1
1790194321138,sala01,9281,1790194321138,0,0,OCUPADO,1,28,55,120,1,1
1790194323138,sala01,9282,1790194323138,0,0,OCUPADO,0,28,55,120,1,1
1790194325138,sala01,9283,1790194325138,0,0,OCUPADO,1,28,55,120,1,1
1790194327138,sala01,9284,1790194327138,0,0,OCUPADO,1,28,55,120,1,1
1790194329138,sala01,9285,1790194329138,0,0,OCUPADO,1,28,55,120,1,1
1790194331138,sala01,9286,1790194331138,0,0,OCUPADO,0,28,55,120,1,1
1790194333138,sala01,9287,1790194333138,0,0,OCUPADO,1,28,55,120,1,1
1790194335138,sala01,9288,1790194335138,0,0,OCUPADO,1,28,55,120,1,1
1790194337138,sala01,9289,1790194337138,0,0,OCUPADO,1,28,55,120,1,1
1790194339138,sala01,9290,1790194339138,0,0,OCUPADO,0,28,55,120,1,1
1790194341138,sala01,9291,1790194341138,0,0,OCUPADO,1,28,55,120,1,1
1790194343138,sala01,9292,1790194343138,0,0,OCUPADO,1,28,55,120,1,1
1790194345138,sala01,9293,1790194345138,0,0,OCUPADO,1,28,55,120,1,1
1790194347138,sala01,9294,1790194347138,0,0,OCUPADO,0,28,55,120,1,1
1790194349138,sala01,9295,1790194349138,0,0,OCUPADO,1,28,55,120,1,1
1790194351138,sala01,9296,1790194351138,0,0,OCUPADO,1,28,55,120,1,1
1790194353138,sala01,9297,1790194353138,0,0,OCUPADO,1,28,55,120,1,1
1790194355138,sala01,9298,1790194355138,0,0,OCUPADO,0,28,55,120,1,1
1790194357138,sala01,9299,1790194357138,0,0,OCUPADO,1,28,55,120,1,1
1790194359138,sala01,9300,1790194359138,0,0,OCUPADO,1,28,55,120,1,1
1790194361138,sala01,9301,1790194361138,0,0,OCUPADO,1,28,55,120,1,1
1790194363138,sala01,9302,1790194363138,0,0,OCUPADO,0,28,55,120,1,1
1790194365138,sala01,9303,1790194365138,0,0,OCUPADO,1,28,55,120,1,1
1790194367138,sala01,9304,1790194367138,0,0,OCUPADO,1,28,55,120,1,1
1790194369138,sala01,9305,1790194369138,0,0,OCUPADO,1,28,55,120,1,1
1790194371138,sala01,9306,1790194371138,0,0,OCUPADO,0,28,55,120,1,1
1790194373138,sala01,9307,1790194373138,0,0,OCUPADO,1,28,55,120,1,1
1790194375138,sala01,9308,1790194375138,0,0,OCUPADO,1,28,55,120,1,1
1790194377138,sala01,9309,1790194377138,0,0,OCUPADO,1,28,55,120,1,1
1790194379138,sala01,9310,1790194379138,0,0,OCUPADO,0,28,55,120,1,1
1790194381138,sala01,9311,1790194381138,0,0,OCUPADO,1,28,55,120,1,1
1790194383138,sala01,9312,1790194383138,0,0,OCUPADO,1,28,55,120,1,1
1790194385138,sala01,9313,1790194385138,0,0,OCUPADO,1,28,55,120,1,1
1790194387138,sala01,9314,1790194387138,0,0,OCUPADO,0,28,55,120,1,1
1790194389138,sala01,9315,1790194389138,0,0,OCUPADO,1,28,55,120,1,1
1790194391138,sala01,9316,1790194391138,0,0,OCUPADO,1,28,55,120,1,1
1790194393138,sala01,9317,1790194393138,0,0,OCUPADO,1,28,55,120,1,1
1790194395138,sala01,9318,1790194395138,0,0,OCUPADO,0,28,55,120,1,1
1790194397138,sala01,9319,1790194397138,0,0,OCUPADO,1,28,55,120,1,1
1790194399138,sala01,9320,1790194399138,0,0,OCUPADO,1,28,55,120,1,1
1790194401138,sala01,9321,1790194401138,0,0,OCUPADO,1,28,55,120,1,1
1790194403138,sala01,9322,1790194403138,0,0,OCUPADO,0,28,55,120,1,1
1790194405138,sala01,9323,1790194405138,0,0,OCUPADO,1,28,55,120,1,1
1790194407138,sala01,9324,1790194407138,0,0,OCUPADO,1,28,55,120,1,1
1790194409138,sala01,9325,1790194409138,0,0,OCUPADO,1,28,55,120,1,1
1790194411138,sala01,9326,1790194411138,0,0,OCUPADO,0,28,55,120,1,1
1790194413138,sala01,9327,1790194413138,0,0,OCUPADO,1,28,55,120,1,1
1790194415138,sala01,9328,1790194415138,0,0,OCUPADO,1,28,55,120,1,1
1790194417138,sala01,9329,1790194417138,0,0,OCUPADO,1,28,55,120,1,1
1790194419138,sala01,9330,1790194419138,0,0,OCUPADO,0,28,55,120,1,1
1790194421138,sala01,9331,1790194421138,0,0,OCUPADO,1,28,55,120,1,1
1790194423138,sala01,9332,1790194423138,0,0,OCUPADO,1,28,55,120,1,1
1790194425138,sala01,9333,1790194425138,0,0,OCUPADO,1,28,55,120,1,1
1790194427138,sala01,9334,1790194427138,0,0,OCUPADO,0,28,55,120,1,1
1790194429138,sala01,9335,1790194429138,0,0,OCUPADO,1,28,55,120,1,1
1790194431138,sala01,9336,1790194431138,0,0,OCUPADO,1,28,55,120,1,1
1790194433138,sala01,9337,1790194433138,0,0,OCUPADO,1,28,55,120,1,1
1790194435138,sala01,9338,1790194435138,0,0,OCUPADO,0,28,55,120,1,1
1790194437138,sala01,9339,1790194437138,0,0,OCUPADO,1,28,55,120,1,1
1790194439138,sala01,9340,1790194439138,0,0,OCUPADO,1,28,55,120,1,1
1790194441138,sala01,9341,1790194441138,0,0,OCUPADO,1,28,55,120,1,1
1790194443138,sala01,9342,1790194443138,0,0,OCUPADO,0,28,55,120,1,1
1790194445138,sala01,9343,1790194445138,0,0,OCUPADO,1,28,55,120,1,1
1790194447138,sala01,9344,1790194447138,0,0,OCUPADO,1,28,55,120,1,1
1790194449138,sala01,9345,1790194449138,0,0,OCUPADO,1,28,55,120,1,1
1790194451138,sala01,9346,1790194451138,0,0,OCUPADO,0,28,55,120,1,1
1790194453138,sala01,9347,1790194453138,0,0,OCUPADO,1,28,55,120,1,1
1790194455138,sala01,9348,1790194455138,0,0,OCUPADO,1,28,55,120,1,1
1790194457138,sala01,9349,1790194457138,0,0,OCUPADO,1,28,55,120,1,1
1790194459138,sala01,9350,1790194459138,0,0,OCUPADO,0,28,55,120,1,1
1790194461138,sala01,9351,1790194461138,0,0,OCUPADO,1,28,55,120,1,1
1790194463138,sala01,9352,1790194463138,0,0,OCUPADO,1,28,55,120,1,1
1790194465138,sala01,9353,1790194465138,0,0,OCUPADO,1,28,55,120,1,1
1790194467138,sala01,9354,1790194467138,0,0,OCUPADO,0,28,55,120,1,1
1790194469138,sala01,9355,1790194469138,0,0,OCUPADO,1,28,55,120,1,1
1790194471138,sala01,9356,1790194471138,0,0,OCUPADO,1,28,55,120,1,1
1790194473138,sala01,9357,1790194473138,0,0,OCUPADO,1,28,55,120,1,1
1790194475138,sala01,9358,1790194475138,0,0,OCUPADO,0,28,55,120,1,1
1790194477138,sala01,9359,1790194477138,0,0,OCUPADO,1,28,55,120,1,1
1790194479138,sala01,9360,1790194479138,0,0,OCUPADO,1,28,55,120,1,1
1790194481138,sala01,9361,1790194481138,0,0,OCUPADO,1,28,55,120,1,1
1790194483138,sala01,9362,1790194483138,0,0,OCUPADO,0,28,55,120,1,1
1790194485138,sala01,9363,1790194485138,0,0,OCUPADO,1,28,55,120,1,1
1790194487138,sala01,9364,1790194487138,0,0,OCUPADO,1,28,55,120,1,1
1790194489138,sala01,9365,1790194489138,0,0,OCUPADO,1,28,55,120,1,1
1790194491138,sala01,9366,1790194491138,0,0,OCUPADO,0,28,55,120,1,1
1790194493138,sala01,9367,1790194493138,0,0,OCUPADO,1,28,55,120,1,1
1790194495138,sala01,9368,1790194495138,0,0,OCUPADO,1,28,55,120,1,1
1790194497138,sala01,9369,1790194497138,0,0,OCUPADO,1,28,55,120,1,1
1790194499138,sala01,9370,1790194499138,0,0,OCUPADO,0,28,55,120,1,1
1790194501138,sala01,9371,1790194501138,0,0,OCUPADO,1,28,55,120,1,1
1790194503138,sala01,9372,1790194503138,0,0,OCUPADO,1,28,55,120,1,1
1790194505138,sala01,9373,1790194505138,0,0,OCUPADO,1,28,55,120,1,1
1790194507138,sala01,9374,1790194507138,0,0,OCUPADO,0,28,55,120,1,1
1790194509138,sala01,9375,1790194509138,0,0,OCUPADO,1,28,55,120,1,1
1790194511138,sala01,9376,1790194511138,0,0,OCUPADO,1,28,55,120,1,1
1790194513138,sala01,9377,1790194513138,0,0,OCUPADO,1,28,55,120,1,1
1790194515138,sala01,9378,1790194515138,0,0,OCUPADO,0,28,55,120,1,1
1790194517138,sala01,9379,1790194517138,0,0,OCUPADO,1,28,55,120,1,1
1790194519138,sala01,9380,1790194519138,0,0,OCUPADO,1,28,55,120,1,1
1790194521138,sala01,9381,1790194521138,0,0,OCUPADO,1,28,55,120,1,1
1790194523138,sala01,9382,1790194523138,0,0,OCUPADO,0,28,55,120,1,1
1790194525138,sala01,9383,1790194525138,0,0,OCUPADO,1,28,55,120,1,1
1790194527138,sala01,9384,1790194527138,0,0,OCUPADO,1,28,55,120,1,1
1790194529138,sala01,9385,1790194529138,0,0,OCUPADO,1,28,55,120,1,1
1790194531138,sala01,9386,1790194531138,0,0,OCUPADO,0,28,55,120,1,1
1790194533138,sala01,9387,1790194533138,0,0,OCUPADO,1,28,55,120,1,1
1790194535138,sala01,9388,1790194535138,0,0,OCUPADO,1,28,55,120,1,1
1790194537138,sala01,9389,1790194537138,0,0,OCUPADO,1,28,55,120,1,1
1790194539138,sala01,9390,1790194539138,0,0,OCUPADO,0,28,55,120,1,1
1790194541138,sala01,9391,1790194541138,0,0,OCUPADO,1,28,55,120,1,1
1790194543138,sala01,9392,1790194543138,0,0,OCUPADO,1,28,55,120,1,1
1790194545138,sala01,9393,1790194545138,0,0,OCUPADO,1,28,55,120,1,1
1790194547138,sala01,9394,1790194547138,0,0,OCUPADO,0,28,55,120,1,1
1790194549138,sala01,9395,1790194549138,0,0,OCUPADO,1,28,55,120,1,1
1790194551138,sala01,9396,1790194551138,0,0,OCUPADO,1,28,55,120,1,1
1790194553138,sala01,9397,1790194553138,0,0,OCUPADO,1,28,55,120,1,1
1790194555138,sala01,9398,1790194555138,0,0,OCUPADO,0,28,55,120,1,1
1790194557138,sala01,9399,1790194557138,0,0,OCUPADO,1,28,55,120,1,1
1790194559138,sala01,9400,1790194559138,0,0,OCUPADO,1,28,55,120,1,1
1790194561138,sala01,9401,1790194561138,0,0,OCUPADO,1,28,55,120,1,1
1790194563138,sala01,9402,1790194563138,0,0,OCUPADO,0,28,55,120,1,1
1790194565138,sala01,9403,1790194565138,0,0,OCUPADO,1,28,55,120,1,1
1790194567138,sala01,9404,1790194567138,0,0,OCUPADO,1,28,55,120,1,1
1790194569138,sala01,9405,1790194569138,0,0,OCUPADO,1,28,55,120,1,1
1790194571138,sala01,9406,1790194571138,0,0,OCUPADO,0,28,55,120,1,1
1790194573138,sala01,9407,1790194573138,0,0,OCUPADO,1,28,55,120,1,1
1790194575138,sala01,9408,1790194575138,0,0,OCUPADO,1,28,55,120,1,1
1790194577138,sala01,9409,1790194577138,0,0,OCUPADO,1,28,55,120,1,1
1790194579138,sala01,9410,1790194579138,0,0,OCUPADO,0,28,55,120,1,1
1790194581138,sala01,9411,1790194581138,0,0,OCUPADO,1,28,55,120,1,1
1790194583138,sala01,9412,1790194583138,0,0,OCUPADO,1,28,55,120,1,1
1790194585138,sala01,9413,1790194585138,0,0,OCUPADO,1,28,55,120,1,1
1790194587138,sala01,9414,1790194587138,0,0,OCUPADO,0,28,55,120,1,1
1790194589138,sala01,9415,1790194589138,0,0,OCUPADO,1,28,55,120,1,1
1790194591138,sala01,9416,1790194591138,0,0,OCUPADO,1,28,55,120,1,1
1790194593138,sala01,9417,1790194593138,0,0,OCUPADO,1,28,55,120,1,1
1790194595138,sala01,9418,1790194595138,0,0,OCUPADO,0,28,55,120,1,1
1790194597138,sala01,9419,1790194597138,0,0,OCUPADO,1,28,55,120,1,1
1790194599138,sala01,9420,1790194599138,0,0,OCUPADO,1,28,55,120,1,1
1790194601138,sala01,9421,1790194601138,0,0,OCUPADO,1,28,55,120,1,1
1790194603138,sala01,9422,1790194603138,0,0,OCUPADO,0,28,55,120,1,1
1790194605138,sala01,9423,1790194605138,0,0,OCUPADO,1,28,55,120,1,1
1790194607138,sala01,9424,1790194607138,0,0,OCUPADO,1,28,55,120,1,1
1790194609138,sala01,9425,1790194609138,0,0,OCUPADO,1,28,55,120,1,1
1790194611138,sala01,9426,1790194611138,0,0,OCUPADO,0,28,55,120,1,1
1790194613138,sala01,9427,1790194613138,0,0,OCUPADO,1,28,55,120,1,1
1790194615138,sala01,9428,1790194615138,0,0,OCUPADO,1,28,55,120,1,1
1790194617138,sala01,9429,1790194617138,0,0,OCUPADO,1,28,55,120,1,1
1790194619138,sala01,9430,1790194619138,0,0,OCUPADO,0,28,55,120,1,1
1790194621138,sala01,9431,1790194621138,0,0,OCUPADO,1,28,55,120,1,1
1790194623138,sala01,9432,1790194623138,0,0,OCUPADO,1,28,55,120,1,1
1790194625138,sala01,9433,1790194625138,0,0,OCUPADO,1,28,55,120,1,1
1790194627138,sala01,9434,1790194627138,0,0,OCUPADO,0,28,55,120,1,1
1790194629138,sala01,9435,1790194629138,0,0,OCUPADO,1,28,55,120,1,1
1790194631138,sala01,9436,1790194631138,0,0,OCUPADO,1,28,55,120,1,1
1790194633138,sala01,9437,1790194633138,0,0,OCUPADO,1,28,55,120,1,1
1790194635138,sala01,9438,1790194635138,0,0,OCUPADO,0,28,55,120,1,1
1790194637138,sala01,9439,1790194637138,0,0,OCUPADO,1,28,55,120,1,1
1790194639138,sala01,9440,1790194639138,0,0,OCUPADO,1,28,55,120,1,1
1790194641138,sala01,9441,1790194641138,0,0,OCUPADO,1,28,55,120,1,1
1790194643138,sala01,9442,1790194643138,0,0,OCUPADO,0,28,55,120,1,1
1790194645138,sala01,9443,1790194645138,0,0,OCUPADO,1,28,55,120,1,1
1790194647138,sala01,9444,1790194647138,0,0,OCUPADO,1,28,55,120,1,1
1790194649138,sala01,9445,1790194649138,0,0,OCUPADO,1,28,55,120,1,1
1790194651138,sala01,9446,1790194651138,0,0,OCUPADO,0,28,55,120,1,1
1790194653138,sala01,9447,1790194653138,0,0,OCUPADO,1,28,55,120,1,1
1790194655138,sala01,9448,1790194655138,0,0,OCUPADO,1,28,55,120,1,1
1790194657138,sala01,9449,1790194657138,0,0,OCUPADO,1,28,55,120,1,1
1790194659138,sala01,9450,1790194659138,0,0,OCUPADO,0,28,55,120,1,1
1790194661138,sala01,9451,1790194661138,0,0,OCUPADO,1,28,55,120,1,1
1790194663138,sala01,9452,1790194663138,0,0,OCUPADO,1,28,55,120,1,1
1790194665138,sala01,9453,1790194665138,0,0,OCUPADO,1,28,55,120,1,1
1790194667138,sala01,9454,1790194667138,0,0,OCUPADO,0,28,55,120,1,1
1790194669138,sala01,9455,1790194669138,0,0,OCUPADO,1,28,55,120,1,1
1790194671138,sala01,9456,1790194671138,0,0,OCUPADO,1,28,55,120,1,1
1790194673138,sala01,9457,1790194673138,0,0,OCUPADO,1,28,55,120,1,1
1790194675138,sala01,9458,1790194675138,0,0,OCUPADO,0,28,55,120,1,1
1790194677138,sala01,9459,1790194677138,0,0,OCUPADO,1,28,55,120,1,1
1790194679138,sala01,9460,1790194679138,0,0,OCUPADO,1,28,55,120,1,1
1790194681138,sala01,9461,1790194681138,0,0,OCUPADO,1,28,55,120,1,1
1790194683138,sala01,9462,1790194683138,0,0,OCUPADO,0,28,55,120,1,1
1790194685138,sala01,9463,1790194685138,0,0,OCUPADO,1,28,55,120,1,1
1790194687138,sala01,9464,1790194687138,0,0,OCUPADO,1,28,55,120,1,1
1790194689138,sala01,9465,1790194689138,0,0,OCUPADO,1,28,55,120,1,1
1790194691138,sala01,9466,1790194691138,0,0,OCUPADO,0,28,55,120,1,1
1790194693138,sala01,9467,1790194693138,0,0,OCUPADO,1,28,55,120,1,1
1790194695138,sala01,9468,1790194695138,0,0,OCUPADO,1,28,55,120,1,1
1790194697138,sala01,9469,1790194697138,0,0,OCUPADO,1,28,55,120,1,1
1790194699138,sala01,9470,1790194699138,0,0,OCUPADO,0,28,55,120,1,1
1790194701138,sala01,9471,1790194701138,0,0,OCUPADO,1,28,55,120,1,1
1790194703138,sala01,9472,1790194703138,0,0,OCUPADO,1,28,55,120,1,1
1790194705138,sala01,9473,1790194705138,0,0,OCUPADO,1,28,55,120,1,1
1790194707138,sala01,9474,1790194707138,0,0,OCUPADO,0,28,55,120,1,1
1790194709138,sala01,9475,1790194709138,0,0,OCUPADO,1,28,55,120,1,1
1790194711138,sala01,9476,1790194711138,0,0,OCUPADO,1,28,55,120,1,1
1790194713138,sala01,9477,1790194713138,0,0,OCUPADO,1,28,55,120,1,1
1790194715138,sala01,9478,1790194715138,0,0,OCUPADO,0,28,55,120,1,1
1790194717138,sala01,9479,1790194717138,0,0,OCUPADO,1,28,55,120,1,1
1790194719138,sala01,9480,1790194719138,0,0,OCUPADO,1,28,55,120,1,1
1790194721138,sala01,9481,1790194721138,0,0,OCUPADO,1,28,55,120,1,1
1790194723138,sala01,9482,1790194723138,0,0,OCUPADO,0,28,55,120,1,1
1790194725138,sala01,9483,1790194725138,0,0,OCUPADO,1,28,55,120,1,1
1790194727138,sala01,9484,1790194727138,0,0,OCUPADO,1,28,55,120,1,1
1790194729138,sala01,9485,1790194729138,0,0,OCUPADO,1,28,55,120,1,1
1790194731138,sala01,9486,1790194731138,0,0,OCUPADO,0,28,55,120,1,1
1790194733138,sala01,9487,1790194733138,0,0,OCUPADO,1,28,55,120,1,1
1790194735138,sala01,9488,1790194735138,0,0,OCUPADO,1,28,55,120,1,1
1790194737138,sala01,9489,1790194737138,0,0,OCUPADO,1,28,55,120,1,1
1790194739138,sala01,9490,1790194739138,0,0,OCUPADO,0,28,55,120,1,1
1790194741138,sala01,9491,1790194741138,0,0,OCUPADO,1,28,55,120,1,1
1790194743138,sala01,9492,1790194743138,0,0,OCUPADO,1,28,55,120,1,1
1790194745138,sala01,9493,1790194745138,0,0,OCUPADO,1,28,55,120,1,1
1790194747138,sala01,9494,1790194747138,0,0,OCUPADO,0,28,55,120,1,1
1790194749138,sala01,9495,1790194749138,0,0,OCUPADO,1,28,55,120,1,1
1790194751138,sala01,9496,1790194751138,0,0,OCUPADO,1,28,55,120,1,1
1790194753138,sala01,9497,1790194753138,0,0,OCUPADO,1,28,55,120,1,1
1790194755138,sala01,9498,1790194755138,0,0,OCUPADO,0,28,55,120,1,1
1790194757138,sala01,9499,1790194757138,0,0,OCUPADO,1,28,55,120,1,1
1790194759138,sala01,9500,1790194759138,0,0,OCUPADO,1,28,55,120,1,1
1790194761138,sala01,9501,1790194761138,0,0,OCUPADO,1,28,55,120,1,1
1790194763138,sala01,9502,1790194763138,0,0,OCUPADO,0,28,55,120,1,1
1790194765138,sala01,9503,1790194765138,0,0,OCUPADO,1,28,55,120,1,1
1790194767138,sala01,9504,1790194767138,0,0,OCUPADO,1,28,55,120,1,1
1790194769138,sala01,9505,1790194769138,0,0,OCUPADO,1,28,55,120,1,1
1790194771138,sala01,9506,1790194771138,0,0,OCUPADO,0,28,55,120,1,1
1790194773138,sala01,9507,1790194773138,0,0,OCUPADO,1,28,55,120,1,1
1790194775138,sala01,9508,1790194775138,0,0,OCUPADO,1,28,55,120,1,1
1790194777138,sala01,9509,1790194777138,0,0,OCUPADO,1,28,55,120,1,1
1790194779138,sala01,9510,1790194779138,0,0,OCUPADO,0,28,55,120,1,1
1790194781138,sala01,9511,1790194781138,0,0,OCUPADO,1,28,55,120,1,1
1790194783138,sala01,9512,1790194783138,0,0,OCUPADO,1,28,55,120,1,1
1790194785138,sala01,9513,1790194785138,0,0,OCUPADO,1,28,55,120,1,1
1790194787138,sala01,9514,1790194787138,0,0,OCUPADO,0,28,55,120,1,1
1790194789138,sala01,9515,1790194789138,0,0,OCUPADO,1,28,55,120,1,1
1790194791138,sala01,9516,1790194791138,0,0,OCUPADO,1,28,55,120,1,1
1790194793138,sala01,9517,1790194793138,0,0,OCUPADO,1,28,55,120,1,1
1790194795138,sala01,9518,1790194795138,0,0,OCUPADO,0,28,55,120,1,1
1790194797138,sala01,9519,1790194797138,0,0,OCUPADO,1,28,55,120,1,1
1790194799138,sala01,9520,1790194799138,0,0,OCUPADO,1,28,55,120,1,1
1790194801138,sala01,9521,1790194801138,0,0,OCUPADO,1,28,55,120,1,1
1790194803138,sala01,9522,1790194803138,0,0,OCUPADO,0,28,55,120,1,1
1790194805138,sala01,9523,1790194805138,0,0,OCUPADO,1,28,55,120,1,1
1790194807138,sala01,9524,1790194807138,0,0,OCUPADO,1,28,55,120,1,1
1790194809138,sala01,9525,1790194809138,0,0,OCUPADO,1,28,55,120,1,1
1790194811138,sala01,9526,1790194811138,0,0,OCUPADO,0,28,55,120,1,1
1790194813138,sala01,9527,1790194813138,0,0,OCUPADO,1,28,55,120,1,1
1790194815138,sala01,9528,1790194815138,0,0,OCUPADO,1,28,55,120,1,1
1790194817138,sala01,9529,1790194817138,0,0,OCUPADO,1,28,55,120,1,1
1790194819138,sala01,9530,1790194819138,0,0,OCUPADO,0,28,55,120,1,1
1790194821138,sala01,9531,1790194821138,0,0,OCUPADO,1,28,55,120,1,1
1790194823138,sala01,9532,1790194823138,0,0,OCUPADO,1,28,55,120,1,1
1790194825138,sala01,9533,1790194825138,0,0,OCUPADO,1,28,55,120,1,1
1790194827138,sala01,9534,1790194827138,0,0,OCUPADO,0,28,55,120,1,1
1790194829138,sala01,9535,1790194829138,0,0,OCUPADO,1,28,55,120,1,1
1790194831138,sala01,9536,1790194831138,0,0,OCUPADO,1,28,55,120,1,1
1790194833138,sala01,9537,1790194833138,0,0,OCUPADO,1,28,55,120,1,1
1790194835138,sala01,9538,1790194835138,0,0,OCUPADO,0,28,55,120,1,1
1790194837138,sala01,9539,1790194837138,0,0,OCUPADO,1,28,55,120,1,1
1790194839138,sala01,9540,1790194839138,0,0,OCUPADO,1,28,55,120,1,1
1790194841138,sala01,9541,1790194841138,0,0,OCUPADO,1,28,55,120,1,1
1790194843138,sala01,9542,1790194843138,0,0,OCUPADO,0,28,55,120,1,1
1790194845138,sala01,9543,1790194845138,0,0,OCUPADO,1,28,55,120,1,1
1790194847138,sala01,9544,1790194847138,0,0,OCUPADO,1,28,55,120,1,1
1790194849138,sala01,9545,1790194849138,0,0,OCUPADO,1,28,55,120,1,1
1790194851138,sala01,9546,1790194851138,0,0,OCUPADO,0,28,55,120,1,1
1790194853138,sala01,9547,1790194853138,0,0,OCUPADO,1,28,55,120,1,1
1790194855138,sala01,9548,1790194855138,0,0,OCUPADO,1,28,55,120,1,1
1790194857138,sala01,9549,1790194857138,0,0,OCUPADO,1,28,55,120,1,1
1790194859138,sala01,9550,1790194859138,0,0,OCUPADO,0,28,55,120,1,1
1790194861138,sala01,9551,1790194861138,0,0,OCUPADO,1,28,55,120,1,1
1790194863138,sala01,9552,1790194863138,0,0,OCUPADO,1,28,55,120,1,1
1790194865138,sala01,9553,1790194865138,0,0,OCUPADO,1,28,55,120,1,1
1790194867138,sala01,9554,1790194867138,0,0,OCUPADO,0,28,55,120,1,1
1790194869138,sala01,9555,1790194869138,0,0,OCUPADO,1,28,55,120,1,1
1790194871138,sala01,9556,1790194871138,0,0,OCUPADO,1,28,55,120,1,1
1790194873138,sala01,9557,1790194873138,0,0,OCUPADO,1,28,55,120,1,1
1790194875138,sala01,9558,1790194875138,0,0,OCUPADO,0,28,55,120,1,1
1790194877138,sala01,9559,1790194877138,0,0,OCUPADO,1,28,55,120,1,1
1790194879138,sala01,9560,1790194879138,0,0,OCUPADO,1,28,55,120,1,1
1790194881138,sala01,9561,1790194881138,0,0,OCUPADO,1,28,55,120,1,1
1790194883138,sala01,9562,1790194883138,0,0,OCUPADO,0,28,55,120,1,1
1790194885138,sala01,9563,1790194885138,0,0,OCUPADO,1,28,55,120,1,1
1790194887138,sala01,9564,1790194887138,0,0,OCUPADO,1,28,55,120,1,1
1790194889138,sala01,9565,1790194889138,0,0,OCUPADO,1,28,55,120,1,1
1790194891138,sala01,9566,1790194891138,0,0,OCUPADO,0,28,55,120,1,1
1790194893138,sala01,9567,1790194893138,0,0,OCUPADO,1,28,55,120,1,1
1790194895138,sala01,9568,1790194895138,0,0,OCUPADO,1,28,55,120,1,1
1790194897138,sala01,9569,1790194897138,0,0,OCUPADO,1,28,55,120,1,1
1790194899138,sala01,9570,1790194899138,0,0,OCUPADO,0,28,55,120,1,1
1790194901138,sala01,9571,1790194901138,0,0,OCUPADO,1,28,55,120,1,1
1790194903138,sala01,9572,1790194903138,0,0,OCUPADO,1,28,55,120,1,1
1790194905138,sala01,9573,1790194905138,0,0,OCUPADO,1,28,55,120,1,1
1790194907138,sala01,9574,1790194907138,0,0,OCUPADO,0,28,55,120,1,1
1790194909138,sala01,9575,1790194909138,0,0,OCUPADO,1,28,55,120,1,1
1790194911138,sala01,9576,1790194911138,0,0,OCUPADO,1,28,55,120,1,1
1790194913138,sala01,9577,1790194913138,0,0,OCUPADO,1,28,55,120,1,1
1790194915138,sala01,9578,1790194915138,0,0,OCUPADO,0,28,55,120,1,1
1790194917138,sala01,9579,1790194917138,0,0,OCUPADO,1,28,55,120,1,1
1790194919138,sala01,9580,1790194919138,0,0,OCUPADO,1,28,55,120,1,1
1790194921138,sala01,9581,1790194921138,0,0,OCUPADO,1,28,55,120,1,1
1790194923138,sala01,9582,1790194923138,0,0,OCUPADO,0,28,55,120,1,1
1790194925138,sala01,9583,1790194925138,0,0,OCUPADO,1,28,55,120,1,1
1790194927138,sala01,9584,1790194927138,0,0,OCUPADO,1,28,55,120,1,1
1790194929138,sala01,9585,1790194929138,0,0,OCUPADO,1,28,55,120,1,1
1790194931138,sala01,9586,1790194931138,0,0,OCUPADO,0,28,55,120,1,1
1790194933138,sala01,9587,1790194933138,0,0,OCUPADO,1,28,55,120,1,1
1790194935138,sala01,9588,1790194935138,0,0,OCUPADO,1,28,55,120,1,1
1790194937138,sala01,9589,1790194937138,0,0,OCUPADO,1,28,55,120,1,1
1790194939138,sala01,9590,1790194939138,0,0,OCUPADO,0,28,55,120,1,1
1790194941138,sala01,9591,1790194941138,0,0,OCUPADO,1,28,55,120,1,1
1790194943138,sala01,9592,1790194943138,0,0,OCUPADO,1,28,55,120,1,1
1790194945138,sala01,9593,1790194945138,0,0,OCUPADO,1,28,55,120,1,1
1790194947138,sala01,9594,1790194947138,0,0,OCUPADO,0,28,55,120,1,1
1790194949138,sala01,9595,1790194949138,0,0,OCUPADO,1,28,55,120,1,1
1790194951138,sala01,9596,1790194951138,0,0,OCUPADO,1,28,55,120,1,1
1790194953138,sala01,9597,1790194953138,0,0,OCUPADO,1,28,55,120,1,1
1790194955138,sala01,9598,1790194955138,0,0,OCUPADO,0,28,55,120,1,1
1790194957138,sala01,9599,1790194957138,0,0,OCUPADO,1,28,55,120,1,1
1790194959138,sala01,9600,1790194959138,0,0,OCUPADO,1,28,55,120,1,1
1790194961138,sala01,9601,1790194961138,0,0,OCUPADO,1,28,55,120,1,1
1790194963138,sala01,9602,1790194963138,0,0,OCUPADO,0,28,55,120,1,1
1790194965138,sala01,9603,1790194965138,0,0,OCUPADO,1,28,55,120,1,1
1790194967138,sala01,9604,1790194967138,0,0,OCUPADO,1,28,55,120,1,1
1790194969138,sala01,9605,1790194969138,0,0,OCUPADO,1,28,55,120,1,1
1790194971138,sala01,9606,1790194971138,0,0,OCUPADO,0,28,55,120,1,1
1790194973138,sala01,9607,1790194973138,0,0,OCUPADO,1,28,55,120,1,1
1790194975138,sala01,9608,1790194975138,0,0,OCUPADO,1,28,55,120,1,1
1790194977138,sala01,9609,1790194977138,0,0,OCUPADO,1,28,55,120,1,1
1790194979138,sala01,9610,1790194979138,0,0,OCUPADO,0,28,55,120,1,1
1790194981138,sala01,9611,1790194981138,0,0,OCUPADO,1,28,55,120,1,1
1790194983138,sala01,9612,1790194983138,0,0,OCUPADO,1,28,55,120,1,1
1790194985138,sala01,9613,1790194985138,0,0,OCUPADO,1,28,55,120,1,1
1790194987138,sala01,9614,1790194987138,0,0,OCUPADO,0,28,55,120,1,1
1790194989138,sala01,9615,1790194989138,0,0,OCUPADO,1,28,55,120,1,1
1790194991138,sala01,9616,1790194991138,0,0,OCUPADO,1,28,55,120,1,1
1790194993138,sala01,9617,1790194993138,0,0,OCUPADO,1,28,55,120,1,1
1790194995138,sala01,9618,1790194995138,0,0,OCUPADO,0,28,55,120,1,1
1790194997138,sala01,9619,1790194997138,0,0,OCUPADO,1,28,55,120,1,1
1790194999138,sala01,9620,1790194999138,0,0,OCUPADO,1,28,55,120,1,1
1790195001138,sala01,9621,1790195001138,0,0,OCUPADO,1,28,55,120,1,1
1790195003138,sala01,9622,1790195003138,0,0,OCUPADO,0,28,55,120,1,1
1790195005138,sala01,9623,1790195005138,0,0,OCUPADO,1,28,55,120,1,1
1790195007138,sala01,9624,1790195007138,0,0,OCUPADO,1,28,55,120,1,1
1790195009138,sala01,9625,1790195009138,0,0,OCUPADO,1,28,55,120,1,1
1790195011138,sala01,9626,1790195011138,0,0,OCUPADO,0,28,55,120,1,1
1790195013138,sala01,9627,1790195013138,0,0,OCUPADO,1,28,55,120,1,1
1790195015138,sala01,9628,1790195015138,0,0,OCUPADO,1,28,55,120,1,1
1790195017138,sala01,9629,1790195017138,0,0,OCUPADO,1,28,55,120,1,1
1790195019138,sala01,9630,1790195019138,0,0,OCUPADO,0,28,55,120,1,1
1790195021138,sala01,9631,1790195021138,0,0,OCUPADO,1,28,55,120,1,1
1790195023138,sala01,9632,1790195023138,0,0,OCUPADO,1,28,55,120,1,1
1790195025138,sala01,9633,1790195025138,0,0,OCUPADO,1,28,55,120,1,1
1790195027138,sala01,9634,1790195027138,0,0,OCUPADO,0,28,55,120,1,1
1790195029138,sala01,9635,1790195029138,0,0,OCUPADO,1,28,55,120,1,1
1790195031138,sala01,9636,1790195031138,0,0,OCUPADO,1,28,55,120,1,1
1790195033138,sala01,9637,1790195033138,0,0,OCUPADO,1,28,55,120,1,1
1790195035138,sala01,9638,1790195035138,0,0,OCUPADO,0,28,55,120,1,1
1790195037138,sala01,9639,1790195037138,0,0,OCUPADO,1,28,55,120,1,1
1790195039138,sala01,9640,1790195039138,0,0,OCUPADO,1,28,55,120,1,1
1790195041138,sala01,9641,1790195041138,0,0,OCUPADO,1,28,55,120,1,1
1790195043138,sala01,9642,1790195043138,0,0,OCUPADO,0,28,55,120,1,1
1790195045138,sala01,9643,1790195045138,0,0,OCUPADO,1,28,55,120,1,1
1790195047138,sala01,9644,1790195047138,0,0,OCUPADO,1,28,55,120,1,1
1790195049138,sala01,9645,1790195049138,0,0,OCUPADO,1,28,55,120,1,1
1790195051138,sala01,9646,1790195051138,0,0,OCUPADO,0,28,55,120,1,1
1790195053138,sala01,9647,1790195053138,0,0,OCUPADO,1,28,55,120,1,1
1790195055138,sala01,9648,1790195055138,0,0,OCUPADO,1,28,55,120,1,1
1790195057138,sala01,9649,1790195057138,0,0,OCUPADO,1,28,55,120,1,1
1790195059138,sala01,9650,1790195059138,0,0,OCUPADO,0,28,55,120,1,1
1790195061138,sala01,9651,1790195061138,0,0,OCUPADO,1,28,55,120,1,1
1790195063138,sala01,9652,1790195063138,0,0,OCUPADO,1,28,55,120,1,1
1790195065138,sala01,9653,1790195065138,0,0,OCUPADO,1,28,55,120,1,1
1790195067138,sala01,9654,1790195067138,0,0,OCUPADO,0,28,55,120,1,1
1790195069138,sala01,9655,1790195069138,0,0,OCUPADO,1,28,55,120,1,1
1790195071138,sala01,9656,1790195071138,0,0,OCUPADO,1,28,55,120,1,1
1790195073138,sala01,9657,1790195073138,0,0,OCUPADO,1,28,55,120,1,1
1790195075138,sala01,9658,1790195075138,0,0,OCUPADO,0,28,55,120,1,1
1790195077138,sala01,9659,1790195077138,0,0,OCUPADO,1,28,55,120,1,1
1790195079138,sala01,9660,1790195079138,0,0,OCUPADO,1,28,55,120,1,1
1790195081138,sala01,9661,1790195081138,0,0,OCUPADO,1,28,55,120,1,1
1790195083138,sala01,9662,1790195083138,0,0,OCUPADO,0,28,55,120,1,1
1790195085138,sala01,9663,1790195085138,0,0,OCUPADO,1,28,55,120,1,1
1790195087138,sala01,9664,1790195087138,0,0,OCUPADO,1,28,55,120,1,1
1790195089138,sala01,9665,1790195089138,0,0,OCUPADO,1,28,55,120,1,1
1790195091138,sala01,9666,1790195091138,0,0,OCUPADO,0,28,55,120,1,1
1790195093138,sala01,9667,1790195093138,0,0,OCUPADO,1,28,55,120,1,1
1790195095138,sala01,9668,1790195095138,0,0,OCUPADO,1,28,55,120,1,1
1790195097138,sala01,9669,1790195097138,0,0,OCUPADO,1,28,55,120,1,1
1790195099138,sala01,9670,1790195099138,0,0,OCUPADO,0,28,55,120,1,1
1790195101138,sala01,9671,1790195101138,0,0,OCUPADO,1,28,55,120,1,1
1790195103138,sala01,9672,1790195103138,0,0,OCUPADO,1,28,55,120,1,1
1790195105138,sala01,9673,1790195105138,0,0,OCUPADO,1,28,55,120,1,1
1790195107138,sala01,9674,1790195107138,0,0,OCUPADO,0,28,55,120,1,1
1790195109138,sala01,9675,1790195109138,0,0,OCUPADO,1,28,55,120,1,1
1790195111138,sala01,9676,1790195111138,0,0,OCUPADO,1,28,55,120,1,1
1790195113138,sala01,9677,1790195113138,0,0,OCUPADO,1,28,55,120,1,1
1790195115138,sala01,9678,1790195115138,0,0,OCUPADO,0,28,55,120,1,1
1790195117138,sala01,9679,1790195117138,0,0,OCUPADO,1,28,55,120,1,1
1790195119138,sala01,9680,1790195119138,0,0,OCUPADO,1,28,55,120,1,1
1790195121138,sala01,9681,1790195121138,0,0,OCUPADO,1,28,55,120,1,1
1790195123138,sala01,9682,1790195123138,0,0,OCUPADO,0,28,55,120,1,1
1790195125138,sala01,9683,1790195125138,0,0,OCUPADO,1,28,55,120,1,1
1790195127138,sala01,9684,1790195127138,0,0,OCUPADO,1,28,55,120,1,1
1790195129138,sala01,9685,1790195129138,0,0,OCUPADO,1,28,55,120,1,1
1790195131138,sala01,9686,1790195131138,0,0,OCUPADO,0,28,55,120,1,1
1790195133138,sala01,9687,1790195133138,0,0,OCUPADO,1,28,55,120,1,1
1790195135138,sala01,9688,1790195135138,0,0,OCUPADO,1,28,55,120,1,1
1790195137138,sala01,9689,1790195137138,0,0,OCUPADO,1,28,55,120,1,1
1790195139138,sala01,9690,1790195139138,0,0,OCUPADO,0,28,55,120,1,1
1790195141138,sala01,9691,1790195141138,0,0,OCUPADO,1,28,55,120,1,1
1790195143138,sala01,9692,1790195143138,0,0,OCUPADO,1,28,55,120,1,1
1790195145138,sala01,9693,1790195145138,0,0,OCUPADO,1,28,55,120,1,1
1790195147138,sala01,9694,1790195147138,0,0,OCUPADO,0,28,55,120,1,1
1790195149138,sala01,9695,1790195149138,0,0,OCUPADO,1,28,55,120,1,1
1790195151138,sala01,9696,1790195151138,0,0,OCUPADO,1,28,55,120,1,1
1790195153138,sala01,9697,1790195153138,0,0,OCUPADO,1,28,55,120,1,1
1790195155138,sala01,9698,1790195155138,0,0,OCUPADO,0,28,55,120,1,1
1790195157138,sala01,9699,1790195157138,0,0,OCUPADO,1,28,55,120,1,1
1790195159138,sala01,9700,1790195159138,0,0,OCUPADO,1,28,55,120,1,1
1790195161138,sala01,9701,1790195161138,0,0,OCUPADO,1,28,55,120,1,1
1790195163138,sala01,9702,1790195163138,0,0,OCUPADO,0,28,55,120,1,1
1790195165138,sala01,9703,1790195165138,0,0,OCUPADO,1,28,55,120,1,1
1790195167138,sala01,9704,1790195167138,0,0,OCUPADO,1,28,55,120,1,1
1790195169138,sala01,9705,1790195169138,0,0,OCUPADO,1,28,55,120,1,1
1790195171138,sala01,9706,1790195171138,0,0,OCUPADO,0,28,55,120,1,1
1790195173138,sala01,9707,1790195173138,0,0,OCUPADO,1,28,55,120,1,1
1790195175138,sala01,9708,1790195175138,0,0,OCUPADO,1,28,55,120,1,1
1790195177138,sala01,9709,1790195177138,0,0,OCUPADO,1,28,55,120,1,1
1790195179138,sala01,9710,1790195179138,0,0,OCUPADO,0,28,55,120,1,1
1790195181138,sala01,9711,1790195181138,0,0,OCUPADO,1,28,55,120,1,1
1790195183138,sala01,9712,1790195183138,0,0,OCUPADO,1,28,55,120,1,1
1790195185138,sala01,9713,1790195185138,0,0,OCUPADO,1,28,55,120,1,1
1790195187138,sala01,9714,1790195187138,0,0,OCUPADO,0,28,55,120,1,1
1790195189138,sala01,9715,1790195189138,0,0,OCUPADO,1,28,55,120,1,1
1790195191138,sala01,9716,1790195191138,0,0,OCUPADO,1,28,55,120,1,1
1790195193138,sala01,9717,1790195193138,0,0,OCUPADO,1,28,55,120,1,1
1790195195138,sala01,9718,1790195195138,0,0,OCUPADO,0,28,55,120,1,1
1790195197138,sala01,9719,1790195197138,0,0,OCUPADO,1,28,55,120,1,1
1790195199138,sala01,9720,1790195199138,0,0,OCUPADO,1,28,55,120,1,1
1790195201138,sala01,9721,1790195201138,0,0,OCUPADO,1,28,55,120,1,1
1790195203138,sala01,9722,1790195203138,0,0,OCUPADO,0,28,55,120,1,1
1790195205138,sala01,9723,1790195205138,0,0,OCUPADO,1,28,55,120,1,1
1790195207138,sala01,9724,1790195207138,0,0,OCUPADO,1,28,55,120,1,1
1790195209138,sala01,9725,1790195209138,0,0,OCUPADO,1,28,55,120,1,1
1790195211138,sala01,9726,1790195211138,0,0,OCUPADO,0,28,55,120,1,1
1790195213138,sala01,9727,1790195213138,0,0,OCUPADO,1,28,55,120,1,1
1790195215138,sala01,9728,1790195215138,0,0,OCUPADO,1,28,55,120,1,1
1790195217138,sala01,9729,1790195217138,0,0,OCUPADO,1,28,55,120,1,1
1790195219138,sala01,9730,1790195219138,0,0,OCUPADO,0,28,55,120,1,1
1790195221138,sala01,9731,1790195221138,0,0,OCUPADO,1,28,55,120,1,1
1790195223138,sala01,9732,1790195223138,0,0,OCUPADO,1,28,55,120,1,1
1790195225138,sala01,9733,1790195225138,0,0,OCUPADO,1,28,55,120,1,1
1790195227138,sala01,9734,1790195227138,0,0,OCUPADO,0,28,55,120,1,1
1790195229138,sala01,9735,1790195229138,0,0,OCUPADO,1,28,55,120,1,1
1790195231138,sala01,9736,1790195231138,0,0,OCUPADO,1,28,55,120,1,1
1790195233138,sala01,9737,1790195233138,0,0,OCUPADO,1,28,55,120,1,1
1790195235138,sala01,9738,1790195235138,0,0,OCUPADO,0,28,55,120,1,1
1790195237138,sala01,9739,1790195237138,0,0,OCUPADO,1,28,55,120,1,1
1790195239138,sala01,9740,1790195239138,0,0,OCUPADO,1,28,55,120,1,1
1790195241138,sala01,9741,1790195241138,0,0,OCUPADO,1,28,55,120,1,1
1790195243138,sala01,9742,1790195243138,0,0,OCUPADO,0,28,55,120,1,1
1790195245138,sala01,9743,1790195245138,0,0,OCUPADO,1,28,55,120,1,1
1790195247138,sala01,9744,1790195247138,0,0,OCUPADO,1,28,55,120,1,1
1790195249138,sala01,9745,1790195249138,0,0,OCUPADO,1,28,55,120,1,1
1790195251138,sala01,9746,1790195251138,0,0,OCUPADO,0,28,55,120,1,1
1790195253138,sala01,9747,1790195253138,0,0,OCUPADO,1,28,55,120,1,1
1790195255138,sala01,9748,1790195255138,0,0,OCUPADO,1,28,55,120,1,1
1790195257138,sala01,9749,1790195257138,0,0,OCUPADO,1,28,55,120,1,1
1790195259138,sala01,9750,1790195259138,0,0,OCUPADO,0,28,55,120,1,1
1790195261138,sala01,9751,1790195261138,0,0,OCUPADO,1,28,55,120,1,1
1790195263138,sala01,9752,1790195263138,0,0,OCUPADO,1,28,55,120,1,1
1790195265138,sala01,9753,1790195265138,0,0,OCUPADO,1,28,55,120,1,1
1790195267138,sala01,9754,1790195267138,0,0,OCUPADO,0,28,55,120,1,1
1790195269138,sala01,9755,1790195269138,0,0,OCUPADO,1,28,55,120,1,1
1790195271138,sala01,9756,1790195271138,0,0,OCUPADO,1,28,55,120,1,1
1790195273138,sala01,9757,1790195273138,0,0,OCUPADO,1,28,55,120,1,1
1790195275138,sala01,9758,1790195275138,0,0,OCUPADO,0,28,55,120,1,1
1790195277138,sala01,9759,1790195277138,0,0,OCUPADO,1,28,55,120,1,1
1790195279138,sala01,9760,1790195279138,0,0,OCUPADO,1,28,55,120,1,1
1790195281138,sala01,9761,1790195281138,0,0,OCUPADO,1,28,55,120,1,1
1790195283138,sala01,9762,1790195283138,0,0,OCUPADO,0,28,55,120,1,1
1790195285138,sala01,9763,1790195285138,0,0,OCUPADO,1,28,55,120,1,1
1790195287138,sala01,9764,1790195287138,0,0,OCUPADO,1,28,55,120,1,1
1790195289138,sala01,9765,1790195289138,0,0,OCUPADO,1,28,55,120,1,1
1790195291138,sala01,9766,1790195291138,0,0,OCUPADO,0,28,55,120,1,1
1790195293138,sala01,9767,1790195293138,0,0,OCUPADO,1,28,55,120,1,1
1790195295138,sala01,9768,1790195295138,0,0,OCUPADO,1,28,55,120,1,1
1790195297138,sala01,9769,1790195297138,0,0,OCUPADO,1,28,55,120,1,1
1790195299138,sala01,9770,1790195299138,0,0,OCUPADO,0,28,55,120,1,1
1790195301138,sala01,9771,1790195301138,0,0,OCUPADO,1,28,55,120,1,1
1790195303138,sala01,9772,1790195303138,0,0,OCUPADO,1,28,55,120,1,1
1790195305138,sala01,9773,1790195305138,0,0,OCUPADO,1,28,55,120,1,1
1790195307138,sala01,9774,1790195307138,0,0,OCUPADO,0,28,55,120,1,1
1790195309138,sala01,9775,1790195309138,0,0,OCUPADO,1,28,55,120,1,1
1790195311138,sala01,9776,1790195311138,0,0,OCUPADO,1,28,55,120,1,1
1790195313138,sala01,9777,1790195313138,0,0,OCUPADO,1,28,55,120,1,1
1790195315138,sala01,9778,1790195315138,0,0,OCUPADO,0,28,55,120,1,1
1790195317138,sala01,9779,1790195317138,0,0,OCUPADO,1,28,55,120,1,1
1790195319138,sala01,9780,1790195319138,0,0,OCUPADO,1,28,55,120,1,1
1790195321138,sala01,9781,1790195321138,0,0,OCUPADO,1,28,55,120,1,1
1790195323138,sala01,9782,1790195323138,0,0,OCUPADO,0,28,55,120,1,1
1790195325138,sala01,9783,1790195325138,0,0,OCUPADO,1,28,55,120,1,1
1790195327138,sala01,9784,1790195327138,0,0,OCUPADO,1,28,55,120,1,1
1790195329138,sala01,9785,1790195329138,0,0,OCUPADO,1,28,55,120,1,1
1790195331138,sala01,9786,1790195331138,0,0,OCUPADO,0,28,55,120,1,1
1790195333138,sala01,9787,1790195333138,0,0,OCUPADO,1,28,55,120,1,1
1790195335138,sala01,9788,1790195335138,0,0,OCUPADO,1,28,55,120,1,1
1790195337138,sala01,9789,1790195337138,0,0,OCUPADO,1,28,55,120,1,1
1790195339138,sala01,9790,1790195339138,0,0,OCUPADO,0,28,55,120,1,1
1790195341138,sala01,9791,1790195341138,0,0,OCUPADO,1,28,55,120,1,1
1790195343138,sala01,9792,1790195343138,0,0,OCUPADO,1,28,55,120,1,1
1790195345138,sala01,9793,1790195345138,0,0,OCUPADO,1,28,55,120,1,1
1790195347138,sala01,9794,1790195347138,0,0,OCUPADO,0,28,55,120,1,1
1790195349138,sala01,9795,1790195349138,0,0,OCUPADO,1,28,55,120,1,1
1790195351138,sala01,9796,1790195351138,0,0,OCUPADO,1,28,55,120,1,1
1790195353138,sala01,9797,1790195353138,0,0,OCUPADO,1,28,55,120,1,1
1790195355138,sala01,9798,1790195355138,0,0,OCUPADO,0,28,55,120,1,1
1790195357138,sala01,9799,1790195357138,0,0,OCUPADO,1,28,55,120,1,1
1790195359138,sala01,9800,1790195359138,0,0,OCUPADO,1,28,55,120,1,1
1790195361138,sala01,9801,1790195361138,0,0,OCUPADO,1,28,55,120,1,1
1790195363138,sala01,9802,1790195363138,0,0,OCUPADO,0,28,55,120,1,1
1790195365138,sala01,9803,1790195365138,0,0,OCUPADO,1,28,55,120,1,1
1790195367138,sala01,9804,1790195367138,0,0,OCUPADO,1,28,55,120,1,1
1790195369138,sala01,9805,1790195369138,0,0,OCUPADO,1,28,55,120,1,1
1790195371138,sala01,9806,1790195371138,0,0,OCUPADO,0,28,55,120,1,1
1790195373138,sala01,9807,1790195373138,0,0,OCUPADO,1,28,55,120,1,1
1790195375138,sala01,9808,1790195375138,0,0,OCUPADO,1,28,55,120,1,1
1790195377138,sala01,9809,1790195377138,0,0,OCUPADO,1,28,55,120,1,1
1790195379138,sala01,9810,1790195379138,0,0,OCUPADO,0,28,55,120,1,1
1790195381138,sala01,9811,1790195381138,0,0,OCUPADO,1,28,55,120,1,1
1790195383138,sala01,9812,1790195383138,0,0,OCUPADO,1,28,55,120,1,1
1790195385138,sala01,9813,1790195385138,0,0,OCUPADO,1,28,55,120,1,1
1790195387138,sala01,9814,1790195387138,0,0,OCUPADO,0,28,55,120,1,1
1790195389138,sala01,9815,1790195389138,0,0,OCUPADO,1,28,55,120,1,1
1790195391138,sala01,9816,1790195391138,0,0,OCUPADO,1,28,55,120,1,1
1790195393138,sala01,9817,1790195393138,0,0,OCUPADO,1,28,55,120,1,1
1790195395138,sala01,9818,1790195395138,0,0,OCUPADO,0,28,55,120,1,1
1790195397138,sala01,9819,1790195397138,0,0,OCUPADO,1,28,55,120,1,1
1790195399138,sala01,9820,1790195399138,0,0,OCUPADO,1,28,55,120,1,1
1790195401138,sala01,9821,1790195401138,0,0,OCUPADO,1,28,55,120,1,1
1790195403138,sala01,9822,1790195403138,0,0,OCUPADO,0,28,55,120,1,1
1790195405138,sala01,9823,1790195405138,0,0,OCUPADO,1,28,55,120,1,1
1790195407138,sala01,9824,1790195407138,0,0,OCUPADO,1,28,55,120,1,1
1790195409138,sala01,9825,1790195409138,0,0,OCUPADO,1,28,55,120,1,1
1790195411138,sala01,9826,1790195411138,0,0,OCUPADO,0,28,55,120,1,1
1790195413138,sala01,9827,1790195413138,0,0,OCUPADO,1,28,55,120,1,1
1790195415138,sala01,9828,1790195415138,0,0,OCUPADO,1,28,55,120,1,1
1790195417138,sala01,9829,1790195417138,0,0,OCUPADO,1,28,55,120,1,1
1790195419138,sala01,9830,1790195419138,0,0,OCUPADO,0,28,55,120,1,1
1790195421138,sala01,9831,1790195421138,0,0,OCUPADO,1,28,55,120,1,1
1790195423138,sala01,9832,1790195423138,0,0,OCUPADO,1,28,55,120,1,1
1790195425138,sala01,9833,1790195425138,0,0,OCUPADO,1,28,55,120,1,1
1790195427138,sala01,9834,1790195427138,0,0,OCUPADO,0,28,55,120,1,1
1790195429138,sala01,9835,1790195429138,0,0,OCUPADO,1,28,55,120,1,1
1790195431138,sala01,9836,1790195431138,0,0,OCUPADO,1,28,55,120,1,1
1790195433138,sala01,9837,1790195433138,0,0,OCUPADO,1,28,55,120,1,1
1790195435138,sala01,9838,1790195435138,0,0,OCUPADO,0,28,55,120,1,1
1790195437138,sala01,9839,1790195437138,0,0,OCUPADO,1,28,55,120,1,1
1790195439138,sala01,9840,1790195439138,0,0,OCUPADO,1,28,55,120,1,1
1790195441138,sala01,9841,1790195441138,0,0,OCUPADO,1,28,55,120,1,1
1790195443138,sala01,9842,1790195443138,0,0,OCUPADO,0,28,55,120,1,1
1790195445138,sala01,9843,1790195445138,0,0,OCUPADO,1,28,55,120,1,1
1790195447138,sala01,9844,1790195447138,0,0,OCUPADO,1,28,55,120,1,1
1790195449138,sala01,9845,1790195449138,0,0,OCUPADO,1,28,55,120,1,1
1790195451138,sala01,9846,1790195451138,0,0,OCUPADO,0,28,55,120,1,1
1790195453138,sala01,9847,1790195453138,0,0,OCUPADO,1,28,55,120,1,1
1790195455138,sala01,9848,1790195455138,0,0,OCUPADO,1,28,55,120,1,1
1790195457138,sala01,9849,1790195457138,0,0,OCUPADO,1,28,55,120,1,1
1790195459138,sala01,9850,1790195459138,0,0,OCUPADO,0,28,55,120,1,1
1790195461138,sala01,9851,1790195461138,0,0,OCUPADO,1,28,55,120,1,1
1790195463138,sala01,9852,1790195463138,0,0,OCUPADO,1,28,55,120,1,1
1790195465138,sala01,9853,1790195465138,0,0,OCUPADO,1,28,55,120,1,1
1790195467138,sala01,9854,1790195467138,0,0,OCUPADO,0,28,55,120,1,1
1790195469138,sala01,9855,1790195469138,0,0,OCUPADO,1,28,55,120,1,1
1790195471138,sala01,9856,1790195471138,0,0,OCUPADO,1,28,55,120,1,1
1790195473138,sala01,9857,1790195473138,0,0,OCUPADO,1,28,55,120,1,1
1790195475138,sala01,9858,1790195475138,0,0,OCUPADO,0,28,55,120,1,1
1790195477138,sala01,9859,1790195477138,0,0,OCUPADO,1,28,55,120,1,1
1790195479138,sala01,9860,1790195479138,0,0,OCUPADO,1,28,55,120,1,1
1790195481138,sala01,9861,1790195481138,0,0,OCUPADO,1,28,55,120,1,1
1790195483138,sala01,9862,1790195483138,0,0,OCUPADO,0,28,55,120,1,1
1790195485138,sala01,9863,1790195485138,0,0,OCUPADO,1,28,55,120,1,1
1790195487138,sala01,9864,1790195487138,0,0,OCUPADO,1,28,55,120,1,1
1790195489138,sala01,9865,1790195489138,0,0,OCUPADO,1,28,55,120,1,1
1790195491138,sala01,9866,1790195491138,0,0,OCUPADO,0,28,55,120,1,1
1790195493138,sala01,9867,1790195493138,0,0,OCUPADO,1,28,55,120,1,1
1790195495138,sala01,9868,1790195495138,0,0,OCUPADO,1,28,55,120,1,1
1790195497138,sala01,9869,1790195497138,0,0,OCUPADO,1,28,55,120,1,1
1790195499138,sala01,9870,1790195499138,0,0,OCUPADO,0,28,55,120,1,1
1790195501138,sala01,9871,1790195501138,0,0,OCUPADO,1,28,55,120,1,1
1790195503138,sala01,9872,1790195503138,0,0,OCUPADO,1,28,55,120,1,1
1790195505138,sala01,9873,1790195505138,0,0,OCUPADO,1,28,55,120,1,1
1790195507138,sala01,9874,1790195507138,0,0,OCUPADO,0,28,55,120,1,1
1790195509138,sala01,9875,1790195509138,0,0,OCUPADO,1,28,55,120,1,1
1790195511138,sala01,9876,1790195511138,0,0,OCUPADO,1,28,55,120,1,1
1790195513138,sala01,9877,1790195513138,0,0,OCUPADO,1,28,55,120,1,1
1790195515138,sala01,9878,1790195515138,0,0,OCUPADO,0,28,55,120,1,1
1790195517138,sala01,9879,1790195517138,0,0,OCUPADO,1,28,55,120,1,1
1790195519138,sala01,9880,1790195519138,0,0,OCUPADO,1,28,55,120,1,1
1790195521138,sala01,9881,1790195521138,0,0,OCUPADO,1,28,55,120,1,1
1790195523138,sala01,9882,1790195523138,0,0,OCUPADO,0,28,55,120,1,1
1790195525138,sala01,9883,1790195525138,0,0,OCUPADO,1,28,55,120,1,1
1790195527138,sala01,9884,1790195527138,0,0,OCUPADO,1,28,55,120,1,1
1790195529138,sala01,9885,1790195529138,0,0,OCUPADO,1,28,55,120,1,1
1790195531138,sala01,9886,1790195531138,0,0,OCUPADO,0,28,55,120,1,1
1790195533138,sala01,9887,1790195533138,0,0,OCUPADO,1,28,55,120,1,1
1790195535138,sala01,9888,1790195535138,0,0,OCUPADO,1,28,55,120,1,1
1790195537138,sala01,9889,1790195537138,0,0,OCUPADO,1,28,55,120,1,1
1790195539138,sala01,9890,1790195539138,0,0,OCUPADO,0,28,55,120,1,1
1790195541138,sala01,9891,1790195541138,0,0,OCUPADO,1,28,55,120,1,1
1790195543138,sala01,9892,1790195543138,0,0,OCUPADO,1,28,55,120,1,1
1790195545138,sala01,9893,1790195545138,0,0,OCUPADO,1,28,55,120,1,1
1790195547138,sala01,9894,1790195547138,0,0,OCUPADO,0,28,55,120,1,1
1790195549138,sala01,9895,1790195549138,0,0,OCUPADO,1,28,55,120,1,1
1790195551138,sala01,9896,1790195551138,0,0,OCUPADO,1,28,55,120,1,1
1790195553138,sala01,9897,1790195553138,0,0,OCUPADO,1,28,55,120,1,1
1790195555138,sala01,9898,1790195555138,0,0,OCUPADO,0,28,55,120,1,1
1790195557138,sala01,9899,1790195557138,0,0,OCUPADO,1,28,55,120,1,1
1790195559138,sala01,9900,1790195559138,0,0,OCUPADO,1,28,55,120,1,1
1790195561138,sala01,9901,1790195561138,0,0,OCUPADO,1,28,55,120,1,1
1790195563138,sala01,9902,1790195563138,0,0,OCUPADO,0,28,55,120,1,1
1790195565138,sala01,9903,1790195565138,0,0,OCUPADO,1,28,55,120,1,1
1790195567138,sala01,9904,1790195567138,0,0,OCUPADO,1,28,55,120,1,1
1790195569138,sala01,9905,1790195569138,0,0,OCUPADO,1,28,55,120,1,1
1790195571138,sala01,9906,1790195571138,0,0,OCUPADO,0,28,55,120,1,1
1790195573138,sala01,9907,1790195573138,0,0,OCUPADO,1,28,55,120,1,1
1790195575138,sala01,9908,1790195575138,0,0,OCUPADO,1,28,55,120,1,1
1790195577138,sala01,9909,1790195577138,0,0,OCUPADO,1,28,55,120,1,1
1790195579138,sala01,9910,1790195579138,0,0,OCUPADO,0,28,55,120,1,1
1790195581138,sala01,9911,1790195581138,0,0,OCUPADO,1,28,55,120,1,1
1790195583138,sala01,9912,1790195583138,0,0,OCUPADO,1,28,55,120,1,1
1790195585138,sala01,9913,1790195585138,0,0,OCUPADO,1,28,55,120,1,1
1790195587138,sala01,9914,1790195587138,0,0,OCUPADO,0,28,55,120,1,1
1790195589138,sala01,9915,1790195589138,0,0,OCUPADO,1,28,55,120,1,1
1790195591138,sala01,9916,1790195591138,0,0,OCUPADO,1,28,55,120,1,1
1790195593138,sala01,9917,1790195593138,0,0,OCUPADO,1,28,55,120,1,1
1790195595138,sala01,9918,1790195595138,0,0,OCUPADO,0,28,55,120,1,1
1790195597138,sala01,9919,1790195597138,0,0,OCUPADO,1,28,55,120,1,1
1790195599138,sala01,9920,1790195599138,0,0,OCUPADO,1,28,55,120,1,1
1790195601138,sala01,9921,1790195601138,0,0,OCUPADO,1,28,55,120,1,1
1790195603138,sala01,9922,1790195603138,0,0,OCUPADO,0,28,55,120,1,1
1790195605138,sala01,9923,1790195605138,0,0,OCUPADO,1,28,55,120,1,1
1790195607138,sala01,9924,1790195607138,0,0,OCUPADO,1,28,55,120,1,1
1790195609138,sala01,9925,1790195609138,0,0,OCUPADO,1,28,55,120,1,1
1790195611138,sala01,9926,1790195611138,0,0,OCUPADO,0,28,55,120,1,1
1790195613138,sala01,9927,1790195613138,0,0,OCUPADO,1,28,55,120,1,1
1790195615138,sala01,9928,1790195615138,0,0,OCUPADO,1,28,55,120,1,1
1790195617138,sala01,9929,1790195617138,0,0,OCUPADO,1,28,55,120,1,1
1790195619138,sala01,9930,1790195619138,0,0,OCUPADO,0,28,55,120,1,1
1790195621138,sala01,9931,1790195621138,0,0,OCUPADO,1,28,55,120,1,1
1790195623138,sala01,9932,1790195623138,0,0,OCUPADO,1,28,55,120,1,1
1790195625138,sala01,9933,1790195625138,0,0,OCUPADO,1,28,55,120,1,1
1790195627138,sala01,9934,1790195627138,0,0,OCUPADO,0,28,55,120,1,1
1790195629138,sala01,9935,1790195629138,0,0,OCUPADO,1,28,55,120,1,1
1790195631138,sala01,9936,1790195631138,0,0,OCUPADO,1,28,55,120,1,1
1790195633138,sala01,9937,1790195633138,0,0,OCUPADO,1,28,55,120,1,1
1790195635138,sala01,9938,1790195635138,0,0,OCUPADO,0,28,55,120,1,1
1790195637138,sala01,9939,1790195637138,0,0,OCUPADO,1,28,55,120,1,1
1790195639138,sala01,9940,1790195639138,0,0,OCUPADO,1,28,55,120,1,1
1790195641138,sala01,9941,1790195641138,0,0,OCUPADO,1,28,55,120,1,1
1790195643138,sala01,9942,1790195643138,0,0,OCUPADO,0,28,55,120,1,1
1790195645138,sala01,9943,1790195645138,0,0,OCUPADO,1,28,55,120,1,1
1790195647138,sala01,9944,1790195647138,0,0,OCUPADO,1,28,55,120,1,1
1790195649138,sala01,9945,1790195649138,0,0,OCUPADO,1,28,55,120,1,1
1790195651138,sala01,9946,1790195651138,0,0,OCUPADO,0,28,55,120,1,1
1790195653138,sala01,9947,1790195653138,0,0,OCUPADO,1,28,55,120,1,1
1790195655138,sala01,9948,1790195655138,0,0,OCUPADO,1,28,55,120,1,1
1790195657138,sala01,9949,1790195657138,0,0,OCUPADO,1,28,55,120,1,1
1790195659138,sala01,9950,1790195659138,0,0,OCUPADO,0,28,55,120,1,1
1790195661138,sala01,9951,1790195661138,0,0,OCUPADO,1,28,55,120,1,1
1790195663138,sala01,9952,1790195663138,0,0,OCUPADO,1,28,55,120,1,1
1790195665138,sala01,9953,1790195665138,0,0,OCUPADO,1,28,55,120,1,1
1790195667138,sala01,9954,1790195667138,0,0,OCUPADO,0,28,55,120,1,1
1790195669138,sala01,9955,1790195669138,0,0,OCUPADO,1,28,55,120,1,1
1790195671138,sala01,9956,1790195671138,0,0,OCUPADO,1,28,55,120,1,1
1790195673138,sala01,9957,1790195673138,0,0,OCUPADO,1,28,55,120,1,1
1790195675138,sala01,9958,1790195675138,0,0,OCUPADO,0,28,55,120,1,1
1790195677138,sala01,9959,1790195677138,0,0,OCUPADO,1,28,55,120,1,1
1790195679138,sala01,9960,1790195679138,0,0,OCUPADO,1,28,55,120,1,1
1790195681138,sala01,9961,1790195681138,0,0,OCUPADO,1,28,55,120,1,1
1790195683138,sala01,9962,1790195683138,0,0,OCUPADO,0,28,55,120,1,1
1790195685138,sala01,9963,1790195685138,0,0,OCUPADO,1,28,55,120,1,1
1790195687138,sala01,9964,1790195687138,0,0,OCUPADO,1,28,55,120,1,1
1790195689138,sala01,9965,1790195689138,0,0,OCUPADO,1,28,55,120,1,1
1790195691138,sala01,9966,1790195691138,0,0,OCUPADO,0,28,55,120,1,1
1790195693138,sala01,9967,1790195693138,0,0,OCUPADO,1,28,55,120,1,1
1790195695138,sala01,9968,1790195695138,0,0,OCUPADO,1,28,55,120,1,1
1790195697138,sala01,9969,1790195697138,0,0,OCUPADO,1,28,55,120,1,1
1790195699138,sala01,9970,1790195699138,0,0,OCUPADO,0,28,55,120,1,1
1790195701138,sala01,9971,1790195701138,0,0,OCUPADO,1,28,55,120,1,1
1790195703138,sala01,9972,1790195703138,0,0,OCUPADO,1,28,55,120,1,1
1790195705138,sala01,9973,1790195705138,0,0,OCUPADO,1,28,55,120,1,1
1790195707138,sala01,9974,1790195707138,0,0,OCUPADO,0,28,55,120,1,1
1790195709138,sala01,9975,1790195709138,0,0,OCUPADO,1,28,55,120,1,1
1790195711138,sala01,9976,1790195711138,0,0,OCUPADO,1,28,55,120,1,1
1790195713138,sala01,9977,1790195713138,0,0,OCUPADO,1,28,55,120,1,1
1790195715138,sala01,9978,1790195715138,0,0,OCUPADO,0,28,55,120,1,1
1790195717138,sala01,9979,1790195717138,0,0,OCUPADO,1,28,55,120,1,1
1790195719138,sala01,9980,1790195719138,0,0,OCUPADO,1,28,55,120,1,1
1790195721138,sala01,9981,1790195721138,0,0,OCUPADO,1,28,55,120,1,1
1790195723138,sala01,9982,1790195723138,0,0,OCUPADO,0,28,55,120,1,1
1790195725138,sala01,9983,1790195725138,0,0,OCUPADO,1,28,55,120,1,1
1790195727138,sala01,9984,1790195727138,0,0,OCUPADO,1,28,55,120,1,1
1790195729138,sala01,9985,1790195729138,0,0,OCUPADO,1,28,55,120,1,1
1790195731138,sala01,9986,1790195731138,0,0,OCUPADO,0,28,55,120,1,1
1790195733138,sala01,9987,1790195733138,0,0,OCUPADO,1,28,55,120,1,1
1790195735138,sala01,9988,1790195735138,0,0,OCUPADO,1,28,55,120,1,1
1790195737138,sala01,9989,1790195737138,0,0,OCUPADO,1,28,55,120,1,1
1790195739138,sala01,9990,1790195739138,0,0,OCUPADO,0,28,55,120,1,1
1790195741138,sala01,9991,1790195741138,0,0,OCUPADO,1,28,55,120,1,1
1790195743138,sala01,9992,1790195743138,0,0,OCUPADO,1,28,55,120,1,1
1790195745138,sala01,9993,1790195745138,0,0,OCUPADO,1,28,55,120,1,1
1790195747138,sala01,9994,1790195747138,0,0,OCUPADO,0,28,55,120,1,1
1790195749138,sala01,9995,1790195749138,0,0,OCUPADO,1,28,55,120,1,1
1790195751138,sala01,9996,1790195751138,0,0,OCUPADO,1,28,55,120,1,1
1790195753138,sala01,9997,1790195753138,0,0,OCUPADO,1,28,55,120,1,1
1790195755138,sala01,9998,1790195755138,0,0,OCUPADO,0,28,55,120,1,1
1790195757138,sala01,9999,1790195757138,0,0,OCUPADO,1,28,55,120,1,1
1790195759138,sala01,10000,1790195759138,0,0,OCUPADO,1,28,55,120,1,1
1790195761138,sala01,10001,1790195761138,0,0,OCUPADO,1,28,55,120,1,1
1790195763138,sala01,10002,1790195763138,0,0,OCUPADO,0,28,55,120,1,1
1790195765138,sala01,10003,1790195765138,0,0,OCUPADO,1,28,55,120,1,1
1790195767138,sala01,10004,1790195767138,0,0,OCUPADO,1,28,55,120,1,1
1790195769138,sala01,10005,1790195769138,0,0,OCUPADO,1,28,55,120,1,1
1790195771138,sala01,10006,1790195771138,0,0,OCUPADO,0,28,55,120,1,1
1790195773138,sala01,10007,1790195773138,0,0,OCUPADO,1,28,55,120,1,1
1790195775138,sala01,10008,1790195775138,0,0,OCUPADO,1,28,55,120,1,1
1790195777138,sala01,10009,1790195777138,0,0,OCUPADO,1,28,55,120,1,1
1790195779138,sala01,10010,1790195779138,0,0,OCUPADO,0,28,55,120,1,1
1790195781138,sala01,10011,1790195781138,0,0,OCUPADO,1,28,55,120,1,1
1790195783138,sala01,10012,1790195783138,0,0,OCUPADO,1,28,55,120,1,1
1790195785138,sala01,10013,1790195785138,0,0,OCUPADO,1,28,55,120,1,1
1790195787138,sala01,10014,1790195787138,0,0,OCUPADO,0,28,55,120,1,1
1790195789138,sala01,10015,1790195789138,0,0,OCUPADO,1,28,55,120,1,1
1790195791138,sala01,10016,1790195791138,0,0,OCUPADO,1,28,55,120,1,1
1790195793138,sala01,10017,1790195793138,0,0,OCUPADO,1,28,55,120,1,1
1790195795138,sala01,10018,1790195795138,0,0,OCUPADO,0,28,55,120,1,1
1790195797138,sala01,10019,1790195797138,0,0,OCUPADO,1,28,55,120,1,1
1790195799138,sala01,10020,1790195799138,0,0,OCUPADO,1,28,55,120,1,1
1790195801138,sala01,10021,1790195801138,0,0,OCUPADO,1,28,55,120,1,1
1790195803138,sala01,10022,1790195803138,0,0,OCUPADO,0,28,55,120,1,1
1790195805138,sala01,10023,1790195805138,0,0,OCUPADO,1,28,55,120,1,1
1790195807138,sala01,10024,1790195807138,0,0,OCUPADO,1,28,55,120,1,1
1790195809138,sala01,10025,1790195809138,0,0,OCUPADO,1,28,55,120,1,1
1790195811138,sala01,10026,1790195811138,0,0,OCUPADO,0,28,55,120,1,1
1790195813138,sala01,10027,1790195813138,0,0,OCUPADO,1,28,55,120,1,1
1790195815138,sala01,10028,1790195815138,0,0,OCUPADO,1,28,55,120,1,1
1790195817138,sala01,10029,1790195817138,0,0,OCUPADO,1,28,55,120,1,1
1790195819138,sala01,10030,1790195819138,0,0,OCUPADO,0,28,55,120,1,1
1790195821138,sala01,10031,1790195821138,0,0,OCUPADO,1,28,55,120,1,1
1790195823138,sala01,10032,1790195823138,0,0,OCUPADO,1,28,55,120,1,1
1790195825138,sala01,10033,1790195825138,0,0,OCUPADO,1,28,55,120,1,1
1790195827138,sala01,10034,1790195827138,0,0,OCUPADO,0,28,55,120,1,1
1790195829138,sala01,10035,1790195829138,0,0,OCUPADO,1,28,55,120,1,1
1790195831138,sala01,10036,1790195831138,0,0,OCUPADO,1,28,55,120,1,1
1790195833138,sala01,10037,1790195833138,0,0,OCUPADO,1,28,55,120,1,1
1790195835138,sala01,10038,1790195835138,0,0,OCUPADO,0,28,55,120,1,1
1790195837138,sala01,10039,1790195837138,0,0,OCUPADO,1,28,55,120,1,1
1790195839138,sala01,10040,1790195839138,0,0,OCUPADO,1,28,55,120,1,1
1790195841138,sala01,10041,1790195841138,0,0,OCUPADO,1,28,55,120,1,1
1790195843138,sala01,10042,1790195843138,0,0,OCUPADO,0,28,55,120,1,1
1790195845138,sala01,10043,1790195845138,0,0,OCUPADO,1,28,55,120,1,1
1790195847138,sala01,10044,1790195847138,0,0,OCUPADO,1,28,55,120,1,1
1790195849138,sala01,10045,1790195849138,0,0,OCUPADO,1,28,55,120,1,1
1790195851138,sala01,10046,1790195851138,0,0,OCUPADO,0,28,55,120,1,1
1790195853138,sala01,10047,1790195853138,0,0,OCUPADO,1,28,55,120,1,1
1790195855138,sala01,10048,1790195855138,0,0,OCUPADO,1,28,55,120,1,1
1790195857138,sala01,10049,1790195857138,0,0,OCUPADO,1,28,55,120,1,1
1790195859138,sala01,10050,1790195859138,0,0,OCUPADO,0,28,55,120,1,1
1790195861138,sala01,10051,1790195861138,0,0,OCUPADO,1,28,55,120,1,1
1790195863138,sala01,10052,1790195863138,0,0,OCUPADO,1,28,55,120,1,1
1790195865138,sala01,10053,1790195865138,0,0,OCUPADO,1,28,55,120,1,1
1790195867138,sala01,10054,1790195867138,0,0,OCUPADO,0,28,55,120,1,1
1790195869138,sala01,10055,1790195869138,0,0,OCUPADO,1,28,55,120,1,1
1790195871138,sala01,10056,1790195871138,0,0,OCUPADO,1,28,55,120,1,1
1790195873138,sala01,10057,1790195873138,0,0,OCUPADO,1,28,55,120,1,1
1790195875138,sala01,10058,1790195875138,0,0,OCUPADO,0,28,55,120,1,1
1790195877138,sala01,10059,1790195877138,0,0,OCUPADO,1,28,55,120,1,1
1790195879138,sala01,10060,1790195879138,0,0,OCUPADO,1,28,55,120,1,1
1790195881138,sala01,10061,1790195881138,0,0,OCUPADO,1,28,55,120,1,1
1790195883138,sala01,10062,1790195883138,0,0,OCUPADO,0,28,55,120,1,1
1790195885138,sala01,10063,1790195885138,0,0,OCUPADO,1,28,55,120,1,1
1790195887138,sala01,10064,1790195887138,0,0,OCUPADO,1,28,55,120,1,1
1790195889138,sala01,10065,1790195889138,0,0,OCUPADO,1,28,55,120,1,1
1790195891138,sala01,10066,1790195891138,0,0,OCUPADO,0,28,55,120,1,1
1790195893138,sala01,10067,1790195893138,0,0,OCUPADO,1,28,55,120,1,1
1790195895138,sala01,10068,1790195895138,0,0,OCUPADO,1,28,55,120,1,1
1790195897138,sala01,10069,1790195897138,0,0,OCUPADO,1,28,55,120,1,1
1790195899138,sala01,10070,1790195899138,0,0,OCUPADO,0,28,55,120,1,1
1790195901138,sala01,10071,1790195901138,0,0,OCUPADO,1,28,55,120,1,1
1790195903138,sala01,10072,1790195903138,0,0,OCUPADO,1,28,55,120,1,1
1790195905138,sala01,10073,1790195905138,0,0,OCUPADO,1,28,55,120,1,1
1790195907138,sala01,10074,1790195907138,0,0,OCUPADO,0,28,55,120,1,1
1790195909138,sala01,10075,1790195909138,0,0,OCUPADO,1,28,55,120,1,1
1790195911138,sala01,10076,1790195911138,0,0,OCUPADO,1,28,55,120,1,1
1790195913138,sala01,10077,1790195913138,0,0,OCUPADO,1,28,55,120,1,1
1790195915138,sala01,10078,1790195915138,0,0,OCUPADO,0,28,55,120,1,1
1790195917138,sala01,10079,1790195917138,0,0,OCUPADO,1,28,55,120,1,1
1790195919138,sala01,10080,1790195919138,0,0,OCUPADO,1,28,55,120,1,1
1790195921138,sala01,10081,1790195921138,0,0,OCUPADO,1,28,55,120,1,1
1790195923138,sala01,10082,1790195923138,0,0,OCUPADO,0,28,55,120,1,1
1790195925138,sala01,10083,1790195925138,0,0,OCUPADO,1,28,55,120,1,1
1790195927138,sala01,10084,1790195927138,0,0,OCUPADO,1,28,55,120,1,1
1790195929138,sala01,10085,1790195929138,0,0,OCUPADO,1,28,55,120,1,1
1790195931138,sala01,10086,1790195931138,0,0,OCUPADO,0,28,55,120,1,1
1790195933138,sala01,10087,1790195933138,0,0,OCUPADO,1,28,55,120,1,1
1790195935138,sala01,10088,1790195935138,0,0,OCUPADO,1,28,55,120,1,1
1790195937138,sala01,10089,1790195937138,0,0,OCUPADO,1,28,55,120,1,1
1790195939138,sala01,10090,1790195939138,0,0,OCUPADO,0,28,55,120,1,1
1790195941138,sala01,10091,1790195941138,0,0,OCUPADO,1,28,55,120,1,1
1790195943138,sala01,10092,1790195943138,0,0,OCUPADO,1,28,55,120,1,1
1790195945138,sala01,10093,1790195945138,0,0,OCUPADO,1,28,55,120,1,1
1790195947138,sala01,10094,1790195947138,0,0,OCUPADO,0,28,55,120,1,1
1790195949138,sala01,10095,1790195949138,0,0,OCUPADO,1,28,55,120,1,1
1790195951138,sala01,10096,1790195951138,0,0,OCUPADO,1,28,55,120,1,1
1790195953138,sala01,10097,1790195953138,0,0,OCUPADO,1,28,55,120,1,1
1790195955138,sala01,10098,1790195955138,0,0,OCUPADO,0,28,55,120,1,1
1790195957138,sala01,10099,1790195957138,0,0,OCUPADO,1,28,55,120,1,1
1790195959138,sala01,10100,1790195959138,0,0,OCUPADO,1,28,55,120,1,1
1790195961138,sala01,10101,1790195961138,0,0,OCUPADO,1,28,55,120,1,1
1790195963138,sala01,10102,1790195963138,0,0,OCUPADO,0,28,55,120,1,1
1790195965138,sala01,10103,1790195965138,0,0,OCUPADO,1,28,55,120,1,1
1790195967138,sala01,10104,1790195967138,0,0,OCUPADO,1,28,55,120,1,1
1790195969138,sala01,10105,1790195969138,0,0,OCUPADO,1,28,55,120,1,1
1790195971138,sala01,10106,1790195971138,0,0,OCUPADO,0,28,55,120,1,1
1790195973138,sala01,10107,1790195973138,0,0,OCUPADO,1,28,55,120,1,1
1790195975138,sala01,10108,1790195975138,0,0,OCUPADO,1,28,55,120,1,1
1790195977138,sala01,10109,1790195977138,0,0,OCUPADO,1,28,55,120,1,1
1790195979138,sala01,10110,1790195979138,0,0,OCUPADO,0,28,55,120,1,1
1790195981138,sala01,10111,1790195981138,0,0,OCUPADO,1,28,55,120,1,1
1790195983138,sala01,10112,1790195983138,0,0,OCUPADO,1,28,55,120,1,1
1790195985138,sala01,10113,1790195985138,0,0,OCUPADO,1,28,55,120,1,1
1790195987138,sala01,10114,1790195987138,0,0,OCUPADO,0,28,55,120,1,1
1790195989138,sala01,10115,1790195989138,0,0,OCUPADO,1,28,55,120,1,1
1790195991138,sala01,10116,1790195991138,0,0,OCUPADO,1,28,55,120,1,1
1790195993138,sala01,10117,1790195993138,0,0,OCUPADO,1,28,55,120,1,1
1790195995138,sala01,10118,1790195995138,0,0,OCUPADO,0,28,55,120,1,1
1790195997138,sala01,10119,1790195997138,0,0,OCUPADO,1,28,55,120,1,1
1790195999138,sala01,10120,1790195999138,0,0,OCUPADO,1,28,55,120,1,1
1790196001138,sala01,10121,1790196001138,0,0,OCUPADO,1,28,55,120,1,1
1790196003138,sala01,10122,1790196003138,0,0,OCUPADO,0,28,55,120,1,1
1790196005138,sala01,10123,1790196005138,0,0,OCUPADO,1,28,55,120,1,1
1790196007138,sala01,10124,1790196007138,0,0,OCUPADO,1,28,55,120,1,1
1790196009138,sala01,10125,1790196009138,0,0,OCUPADO,1,28,55,120,1,1
1790196011138,sala01,10126,1790196011138,0,0,OCUPADO,0,28,55,120,1,1
1790196013138,sala01,10127,1790196013138,0,0,OCUPADO,1,28,55,120,1,1
1790196015138,sala01,10128,1790196015138,0,0,OCUPADO,1,28,55,120,1,1
1790196017138,sala01,10129,1790196017138,0,0,OCUPADO,1,28,55,120,1,1
1790196019138,sala01,10130,1790196019138,0,0,OCUPADO,0,28,55,120,1,1
1790196021138,sala01,10131,1790196021138,0,0,OCUPADO,1,28,55,120,1,1
1790196023138,sala01,10132,1790196023138,0,0,OCUPADO,1,28,55,120,1,1
1790196025138,sala01,10133,1790196025138,0,0,OCUPADO,1,28,55,120,1,1
1790196027138,sala01,10134,1790196027138,0,0,OCUPADO,0,28,55,120,1,1
1790196029138,sala01,10135,1790196029138,0,0,OCUPADO,1,28,55,120,1,1
1790196031138,sala01,10136,1790196031138,0,0,OCUPADO,1,28,55,120,1,1
1790196033138,sala01,10137,1790196033138,0,0,OCUPADO,1,28,55,120,1,1
1790196035138,sala01,10138,1790196035138,0,0,OCUPADO,0,28,55,120,1,1
1790196037138,sala01,10139,1790196037138,0,0,OCUPADO,1,28,55,120,1,1
1790196039138,sala01,10140,1790196039138,0,0,OCUPADO,1,28,55,120,1,1
1790196041138,sala01,10141,1790196041138,0,0,OCUPADO,1,28,55,120,1,1
1790196043138,sala01,10142,1790196043138,0,0,OCUPADO,0,28,55,120,1,1
1790196045138,sala01,10143,1790196045138,0,0,OCUPADO,1,28,55,120,1,1
1790196047138,sala01,10144,1790196047138,0,0,OCUPADO,1,28,55,120,1,1
1790196049138,sala01,10145,1790196049138,0,0,OCUPADO,1,28,55,120,1,1
1790196051138,sala01,10146,1790196051138,0,0,OCUPADO,0,28,55,120,1,1
1790196053138,sala01,10147,1790196053138,0,0,OCUPADO,1,28,55,120,1,1
1790196055138,sala01,10148,1790196055138,0,0,OCUPADO,1,28,55,120,1,1
1790196057138,sala01,10149,1790196057138,0,0,OCUPADO,1,28,55,120,1,1
1790196059138,sala01,10150,1790196059138,0,0,OCUPADO,0,28,55,120,1,1
1790196061138,sala01,10151,1790196061138,0,0,OCUPADO,1,28,55,120,1,1
1790196063138,sala01,10152,1790196063138,0,0,OCUPADO,1,28,55,120,1,1
1790196065138,sala01,10153,1790196065138,0,0,OCUPADO,1,28,55,120,1,1
1790196067138,sala01,10154,1790196067138,0,0,OCUPADO,0,28,55,120,1,1
1790196069138,sala01,10155,1790196069138,0,0,OCUPADO,1,28,55,120,1,1
1790196071138,sala01,10156,1790196071138,0,0,OCUPADO,1,28,55,120,1,1
1790196073138,sala01,10157,1790196073138,0,0,OCUPADO,1,28,55,120,1,1
1790196075138,sala01,10158,1790196075138,0,0,OCUPADO,0,28,55,120,1,1
1790196077138,sala01,10159,1790196077138,0,0,OCUPADO,1,28,55,120,1,1
1790196079138,sala01,10160,1790196079138,0,0,OCUPADO,1,28,55,120,1,1
1790196081138,sala01,10161,1790196081138,0,0,OCUPADO,1,28,55,120,1,1
1790196083138,sala01,10162,1790196083138,0,0,OCUPADO,0,28,55,120,1,1
1790196085138,sala01,10163,1790196085138,0,0,OCUPADO,1,28,55,120,1,1
1790196087138,sala01,10164,1790196087138,0,0,OCUPADO,1,28,55,120,1,1
1790196089138,sala01,10165,1790196089138,0,0,OCUPADO,1,28,55,120,1,1
1790196091138,sala01,10166,1790196091138,0,0,OCUPADO,0,28,55,120,1,1
1790196093138,sala01,10167,1790196093138,0,0,OCUPADO,1,28,55,120,1,1
1790196095138,sala01,10168,1790196095138,0,0,OCUPADO,1,28,55,120,1,1
1790196097138,sala01,10169,1790196097138,0,0,OCUPADO,1,28,55,120,1,1
1790196099138,sala01,10170,1790196099138,0,0,OCUPADO,0,28,55,120,1,1
1790196101138,sala01,10171,1790196101138,0,0,OCUPADO,1,28,55,120,1,1
1790196103138,sala01,10172,1790196103138,0,0,OCUPADO,1,28,55,120,1,1
1790196105138,sala01,10173,1790196105138,0,0,OCUPADO,1,28,55,120,1,1
1790196107138,sala01,10174,1790196107138,0,0,OCUPADO,0,28,55,120,1,1
1790196109138,sala01,10175,1790196109138,0,0,OCUPADO,1,28,55,120,1,1
1790196111138,sala01,10176,1790196111138,0,0,OCUPADO,1,28,55,120,1,1
1790196113138,sala01,10177,1790196113138,0,0,OCUPADO,1,28,55,120,1,1
1790196115138,sala01,10178,1790196115138,0,0,OCUPADO,0,28,55,120,1,1
1790196117138,sala01,10179,1790196117138,0,0,OCUPADO,1,28,55,120,1,1
1790196119138,sala01,10180,1790196119138,0,0,OCUPADO,1,28,55,120,1,1
1790196121138,sala01,10181,1790196121138,0,0,OCUPADO,1,28,55,120,1,1
1790196123138,sala01,10182,1790196123138,0,0,OCUPADO,0,28,55,120,1,1
1790196125138,sala01,10183,1790196125138,0,0,OCUPADO,1,28,55,120,1,1
1790196127138,sala01,10184,1790196127138,0,0,OCUPADO,1,28,55,120,1,1
1790196129138,sala01,10185,1790196129138,0,0,OCUPADO,1,28,55,120,1,1
1790196131138,sala01,10186,1790196131138,0,0,OCUPADO,0,28,55,120,1,1
1790196133138,sala01,10187,1790196133138,0,0,OCUPADO,1,28,55,120,1,1
1790196135138,sala01,10188,1790196135138,0,0,OCUPADO,1,28,55,120,1,1
1790196137138,sala01,10189,1790196137138,0,0,OCUPADO,1,28,55,120,1,1
1790196139138,sala01,10190,1790196139138,0,0,OCUPADO,0,28,55,120,1,1
1790196141138,sala01,10191,1790196141138,0,0,OCUPADO,1,28,55,120,1,1
1790196143138,sala01,10192,1790196143138,0,0,OCUPADO,1,28,55,120,1,1
1790196145138,sala01,10193,1790196145138,0,0,OCUPADO,1,28,55,120,1,1
1790196147138,sala01,10194,1790196147138,0,0,OCUPADO,0,28,55,120,1,1
1790196149138,sala01,10195,1790196149138,0,0,OCUPADO,1,28,55,120,1,1
1790196151138,sala01,10196,1790196151138,0,0,OCUPADO,1,28,55,120,1,1
1790196153138,sala01,10197,1790196153138,0,0,OCUPADO,1,28,55,120,1,1
1790196155138,sala01,10198,1790196155138,0,0,OCUPADO,0,28,55,120,1,1
1790196157138,sala01,10199,1790196157138,0,0,OCUPADO,1,28,55,120,1,1
1790196159138,sala01,10200,1790196159138,0,0,OCUPADO,1,28,55,120,1,1
1790196161138,sala01,10201,1790196161138,0,0,OCUPADO,1,28,55,120,1,1
1790196163138,sala01,10202,1790196163138,0,0,OCUPADO,0,28,55,120,1,1
1790196165138,sala01,10203,1790196165138,0,0,OCUPADO,1,28,55,120,1,1
1790196167138,sala01,10204,1790196167138,0,0,OCUPADO,1,28,55,120,1,1
1790196169138,sala01,10205,1790196169138,0,0,OCUPADO,1,28,55,120,1,1
1790196171138,sala01,10206,1790196171138,0,0,OCUPADO,0,28,55,120,1,1
1790196173138,sala01,10207,1790196173138,0,0,OCUPADO,1,28,55,120,1,1
1790196175138,sala01,10208,1790196175138,0,0,OCUPADO,1,28,55,120,1,1
1790196177138,sala01,10209,1790196177138,0,0,OCUPADO,1,28,55,120,1,1
1790196179138,sala01,10210,1790196179138,0,0,OCUPADO,0,28,55,120,1,1
1790196181138,sala01,10211,1790196181138,0,0,OCUPADO,1,28,55,120,1,1
1790196183138,sala01,10212,1790196183138,0,0,OCUPADO,1,28,55,120,1,1
1790196185138,sala01,10213,1790196185138,0,0,OCUPADO,1,28,55,120,1,1
1790196187138,sala01,10214,1790196187138,0,0,OCUPADO,0,28,55,120,1,1
1790196189138,sala01,10215,1790196189138,0,0,OCUPADO,1,28,55,120,1,1
1790196191138,sala01,10216,1790196191138,0,0,OCUPADO,1,28,55,120,1,1
1790196193138,sala01,10217,1790196193138,0,0,OCUPADO,1,28,55,120,1,1
1790196195138,sala01,10218,1790196195138,0,0,OCUPADO,0,28,55,120,1,1
1790196197138,sala01,10219,1790196197138,0,0,OCUPADO,1,28,55,120,1,1
1790196199138,sala01,10220,1790196199138,0,0,OCUPADO,1,28,55,120,1,1
1790196201138,sala01,10221,1790196201138,0,0,OCUPADO,1,28,55,120,1,1
1790196203138,sala01,10222,1790196203138,0,0,OCUPADO,0,28,55,120,1,1
1790196205138,sala01,10223,1790196205138,0,0,OCUPADO,1,28,55,120,1,1
1790196207138,sala01,10224,1790196207138,0,0,OCUPADO,1,28,55,120,1,1
1790196209138,sala01,10225,1790196209138,0,0,OCUPADO,1,28,55,120,1,1
1790196211138,sala01,10226,1790196211138,0,0,OCUPADO,0,28,55,120,1,1
1790196213138,sala01,10227,1790196213138,0,0,OCUPADO,1,28,55,120,1,1
1790196215138,sala01,10228,1790196215138,0,0,OCUPADO,1,28,55,120,1,1
1790196217138,sala01,10229,1790196217138,0,0,OCUPADO,1,28,55,120,1,1
1790196219138,sala01,10230,1790196219138,0,0,OCUPADO,0,28,55,120,1,1
1790196221138,sala01,10231,1790196221138,0,0,OCUPADO,1,28,55,120,1,1
1790196223138,sala01,10232,1790196223138,0,0,OCUPADO,1,28,55,120,1,1
1790196225138,sala01,10233,1790196225138,0,0,OCUPADO,1,28,55,120,1,1
1790196227138,sala01,10234,1790196227138,0,0,OCUPADO,0,28,55,120,1,1
1790196229138,sala01,10235,1790196229138,0,0,OCUPADO,1,28,55,120,1,1
1790196231138,sala01,10236,1790196231138,0,0,OCUPADO,1,28,55,120,1,1
1790196233138,sala01,10237,1790196233138,0,0,OCUPADO,1,28,55,120,1,1
1790196235138,sala01,10238,1790196235138,0,0,OCUPADO,0,28,55,120,1,1
1790196237138,sala01,10239,1790196237138,0,0,OCUPADO,1,28,55,120,1,1
1790196239138,sala01,10240,1790196239138,0,0,OCUPADO,1,28,55,120,1,1
1790196241138,sala01,10241,1790196241138,0,0,OCUPADO,1,28,55,120,1,1
1790196243138,sala01,10242,1790196243138,0,0,OCUPADO,0,28,55,120,1,1
1790196245138,sala01,10243,1790196245138,0,0,OCUPADO,1,28,55,120,1,1
1790196247138,sala01,10244,1790196247138,0,0,OCUPADO,1,28,55,120,1,1
1790196249138,sala01,10245,1790196249138,0,0,OCUPADO,1,28,55,120,1,1
1790196251138,sala01,10246,1790196251138,0,0,OCUPADO,0,28,55,120,1,1
1790196253138,sala01,10247,1790196253138,0,0,OCUPADO,1,28,55,120,1,1
1790196255138,sala01,10248,1790196255138,0,0,OCUPADO,1,28,55,120,1,1
1790196257138,sala01,10249,1790196257138,0,0,OCUPADO,1,28,55,120,1,1
1790196259138,sala01,10250,1790196259138,0,0,OCUPADO,0,28,55,120,1,1
1790196261138,sala01,10251,1790196261138,0,0,OCUPADO,1,28,55,120,1,1
1790196263138,sala01,10252,1790196263138,0,0,OCUPADO,1,28,55,120,1,1
1790196265138,sala01,10253,1790196265138,0,0,OCUPADO,1,28,55,120,1,1
1790196267138,sala01,10254,1790196267138,0,0,OCUPADO,0,28,55,120,1,1
1790196269138,sala01,10255,1790196269138,0,0,OCUPADO,1,28,55,120,1,1
1790196271138,sala01,10256,1790196271138,0,0,OCUPADO,1,28,55,120,1,1
1790196273138,sala01,10257,1790196273138,0,0,OCUPADO,1,28,55,120,1,1
1790196275138,sala01,10258,1790196275138,0,0,OCUPADO,0,28,55,120,1,1
1790196277138,sala01,10259,1790196277138,0,0,OCUPADO,1,28,55,120,1,1
1790196279138,sala01,10260,1790196279138,0,0,OCUPADO,1,28,55,120,1,1
1790196281138,sala01,10261,1790196281138,0,0,OCUPADO,1,28,55,120,1,1
1790196283138,sala01,10262,1790196283138,0,0,OCUPADO,0,28,55,120,1,1
1790196285138,sala01,10263,1790196285138,0,0,OCUPADO,1,28,55,120,1,1
1790196287138,sala01,10264,1790196287138,0,0,OCUPADO,1,28,55,120,1,1
1790196289138,sala01,10265,1790196289138,0,0,OCUPADO,1,28,55,120,1,1
1790196291138,sala01,10266,1790196291138,0,0,OCUPADO,0,28,55,120,1,1
1790196293138,sala01,10267,1790196293138,0,0,OCUPADO,1,28,55,120,1,1
1790196295138,sala01,10268,1790196295138,0,0,OCUPADO,1,28,55,120,1,1
1790196297138,sala01,10269,1790196297138,0,0,OCUPADO,1,28,55,120,1,1
1790196299138,sala01,10270,1790196299138,0,0,OCUPADO,0,28,55,120,1,1
1790196301138,sala01,10271,1790196301138,0,0,OCUPADO,1,28,55,120,1,1
1790196303138,sala01,10272,1790196303138,0,0,OCUPADO,1,28,55,120,1,1
1790196305138,sala01,10273,1790196305138,0,0,OCUPADO,1,28,55,120,1,1
1790196307138,sala01,10274,1790196307138,0,0,OCUPADO,0,28,55,120,1,1
1790196309138,sala01,10275,1790196309138,0,0,OCUPADO,1,28,55,120,1,1
1790196311138,sala01,10276,1790196311138,0,0,OCUPADO,1,28,55,120,1,1
1790196313138,sala01,10277,1790196313138,0,0,OCUPADO,1,28,55,120,1,1
1790196315138,sala01,10278,1790196315138,0,0,OCUPADO,0,28,55,120,1,1
1790196317138,sala01,10279,1790196317138,0,0,OCUPADO,1,28,55,120,1,1
1790196319138,sala01,10280,1790196319138,0,0,OCUPADO,1,28,55,120,1,1
1790196321138,sala01,10281,1790196321138,0,0,OCUPADO,1,28,55,120,1,1
1790196323138,sala01,10282,1790196323138,0,0,OCUPADO,0,28,55,120,1,1
1790196325138,sala01,10283,1790196325138,0,0,OCUPADO,1,28,55,120,1,1
1790196327138,sala01,10284,1790196327138,0,0,OCUPADO,1,28,55,120,1,1
1790196329138,sala01,10285,1790196329138,0,0,OCUPADO,1,28,55,120,1,1
1790196331138,sala01,10286,1790196331138,0,0,OCUPADO,0,28,55,120,1,1
1790196333138,sala01,10287,1790196333138,0,0,OCUPADO,1,28,55,120,1,1
1790196335138,sala01,10288,1790196335138,0,0,OCUPADO,1,28,55,120,1,1
1790196337138,sala01,10289,1790196337138,0,0,OCUPADO,1,28,55,120,1,1
1790196339138,sala01,10290,1790196339138,0,0,OCUPADO,0,28,55,120,1,1
1790196341138,sala01,10291,1790196341138,0,0,OCUPADO,1,28,55,120,1,1
1790196343138,sala01,10292,1790196343138,0,0,OCUPADO,1,28,55,120,1,1
1790196345138,sala01,10293,1790196345138,0,0,OCUPADO,1,28,55,120,1,1
1790196347138,sala01,10294,1790196347138,0,0,OCUPADO,0,28,55,120,1,1
1790196349138,sala01,10295,1790196349138,0,0,OCUPADO,1,28,55,120,1,1
1790196351138,sala01,10296,1790196351138,0,0,OCUPADO,1,28,55,120,1,1
1790196353138,sala01,10297,1790196353138,0,0,OCUPADO,1,28,55,120,1,1
1790196355138,sala01,10298,1790196355138,0,0,OCUPADO,0,28,55,120,1,1
1790196357138,sala01,10299,1790196357138,0,0,OCUPADO,1,28,55,120,1,1
1790196359138,sala01,10300,1790196359138,0,0,OCUPADO,1,28,55,120,1,1
1790196361138,sala01,10301,1790196361138,0,0,OCUPADO,1,28,55,120,1,1
1790196363138,sala01,10302,1790196363138,0,0,OCUPADO,0,28,55,120,1,1
1790196365138,sala01,10303,1790196365138,0,0,OCUPADO,1,28,55,120,1,1
1790196367138,sala01,10304,1790196367138,0,0,OCUPADO,1,28,55,120,1,1
1790196369138,sala01,10305,1790196369138,0,0,OCUPADO,1,28,55,120,1,1
1790196371138,sala01,10306,1790196371138,0,0,OCUPADO,0,28,55,120,1,1
1790196373138,sala01,10307,1790196373138,0,0,OCUPADO,1,28,55,120,1,1
1790196375138,sala01,10308,1790196375138,0,0,OCUPADO,1,28,55,120,1,1
1790196377138,sala01,10309,1790196377138,0,0,OCUPADO,1,28,55,120,1,1
1790196379138,sala01,10310,1790196379138,0,0,OCUPADO,0,28,55,120,1,1
1790196381138,sala01,10311,1790196381138,0,0,OCUPADO,1,28,55,120,1,1
1790196383138,sala01,10312,1790196383138,0,0,OCUPADO,1,28,55,120,1,1
1790196385138,sala01,10313,1790196385138,0,0,OCUPADO,1,28,55,120,1,1
1790196387138,sala01,10314,1790196387138,0,0,OCUPADO,0,28,55,120,1,1
1790196389138,sala01,10315,1790196389138,0,0,OCUPADO,1,28,55,120,1,1
1790196391138,sala01,10316,1790196391138,0,0,OCUPADO,1,28,55,120,1,1
1790196393138,sala01,10317,1790196393138,0,0,OCUPADO,1,28,55,120,1,1
1790196395138,sala01,10318,1790196395138,0,0,OCUPADO,0,28,55,120,1,1
1790196397138,sala01,10319,1790196397138,0,0,OCUPADO,1,28,55,120,1,1
1790196399138,sala01,10320,1790196399138,0,0,OCUPADO,1,28,55,120,1,1
1790196401138,sala01,10321,1790196401138,0,0,OCUPADO,1,28,55,120,1,1
1790196403138,sala01,10322,1790196403138,0,0,OCUPADO,0,28,55,120,1,1
1790196405138,sala01,10323,1790196405138,0,0,OCUPADO,1,28,55,120,1,1
1790196407138,sala01,10324,1790196407138,0,0,OCUPADO,1,28,55,120,1,1
1790196409138,sala01,10325,1790196409138,0,0,OCUPADO,1,28,55,120,1,1
1790196411138,sala01,10326,1790196411138,0,0,OCUPADO,0,28,55,120,1,1
1790196413138,sala01,10327,1790196413138,0,0,OCUPADO,1,28,55,120,1,1
1790196415138,sala01,10328,1790196415138,0,0,OCUPADO,1,28,55,120,1,1
1790196417138,sala01,10329,1790196417138,0,0,OCUPADO,1,28,55,120,1,1
1790196419138,sala01,10330,1790196419138,0,0,OCUPADO,0,28,55,120,1,1
1790196421138,sala01,10331,1790196421138,0,0,OCUPADO,1,28,55,120,1,1
1790196423138,sala01,10332,1790196423138,0,0,OCUPADO,1,28,55,120,1,1
1790196425138,sala01,10333,1790196425138,0,0,OCUPADO,1,28,55,120,1,1
1790196427138,sala01,10334,1790196427138,0,0,OCUPADO,0,28,55,120,1,1
1790196429138,sala01,10335,1790196429138,0,0,OCUPADO,1,28,55,120,1,1
1790196431138,sala01,10336,1790196431138,0,0,OCUPADO,1,28,55,120,1,1
1790196433138,sala01,10337,1790196433138,0,0,OCUPADO,1,28,55,120,1,1
1790196435138,sala01,10338,1790196435138,0,0,OCUPADO,0,28,55,120,1,1
1790196437138,sala01,10339,1790196437138,0,0,OCUPADO,1,28,55,120,1,1
1790196439138,sala01,10340,1790196439138,0,0,OCUPADO,1,28,55,120,1,1
1790196441138,sala01,10341,1790196441138,0,0,OCUPADO,1,28,55,120,1,1
1790196443138,sala01,10342,1790196443138,0,0,OCUPADO,0,28,55,120,1,1
1790196445138,sala01,10343,1790196445138,0,0,OCUPADO,1,28,55,120,1,1
1790196447138,sala01,10344,1790196447138,0,0,OCUPADO,1,28,55,120,1,1
1790196449138,sala01,10345,1790196449138,0,0,OCUPADO,1,28,55,120,1,1
1790196451138,sala01,10346,1790196451138,0,0,OCUPADO,0,28,55,120,1,1
1790196453138,sala01,10347,1790196453138,0,0,OCUPADO,1,28,55,120,1,1
1790196455138,sala01,10348,1790196455138,0,0,OCUPADO,1,28,55,120,1,1
1790196457138,sala01,10349,1790196457138,0,0,OCUPADO,1,28,55,120,1,1
1790196459138,sala01,10350,1790196459138,0,0,OCUPADO,0,28,55,120,1,1
1790196461138,sala01,10351,1790196461138,0,0,OCUPADO,1,28,55,120,1,1
1790196463138,sala01,10352,1790196463138,0,0,OCUPADO,1,28,55,120,1,1
1790196465138,sala01,10353,1790196465138,0,0,OCUPADO,1,28,55,120,1,1
1790196467138,sala01,10354,1790196467138,0,0,OCUPADO,0,28,55,120,1,1
1790196469138,sala01,10355,1790196469138,0,0,OCUPADO,1,28,55,120,1,1
1790196471138,sala01,10356,1790196471138,0,0,OCUPADO,1,28,55,120,1,1
1790196473138,sala01,10357,1790196473138,0,0,OCUPADO,1,28,55,120,1,1
1790196475138,sala01,10358,1790196475138,0,0,OCUPADO,0,28,55,120,1,1
1790196477138,sala01,10359,1790196477138,0,0,OCUPADO,1,28,55,120,1,1
1790196479138,sala01,10360,1790196479138,0,0,OCUPADO,1,28,55,120,1,1
1790196481138,sala01,10361,1790196481138,0,0,OCUPADO,1,28,55,120,1,1
1790196483138,sala01,10362,1790196483138,0,0,OCUPADO,0,28,55,120,1,1
1790196485138,sala01,10363,1790196485138,0,0,OCUPADO,1,28,55,120,1,1
1790196487138,sala01,10364,1790196487138,0,0,OCUPADO,1,28,55,120,1,1
1790196489138,sala01,10365,1790196489138,0,0,OCUPADO,1,28,55,120,1,1
1790196491138,sala01,10366,1790196491138,0,0,OCUPADO,0,28,55,120,1,1
1790196493138,sala01,10367,1790196493138,0,0,OCUPADO,1,28,55,120,1,1
1790196495138,sala01,10368,1790196495138,0,0,OCUPADO,1,28,55,120,1,1
1790196497138,sala01,10369,1790196497138,0,0,OCUPADO,1,28,55,120,1,1
1790196499138,sala01,10370,1790196499138,0,0,OCUPADO,0,28,55,120,1,1
1790196501138,sala01,10371,1790196501138,0,0,OCUPADO,1,28,55,120,1,1
1790196503138,sala01,10372,1790196503138,0,0,OCUPADO,1,28,55,120,1,1
1790196505138,sala01,10373,1790196505138,0,0,OCUPADO,1,28,55,120,1,1
1790196507138,sala01,10374,1790196507138,0,0,OCUPADO,0,28,55,120,1,1
1790196509138,sala01,10375,1790196509138,0,0,OCUPADO,1,28,55,120,1,1
1790196511138,sala01,10376,1790196511138,0,0,OCUPADO,1,28,55,120,1,1
1790196513138,sala01,10377,1790196513138,0,0,OCUPADO,1,28,55,120,1,1
1790196515138,sala01,10378,1790196515138,0,0,OCUPADO,0,28,55,120,1,1
1790196517138,sala01,10379,1790196517138,0,0,OCUPADO,1,28,55,120,1,1
1790196519138,sala01,10380,1790196519138,0,0,OCUPADO,1,28,55,120,1,1
1790196521138,sala01,10381,1790196521138,0,0,OCUPADO,1,28,55,120,1,1
1790196523138,sala01,10382,1790196523138,0,0,OCUPADO,0,28,55,120,1,1
1790196525138,sala01,10383,1790196525138,0,0,OCUPADO,1,28,55,120,1,1
1790196527138,sala01,10384,1790196527138,0,0,OCUPADO,1,28,55,120,1,1
1790196529138,sala01,10385,1790196529138,0,0,OCUPADO,1,28,55,120,1,1
1790196531138,sala01,10386,1790196531138,0,0,OCUPADO,0,28,55,120,1,1
1790196533138,sala01,10387,1790196533138,0,0,OCUPADO,1,28,55,120,1,1
1790196535138,sala01,10388,1790196535138,0,0,OCUPADO,1,28,55,120,1,1
1790196537138,sala01,10389,1790196537138,0,0,OCUPADO,1,28,55,120,1,1
1790196539138,sala01,10390,1790196539138,0,0,OCUPADO,0,28,55,120,1,1
1790196541138,sala01,10391,1790196541138,0,0,OCUPADO,1,28,55,120,1,1
1790196543138,sala01,10392,1790196543138,0,0,OCUPADO,1,28,55,120,1,1
1790196545138,sala01,10393,1790196545138,0,0,OCUPADO,1,28,55,120,1,1
1790196547138,sala01,10394,1790196547138,0,0,OCUPADO,0,28,55,120,1,1
1790196549138,sala01,10395,1790196549138,0,0,OCUPADO,1,28,55,120,1,1
1790196551138,sala01,10396,1790196551138,0,0,OCUPADO,1,28,55,120,1,1
1790196553138,sala01,10397,1790196553138,0,0,OCUPADO,1,28,55,120,1,1
1790196555138,sala01,10398,1790196555138,0,0,OCUPADO,0,28,55,120,1,1
1790196557138,sala01,10399,1790196557138,0,0,OCUPADO,1,28,55,120,1,1
1790196559138,sala01,10400,1790196559138,0,0,OCUPADO,1,28,55,120,1,1
1790196561138,sala01,10401,1790196561138,0,0,OCUPADO,1,28,55,120,1,1
1790196563138,sala01,10402,1790196563138,0,0,OCUPADO,0,28,55,120,1,1
1790196565138,sala01,10403,1790196565138,0,0,OCUPADO,1,28,55,120,1,1
1790196567138,sala01,10404,1790196567138,0,0,OCUPADO,1,28,55,120,1,1
1790196569138,sala01,10405,1790196569138,0,0,OCUPADO,1,28,55,120,1,1
1790196571138,sala01,10406,1790196571138,0,0,OCUPADO,0,28,55,120,1,1
1790196573138,sala01,10407,1790196573138,0,0,OCUPADO,1,28,55,120,1,1
1790196575138,sala01,10408,1790196575138,0,0,OCUPADO,1,28,55,120,1,1
1790196577138,sala01,10409,1790196577138,0,0,OCUPADO,1,28,55,120,1,1
1790196579138,sala01,10410,1790196579138,0,0,OCUPADO,0,28,55,120,1,1
1790196581138,sala01,10411,1790196581138,0,0,OCUPADO,1,28,55,120,1,1
1790196583138,sala01,10412,1790196583138,0,0,OCUPADO,1,28,55,120,1,1
1790196585138,sala01,10413,1790196585138,0,0,OCUPADO,1,28,55,120,1,1
1790196587138,sala01,10414,1790196587138,0,0,OCUPADO,0,28,55,120,1,1
1790196589138,sala01,10415,1790196589138,0,0,OCUPADO,1,28,55,120,1,1
1790196591138,sala01,10416,1790196591138,0,0,OCUPADO,1,28,55,120,1,1
1790196593138,sala01,10417,1790196593138,0,0,OCUPADO,1,28,55,120,1,1
1790196595138,sala01,10418,1790196595138,0,0,OCUPADO,0,28,55,120,1,1
1790196597138,sala01,10419,1790196597138,0,0,OCUPADO,1,28,55,120,1,1
1790196599138,sala01,10420,1790196599138,0,0,OCUPADO,1,28,55,120,1,1
1790196601138,sala01,10421,1790196601138,0,0,OCUPADO,1,28,55,120,1,1
1790196603138,sala01,10422,1790196603138,0,0,OCUPADO,0,28,55,120,1,1
1790196605138,sala01,10423,1790196605138,0,0,OCUPADO,1,28,55,120,1,1
1790196607138,sala01,10424,1790196607138,0,0,OCUPADO,1,28,55,120,1,1
1790196609138,sala01,10425,1790196609138,0,0,OCUPADO,1,28,55,120,1,1
1790196611138,sala01,10426,1790196611138,0,0,OCUPADO,0,28,55,120,1,1
1790196613138,sala01,10427,1790196613138,0,0,OCUPADO,1,28,55,120,1,1
1790196615138,sala01,10428,1790196615138,0,0,OCUPADO,1,28,55,120,1,1
1790196617138,sala01,10429,1790196617138,0,0,OCUPADO,1,28,55,120,1,1
1790196619138,sala01,10430,1790196619138,0,0,OCUPADO,0,28,55,120,1,1
1790196621138,sala01,10431,1790196621138,0,0,OCUPADO,1,28,55,120,1,1
1790196623138,sala01,10432,1790196623138,0,0,OCUPADO,1,28,55,120,1,1
1790196625138,sala01,10433,1790196625138,0,0,OCUPADO,1,28,55,120,1,1
1790196627138,sala01,10434,1790196627138,0,0,OCUPADO,0,28,55,120,1,1
1790196629138,sala01,10435,1790196629138,0,0,OCUPADO,1,28,55,120,1,1
1790196631138,sala01,10436,1790196631138,0,0,OCUPADO,1,28,55,120,1,1
1790196633138,sala01,10437,1790196633138,0,0,OCUPADO,1,28,55,120,1,1
1790196635138,sala01,10438,1790196635138,0,0,OCUPADO,0,28,55,120,1,1
1790196637138,sala01,10439,1790196637138,0,0,OCUPADO,1,28,55,120,1,1
1790196639138,sala01,10440,1790196639138,0,0,OCUPADO,1,28,55,120,1,1
1790196641138,sala01,10441,1790196641138,0,0,OCUPADO,1,28,55,120,1,1
1790196643138,sala01,10442,1790196643138,0,0,OCUPADO,0,28,55,120,1,1
1790196645138,sala01,10443,1790196645138,0,0,OCUPADO,1,28,55,120,1,1
1790196647138,sala01,10444,1790196647138,0,0,OCUPADO,1,28,55,120,1,1
1790196649138,sala01,10445,1790196649138,0,0,OCUPADO,1,28,55,120,1,1
1790196651138,sala01,10446,1790196651138,0,0,OCUPADO,0,28,55,120,1,1
1790196653138,sala01,10447,1790196653138,0,0,OCUPADO,1,28,55,120,1,1
1790196655138,sala01,10448,1790196655138,0,0,OCUPADO,1,28,55,120,1,1
1790196657138,sala01,10449,1790196657138,0,0,OCUPADO,1,28,55,120,1,1
1790196659138,sala01,10450,1790196659138,0,0,OCUPADO,0,28,55,120,1,1
1790196661138,sala01,10451,1790196661138,0,0,OCUPADO,1,28,55,120,1,1
1790196663138,sala01,10452,1790196663138,0,0,OCUPADO,1,28,55,120,1,1
1790196665138,sala01,10453,1790196665138,0,0,OCUPADO,1,28,55,120,1,1
1790196667138,sala01,10454,1790196667138,0,0,OCUPADO,0,28,55,120,1,1
1790196669138,sala01,10455,1790196669138,0,0,OCUPADO,1,28,55,120,1,1
1790196671138,sala01,10456,1790196671138,0,0,OCUPADO,1,28,55,120,1,1
1790196673138,sala01,10457,1790196673138,0,0,OCUPADO,1,28,55,120,1,1
1790196675138,sala01,10458,1790196675138,0,0,OCUPADO,0,28,55,120,1,1
1790196677138,sala01,10459,1790196677138,0,0,OCUPADO,1,28,55,120,1,1
1790196679138,sala01,10460,1790196679138,0,0,OCUPADO,1,28,55,120,1,1
1790196681138,sala01,10461,1790196681138,0,0,OCUPADO,1,28,55,120,1,1
1790196683138,sala01,10462,1790196683138,0,0,OCUPADO,0,28,55,120,1,1
1790196685138,sala01,10463,1790196685138,0,0,OCUPADO,1,28,55,120,1,1
1790196687138,sala01,10464,1790196687138,0,0,OCUPADO,1,28,55,120,1,1
1790196689138,sala01,10465,1790196689138,0,0,OCUPADO,1,28,55,120,1,1
1790196691138,sala01,10466,1790196691138,0,0,OCUPADO,0,28,55,120,1,1
1790196693138,sala01,10467,1790196693138,0,0,OCUPADO,1,28,55,120,1,1
1790196695138,sala01,10468,1790196695138,0,0,OCUPADO,1,28,55,120,1,1
1790196697138,sala01,10469,1790196697138,0,0,OCUPADO,1,28,55,120,1,1
1790196699138,sala01,10470,1790196699138,0,0,OCUPADO,0,28,55,120,1,1
1790196701138,sala01,10471,1790196701138,0,0,OCUPADO,1,28,55,120,1,1
1790196703138,sala01,10472,1790196703138,0,0,OCUPADO,1,28,55,120,1,1
1790196705138,sala01,10473,1790196705138,0,0,OCUPADO,1,28,55,120,1,1
1790196707138,sala01,10474,1790196707138,0,0,OCUPADO,0,28,55,120,1,1
1790196709138,sala01,10475,1790196709138,0,0,OCUPADO,1,28,55,120,1,1
1790196711138,sala01,10476,1790196711138,0,0,OCUPADO,1,28,55,120,1,1
1790196713138,sala01,10477,1790196713138,0,0,OCUPADO,1,28,55,120,1,1
1790196715138,sala01,10478,1790196715138,0,0,OCUPADO,0,28,55,120,1,1
1790196717138,sala01,10479,1790196717138,0,0,OCUPADO,1,28,55,120,1,1
1790196719138,sala01,10480,1790196719138,0,0,OCUPADO,1,28,55,120,1,1
1790196721138,sala01,10481,1790196721138,0,0,OCUPADO,1,28,55,120,1,1
1790196723138,sala01,10482,1790196723138,0,0,OCUPADO,0,28,55,120,1,1
1790196725138,sala01,10483,1790196725138,0,0,OCUPADO,1,28,55,120,1,1
1790196727138,sala01,10484,1790196727138,0,0,OCUPADO,1,28,55,120,1,1
1790196729138,sala01,10485,1790196729138,0,0,OCUPADO,1,28,55,120,1,1
1790196731138,sala01,10486,1790196731138,0,0,OCUPADO,0,28,55,120,1,1
1790196733138,sala01,10487,1790196733138,0,0,OCUPADO,1,28,55,120,1,1
1790196735138,sala01,10488,1790196735138,0,0,OCUPADO,1,28,55,120,1,1
1790196737138,sala01,10489,1790196737138,0,0,OCUPADO,1,28,55,120,1,1
1790196739138,sala01,10490,1790196739138,0,0,OCUPADO,0,28,55,120,1,1
1790196741138,sala01,10491,1790196741138,0,0,OCUPADO,1,28,55,120,1,1
1790196743138,sala01,10492,1790196743138,0,0,OCUPADO,1,28,55,120,1,1
1790196745138,sala01,10493,1790196745138,0,0,OCUPADO,1,28,55,120,1,1
1790196747138,sala01,10494,1790196747138,0,0,OCUPADO,0,28,55,120,1,1
1790196749138,sala01,10495,1790196749138,0,0,OCUPADO,1,28,55,120,1,1
1790196751138,sala01,10496,1790196751138,0,0,OCUPADO,1,28,55,120,1,1
1790196753138,sala01,10497,1790196753138,0,0,OCUPADO,1,28,55,120,1,1
1790196755138,sala01,10498,1790196755138,0,0,OCUPADO,0,28,55,120,1,1
1790196757138,sala01,10499,1790196757138,0,0,OCUPADO,1,28,55,120,1,1
1790196759138,sala01,10500,1790196759138,0,0,OCUPADO,1,28,55,120,1,1
1790196761138,sala01,10501,1790196761138,0,0,OCUPADO,1,28,55,120,1,1
1790196763138,sala01,10502,1790196763138,0,0,OCUPADO,0,28,55,120,1,1
1790196765138,sala01,10503,1790196765138,0,0,OCUPADO,1,28,55,120,1,1
1790196767138,sala01,10504,1790196767138,0,0,OCUPADO,1,28,55,120,1,1
1790196769138,sala01,10505,1790196769138,0,0,OCUPADO,1,28,55,120,1,1
1790196771138,sala01,10506,1790196771138,0,0,OCUPADO,0,28,55,120,1,1
1790196773138,sala01,10507,1790196773138,0,0,OCUPADO,1,28,55,120,1,1
1790196775138,sala01,10508,1790196775138,0,0,OCUPADO,1,28,55,120,1,1
1790196777138,sala01,10509,1790196777138,0,0,OCUPADO,1,28,55,120,1,1
1790196779138,sala01,10510,1790196779138,0,0,OCUPADO,0,28,55,120,1,1
1790196781138,sala01,10511,1790196781138,0,0,OCUPADO,1,28,55,120,1,1
1790196783138,sala01,10512,1790196783138,0,0,OCUPADO,1,28,55,120,1,1
1790196785138,sala01,10513,1790196785138,0,0,OCUPADO,1,28,55,120,1,1
1790196787138,sala01,10514,1790196787138,0,0,OCUPADO,0,28,55,120,1,1
1790196789138,sala01,10515,1790196789138,0,0,OCUPADO,1,28,55,120,1,1
1790196791138,sala01,10516,1790196791138,0,0,OCUPADO,1,28,55,120,1,1
1790196793138,sala01,10517,1790196793138,0,0,OCUPADO,1,28,55,120,1,1
1790196795138,sala01,10518,1790196795138,0,0,OCUPADO,0,28,55,120,1,1
1790196797138,sala01,10519,1790196797138,0,0,OCUPADO,1,28,55,120,1,1
1790196799138,sala01,10520,1790196799138,0,0,OCUPADO,1,28,55,120,1,1
1790196801138,sala01,10521,1790196801138,0,0,OCUPADO,1,28,55,120,1,1
1790196803138,sala01,10522,1790196803138,0,0,OCUPADO,0,28,55,120,1,1
1790196805138,sala01,10523,1790196805138,0,0,OCUPADO,1,28,55,120,1,1
1790196807138,sala01,10524,1790196807138,0,0,OCUPADO,1,28,55,120,1,1
1790196809138,sala01,10525,1790196809138,0,0,OCUPADO,1,28,55,120,1,1
1790196811138,sala01,10526,1790196811138,0,0,OCUPADO,0,28,55,120,1,1
1790196813138,sala01,10527,1790196813138,0,0,OCUPADO,1,28,55,120,1,1
1790196815138,sala01,10528,1790196815138,0,0,OCUPADO,1,28,55,120,1,1
1790196817138,sala01,10529,1790196817138,0,0,OCUPADO,1,28,55,120,1,1
1790196819138,sala01,10530,1790196819138,0,0,OCUPADO,0,28,55,120,1,1
1790196821138,sala01,10531,1790196821138,0,0,OCUPADO,1,28,55,120,1,1
1790196823138,sala01,10532,1790196823138,0,0,OCUPADO,1,28,55,120,1,1
1790196825138,sala01,10533,1790196825138,0,0,OCUPADO,1,28,55,120,1,1
1790196827138,sala01,10534,1790196827138,0,0,OCUPADO,0,28,55,120,1,1
1790196829138,sala01,10535,1790196829138,0,0,OCUPADO,1,28,55,120,1,1
1790196831138,sala01,10536,1790196831138,0,0,OCUPADO,1,28,55,120,1,1
1790196833138,sala01,10537,1790196833138,0,0,OCUPADO,1,28,55,120,1,1
1790196835138,sala01,10538,1790196835138,0,0,OCUPADO,0,28,55,120,1,1
1790196837138,sala01,10539,1790196837138,0,0,OCUPADO,1,28,55,120,1,1
1790196839138,sala01,10540,1790196839138,0,0,OCUPADO,1,28,55,120,1,1
1790196841138,sala01,10541,1790196841138,0,0,OCUPADO,1,28,55,120,1,1
1790196843138,sala01,10542,1790196843138,0,0,OCUPADO,0,28,55,120,1,1
1790196845138,sala01,10543,1790196845138,0,0,OCUPADO,1,28,55,120,1,1
1790196847138,sala01,10544,1790196847138,0,0,OCUPADO,1,28,55,120,1,1
1790196849138,sala01,10545,1790196849138,0,0,OCUPADO,1,28,55,120,1,1
1790196851138,sala01,10546,1790196851138,0,0,OCUPADO,0,28,55,120,1,1
1790196853138,sala01,10547,1790196853138,0,0,OCUPADO,1,28,55,120,1,1
1790196855138,sala01,10548,1790196855138,0,0,OCUPADO,1,28,55,120,1,1
1790196857138,sala01,10549,1790196857138,0,0,OCUPADO,1,28,55,120,1,1
1790196859138,sala01,10550,1790196859138,0,0,OCUPADO,0,28,55,120,1,1
1790196861138,sala01,10551,1790196861138,0,0,OCUPADO,1,28,55,120,1,1
1790196863138,sala01,10552,1790196863138,0,0,OCUPADO,1,28,55,120,1,1
1790196865138,sala01,10553,1790196865138,0,0,OCUPADO,1,28,55,120,1,1
1790196867138,sala01,10554,1790196867138,0,0,OCUPADO,0,28,55,120,1,1
1790196869138,sala01,10555,1790196869138,0,0,OCUPADO,1,28,55,120,1,1
1790196871138,sala01,10556,1790196871138,0,0,OCUPADO,1,28,55,120,1,1
1790196873138,sala01,10557,1790196873138,0,0,OCUPADO,1,28,55,120,1,1
1790196875138,sala01,10558,1790196875138,0,0,OCUPADO,0,28,55,120,1,1
1790196877138,sala01,10559,1790196877138,0,0,OCUPADO,1,28,55,120,1,1
1790196879138,sala01,10560,1790196879138,0,0,OCUPADO,1,28,55,120,1,1
1790196881138,sala01,10561,1790196881138,0,0,OCUPADO,1,28,55,120,1,1
1790196883138,sala01,10562,1790196883138,0,0,OCUPADO,0,28,55,120,1,1
1790196885138,sala01,10563,1790196885138,0,0,OCUPADO,1,28,55,120,1,1
1790196887138,sala01,10564,1790196887138,0,0,OCUPADO,1,28,55,120,1,1
1790196889138,sala01,10565,1790196889138,0,0,OCUPADO,1,28,55,120,1,1
1790196891138,sala01,10566,1790196891138,0,0,OCUPADO,0,28,55,120,1,1
1790196893138,sala01,10567,1790196893138,0,0,OCUPADO,1,28,55,120,1,1
1790196895138,sala01,10568,1790196895138,0,0,OCUPADO,1,28,55,120,1,1
1790196897138,sala01,10569,1790196897138,0,0,OCUPADO,1,28,55,120,1,1
1790196899138,sala01,10570,1790196899138,0,0,OCUPADO,0,28,55,120,1,1
1790196901138,sala01,10571,1790196901138,0,0,OCUPADO,1,28,55,120,1,1
1790196903138,sala01,10572,1790196903138,0,0,OCUPADO,1,28,55,120,1,1
1790196905138,sala01,10573,1790196905138,0,0,OCUPADO,1,28,55,120,1,1
1790196907138,sala01,10574,1790196907138,0,0,OCUPADO,0,28,55,120,1,1
1790196909138,sala01,10575,1790196909138,0,0,OCUPADO,1,28,55,120,1,1
1790196911138,sala01,10576,1790196911138,0,0,OCUPADO,1,28,55,120,1,1
1790196913138,sala01,10577,1790196913138,0,0,OCUPADO,1,28,55,120,1,1
1790196915138,sala01,10578,1790196915138,0,0,OCUPADO,0,28,55,120,1,1
1790196917138,sala01,10579,1790196917138,0,0,OCUPADO,1,28,55,120,1,1
1790196919138,sala01,10580,1790196919138,0,0,OCUPADO,1,28,55,120,1,1
1790196921138,sala01,10581,1790196921138,0,0,OCUPADO,1,28,55,120,1,1
1790196923138,sala01,10582,1790196923138,0,0,OCUPADO,0,28,55,120,1,1
1790196925138,sala01,10583,1790196925138,0,0,OCUPADO,1,28,55,120,1,1
1790196927138,sala01,10584,1790196927138,0,0,OCUPADO,1,28,55,120,1,1
1790196929138,sala01,10585,1790196929138,0,0,OCUPADO,1,28,55,120,1,1
1790196931138,sala01,10586,1790196931138,0,0,OCUPADO,0,28,55,120,1,1
1790196933138,sala01,10587,1790196933138,0,0,OCUPADO,1,28,55,120,1,1
1790196935138,sala01,10588,1790196935138,0,0,OCUPADO,1,28,55,120,1,1
1790196937138,sala01,10589,1790196937138,0,0,OCUPADO,1,28,55,120,1,1
1790196939138,sala01,10590,1790196939138,0,0,OCUPADO,0,28,55,120,1,1
1790196941138,sala01,10591,1790196941138,0,0,OCUPADO,1,28,55,120,1,1
1790196943138,sala01,10592,1790196943138,0,0,OCUPADO,1,28,55,120,1,1
1790196945138,sala01,10593,1790196945138,0,0,OCUPADO,1,28,55,120,1,1
1790196947138,sala01,10594,1790196947138,0,0,OCUPADO,0,28,55,120,1,1
1790196949138,sala01,10595,1790196949138,0,0,OCUPADO,1,28,55,120,1,1
1790196951138,sala01,10596,1790196951138,0,0,OCUPADO,1,28,55,120,1,1
1790196953138,sala01,10597,1790196953138,0,0,OCUPADO,1,28,55,120,1,1
1790196955138,sala01,10598,1790196955138,0,0,OCUPADO,0,28,55,120,1,1
1790196957138,sala01,10599,1790196957138,0,0,OCUPADO,1,28,55,120,1,1
1790196959138,sala01,10600,1790196959138,0,0,OCUPADO,1,28,55,120,1,1
1790196961138,sala01,10601,1790196961138,0,0,OCUPADO,1,28,55,120,1,1
1790196963138,sala01,10602,1790196963138,0,0,OCUPADO,0,28,55,120,1,1
1790196965138,sala01,10603,1790196965138,0,0,OCUPADO,1,28,55,120,1,1
1790196967138,sala01,10604,1790196967138,0,0,OCUPADO,1,28,55,120,1,1
1790196969138,sala01,10605,1790196969138,0,0,OCUPADO,1,28,55,120,1,1
1790196971138,sala01,10606,1790196971138,0,0,OCUPADO,0,28,55,120,1,1
1790196973138,sala01,10607,1790196973138,0,0,OCUPADO,1,28,55,120,1,1
1790196975138,sala01,10608,1790196975138,0,0,OCUPADO,1,28,55,120,1,1
1790196977138,sala01,10609,1790196977138,0,0,OCUPADO,1,28,55,120,1,1
1790196979138,sala01,10610,1790196979138,0,0,OCUPADO,0,28,55,120,1,1
1790196981138,sala01,10611,1790196981138,0,0,OCUPADO,1,28,55,120,1,1
1790196983138,sala01,10612,1790196983138,0,0,OCUPADO,1,28,55,120,1,1
1790196985138,sala01,10613,1790196985138,0,0,OCUPADO,1,28,55,120,1,1
1790196987138,sala01,10614,1790196987138,0,0,OCUPADO,0,28,55,120,1,1
1790196989138,sala01,10615,1790196989138,0,0,OCUPADO,1,28,55,120,1,1
1790196991138,sala01,10616,1790196991138,0,0,OCUPADO,1,28,55,120,1,1
1790196993138,sala01,10617,1790196993138,0,0,OCUPADO,1,28,55,120,1,1
1790196995138,sala01,10618,1790196995138,0,0,OCUPADO,0,28,55,120,1,1
1790196997138,sala01,10619,1790196997138,0,0,OCUPADO,1,28,55,120,1,1
1790196999138,sala01,10620,1790196999138,0,0,OCUPADO,1,28,55,120,1,1
1790197001138,sala01,10621,1790197001138,0,0,OCUPADO,1,28,55,120,1,1
1790197003138,sala01,10622,1790197003138,0,0,OCUPADO,0,28,55,120,1,1
1790197005138,sala01,10623,1790197005138,0,0,OCUPADO,1,28,55,120,1,1
1790197007138,sala01,10624,1790197007138,0,0,OCUPADO,1,28,55,120,1,1
1790197009138,sala01,10625,1790197009138,0,0,OCUPADO,1,28,55,120,1,1
1790197011138,sala01,10626,1790197011138,0,0,OCUPADO,0,28,55,120,1,1
1790197013138,sala01,10627,1790197013138,0,0,OCUPADO,1,28,55,120,1,1
1790197015138,sala01,10628,1790197015138,0,0,OCUPADO,1,28,55,120,1,1
1790197017138,sala01,10629,1790197017138,0,0,OCUPADO,1,28,55,120,1,1
1790197019138,sala01,10630,1790197019138,0,0,OCUPADO,0,28,55,120,1,1
1790197021138,sala01,10631,1790197021138,0,0,OCUPADO,1,28,55,120,1,1
1790197023138,sala01,10632,1790197023138,0,0,OCUPADO,1,28,55,120,1,1
1790197025138,sala01,10633,1790197025138,0,0,OCUPADO,1,28,55,120,1,1
1790197027138,sala01,10634,1790197027138,0,0,OCUPADO,0,28,55,120,1,1
1790197029138,sala01,10635,1790197029138,0,0,OCUPADO,1,28,55,120,1,1
1790197031138,sala01,10636,1790197031138,0,0,OCUPADO,1,28,55,120,1,1
1790197033138,sala01,10637,1790197033138,0,0,OCUPADO,1,28,55,120,1,1
1790197035138,sala01,10638,1790197035138,0,0,OCUPADO,0,28,55,120,1,1
1790197037138,sala01,10639,1790197037138,0,0,OCUPADO,1,28,55,120,1,1
1790197039138,sala01,10640,1790197039138,0,0,OCUPADO,1,28,55,120,1,1
1790197041138,sala01,10641,1790197041138,0,0,OCUPADO,1,28,55,120,1,1
1790197043138,sala01,10642,1790197043138,0,0,OCUPADO,0,28,55,120,1,1
1790197045138,sala01,10643,1790197045138,0,0,OCUPADO,1,28,55,120,1,1
1790197047138,sala01,10644,1790197047138,0,0,OCUPADO,1,28,55,120,1,1
1790197049138,sala01,10645,1790197049138,0,0,OCUPADO,1,28,55,120,1,1
1790197051138,sala01,10646,1790197051138,0,0,OCUPADO,0,28,55,120,1,1
1790197053138,sala01,10647,1790197053138,0,0,OCUPADO,1,28,55,120,1,1
1790197055138,sala01,10648,1790197055138,0,0,OCUPADO,1,28,55,120,1,1
1790197057138,sala01,10649,1790197057138,0,0,OCUPADO,1,28,55,120,1,1
1790197059138,sala01,10650,1790197059138,0,0,OCUPADO,0,28,55,120,1,1
1790197061138,sala01,10651,1790197061138,0,0,OCUPADO,1,28,55,120,1,1
1790197063138,sala01,10652,1790197063138,0,0,OCUPADO,1,28,55,120,1,1
1790197065138,sala01,10653,1790197065138,0,0,OCUPADO,1,28,55,120,1,1
1790197067138,sala01,10654,1790197067138,0,0,OCUPADO,0,28,55,120,1,1
1790197069138,sala01,10655,1790197069138,0,0,OCUPADO,1,28,55,120,1,1
1790197071138,sala01,10656,1790197071138,0,0,OCUPADO,1,28,55,120,1,1
1790197073138,sala01,10657,1790197073138,0,0,OCUPADO,1,28,55,120,1,1
1790197075138,sala01,10658,1790197075138,0,0,OCUPADO,0,28,55,120,1,1
1790197077138,sala01,10659,1790197077138,0,0,OCUPADO,1,28,55,120,1,1
1790197079138,sala01,10660,1790197079138,0,0,OCUPADO,1,28,55,120,1,1
1790197081138,sala01,10661,1790197081138,0,0,OCUPADO,1,28,55,120,1,1
1790197083138,sala01,10662,1790197083138,0,0,OCUPADO,0,28,55,120,1,1
1790197085138,sala01,10663,1790197085138,0,0,OCUPADO,1,28,55,120,1,1
1790197087138,sala01,10664,1790197087138,0,0,OCUPADO,1,28,55,120,1,1
1790197089138,sala01,10665,1790197089138,0,0,OCUPADO,1,28,55,120,1,1
1790197091138,sala01,10666,1790197091138,0,0,OCUPADO,0,28,55,120,1,1
1790197093138,sala01,10667,1790197093138,0,0,OCUPADO,1,28,55,120,1,1
1790197095138,sala01,10668,1790197095138,0,0,OCUPADO,1,28,55,120,1,1
1790197097138,sala01,10669,1790197097138,0,0,OCUPADO,1,28,55,120,1,1
1790197099138,sala01,10670,1790197099138,0,0,OCUPADO,0,28,55,120,1,1
1790197101138,sala01,10671,1790197101138,0,0,OCUPADO,1,28,55,120,1,1
1790197103138,sala01,10672,1790197103138,0,0,OCUPADO,1,28,55,120,1,1
1790197105138,sala01,10673,1790197105138,0,0,OCUPADO,1,28,55,120,1,1
1790197107138,sala01,10674,1790197107138,0,0,OCUPADO,0,28,55,120,1,1
1790197109138,sala01,10675,1790197109138,0,0,OCUPADO,1,28,55,120,1,1
1790197111138,sala01,10676,1790197111138,0,0,OCUPADO,1,28,55,120,1,1
1790197113138,sala01,10677,1790197113138,0,0,OCUPADO,1,28,55,120,1,1
1790197115138,sala01,10678,1790197115138,0,0,OCUPADO,0,28,55,120,1,1
1790197117138,sala01,10679,1790197117138,0,0,OCUPADO,1,28,55,120,1,1
1790197119138,sala01,10680,1790197119138,0,0,OCUPADO,1,28,55,120,1,1
1790197121138,sala01,10681,1790197121138,0,0,OCUPADO,1,28,55,120,1,1
1790197123138,sala01,10682,1790197123138,0,0,OCUPADO,0,28,55,120,1,1
1790197125138,sala01,10683,1790197125138,0,0,OCUPADO,1,28,55,120,1,1
1790197127138,sala01,10684,1790197127138,0,0,OCUPADO,1,28,55,120,1,1
1790197129138,sala01,10685,1790197129138,0,0,OCUPADO,1,28,55,120,1,1
1790197131138,sala01,10686,1790197131138,0,0,OCUPADO,0,28,55,120,1,1
1790197133138,sala01,10687,1790197133138,0,0,OCUPADO,1,28,55,120,1,1
1790197135138,sala01,10688,1790197135138,0,0,OCUPADO,1,28,55,120,1,1
1790197137138,sala01,10689,1790197137138,0,0,OCUPADO,1,28,55,120,1,1
1790197139138,sala01,10690,1790197139138,0,0,OCUPADO,0,28,55,120,1,1
1790197141138,sala01,10691,1790197141138,0,0,OCUPADO,1,28,55,120,1,1
1790197143138,sala01,10692,1790197143138,0,0,OCUPADO,1,28,55,120,1,1
1790197145138,sala01,10693,1790197145138,0,0,OCUPADO,1,28,55,120,1,1
1790197147138,sala01,10694,1790197147138,0,0,OCUPADO,0,28,55,120,1,1
1790197149138,sala01,10695,1790197149138,0,0,OCUPADO,1,28,55,120,1,1
1790197151138,sala01,10696,1790197151138,0,0,OCUPADO,1,28,55,120,1,1
1790197153138,sala01,10697,1790197153138,0,0,OCUPADO,1,28,55,120,1,1
1790197155138,sala01,10698,1790197155138,0,0,OCUPADO,0,28,55,120,1,1
1790197157138,sala01,10699,1790197157138,0,0,OCUPADO,1,28,55,120,1,1
1790197159138,sala01,10700,1790197159138,0,0,OCUPADO,1,28,55,120,1,1
1790197161138,sala01,10701,1790197161138,0,0,OCUPADO,1,28,55,120,1,1
1790197163138,sala01,10702,1790197163138,0,0,OCUPADO,0,28,55,120,1,1
1790197165138,sala01,10703,1790197165138,0,0,OCUPADO,1,28,55,120,1,1
1790197167138,sala01,10704,1790197167138,0,0,OCUPADO,1,28,55,120,1,1
1790197169138,sala01,10705,1790197169138,0,0,OCUPADO,1,28,55,120,1,1
1790197171138,sala01,10706,1790197171138,0,0,OCUPADO,0,28,55,120,1,1
1790197173138,sala01,10707,1790197173138,0,0,OCUPADO,1,28,55,120,1,1
1790197175138,sala01,10708,1790197175138,0,0,OCUPADO,1,28,55,120,1,1
1790197177138,sala01,10709,1790197177138,0,0,OCUPADO,1,28,55,120,1,1
1790197179138,sala01,10710,1790197179138,0,0,OCUPADO,0,28,55,120,1,1
1790197181138,sala01,10711,1790197181138,0,0,OCUPADO,1,28,55,120,1,1
1790197183138,sala01,10712,1790197183138,0,0,OCUPADO,1,28,55,120,1,1
1790197185138,sala01,10713,1790197185138,0,0,OCUPADO,1,28,55,120,1,1
1790197187138,sala01,10714,1790197187138,0,0,OCUPADO,0,28,55,120,1,1
1790197189138,sala01,10715,1790197189138,0,0,OCUPADO,1,28,55,120,1,1
1790197191138,sala01,10716,1790197191138,0,0,OCUPADO,1,28,55,120,1,1
1790197193138,sala01,10717,1790197193138,0,0,OCUPADO,1,28,55,120,1,1
1790197195138,sala01,10718,1790197195138,0,0,OCUPADO,0,28,55,120,1,1
1790197197138,sala01,10719,1790197197138,0,0,OCUPADO,1,28,55,120,1,1
1790197199138,sala01,10720,1790197199138,0,0,OCUPADO,1,28,55,120,1,1
1790197201138,sala01,10721,1790197201138,0,0,OCUPADO,1,28,55,120,1,1
1790197203138,sala01,10722,1790197203138,0,0,OCUPADO,0,28,55,120,1,1
1790197205138,sala01,10723,1790197205138,0,0,OCUPADO,1,28,55,120,1,1
1790197207138,sala01,10724,1790197207138,0,0,OCUPADO,1,28,55,120,1,1
1790197209138,sala01,10725,1790197209138,0,0,OCUPADO,1,28,55,120,1,1
1790197211138,sala01,10726,1790197211138,0,0,OCUPADO,0,28,55,120,1,1
1790197213138,sala01,10727,1790197213138,0,0,OCUPADO,1,28,55,120,1,1
1790197215138,sala01,10728,1790197215138,0,0,OCUPADO,1,28,55,120,1,1
1790197217138,sala01,10729,1790197217138,0,0,OCUPADO,1,28,55,120,1,1
1790197219138,sala01,10730,1790197219138,0,0,OCUPADO,0,28,55,120,1,1
1790197221138,sala01,10731,1790197221138,0,0,OCUPADO,1,28,55,120,1,1
1790197223138,sala01,10732,1790197223138,0,0,OCUPADO,1,28,55,120,1,1
1790197225138,sala01,10733,1790197225138,0,0,OCUPADO,1,28,55,120,1,1
1790197227138,sala01,10734,1790197227138,0,0,OCUPADO,0,28,55,120,1,1
1790197229138,sala01,10735,1790197229138,0,0,OCUPADO,1,28,55,120,1,1
1790197231138,sala01,10736,1790197231138,0,0,OCUPADO,1,28,55,120,1,1
1790197233138,sala01,10737,1790197233138,0,0,OCUPADO,1,28,55,120,1,1
1790197235138,sala01,10738,1790197235138,0,0,OCUPADO,0,28,55,120,1,1
1790197237138,sala01,10739,1790197237138,0,0,OCUPADO,1,28,55,120,1,1
1790197239138,sala01,10740,1790197239138,0,0,OCUPADO,1,28,55,120,1,1
1790197241138,sala01,10741,1790197241138,0,0,OCUPADO,1,28,55,120,1,1
1790197243138,sala01,10742,1790197243138,0,0,OCUPADO,0,28,55,120,1,1
1790197245138,sala01,10743,1790197245138,0,0,OCUPADO,1,28,55,120,1,1
1790197247138,sala01,10744,1790197247138,0,0,OCUPADO,1,28,55,120,1,1
1790197249138,sala01,10745,1790197249138,0,0,OCUPADO,1,28,55,120,1,1
1790197251138,sala01,10746,1790197251138,0,0,OCUPADO,0,28,55,120,1,1
1790197253138,sala01,10747,1790197253138,0,0,OCUPADO,1,28,55,120,1,1
1790197255138,sala01,10748,1790197255138,0,0,OCUPADO,1,28,55,120,1,1
1790197257138,sala01,10749,1790197257138,0,0,OCUPADO,1,28,55,120,1,1
1790197259138,sala01,10750,1790197259138,0,0,OCUPADO,0,28,55,120,1,1
1790197261138,sala01,10751,1790197261138,0,0,OCUPADO,1,28,55,120,1,1
1790197263138,sala01,10752,1790197263138,0,0,OCUPADO,1,28,55,120,1,1
1790197265138,sala01,10753,1790197265138,0,0,OCUPADO,1,28,55,120,1,1
1790197267138,sala01,10754,1790197267138,0,0,OCUPADO,0,28,55,120,1,1
1790197269138,sala01,10755,1790197269138,0,0,OCUPADO,1,28,55,120,1,1
1790197271138,sala01,10756,1790197271138,0,0,OCUPADO,1,28,55,120,1,1
1790197273138,sala01,10757,1790197273138,0,0,OCUPADO,1,28,55,120,1,1
1790197275138,sala01,10758,1790197275138,0,0,OCUPADO,0,28,55,120,1,1
1790197277138,sala01,10759,1790197277138,0,0,OCUPADO,1,28,55,120,1,1
1790197279138,sala01,10760,1790197279138,0,0,OCUPADO,1,28,55,120,1,1
1790197281138,sala01,10761,1790197281138,0,0,OCUPADO,1,28,55,120,1,1
1790197283138,sala01,10762,1790197283138,0,0,OCUPADO,0,28,55,120,1,1
1790197285138,sala01,10763,1790197285138,0,0,OCUPADO,1,28,55,120,1,1
1790197287138,sala01,10764,1790197287138,0,0,OCUPADO,1,28,55,120,1,1
1790197289138,sala01,10765,1790197289138,0,0,OCUPADO,1,28,55,120,1,1
1790197291138,sala01,10766,1790197291138,0,0,OCUPADO,0,28,55,120,1,1
1790197293138,sala01,10767,1790197293138,0,0,OCUPADO,1,28,55,120,1,1
1790197295138,sala01,10768,1790197295138,0,0,OCUPADO,1,28,55,120,1,1
1790197297138,sala01,10769,1790197297138,0,0,OCUPADO,1,28,55,120,1,1
1790197299138,sala01,10770,1790197299138,0,0,OCUPADO,0,28,55,120,1,1
1790197301138,sala01,10771,1790197301138,0,0,OCUPADO,1,28,55,120,1,1
1790197303138,sala01,10772,1790197303138,0,0,OCUPADO,1,28,55,120,1,1
1790197305138,sala01,10773,1790197305138,0,0,OCUPADO,1,28,55,120,1,1
1790197307138,sala01,10774,1790197307138,0,0,OCUPADO,0,28,55,120,1,1
1790197309138,sala01,10775,1790197309138,0,0,OCUPADO,1,28,55,120,1,1
1790197311138,sala01,10776,1790197311138,0,0,OCUPADO,1,28,55,120,1,1
1790197313138,sala01,10777,1790197313138,0,0,OCUPADO,1,28,55,120,1,1
1790197315138,sala01,10778,1790197315138,0,0,OCUPADO,0,28,55,120,1,1
1790197317138,sala01,10779,1790197317138,0,0,OCUPADO,1,28,55,120,1,1
1790197319138,sala01,10780,1790197319138,0,0,OCUPADO,1,28,55,120,1,1
1790197321138,sala01,10781,1790197321138,0,0,OCUPADO,1,28,55,120,1,1
1790197323138,sala01,10782,1790197323138,0,0,OCUPADO,0,28,55,120,1,1
1790197325138,sala01,10783,1790197325138,0,0,OCUPADO,1,28,55,120,1,1
1790197327138,sala01,10784,1790197327138,0,0,OCUPADO,1,28,55,120,1,1
1790197329138,sala01,10785,1790197329138,0,0,OCUPADO,1,28,55,120,1,1
1790197331138,sala01,10786,1790197331138,0,0,OCUPADO,0,28,55,120,1,1
1790197333138,sala01,10787,1790197333138,0,0,OCUPADO,1,28,55,120,1,1
1790197335138,sala01,10788,1790197335138,0,0,OCUPADO,1,28,55,120,1,1
1790197337138,sala01,10789,1790197337138,0,0,OCUPADO,1,28,55,120,1,1
1790197339138,sala01,10790,1790197339138,0,0,OCUPADO,0,28,55,120,1,1
1790197341138,sala01,10791,1790197341138,0,0,OCUPADO,1,28,55,120,1,1
1790197343138,sala01,10792,1790197343138,0,0,OCUPADO,1,28,55,120,1,1
1790197345138,sala01,10793,1790197345138,0,0,OCUPADO,1,28,55,120,1,1
1790197347138,sala01,10794,1790197347138,0,0,OCUPADO,0,28,55,120,1,1
1790197349138,sala01,10795,1790197349138,0,0,OCUPADO,1,28,55,120,1,1
1790197351138,sala01,10796,1790197351138,0,0,OCUPADO,1,28,55,120,1,1
1790197353138,sala01,10797,1790197353138,0,0,OCUPADO,1,28,55,120,1,1
1790197355138,sala01,10798,1790197355138,0,0,OCUPADO,0,28,55,120,1,1
1790197357138,sala01,10799,1790197357138,0,0,OCUPADO,1,28,55,120,1,1
1790197359138,sala01,10800,1790197359138,0,0,OCUPADO,1,28,55,120,1,1
1790197361138,sala01,10801,1790197361138,0,0,OCUPADO,1,28,55,120,1,1
1790197363138,sala01,10802,1790197363138,0,0,OCUPADO,0,28,55,120,1,1
1790197365138,sala01,10803,1790197365138,0,0,OCUPADO,1,28,55,120,1,1
1790197367138,sala01,10804,1790197367138,0,0,OCUPADO,1,28,55,120,1,1
1790197369138,sala01,10805,1790197369138,0,0,OCUPADO,1,28,55,120,1,1
1790197371138,sala01,10806,1790197371138,0,0,OCUPADO,0,28,55,120,1,1
1790197373138,sala01,10807,1790197373138,0,0,OCUPADO,1,28,55,120,1,1
1790197375138,sala01,10808,1790197375138,0,0,OCUPADO,1,28,55,120,1,1
1790197377138,sala01,10809,1790197377138,0,0,OCUPADO,1,28,55,120,1,1
1790197379138,sala01,10810,1790197379138,0,0,OCUPADO,0,28,55,120,1,1
1790197381138,sala01,10811,1790197381138,0,0,OCUPADO,1,28,55,120,1,1
1790197383138,sala01,10812,1790197383138,0,0,OCUPADO,1,28,55,120,1,1
1790197385138,sala01,10813,1790197385138,0,0,OCUPADO,1,28,55,120,1,1
1790197387138,sala01,10814,1790197387138,0,0,OCUPADO,0,28,55,120,1,1
1790197389138,sala01,10815,1790197389138,0,0,OCUPADO,1,28,55,120,1,1
1790197391138,sala01,10816,1790197391138,0,0,OCUPADO,1,28,55,120,1,1
1790197393138,sala01,10817,1790197393138,0,0,OCUPADO,1,28,55,120,1,1
1790197395138,sala01,10818,1790197395138,0,0,OCUPADO,0,28,55,120,1,1
1790197397138,sala01,10819,1790197397138,0,0,OCUPADO,1,28,55,120,1,1
1790197399138,sala01,10820,1790197399138,0,0,OCUPADO,1,28,55,120,1,1
1790197401138,sala01,10821,1790197401138,0,0,OCUPADO,1,28,55,120,1,1
1790197403138,sala01,10822,1790197403138,0,0,OCUPADO,0,28,55,120,1,1
1790197405138,sala01,10823,1790197405138,0,0,OCUPADO,1,28,55,120,1,1
1790197407138,sala01,10824,1790197407138,0,0,OCUPADO,1,28,55,120,1,1
1790197409138,sala01,10825,1790197409138,0,0,OCUPADO,1,28,55,120,1,1
1790197411138,sala01,10826,1790197411138,0,0,OCUPADO,0,28,55,120,1,1
1790197413138,sala01,10827,1790197413138,0,0,OCUPADO,1,28,55,120,1,1
1790197415138,sala01,10828,1790197415138,0,0,OCUPADO,1,28,55,120,1,1
1790197417138,sala01,10829,1790197417138,0,0,OCUPADO,1,28,55,120,1,1
1790197419138,sala01,10830,1790197419138,0,0,OCUPADO,0,28,55,120,1,1
1790197421138,sala01,10831,1790197421138,0,0,OCUPADO,1,28,55,120,1,1
1790197423138,sala01,10832,1790197423138,0,0,OCUPADO,1,28,55,120,1,1
1790197425138,sala01,10833,1790197425138,0,0,OCUPADO,1,28,55,120,1,1
1790197427138,sala01,10834,1790197427138,0,0,OCUPADO,0,28,55,120,1,1
1790197429138,sala01,10835,1790197429138,0,0,OCUPADO,1,28,55,120,1,1
1790197431138,sala01,10836,1790197431138,0,0,OCUPADO,1,28,55,120,1,1
1790197433138,sala01,10837,1790197433138,0,0,OCUPADO,1,28,55,120,1,1
1790197435138,sala01,10838,1790197435138,0,0,OCUPADO,0,28,55,120,1,1
1790197437138,sala01,10839,1790197437138,0,0,OCUPADO,1,28,55,120,1,1
1790197439138,sala01,10840,1790197439138,0,0,OCUPADO,1,28,55,120,1,1
1790197441138,sala01,10841,1790197441138,0,0,OCUPADO,1,28,55,120,1,1
1790197443138,sala01,10842,1790197443138,0,0,OCUPADO,0,28,55,120,1,1
1790197445138,sala01,10843,1790197445138,0,0,OCUPADO,1,28,55,120,1,1
1790197447138,sala01,10844,1790197447138,0,0,OCUPADO,1,28,55,120,1,1
1790197449138,sala01,10845,1790197449138,0,0,OCUPADO,1,28,55,120,1,1
1790197451138,sala01,10846,1790197451138,0,0,OCUPADO,0,28,55,120,1,1
1790197453138,sala01,10847,1790197453138,0,0,OCUPADO,1,28,55,120,1,1
1790197455138,sala01,10848,1790197455138,0,0,OCUPADO,1,28,55,120,1,1
1790197457138,sala01,10849,1790197457138,0,0,OCUPADO,1,28,55,120,1,1
1790197459138,sala01,10850,1790197459138,0,0,OCUPADO,0,28,55,120,1,1
1790197461138,sala01,10851,1790197461138,0,0,OCUPADO,1,28,55,120,1,1
1790197463138,sala01,10852,1790197463138,0,0,OCUPADO,1,28,55,120,1,1
1790197465138,sala01,10853,1790197465138,0,0,OCUPADO,1,28,55,120,1,1
1790197467138,sala01,10854,1790197467138,0,0,OCUPADO,0,28,55,120,1,1
1790197469138,sala01,10855,1790197469138,0,0,OCUPADO,1,28,55,120,1,1
1790197471138,sala01,10856,1790197471138,0,0,OCUPADO,1,28,55,120,1,1
1790197473138,sala01,10857,1790197473138,0,0,OCUPADO,1,28,55,120,1,1
1790197475138,sala01,10858,1790197475138,0,0,OCUPADO,0,28,55,120,1,1
1790197477138,sala01,10859,1790197477138,0,0,OCUPADO,1,28,55,120,1,1
1790197479138,sala01,10860,1790197479138,0,0,OCUPADO,1,28,55,120,1,1
1790197481138,sala01,10861,1790197481138,0,0,OCUPADO,1,28,55,120,1,1
1790197483138,sala01,10862,1790197483138,0,0,OCUPADO,0,28,55,120,1,1
1790197485138,sala01,10863,1790197485138,0,0,OCUPADO,1,28,55,120,1,1
1790197487138,sala01,10864,1790197487138,0,0,OCUPADO,1,28,55,120,1,1
1790197489138,sala01,10865,1790197489138,0,0,OCUPADO,1,28,55,120,1,1
1790197491138,sala01,10866,1790197491138,0,0,OCUPADO,0,28,55,120,1,1
1790197493138,sala01,10867,1790197493138,0,0,OCUPADO,1,28,55,120,1,1
1790197495138,sala01,10868,1790197495138,0,0,OCUPADO,1,28,55,120,1,1
1790197497138,sala01,10869,1790197497138,0,0,OCUPADO,1,28,55,120,1,1
1790197499138,sala01,10870,1790197499138,0,0,OCUPADO,0,28,55,120,1,1
1790197501138,sala01,10871,1790197501138,0,0,OCUPADO,1,28,55,120,1,1
1790197503138,sala01,10872,1790197503138,0,0,OCUPADO,1,28,55,120,1,1
1790197505138,sala01,10873,1790197505138,0,0,OCUPADO,1,28,55,120,1,1
1790197507138,sala01,10874,1790197507138,0,0,OCUPADO,0,28,55,120,1,1
1790197509138,sala01,10875,1790197509138,0,0,OCUPADO,1,28,55,120,1,1
1790197511138,sala01,10876,1790197511138,0,0,OCUPADO,1,28,55,120,1,1
1790197513138,sala01,10877,1790197513138,0,0,OCUPADO,1,28,55,120,1,1
1790197515138,sala01,10878,1790197515138,0,0,OCUPADO,0,28,55,120,1,1
1790197517138,sala01,10879,1790197517138,0,0,OCUPADO,1,28,55,120,1,1
1790197519138,sala01,10880,1790197519138,0,0,OCUPADO,1,28,55,120,1,1
1790197521138,sala01,10881,1790197521138,0,0,OCUPADO,1,28,55,120,1,1
1790197523138,sala01,10882,1790197523138,0,0,OCUPADO,0,28,55,120,1,1
1790197525138,sala01,10883,1790197525138,0,0,OCUPADO,1,28,55,120,1,1
1790197527138,sala01,10884,1790197527138,0,0,OCUPADO,1,28,55,120,1,1
1790197529138,sala01,10885,1790197529138,0,0,OCUPADO,1,28,55,120,1,1
1790197531138,sala01,10886,1790197531138,0,0,OCUPADO,0,28,55,120,1,1
1790197533138,sala01,10887,1790197533138,0,0,OCUPADO,1,28,55,120,1,1
1790197535138,sala01,10888,1790197535138,0,0,OCUPADO,1,28,55,120,1,1
1790197537138,sala01,10889,1790197537138,0,0,OCUPADO,1,28,55,120,1,1
1790197539138,sala01,10890,1790197539138,0,0,OCUPADO,0,28,55,120,1,1
1790197541138,sala01,10891,1790197541138,0,0,OCUPADO,1,28,55,120,1,1
1790197543138,sala01,10892,1790197543138,0,0,OCUPADO,1,28,55,120,1,1
1790197545138,sala01,10893,1790197545138,0,0,OCUPADO,1,28,55,120,1,1
1790197547138,sala01,10894,1790197547138,0,0,OCUPADO,0,28,55,120,1,1
1790197549138,sala01,10895,1790197549138,0,0,OCUPADO,1,28,55,120,1,1
1790197551138,sala01,10896,1790197551138,0,0,OCUPADO,1,28,55,120,1,1
1790197553138,sala01,10897,1790197553138,0,0,OCUPADO,1,28,55,120,1,1
1790197555138,sala01,10898,1790197555138,0,0,OCUPADO,0,28,55,120,1,1
1790197557138,sala01,10899,1790197557138,0,0,OCUPADO,1,28,55,120,1,1
1790197559138,sala01,10900,1790197559138,0,0,OCUPADO,1,28,55,120,1,1
1790197561138,sala01,10901,1790197561138,0,0,OCUPADO,1,28,55,120,1,1
1790197563138,sala01,10902,1790197563138,0,0,OCUPADO,0,28,55,120,1,1
1790197565138,sala01,10903,1790197565138,0,0,OCUPADO,1,28,55,120,1,1
1790197567138,sala01,10904,1790197567138,0,0,OCUPADO,1,28,55,120,1,1
1790197569138,sala01,10905,1790197569138,0,0,OCUPADO,1,28,55,120,1,1
1790197571138,sala01,10906,1790197571138,0,0,OCUPADO,0,28,55,120,1,1
1790197573138,sala01,10907,1790197573138,0,0,OCUPADO,1,28,55,120,1,1
1790197575138,sala01,10908,1790197575138,0,0,OCUPADO,1,28,55,120,1,1
1790197577138,sala01,10909,1790197577138,0,0,OCUPADO,1,28,55,120,1,1
1790197579138,sala01,10910,1790197579138,0,0,OCUPADO,0,28,55,120,1,1
1790197581138,sala01,10911,1790197581138,0,0,OCUPADO,1,28,55,120,1,1
1790197583138,sala01,10912,1790197583138,0,0,OCUPADO,1,28,55,120,1,1
1790197585138,sala01,10913,1790197585138,0,0,OCUPADO,1,28,55,120,1,1
1790197587138,sala01,10914,1790197587138,0,0,OCUPADO,0,28,55,120,1,1
1790197589138,sala01,10915,1790197589138,0,0,OCUPADO,1,28,55,120,1,1
1790197591138,sala01,10916,1790197591138,0,0,OCUPADO,1,28,55,120,1,1
1790197593138,sala01,10917,1790197593138,0,0,OCUPADO,1,28,55,120,1,1
1790197595138,sala01,10918,1790197595138,0,0,OCUPADO,0,28,55,120,1,1
1790197597138,sala01,10919,1790197597138,0,0,OCUPADO,1,28,55,120,1,1
1790197599138,sala01,10920,1790197599138,0,0,OCUPADO,1,28,55,120,1,1
1790197601138,sala01,10921,1790197601138,0,0,OCUPADO,1,28,55,120,1,1
1790197603138,sala01,10922,1790197603138,0,0,OCUPADO,0,28,55,120,1,1
1790197605138,sala01,10923,1790197605138,0,0,OCUPADO,1,28,55,120,1,1
1790197607138,sala01,10924,1790197607138,0,0,OCUPADO,1,28,55,120,1,1
1790197609138,sala01,10925,1790197609138,0,0,OCUPADO,1,28,55,120,1,1
1790197611138,sala01,10926,1790197611138,0,0,OCUPADO,0,28,55,120,1,1
1790197613138,sala01,10927,1790197613138,0,0,OCUPADO,1,28,55,120,1,1
1790197615138,sala01,10928,1790197615138,0,0,OCUPADO,1,28,55,120,1,1
1790197617138,sala01,10929,1790197617138,0,0,OCUPADO,1,28,55,120,1,1
1790197619138,sala01,10930,1790197619138,0,0,OCUPADO,0,28,55,120,1,1
1790197621138,sala01,10931,1790197621138,0,0,OCUPADO,1,28,55,120,1,1
1790197623138,sala01,10932,1790197623138,0,0,OCUPADO,1,28,55,120,1,1
1790197625138,sala01,10933,1790197625138,0,0,OCUPADO,1,28,55,120,1,1
1790197627138,sala01,10934,1790197627138,0,0,OCUPADO,0,28,55,120,1,1
1790197629138,sala01,10935,1790197629138,0,0,OCUPADO,1,28,55,120,1,1
1790197631138,sala01,10936,1790197631138,0,0,OCUPADO,1,28,55,120,1,1
1790197633138,sala01,10937,1790197633138,0,0,OCUPADO,1,28,55,120,1,1
1790197635138,sala01,10938,1790197635138,0,0,OCUPADO,0,28,55,120,1,1
1790197637138,sala01,10939,1790197637138,0,0,OCUPADO,1,28,55,120,1,1
1790197639138,sala01,10940,1790197639138,0,0,OCUPADO,1,28,55,120,1,1
1790197641138,sala01,10941,1790197641138,0,0,OCUPADO,1,28,55,120,1,1
1790197643138,sala01,10942,1790197643138,0,0,OCUPADO,0,28,55,120,1,1
1790197645138,sala01,10943,1790197645138,0,0,OCUPADO,1,28,55,120,1,1
1790197647138,sala01,10944,1790197647138,0,0,OCUPADO,1,28,55,120,1,1
1790197649138,sala01,10945,1790197649138,0,0,OCUPADO,1,28,55,120,1,1
1790197651138,sala01,10946,1790197651138,0,0,OCUPADO,0,28,55,120,1,1
1790197653138,sala01,10947,1790197653138,0,0,OCUPADO,1,28,55,120,1,1
1790197655138,sala01,10948,1790197655138,0,0,OCUPADO,1,28,55,120,1,1
1790197657138,sala01,10949,1790197657138,0,0,OCUPADO,1,28,55,120,1,1
1790197659138,sala01,10950,1790197659138,0,0,OCUPADO,0,28,55,120,1,1
1790197661138,sala01,10951,1790197661138,0,0,OCUPADO,1,28,55,120,1,1
1790197663138,sala01,10952,1790197663138,0,0,OCUPADO,1,28,55,120,1,1
1790197665138,sala01,10953,1790197665138,0,0,OCUPADO,1,28,55,120,1,1
1790197667138,sala01,10954,1790197667138,0,0,OCUPADO,0,28,55,120,1,1
1790197669138,sala01,10955,1790197669138,0,0,OCUPADO,1,28,55,120,1,1
1790197671138,sala01,10956,1790197671138,0,0,OCUPADO,1,28,55,120,1,1
1790197673138,sala01,10957,1790197673138,0,0,OCUPADO,1,28,55,120,1,1
1790197675138,sala01,10958,1790197675138,0,0,OCUPADO,0,28,55,120,1,1
1790197677138,sala01,10959,1790197677138,0,0,OCUPADO,1,28,55,120,1,1
1790197679138,sala01,10960,1790197679138,0,0,OCUPADO,1,28,55,120,1,1
1790197681138,sala01,10961,1790197681138,0,0,OCUPADO,1,28,55,120,1,1
1790197683138,sala01,10962,1790197683138,0,0,OCUPADO,0,28,55,120,1,1
1790197685138,sala01,10963,1790197685138,0,0,OCUPADO,1,28,55,120,1,1
1790197687138,sala01,10964,1790197687138,0,0,OCUPADO,1,28,55,120,1,1
1790197689138,sala01,10965,1790197689138,0,0,OCUPADO,1,28,55,120,1,1
1790197691138,sala01,10966,1790197691138,0,0,OCUPADO,0,28,55,120,1,1
1790197693138,sala01,10967,1790197693138,0,0,OCUPADO,1,28,55,120,1,1
1790197695138,sala01,10968,1790197695138,0,0,OCUPADO,1,28,55,120,1,1
1790197697138,sala01,10969,1790197697138,0,0,OCUPADO,1,28,55,120,1,1
1790197699138,sala01,10970,1790197699138,0,0,OCUPADO,0,28,55,120,1,1
1790197701138,sala01,10971,1790197701138,0,0,OCUPADO,1,28,55,120,1,1
1790197703138,sala01,10972,1790197703138,0,0,OCUPADO,1,28,55,120,1,1
1790197705138,sala01,10973,1790197705138,0,0,OCUPADO,1,28,55,120,1,1
1790197707138,sala01,10974,1790197707138,0,0,OCUPADO,0,28,55,120,1,1
1790197709138,sala01,10975,1790197709138,0,0,OCUPADO,1,28,55,120,1,1
1790197711138,sala01,10976,1790197711138,0,0,OCUPADO,1,28,55,120,1,1
1790197713138,sala01,10977,1790197713138,0,0,OCUPADO,1,28,55,120,1,1
1790197715138,sala01,10978,1790197715138,0,0,OCUPADO,0,28,55,120,1,1
1790197717138,sala01,10979,1790197717138,0,0,OCUPADO,1,28,55,120,1,1
1790197719138,sala01,10980,1790197719138,0,0,OCUPADO,1,28,55,120,1,1
1790197721138,sala01,10981,1790197721138,0,0,OCUPADO,1,28,55,120,1,1
1790197723138,sala01,10982,1790197723138,0,0,OCUPADO,0,28,55,120,1,1
1790197725138,sala01,10983,1790197725138,0,0,OCUPADO,1,28,55,120,1,1
1790197727138,sala01,10984,1790197727138,0,0,OCUPADO,1,28,55,120,1,1
1790197729138,sala01,10985,1790197729138,0,0,OCUPADO,1,28,55,120,1,1
1790197731138,sala01,10986,1790197731138,0,0,OCUPADO,0,28,55,120,1,1
1790197733138,sala01,10987,1790197733138,0,0,OCUPADO,1,28,55,120,1,1
1790197735138,sala01,10988,1790197735138,0,0,OCUPADO,1,28,55,120,1,1
1790197737138,sala01,10989,1790197737138,0,0,OCUPADO,1,28,55,120,1,1
1790197739138,sala01,10990,1790197739138,0,0,OCUPADO,0,28,55,120,1,1
1790197741138,sala01,10991,1790197741138,0,0,OCUPADO,1,28,55,120,1,1
1790197743138,sala01,10992,1790197743138,0,0,OCUPADO,1,28,55,120,1,1
1790197745138,sala01,10993,1790197745138,0,0,OCUPADO,1,28,55,120,1,1
1790197747138,sala01,10994,1790197747138,0,0,OCUPADO,0,28,55,120,1,1
1790197749138,sala01,10995,1790197749138,0,0,OCUPADO,1,28,55,120,1,1
1790197751138,sala01,10996,1790197751138,0,0,OCUPADO,1,28,55,120,1,1
1790197753138,sala01,10997,1790197753138,0,0,OCUPADO,1,28,55,120,1,1
1790197755138,sala01,10998,1790197755138,0,0,OCUPADO,0,28,55,120,1,1
1790197757138,sala01,10999,1790197757138,0,0,OCUPADO,1,28,55,120,1,1
1790197759138,sala01,11000,1790197759138,0,0,OCUPADO,1,28,55,120,1,1
1790197761138,sala01,11001,1790197761138,0,0,OCUPADO,1,28,55,120,1,1
1790197763138,sala01,11002,1790197763138,0,0,OCUPADO,0,28,55,120,1,1
1790197765138,sala01,11003,1790197765138,0,0,OCUPADO,1,28,55,120,1,1
1790197767138,sala01,11004,1790197767138,0,0,OCUPADO,1,28,55,120,1,1
1790197769138,sala01,11005,1790197769138,0,0,OCUPADO,1,28,55,120,1,1
1790197771138,sala01,11006,1790197771138,0,0,OCUPADO,0,28,55,120,1,1
1790197773138,sala01,11007,1790197773138,0,0,OCUPADO,1,28,55,120,1,1
1790197775138,sala01,11008,1790197775138,0,0,OCUPADO,1,28,55,120,1,1
1790197777138,sala01,11009,1790197777138,0,0,OCUPADO,1,28,55,120,1,1
1790197779138,sala01,11010,1790197779138,0,0,OCUPADO,0,28,55,120,1,1
1790197781138,sala01,11011,1790197781138,0,0,OCUPADO,1,28,55,120,1,1
1790197783138,sala01,11012,1790197783138,0,0,OCUPADO,1,28,55,120,1,1
1790197785138,sala01,11013,1790197785138,0,0,OCUPADO,1,28,55,120,1,1
1790197787138,sala01,11014,1790197787138,0,0,OCUPADO,0,28,55,120,1,1
1790197789138,sala01,11015,1790197789138,0,0,OCUPADO,1,28,55,120,1,1
1790197791138,sala01,11016,1790197791138,0,0,OCUPADO,1,28,55,120,1,1
1790197793138,sala01,11017,1790197793138,0,0,OCUPADO,1,28,55,120,1,1
1790197795138,sala01,11018,1790197795138,0,0,OCUPADO,0,28,55,120,1,1
1790197797138,sala01,11019,1790197797138,0,0,OCUPADO,1,28,55,120,1,1
1790197799138,sala01,11020,1790197799138,0,0,OCUPADO,1,28,55,120,1,1
1790197801138,sala01,11021,1790197801138,0,0,OCUPADO,1,28,55,120,1,1
1790197803138,sala01,11022,1790197803138,0,0,OCUPADO,0,28,55,120,1,1
1790197805138,sala01,11023,1790197805138,0,0,OCUPADO,1,28,55,120,1,1
1790197807138,sala01,11024,1790197807138,0,0,OCUPADO,1,28,55,120,1,1
1790197809138,sala01,11025,1790197809138,0,0,OCUPADO,1,28,55,120,1,1
1790197811138,sala01,11026,1790197811138,0,0,OCUPADO,0,28,55,120,1,1
1790197813138,sala01,11027,1790197813138,0,0,OCUPADO,1,28,55,120,1,1
1790197815138,sala01,11028,1790197815138,0,0,OCUPADO,1,28,55,120,1,1
1790197817138,sala01,11029,1790197817138,0,0,OCUPADO,1,28,55,120,1,1
1790197819138,sala01,11030,1790197819138,0,0,OCUPADO,0,28,55,120,1,1
1790197821138,sala01,11031,1790197821138,0,0,OCUPADO,1,28,55,120,1,1
1790197823138,sala01,11032,1790197823138,0,0,OCUPADO,1,28,55,120,1,1
1790197825138,sala01,11033,1790197825138,0,0,OCUPADO,1,28,55,120,1,1
1790197827138,sala01,11034,1790197827138,0,0,OCUPADO,0,28,55,120,1,1
1790197829138,sala01,11035,1790197829138,0,0,OCUPADO,1,28,55,120,1,1
1790197831138,sala01,11036,1790197831138,0,0,OCUPADO,1,28,55,120,1,1
1790197833138,sala01,11037,1790197833138,0,0,OCUPADO,1,28,55,120,1,1
1790197835138,sala01,11038,1790197835138,0,0,OCUPADO,0,28,55,120,1,1
1790197837138,sala01,11039,1790197837138,0,0,OCUPADO,1,28,55,120,1,1
1790197839138,sala01,11040,1790197839138,0,0,OCUPADO,1,28,55,120,1,1
1790197841138,sala01,11041,1790197841138,0,0,OCUPADO,1,28,55,120,1,1
1790197843138,sala01,11042,1790197843138,0,0,OCUPADO,0,28,55,120,1,1
1790197845138,sala01,11043,1790197845138,0,0,OCUPADO,1,28,55,120,1,1
1790197847138,sala01,11044,1790197847138,0,0,OCUPADO,1,28,55,120,1,1
1790197849138,sala01,11045,1790197849138,0,0,OCUPADO,1,28,55,120,1,1
1790197851138,sala01,11046,1790197851138,0,0,OCUPADO,0,28,55,120,1,1
1790197853138,sala01,11047,1790197853138,0,0,OCUPADO,1,28,55,120,1,1
1790197855138,sala01,11048,1790197855138,0,0,OCUPADO,1,28,55,120,1,1
1790197857138,sala01,11049,1790197857138,0,0,OCUPADO,1,28,55,120,1,1
1790197859138,sala01,11050,1790197859138,0,0,OCUPADO,0,28,55,120,1,1
1790197861138,sala01,11051,1790197861138,0,0,OCUPADO,1,28,55,120,1,1
1790197863138,sala01,11052,1790197863138,0,0,OCUPADO,1,28,55,120,1,1
1790197865138,sala01,11053,1790197865138,0,0,OCUPADO,1,28,55,120,1,1
1790197867138,sala01,11054,1790197867138,0,0,OCUPADO,0,28,55,120,1,1
1790197869138,sala01,11055,1790197869138,0,0,OCUPADO,1,28,55,120,1,1
1790197871138,sala01,11056,1790197871138,0,0,OCUPADO,1,28,55,120,1,1
1790197873138,sala01,11057,1790197873138,0,0,OCUPADO,1,28,55,120,1,1
1790197875138,sala01,11058,1790197875138,0,0,OCUPADO,0,28,55,120,1,1
1790197877138,sala01,11059,1790197877138,0,0,OCUPADO,1,28,55,120,1,1
1790197879138,sala01,11060,1790197879138,0,0,OCUPADO,1,28,55,120,1,1
1790197881138,sala01,11061,1790197881138,0,0,OCUPADO,1,28,55,120,1,1
1790197883138,sala01,11062,1790197883138,0,0,OCUPADO,0,28,55,120,1,1
1790197885138,sala01,11063,1790197885138,0,0,OCUPADO,1,28,55,120,1,1
1790197887138,sala01,11064,1790197887138,0,0,OCUPADO,1,28,55,120,1,1
1790197889138,sala01,11065,1790197889138,0,0,OCUPADO,1,28,55,120,1,1
1790197891138,sala01,11066,1790197891138,0,0,OCUPADO,0,28,55,120,1,1
1790197893138,sala01,11067,1790197893138,0,0,OCUPADO,1,28,55,120,1,1
1790197895138,sala01,11068,1790197895138,0,0,OCUPADO,1,28,55,120,1,1
1790197897138,sala01,11069,1790197897138,0,0,OCUPADO,1,28,55,120,1,1
1790197899138,sala01,11070,1790197899138,0,0,OCUPADO,0,28,55,120,1,1
1790197901138,sala01,11071,1790197901138,0,0,OCUPADO,1,28,55,120,1,1
1790197903138,sala01,11072,1790197903138,0,0,OCUPADO,1,28,55,120,1,1
1790197905138,sala01,11073,1790197905138,0,0,OCUPADO,1,28,55,120,1,1
1790197907138,sala01,11074,1790197907138,0,0,OCUPADO,0,28,55,120,1,1
1790197909138,sala01,11075,1790197909138,0,0,OCUPADO,1,28,55,120,1,1
1790197911138,sala01,11076,1790197911138,0,0,OCUPADO,1,28,55,120,1,1
1790197913138,sala01,11077,1790197913138,0,0,OCUPADO,1,28,55,120,1,1
1790197915138,sala01,11078,1790197915138,0,0,OCUPADO,0,28,55,120,1,1
1790197917138,sala01,11079,1790197917138,0,0,OCUPADO,1,28,55,120,1,1
1790197919138,sala01,11080,1790197919138,0,0,OCUPADO,1,28,55,120,1,1
1790197921138,sala01,11081,1790197921138,0,0,OCUPADO,1,28,55,120,1,1
1790197923138,sala01,11082,1790197923138,0,0,OCUPADO,0,28,55,120,1,1
1790197925138,sala01,11083,1790197925138,0,0,OCUPADO,1,28,55,120,1,1
1790197927138,sala01,11084,1790197927138,0,0,OCUPADO,1,28,55,120,1,1
1790197929138,sala01,11085,1790197929138,0,0,OCUPADO,1,28,55,120,1,1
1790197931138,sala01,11086,1790197931138,0,0,OCUPADO,0,28,55,120,1,1
1790197933138,sala01,11087,1790197933138,0,0,OCUPADO,1,28,55,120,1,1
1790197935138,sala01,11088,1790197935138,0,0,OCUPADO,1,28,55,120,1,1
1790197937138,sala01,11089,1790197937138,0,0,OCUPADO,1,28,55,120,1,1
1790197939138,sala01,11090,1790197939138,0,0,OCUPADO,0,28,55,120,1,1
1790197941138,sala01,11091,1790197941138,0,0,OCUPADO,1,28,55,120,1,1
1790197943138,sala01,11092,1790197943138,0,0,OCUPADO,1,28,55,120,1,1
1790197945138,sala01,11093,1790197945138,0,0,OCUPADO,1,28,55,120,1,1
1790197947138,sala01,11094,1790197947138,0,0,OCUPADO,0,28,55,120,1,1
1790197949138,sala01,11095,1790197949138,0,0,OCUPADO,1,28,55,120,1,1
1790197951138,sala01,11096,1790197951138,0,0,OCUPADO,1,28,55,120,1,1
1790197953138,sala01,11097,1790197953138,0,0,OCUPADO,1,28,55,120,1,1
1790197955138,sala01,11098,1790197955138,0,0,OCUPADO,0,28,55,120,1,1
1790197957138,sala01,11099,1790197957138,0,0,OCUPADO,1,28,55,120,1,1
1790197959138,sala01,11100,1790197959138,0,0,OCUPADO,1,28,55,120,1,1
1790197961138,sala01,11101,1790197961138,0,0,OCUPADO,1,28,55,120,1,1
1790197963138,sala01,11102,1790197963138,0,0,OCUPADO,0,28,55,120,1,1
1790197965138,sala01,11103,1790197965138,0,0,OCUPADO,1,28,55,120,1,1
1790197967138,sala01,11104,1790197967138,0,0,OCUPADO,1,28,55,120,1,1
1790197969138,sala01,11105,1790197969138,0,0,OCUPADO,1,28,55,120,1,1
1790197971138,sala01,11106,1790197971138,0,0,OCUPADO,0,28,55,120,1,1
1790197973138,sala01,11107,1790197973138,0,0,OCUPADO,1,28,55,120,1,1
1790197975138,sala01,11108,1790197975138,0,0,OCUPADO,1,28,55,120,1,1
1790197977138,sala01,11109,1790197977138,0,0,OCUPADO,1,28,55,120,1,1
1790197979138,sala01,11110,1790197979138,0,0,OCUPADO,0,28,55,120,1,1
1790197981138,sala01,11111,1790197981138,0,0,OCUPADO,1,28,55,120,1,1
1790197983138,sala01,11112,1790197983138,0,0,OCUPADO,1,28,55,120,1,1
1790197985138,sala01,11113,1790197985138,0,0,OCUPADO,1,28,55,120,1,1
1790197987138,sala01,11114,1790197987138,0,0,OCUPADO,0,28,55,120,1,1
1790197989138,sala01,11115,1790197989138,0,0,OCUPADO,1,28,55,120,1,1
1790197991138,sala01,11116,1790197991138,0,0,OCUPADO,1,28,55,120,1,1
1790197993138,sala01,11117,1790197993138,0,0,OCUPADO,1,28,55,120,1,1
1790197995138,sala01,11118,1790197995138,0,0,OCUPADO,0,28,55,120,1,1
1790197997138,sala01,11119,1790197997138,0,0,OCUPADO,1,28,55,120,1,1
1790197999138,sala01,11120,1790197999138,0,0,OCUPADO,1,28,55,120,1,1
1790198001138,sala01,11121,1790198001138,0,0,OCUPADO,1,28,55,120,1,1
1790198003138,sala01,11122,1790198003138,0,0,OCUPADO,0,28,55,120,1,1
1790198005138,sala01,11123,1790198005138,0,0,OCUPADO,1,28,55,120,1,1
1790198007138,sala01,11124,1790198007138,0,0,OCUPADO,1,28,55,120,1,1
1790198009138,sala01,11125,1790198009138,0,0,OCUPADO,1,28,55,120,1,1
1790198011138,sala01,11126,1790198011138,0,0,OCUPADO,0,28,55,120,1,1
1790198013138,sala01,11127,1790198013138,0,0,OCUPADO,1,28,55,120,1,1
1790198015138,sala01,11128,1790198015138,0,0,OCUPADO,1,28,55,120,1,1
1790198017138,sala01,11129,1790198017138,0,0,OCUPADO,1,28,55,120,1,1
1790198019138,sala01,11130,1790198019138,0,0,OCUPADO,0,28,55,120,1,1
1790198021138,sala01,11131,1790198021138,0,0,OCUPADO,1,28,55,120,1,1
1790198023138,sala01,11132,1790198023138,0,0,OCUPADO,1,28,55,120,1,1
1790198025138,sala01,11133,1790198025138,0,0,OCUPADO,1,28,55,120,1,1
1790198027138,sala01,11134,1790198027138,0,0,OCUPADO,0,28,55,120,1,1
1790198029138,sala01,11135,1790198029138,0,0,OCUPADO,1,28,55,120,1,1
1790198031138,sala01,11136,1790198031138,0,0,OCUPADO,1,28,55,120,1,1
1790198033138,sala01,11137,1790198033138,0,0,OCUPADO,1,28,55,120,1,1
1790198035138,sala01,11138,1790198035138,0,0,OCUPADO,0,28,55,120,1,1
1790198037138,sala01,11139,1790198037138,0,0,OCUPADO,1,28,55,120,1,1
1790198039138,sala01,11140,1790198039138,0,0,OCUPADO,1,28,55,120,1,1
1790198041138,sala01,11141,1790198041138,0,0,OCUPADO,1,28,55,120,1,1
1790198043138,sala01,11142,1790198043138,0,0,OCUPADO,0,28,55,120,1,1
1790198045138,sala01,11143,1790198045138,0,0,OCUPADO,1,28,55,120,1,1
1790198047138,sala01,11144,1790198047138,0,0,OCUPADO,1,28,55,120,1,1
1790198049138,sala01,11145,1790198049138,0,0,OCUPADO,1,28,55,120,1,1
1790198051138,sala01,11146,1790198051138,0,0,OCUPADO,0,28,55,120,1,1
1790198053138,sala01,11147,1790198053138,0,0,OCUPADO,1,28,55,120,1,1
1790198055138,sala01,11148,1790198055138,0,0,OCUPADO,1,28,55,120,1,1
1790198057138,sala01,11149,1790198057138,0,0,OCUPADO,1,28,55,120,1,1
1790198059138,sala01,11150,1790198059138,0,0,OCUPADO,0,28,55,120,1,1
1790198061138,sala01,11151,1790198061138,0,0,OCUPADO,1,28,55,120,1,1
1790198063138,sala01,11152,1790198063138,0,0,OCUPADO,1,28,55,120,1,1
1790198065138,sala01,11153,1790198065138,0,0,OCUPADO,1,28,55,120,1,1
1790198067138,sala01,11154,1790198067138,0,0,OCUPADO,0,28,55,120,1,1
1790198069138,sala01,11155,1790198069138,0,0,OCUPADO,1,28,55,120,1,1
1790198071138,sala01,11156,1790198071138,0,0,OCUPADO,1,28,55,120,1,1
1790198073138,sala01,11157,1790198073138,0,0,OCUPADO,1,28,55,120,1,1
1790198075138,sala01,11158,1790198075138,0,0,OCUPADO,0,28,55,120,1,1
1790198077138,sala01,11159,1790198077138,0,0,OCUPADO,1,28,55,120,1,1
1790198079138,sala01,11160,1790198079138,0,0,OCUPADO,1,28,55,120,1,1
1790198081138,sala01,11161,1790198081138,0,0,OCUPADO,1,28,55,120,1,1
1790198083138,sala01,11162,1790198083138,0,0,OCUPADO,0,28,55,120,1,1
1790198085138,sala01,11163,1790198085138,0,0,OCUPADO,1,28,55,120,1,1
1790198087138,sala01,11164,1790198087138,0,0,OCUPADO,1,28,55,120,1,1
1790198089138,sala01,11165,1790198089138,0,0,OCUPADO,1,28,55,120,1,1
1790198091138,sala01,11166,1790198091138,0,0,OCUPADO,0,28,55,120,1,1
1790198093138,sala01,11167,1790198093138,0,0,OCUPADO,1,28,55,120,1,1
1790198095138,sala01,11168,1790198095138,0,0,OCUPADO,1,28,55,120,1,1
1790198097138,sala01,11169,1790198097138,0,0,OCUPADO,1,28,55,120,1,1
1790198099138,sala01,11170,1790198099138,0,0,OCUPADO,0,28,55,120,1,1
1790198101138,sala01,11171,1790198101138,0,0,OCUPADO,1,28,55,120,1,1
1790198103138,sala01,11172,1790198103138,0,0,OCUPADO,1,28,55,120,1,1
1790198105138,sala01,11173,1790198105138,0,0,OCUPADO,1,28,55,120,1,1
1790198107138,sala01,11174,1790198107138,0,0,OCUPADO,0,28,55,120,1,1
1790198109138,sala01,11175,1790198109138,0,0,OCUPADO,1,28,55,120,1,1
1790198111138,sala01,11176,1790198111138,0,0,OCUPADO,1,28,55,120,1,1
1790198113138,sala01,11177,1790198113138,0,0,OCUPADO,1,28,55,120,1,1
1790198115138,sala01,11178,1790198115138,0,0,OCUPADO,0,28,55,120,1,1
1790198117138,sala01,11179,1790198117138,0,0,OCUPADO,1,28,55,120,1,1
1790198119138,sala01,11180,1790198119138,0,0,OCUPADO,1,28,55,120,1,1
1790198121138,sala01,11181,1790198121138,0,0,OCUPADO,1,28,55,120,1,1
1790198123138,sala01,11182,1790198123138,0,0,OCUPADO,0,28,55,120,1,1
1790198125138,sala01,11183,1790198125138,0,0,OCUPADO,1,28,55,120,1,1
1790198127138,sala01,11184,1790198127138,0,0,OCUPADO,1,28,55,120,1,1
1790198129138,sala01,11185,1790198129138,0,0,OCUPADO,1,28,55,120,1,1
1790198131138,sala01,11186,1790198131138,0,0,OCUPADO,0,28,55,120,1,1
1790198133138,sala01,11187,1790198133138,0,0,OCUPADO,1,28,55,120,1,1
1790198135138,sala01,11188,1790198135138,0,0,OCUPADO,1,28,55,120,1,1
1790198137138,sala01,11189,1790198137138,0,0,OCUPADO,1,28,55,120,1,1
1790198139138,sala01,11190,1790198139138,0,0,OCUPADO,0,28,55,120,1,1
1790198141138,sala01,11191,1790198141138,0,0,OCUPADO,1,28,55,120,1,1
1790198143138,sala01,11192,1790198143138,0,0,OCUPADO,1,28,55,120,1,1
1790198145138,sala01,11193,1790198145138,0,0,OCUPADO,1,28,55,120,1,1
1790198147138,sala01,11194,1790198147138,0,0,OCUPADO,0,28,55,120,1,1
1790198149138,sala01,11195,1790198149138,0,0,OCUPADO,1,28,55,120,1,1
1790198151138,sala01,11196,1790198151138,0,0,OCUPADO,1,28,55,120,1,1
1790198153138,sala01,11197,1790198153138,0,0,OCUPADO,1,28,55,120,1,1
1790198155138,sala01,11198,1790198155138,0,0,OCUPADO,0,28,55,120,1,1
1790198157138,sala01,11199,1790198157138,0,0,OCUPADO,1,28,55,120,1,1
1790198159138,sala01,11200,1790198159138,0,0,OCUPADO,1,28,55,120,1,1
1790198161138,sala01,11201,1790198161138,0,0,OCUPADO,1,28,55,120,1,1
1790198163138,sala01,11202,1790198163138,0,0,OCUPADO,0,28,55,120,1,1
1790198165138,sala01,11203,1790198165138,0,0,OCUPADO,1,28,55,120,1,1
1790198167138,sala01,11204,1790198167138,0,0,OCUPADO,1,28,55,120,1,1
1790198169138,sala01,11205,1790198169138,0,0,OCUPADO,1,28,55,120,1,1
1790198171138,sala01,11206,1790198171138,0,0,OCUPADO,0,28,55,120,1,1
1790198173138,sala01,11207,1790198173138,0,0,OCUPADO,1,28,55,120,1,1
1790198175138,sala01,11208,1790198175138,0,0,OCUPADO,1,28,55,120,1,1
1790198177138,sala01,11209,1790198177138,0,0,OCUPADO,1,28,55,120,1,1
1790198179138,sala01,11210,1790198179138,0,0,OCUPADO,0,28,55,120,1,1
1790198181138,sala01,11211,1790198181138,0,0,OCUPADO,1,28,55,120,1,1
1790198183138,sala01,11212,1790198183138,0,0,OCUPADO,1,28,55,120,1,1
1790198185138,sala01,11213,1790198185138,0,0,OCUPADO,1,28,55,120,1,1
1790198187138,sala01,11214,1790198187138,0,0,OCUPADO,0,28,55,120,1,1
1790198189138,sala01,11215,1790198189138,0,0,OCUPADO,1,28,55,120,1,1
1790198191138,sala01,11216,1790198191138,0,0,OCUPADO,1,28,55,120,1,1
1790198193138,sala01,11217,1790198193138,0,0,OCUPADO,1,28,55,120,1,1
1790198195138,sala01,11218,1790198195138,0,0,OCUPADO,0,28,55,120,1,1
1790198197138,sala01,11219,1790198197138,0,0,OCUPADO,1,28,55,120,1,1
1790198199138,sala01,11220,1790198199138,0,0,OCUPADO,1,28,55,120,1,1
1790198201138,sala01,11221,1790198201138,0,0,OCUPADO,1,28,55,120,1,1
1790198203138,sala01,11222,1790198203138,0,0,OCUPADO,0,28,55,120,1,1
1790198205138,sala01,11223,1790198205138,0,0,OCUPADO,1,28,55,120,1,1
1790198207138,sala01,11224,1790198207138,0,0,OCUPADO,1,28,55,120,1,1
1790198209138,sala01,11225,1790198209138,0,0,OCUPADO,1,28,55,120,1,1
1790198211138,sala01,11226,1790198211138,0,0,OCUPADO,0,28,55,120,1,1
1790198213138,sala01,11227,1790198213138,0,0,OCUPADO,1,28,55,120,1,1
1790198215138,sala01,11228,1790198215138,0,0,OCUPADO,1,28,55,120,1,1
1790198217138,sala01,11229,1790198217138,0,0,OCUPADO,1,28,55,120,1,1
1790198219138,sala01,11230,1790198219138,0,0,OCUPADO,0,28,55,120,1,1
1790198221138,sala01,11231,1790198221138,0,0,OCUPADO,1,28,55,120,1,1
1790198223138,sala01,11232,1790198223138,0,0,OCUPADO,1,28,55,120,1,1
1790198225138,sala01,11233,1790198225138,0,0,OCUPADO,1,28,55,120,1,1
1790198227138,sala01,11234,1790198227138,0,0,OCUPADO,0,28,55,120,1,1
1790198229138,sala01,11235,1790198229138,0,0,OCUPADO,1,28,55,120,1,1
1790198231138,sala01,11236,1790198231138,0,0,OCUPADO,1,28,55,120,1,1
1790198233138,sala01,11237,1790198233138,0,0,OCUPADO,1,28,55,120,1,1
1790198235138,sala01,11238,1790198235138,0,0,OCUPADO,0,28,55,120,1,1
1790198237138,sala01,11239,1790198237138,0,0,OCUPADO,1,28,55,120,1,1
1790198239138,sala01,11240,1790198239138,0,0,OCUPADO,1,28,55,120,1,1
1790198241138,sala01,11241,1790198241138,0,0,OCUPADO,1,28,55,120,1,1
1790198243138,sala01,11242,1790198243138,0,0,OCUPADO,0,28,55,120,1,1
1790198245138,sala01,11243,1790198245138,0,0,OCUPADO,1,28,55,120,1,1
1790198247138,sala01,11244,1790198247138,0,0,OCUPADO,1,28,55,120,1,1
1790198249138,sala01,11245,1790198249138,0,0,OCUPADO,1,28,55,120,1,1
1790198251138,sala01,11246,1790198251138,0,0,OCUPADO,0,28,55,120,1,1
1790198253138,sala01,11247,1790198253138,0,0,OCUPADO,1,28,55,120,1,1
1790198255138,sala01,11248,1790198255138,0,0,OCUPADO,1,28,55,120,1,1
1790198257138,sala01,11249,1790198257138,0,0,OCUPADO,1,28,55,120,1,1
1790198259138,sala01,11250,1790198259138,0,0,OCUPADO,0,28,55,120,1,1
1790198261138,sala01,11251,1790198261138,0,0,OCUPADO,1,28,55,120,1,1
1790198263138,sala01,11252,1790198263138,0,0,OCUPADO,1,28,55,120,1,1
1790198265138,sala01,11253,1790198265138,0,0,OCUPADO,1,28,55,120,1,1
1790198267138,sala01,11254,1790198267138,0,0,OCUPADO,0,28,55,120,1,1
1790198269138,sala01,11255,1790198269138,0,0,OCUPADO,1,28,55,120,1,1
1790198271138,sala01,11256,1790198271138,0,0,OCUPADO,1,28,55,120,1,1
1790198273138,sala01,11257,1790198273138,0,0,OCUPADO,1,28,55,120,1,1
1790198275138,sala01,11258,1790198275138,0,0,OCUPADO,0,28,55,120,1,1
1790198277138,sala01,11259,1790198277138,0,0,OCUPADO,1,28,55,120,1,1
1790198279138,sala01,11260,1790198279138,0,0,OCUPADO,1,28,55,120,1,1
1790198281138,sala01,11261,1790198281138,0,0,OCUPADO,1,28,55,120,1,1
1790198283138,sala01,11262,1790198283138,0,0,OCUPADO,0,28,55,120,1,1
1790198285138,sala01,11263,1790198285138,0,0,OCUPADO,1,28,55,120,1,1
1790198287138,sala01,11264,1790198287138,0,0,OCUPADO,1,28,55,120,1,1
1790198289138,sala01,11265,1790198289138,0,0,OCUPADO,1,28,55,120,1,1
1790198291138,sala01,11266,1790198291138,0,0,OCUPADO,0,28,55,120,1,1
1790198293138,sala01,11267,1790198293138,0,0,OCUPADO,1,28,55,120,1,1
1790198295138,sala01,11268,1790198295138,0,0,OCUPADO,1,28,55,120,1,1
1790198297138,sala01,11269,1790198297138,0,0,OCUPADO,1,28,55,120,1,1
1790198299138,sala01,11270,1790198299138,0,0,OCUPADO,0,28,55,120,1,1
1790198301138,sala01,11271,1790198301138,0,0,OCUPADO,1,28,55,120,1,1
1790198303138,sala01,11272,1790198303138,0,0,OCUPADO,1,28,55,120,1,1
1790198305138,sala01,11273,1790198305138,0,0,OCUPADO,1,28,55,120,1,1
1790198307138,sala01,11274,1790198307138,0,0,OCUPADO,0,28,55,120,1,1
1790198309138,sala01,11275,1790198309138,0,0,OCUPADO,1,28,55,120,1,1
1790198311138,sala01,11276,1790198311138,0,0,OCUPADO,1,28,55,120,1,1
1790198313138,sala01,11277,1790198313138,0,0,OCUPADO,1,28,55,120,1,1
1790198315138,sala01,11278,1790198315138,0,0,OCUPADO,0,28,55,120,1,1
1790198317138,sala01,11279,1790198317138,0,0,OCUPADO,1,28,55,120,1,1
1790198319138,sala01,11280,1790198319138,0,0,OCUPADO,1,28,55,120,1,1
1790198321138,sala01,11281,1790198321138,0,0,OCUPADO,1,28,55,120,1,1
1790198323138,sala01,11282,1790198323138,0,0,OCUPADO,0,28,55,120,1,1
1790198325138,sala01,11283,1790198325138,0,0,OCUPADO,1,28,55,120,1,1
1790198327138,sala01,11284,1790198327138,0,0,OCUPADO,1,28,55,120,1,1
1790198329138,sala01,11285,1790198329138,0,0,OCUPADO,1,28,55,120,1,1
1790198331138,sala01,11286,1790198331138,0,0,OCUPADO,0,28,55,120,1,1
1790198333138,sala01,11287,1790198333138,0,0,OCUPADO,1,28,55,120,1,1
1790198335138,sala01,11288,1790198335138,0,0,OCUPADO,1,28,55,120,1,1
1790198337138,sala01,11289,1790198337138,0,0,OCUPADO,1,28,55,120,1,1
1790198339138,sala01,11290,1790198339138,0,0,OCUPADO,0,28,55,120,1,1
1790198341138,sala01,11291,1790198341138,0,0,OCUPADO,1,28,55,120,1,1
1790198343138,sala01,11292,1790198343138,0,0,OCUPADO,1,28,55,120,1,1
1790198345138,sala01,11293,1790198345138,0,0,OCUPADO,1,28,55,120,1,1
1790198347138,sala01,11294,1790198347138,0,0,OCUPADO,0,28,55,120,1,1
1790198349138,sala01,11295,1790198349138,0,0,OCUPADO,1,28,55,120,1,1
1790198351138,sala01,11296,1790198351138,0,0,OCUPADO,1,28,55,120,1,1
1790198353138,sala01,11297,1790198353138,0,0,OCUPADO,1,28,55,120,1,1
1790198355138,sala01,11298,1790198355138,0,0,OCUPADO,0,28,55,120,1,1
1790198357138,sala01,11299,1790198357138,0,0,OCUPADO,1,28,55,120,1,1
1790198359138,sala01,11300,1790198359138,0,0,OCUPADO,1,28,55,120,1,1
1790198361138,sala01,11301,1790198361138,0,0,OCUPADO,1,28,55,120,1,1
1790198363138,sala01,11302,1790198363138,0,0,OCUPADO,0,28,55,120,1,1
1790198365138,sala01,11303,1790198365138,0,0,OCUPADO,1,28,55,120,1,1
1790198367138,sala01,11304,1790198367138,0,0,OCUPADO,1,28,55,120,1,1
1790198369138,sala01,11305,1790198369138,0,0,OCUPADO,1,28,55,120,1,1
1790198371138,sala01,11306,1790198371138,0,0,OCUPADO,0,28,55,120,1,1
1790198373138,sala01,11307,1790198373138,0,0,OCUPADO,1,28,55,120,1,1
1790198375138,sala01,11308,1790198375138,0,0,OCUPADO,1,28,55,120,1,1
1790198377138,sala01,11309,1790198377138,0,0,OCUPADO,1,28,55,120,1,1
1790198379138,sala01,11310,1790198379138,0,0,OCUPADO,0,28,55,120,1,1
1790198381138,sala01,11311,1790198381138,0,0,OCUPADO,1,28,55,120,1,1
1790198383138,sala01,11312,1790198383138,0,0,OCUPADO,1,28,55,120,1,1
1790198385138,sala01,11313,1790198385138,0,0,OCUPADO,1,28,55,120,1,1
1790198387138,sala01,11314,1790198387138,0,0,OCUPADO,0,28,55,120,1,1
1790198389138,sala01,11315,1790198389138,0,0,OCUPADO,1,28,55,120,1,1
1790198391138,sala01,11316,1790198391138,0,0,OCUPADO,1,28,55,120,1,1
1790198393138,sala01,11317,1790198393138,0,0,OCUPADO,1,28,55,120,1,1
1790198395138,sala01,11318,1790198395138,0,0,OCUPADO,0,28,55,120,1,1
1790198397138,sala01,11319,1790198397138,0,0,OCUPADO,1,28,55,120,1,1
1790198399138,sala01,11320,1790198399138,0,0,OCUPADO,1,28,55,120,1,1
1790198401138,sala01,11321,1790198401138,0,0,OCUPADO,1,28,55,120,1,1
1790198403138,sala01,11322,1790198403138,0,0,OCUPADO,0,28,55,120,1,1
1790198405138,sala01,11323,1790198405138,0,0,OCUPADO,1,28,55,120,1,1
1790198407138,sala01,11324,1790198407138,0,0,OCUPADO,1,28,55,120,1,1
1790198409138,sala01,11325,1790198409138,0,0,OCUPADO,1,28,55,120,1,1
1790198411138,sala01,11326,1790198411138,0,0,OCUPADO,0,28,55,120,1,1
1790198413138,sala01,11327,1790198413138,0,0,OCUPADO,1,28,55,120,1,1
1790198415138,sala01,11328,1790198415138,0,0,OCUPADO,1,28,55,120,1,1
1790198417138,sala01,11329,1790198417138,0,0,OCUPADO,1,28,55,120,1,1
1790198419138,sala01,11330,1790198419138,0,0,OCUPADO,0,28,55,120,1,1
1790198421138,sala01,11331,1790198421138,0,0,OCUPADO,1,28,55,120,1,1
1790198423138,sala01,11332,1790198423138,0,0,OCUPADO,1,28,55,120,1,1
1790198425138,sala01,11333,1790198425138,0,0,OCUPADO,1,28,55,120,1,1
1790198427138,sala01,11334,1790198427138,0,0,OCUPADO,0,28,55,120,1,1
1790198429138,sala01,11335,1790198429138,0,0,OCUPADO,1,28,55,120,1,1
1790198431138,sala01,11336,1790198431138,0,0,OCUPADO,1,28,55,120,1,1
1790198433138,sala01,11337,1790198433138,0,0,OCUPADO,1,28,55,120,1,1
1790198435138,sala01,11338,1790198435138,0,0,OCUPADO,0,28,55,120,1,1
1790198437138,sala01,11339,1790198437138,0,0,OCUPADO,1,28,55,120,1,1
1790198439138,sala01,11340,1790198439138,0,0,OCUPADO,1,28,55,120,1,1
1790198441138,sala01,11341,1790198441138,0,0,OCUPADO,1,28,55,120,1,1
1790198443138,sala01,11342,1790198443138,0,0,OCUPADO,0,28,55,120,1,1
1790198445138,sala01,11343,1790198445138,0,0,OCUPADO,1,28,55,120,1,1
1790198447138,sala01,11344,1790198447138,0,0,OCUPADO,1,28,55,120,1,1
1790198449138,sala01,11345,1790198449138,0,0,OCUPADO,1,28,55,120,1,1
1790198451138,sala01,11346,1790198451138,0,0,OCUPADO,0,28,55,120,1,1
1790198453138,sala01,11347,1790198453138,0,0,OCUPADO,1,28,55,120,1,1
1790198455138,sala01,11348,1790198455138,0,0,OCUPADO,1,28,55,120,1,1
1790198457138,sala01,11349,1790198457138,0,0,OCUPADO,1,28,55,120,1,1
1790198459138,sala01,11350,1790198459138,0,0,OCUPADO,0,28,55,120,1,1
1790198461138,sala01,11351,1790198461138,0,0,OCUPADO,1,28,55,120,1,1
1790198463138,sala01,11352,1790198463138,0,0,OCUPADO,1,28,55,120,1,1
1790198465138,sala01,11353,1790198465138,0,0,OCUPADO,1,28,55,120,1,1
1790198467138,sala01,11354,1790198467138,0,0,OCUPADO,0,28,55,120,1,1
1790198469138,sala01,11355,1790198469138,0,0,OCUPADO,1,28,55,120,1,1
1790198471138,sala01,11356,1790198471138,0,0,OCUPADO,1,28,55,120,1,1
1790198473138,sala01,11357,1790198473138,0,0,OCUPADO,1,28,55,120,1,1
1790198475138,sala01,11358,1790198475138,0,0,OCUPADO,0,28,55,120,1,1
1790198477138,sala01,11359,1790198477138,0,0,OCUPADO,1,28,55,120,1,1
1790198479138,sala01,11360,1790198479138,0,0,OCUPADO,1,28,55,120,1,1
1790198481138,sala01,11361,1790198481138,0,0,OCUPADO,1,28,55,120,1,1
1790198483138,sala01,11362,1790198483138,0,0,OCUPADO,0,28,55,120,1,1
1790198485138,sala01,11363,1790198485138,0,0,OCUPADO,1,28,55,120,1,1
1790198487138,sala01,11364,1790198487138,0,0,OCUPADO,1,28,55,120,1,1
1790198489138,sala01,11365,1790198489138,0,0,OCUPADO,1,28,55,120,1,1
1790198491138,sala01,11366,1790198491138,0,0,OCUPADO,0,28,55,120,1,1
1790198493138,sala01,11367,1790198493138,0,0,OCUPADO,1,28,55,120,1,1
1790198495138,sala01,11368,1790198495138,0,0,OCUPADO,1,28,55,120,1,1
1790198497138,sala01,11369,1790198497138,0,0,OCUPADO,1,28,55,120,1,1
1790198499138,sala01,11370,1790198499138,0,0,OCUPADO,0,28,55,120,1,1
1790198501138,sala01,11371,1790198501138,0,0,OCUPADO,1,28,55,120,1,1
1790198503138,sala01,11372,1790198503138,0,0,OCUPADO,1,28,55,120,1,1
1790198505138,sala01,11373,1790198505138,0,0,OCUPADO,1,28,55,120,1,1
1790198507138,sala01,11374,1790198507138,0,0,OCUPADO,0,28,55,120,1,1
1790198509138,sala01,11375,1790198509138,0,0,OCUPADO,1,28,55,120,1,1
1790198511138,sala01,11376,1790198511138,0,0,OCUPADO,1,28,55,120,1,1
1790198513138,sala01,11377,1790198513138,0,0,OCUPADO,1,28,55,120,1,1
1790198515138,sala01,11378,1790198515138,0,0,OCUPADO,0,28,55,120,1,1
1790198517138,sala01,11379,1790198517138,0,0,OCUPADO,1,28,55,120,1,1
1790198519138,sala01,11380,1790198519138,0,0,OCUPADO,1,28,55,120,1,1
1790198521138,sala01,11381,1790198521138,0,0,OCUPADO,1,28,55,120,1,1
1790198523138,sala01,11382,1790198523138,0,0,OCUPADO,0,28,55,120,1,1
1790198525138,sala01,11383,1790198525138,0,0,OCUPADO,1,28,55,120,1,1
1790198527138,sala01,11384,1790198527138,0,0,OCUPADO,1,28,55,120,1,1
1790198529138,sala01,11385,1790198529138,0,0,OCUPADO,1,28,55,120,1,1
1790198531138,sala01,11386,1790198531138,0,0,OCUPADO,0,28,55,120,1,1
1790198533138,sala01,11387,1790198533138,0,0,OCUPADO,1,28,55,120,1,1
1790198535138,sala01,11388,1790198535138,0,0,OCUPADO,1,28,55,120,1,1
1790198537138,sala01,11389,1790198537138,0,0,OCUPADO,1,28,55,120,1,1
1790198539138,sala01,11390,1790198539138,0,0,OCUPADO,0,28,55,120,1,1
1790198541138,sala01,11391,1790198541138,0,0,OCUPADO,1,28,55,120,1,1
1790198543138,sala01,11392,1790198543138,0,0,OCUPADO,1,28,55,120,1,1
1790198545138,sala01,11393,1790198545138,0,0,OCUPADO,1,28,55,120,1,1
1790198547138,sala01,11394,1790198547138,0,0,OCUPADO,0,28,55,120,1,1
1790198549138,sala01,11395,1790198549138,0,0,OCUPADO,1,28,55,120,1,1
1790198551138,sala01,11396,1790198551138,0,0,OCUPADO,1,28,55,120,1,1
1790198553138,sala01,11397,1790198553138,0,0,OCUPADO,1,28,55,120,1,1
1790198555138,sala01,11398,1790198555138,0,0,OCUPADO,0,28,55,120,1,1
1790198557138,sala01,11399,1790198557138,0,0,OCUPADO,1,28,55,120,1,1
1790198559138,sala01,11400,1790198559138,0,0,OCUPADO,1,28,55,120,1,1
1790198561138,sala01,11401,1790198561138,0,0,OCUPADO,1,28,55,120,1,1
1790198563138,sala01,11402,1790198563138,0,0,OCUPADO,0,28,55,120,1,1
1790198565138,sala01,11403,1790198565138,0,0,OCUPADO,1,28,55,120,1,1
1790198567138,sala01,11404,1790198567138,0,0,OCUPADO,1,28,55,120,1,1
1790198569138,sala01,11405,1790198569138,0,0,OCUPADO,1,28,55,120,1,1
1790198571138,sala01,11406,1790198571138,0,0,OCUPADO,0,28,55,120,1,1
1790198573138,sala01,11407,1790198573138,0,0,OCUPADO,1,28,55,120,1,1
1790198575138,sala01,11408,1790198575138,0,0,OCUPADO,1,28,55,120,1,1
1790198577138,sala01,11409,1790198577138,0,0,OCUPADO,1,28,55,120,1,1
1790198579138,sala01,11410,1790198579138,0,0,OCUPADO,0,28,55,120,1,1
1790198581138,sala01,11411,1790198581138,0,0,OCUPADO,1,28,55,120,1,1
1790198583138,sala01,11412,1790198583138,0,0,OCUPADO,1,28,55,120,1,1
1790198585138,sala01,11413,1790198585138,0,0,OCUPADO,1,28,55,120,1,1
1790198587138,sala01,11414,1790198587138,0,0,OCUPADO,0,28,55,120,1,1
1790198589138,sala01,11415,1790198589138,0,0,OCUPADO,1,28,55,120,1,1
1790198591138,sala01,11416,1790198591138,0,0,OCUPADO,1,28,55,120,1,1
1790198593138,sala01,11417,1790198593138,0,0,OCUPADO,1,28,55,120,1,1
1790198595138,sala01,11418,1790198595138,0,0,OCUPADO,0,28,55,120,1,1
1790198597138,sala01,11419,1790198597138,0,0,OCUPADO,1,28,55,120,1,1
1790198599138,sala01,11420,1790198599138,0,0,OCUPADO,1,28,55,120,1,1
1790198601138,sala01,11421,1790198601138,0,0,OCUPADO,1,28,55,120,1,1
1790198603138,sala01,11422,1790198603138,0,0,OCUPADO,0,28,55,120,1,1
1790198605138,sala01,11423,1790198605138,0,0,OCUPADO,1,28,55,120,1,1
1790198607138,sala01,11424,1790198607138,0,0,OCUPADO,1,28,55,120,1,1
1790198609138,sala01,11425,1790198609138,0,0,OCUPADO,1,28,55,120,1,1
1790198611138,sala01,11426,1790198611138,0,0,OCUPADO,0,28,55,120,1,1
1790198613138,sala01,11427,1790198613138,0,0,OCUPADO,1,28,55,120,1,1
1790198615138,sala01,11428,1790198615138,0,0,OCUPADO,1,28,55,120,1,1
1790198617138,sala01,11429,1790198617138,0,0,OCUPADO,1,28,55,120,1,1
1790198619138,sala01,11430,1790198619138,0,0,OCUPADO,0,28,55,120,1,1
1790198621138,sala01,11431,1790198621138,0,0,OCUPADO,1,28,55,120,1,1
1790198623138,sala01,11432,1790198623138,0,0,OCUPADO,1,28,55,120,1,1
1790198625138,sala01,11433,1790198625138,0,0,OCUPADO,1,28,55,120,1,1
1790198627138,sala01,11434,1790198627138,0,0,OCUPADO,0,28,55,120,1,1
1790198629138,sala01,11435,1790198629138,0,0,OCUPADO,1,28,55,120,1,1
1790198631138,sala01,11436,1790198631138,0,0,OCUPADO,1,28,55,120,1,1
1790198633138,sala01,11437,1790198633138,0,0,OCUPADO,1,28,55,120,1,1
1790198635138,sala01,11438,1790198635138,0,0,OCUPADO,0,28,55,120,1,1
1790198637138,sala01,11439,1790198637138,0,0,OCUPADO,1,28,55,120,1,1
1790198639138,sala01,11440,1790198639138,0,0,OCUPADO,1,28,55,120,1,1
1790198641138,sala01,11441,1790198641138,0,0,OCUPADO,1,28,55,120,1,1
1790198643138,sala01,11442,1790198643138,0,0,OCUPADO,0,28,55,120,1,1
1790198645138,sala01,11443,1790198645138,0,0,OCUPADO,1,28,55,120,1,1
1790198647138,sala01,11444,1790198647138,0,0,OCUPADO,1,28,55,120,1,1
1790198649138,sala01,11445,1790198649138,0,0,OCUPADO,1,28,55,120,1,1
1790198651138,sala01,11446,1790198651138,0,0,OCUPADO,0,28,55,120,1,1
1790198653138,sala01,11447,1790198653138,0,0,OCUPADO,1,28,55,120,1,1
1790198655138,sala01,11448,1790198655138,0,0,OCUPADO,1,28,55,120,1,1
1790198657138,sala01,11449,1790198657138,0,0,OCUPADO,1,28,55,120,1,1
1790198659138,sala01,11450,1790198659138,0,0,OCUPADO,0,28,55,120,1,1
1790198661138,sala01,11451,1790198661138,0,0,OCUPADO,1,28,55,120,1,1
1790198663138,sala01,11452,1790198663138,0,0,OCUPADO,1,28,55,120,1,1
1790198665138,sala01,11453,1790198665138,0,0,OCUPADO,1,28,55,120,1,1
1790198667138,sala01,11454,1790198667138,0,0,OCUPADO,0,28,55,120,1,1
1790198669138,sala01,11455,1790198669138,0,0,OCUPADO,1,28,55,120,1,1
1790198671138,sala01,11456,1790198671138,0,0,OCUPADO,1,28,55,120,1,1
1790198673138,sala01,11457,1790198673138,0,0,OCUPADO,1,28,55,120,1,1
1790198675138,sala01,11458,1790198675138,0,0,OCUPADO,0,28,55,120,1,1
1790198677138,sala01,11459,1790198677138,0,0,OCUPADO,1,28,55,120,1,1
1790198679138,sala01,11460,1790198679138,0,0,OCUPADO,1,28,55,120,1,1
1790198681138,sala01,11461,1790198681138,0,0,OCUPADO,1,28,55,120,1,1
1790198683138,sala01,11462,1790198683138,0,0,OCUPADO,0,28,55,120,1,1
1790198685138,sala01,11463,1790198685138,0,0,OCUPADO,1,28,55,120,1,1
1790198687138,sala01,11464,1790198687138,0,0,OCUPADO,1,28,55,120,1,1
1790198689138,sala01,11465,1790198689138,0,0,OCUPADO,1,28,55,120,1,1
1790198691138,sala01,11466,1790198691138,0,0,OCUPADO,0,28,55,120,1,1
1790198693138,sala01,11467,1790198693138,0,0,OCUPADO,1,28,55,120,1,1
1790198695138,sala01,11468,1790198695138,0,0,OCUPADO,1,28,55,120,1,1
1790198697138,sala01,11469,1790198697138,0,0,OCUPADO,1,28,55,120,1,1
1790198699138,sala01,11470,1790198699138,0,0,OCUPADO,0,28,55,120,1,1
1790198701138,sala01,11471,1790198701138,0,0,OCUPADO,1,28,55,120,1,1
1790198703138,sala01,11472,1790198703138,0,0,OCUPADO,1,28,55,120,1,1
1790198705138,sala01,11473,1790198705138,0,0,OCUPADO,1,28,55,120,1,1
1790198707138,sala01,11474,1790198707138,0,0,OCUPADO,0,28,55,120,1,1
1790198709138,sala01,11475,1790198709138,0,0,OCUPADO,1,28,55,120,1,1
1790198711138,sala01,11476,1790198711138,0,0,OCUPADO,1,28,55,120,1,1
1790198713138,sala01,11477,1790198713138,0,0,OCUPADO,1,28,55,120,1,1
1790198715138,sala01,11478,1790198715138,0,0,OCUPADO,0,28,55,120,1,1
1790198717138,sala01,11479,1790198717138,0,0,OCUPADO,1,28,55,120,1,1
1790198719138,sala01,11480,1790198719138,0,0,OCUPADO,1,28,55,120,1,1
1790198721138,sala01,11481,1790198721138,0,0,OCUPADO,1,28,55,120,1,1
1790198723138,sala01,11482,1790198723138,0,0,OCUPADO,0,28,55,120,1,1
1790198725138,sala01,11483,1790198725138,0,0,OCUPADO,1,28,55,120,1,1
1790198727138,sala01,11484,1790198727138,0,0,OCUPADO,1,28,55,120,1,1
1790198729138,sala01,11485,1790198729138,0,0,OCUPADO,1,28,55,120,1,1
1790198731138,sala01,11486,1790198731138,0,0,OCUPADO,0,28,55,120,1,1
1790198733138,sala01,11487,1790198733138,0,0,OCUPADO,1,28,55,120,1,1
1790198735138,sala01,11488,1790198735138,0,0,OCUPADO,1,28,55,120,1,1
1790198737138,sala01,11489,1790198737138,0,0,OCUPADO,1,28,55,120,1,1
1790198739138,sala01,11490,1790198739138,0,0,OCUPADO,0,28,55,120,1,1
1790198741138,sala01,11491,1790198741138,0,0,OCUPADO,1,28,55,120,1,1
1790198743138,sala01,11492,1790198743138,0,0,OCUPADO,1,28,55,120,1,1
1790198745138,sala01,11493,1790198745138,0,0,OCUPADO,1,28,55,120,1,1
1790198747138,sala01,11494,1790198747138,0,0,OCUPADO,0,28,55,120,1,1
1790198749138,sala01,11495,1790198749138,0,0,OCUPADO,1,28,55,120,1,1
1790198751138,sala01,11496,1790198751138,0,0,OCUPADO,1,28,55,120,1,1
1790198753138,sala01,11497,1790198753138,0,0,OCUPADO,1,28,55,120,1,1
1790198755138,sala01,11498,1790198755138,0,0,OCUPADO,0,28,55,120,1,1
1790198757138,sala01,11499,1790198757138,0,0,OCUPADO,1,28,55,120,1,1
1790198759138,sala01,11500,1790198759138,0,0,OCUPADO,1,28,55,120,1,1
1790198761138,sala01,11501,1790198761138,0,0,OCUPADO,1,28,55,120,1,1
1790198763138,sala01,11502,1790198763138,0,0,OCUPADO,0,28,55,120,1,1
1790198765138,sala01,11503,1790198765138,0,0,OCUPADO,1,28,55,120,1,1
1790198767138,sala01,11504,1790198767138,0,0,OCUPADO,1,28,55,120,1,1
1790198769138,sala01,11505,1790198769138,0,0,OCUPADO,1,28,55,120,1,1
1790198771138,sala01,11506,1790198771138,0,0,OCUPADO,0,28,55,120,1,1
1790198773138,sala01,11507,1790198773138,0,0,OCUPADO,1,28,55,120,1,1
1790198775138,sala01,11508,1790198775138,0,0,OCUPADO,1,28,55,120,1,1
1790198777138,sala01,11509,1790198777138,0,0,OCUPADO,1,28,55,120,1,1
1790198779138,sala01,11510,1790198779138,0,0,OCUPADO,0,28,55,120,1,1
1790198781138,sala01,11511,1790198781138,0,0,OCUPADO,1,28,55,120,1,1
1790198783138,sala01,11512,1790198783138,0,0,OCUPADO,1,28,55,120,1,1
1790198785138,sala01,11513,1790198785138,0,0,OCUPADO,1,28,55,120,1,1
1790198787138,sala01,11514,1790198787138,0,0,OCUPADO,0,28,55,120,1,1
1790198789138,sala01,11515,1790198789138,0,0,OCUPADO,1,28,55,120,1,1
1790198791138,sala01,11516,1790198791138,0,0,OCUPADO,1,28,55,120,1,1
1790198793138,sala01,11517,1790198793138,0,0,OCUPADO,1,28,55,120,1,1
1790198795138,sala01,11518,1790198795138,0,0,OCUPADO,0,28,55,120,1,1
1790198797138,sala01,11519,1790198797138,0,0,OCUPADO,1,28,55,120,1,1
1790198799138,sala01,11520,1790198799138,0,0,OCUPADO,1,28,55,120,1,1
1790198801138,sala01,11521,1790198801138,0,0,OCUPADO,1,28,55,120,1,1
1790198803138,sala01,11522,1790198803138,0,0,OCUPADO,0,28,55,120,1,1
1790198805138,sala01,11523,1790198805138,0,0,OCUPADO,1,28,55,120,1,1
1790198807138,sala01,11524,1790198807138,0,0,OCUPADO,1,28,55,120,1,1
1790198809138,sala01,11525,1790198809138,0,0,OCUPADO,1,28,55,120,1,1
1790198811138,sala01,11526,1790198811138,0,0,OCUPADO,0,28,55,120,1,1
1790198813138,sala01,11527,1790198813138,0,0,OCUPADO,1,28,55,120,1,1
1790198815138,sala01,11528,1790198815138,0,0,OCUPADO,1,28,55,120,1,1
1790198817138,sala01,11529,1790198817138,0,0,OCUPADO,1,28,55,120,1,1
1790198819138,sala01,11530,1790198819138,0,0,OCUPADO,0,28,55,120,1,1
1790198821138,sala01,11531,1790198821138,0,0,OCUPADO,1,28,55,120,1,1
1790198823138,sala01,11532,1790198823138,0,0,OCUPADO,1,28,55,120,1,1
1790198825138,sala01,11533,1790198825138,0,0,OCUPADO,1,28,55,120,1,1
1790198827138,sala01,11534,1790198827138,0,0,OCUPADO,0,28,55,120,1,1
1790198829138,sala01,11535,1790198829138,0,0,OCUPADO,1,28,55,120,1,1
1790198831138,sala01,11536,1790198831138,0,0,OCUPADO,1,28,55,120,1,1
1790198833138,sala01,11537,1790198833138,0,0,OCUPADO,1,28,55,120,1,1
1790198835138,sala01,11538,1790198835138,0,0,OCUPADO,0,28,55,120,1,1
1790198837138,sala01,11539,1790198837138,0,0,OCUPADO,1,28,55,120,1,1
1790198839138,sala01,11540,1790198839138,0,0,OCUPADO,1,28,55,120,1,1
1790198841138,sala01,11541,1790198841138,0,0,OCUPADO,1,28,55,120,1,1
1790198843138,sala01,11542,1790198843138,0,0,OCUPADO,0,28,55,120,1,1
1790198845138,sala01,11543,1790198845138,0,0,OCUPADO,1,28,55,120,1,1
1790198847138,sala01,11544,1790198847138,0,0,OCUPADO,1,28,55,120,1,1
1790198849138,sala01,11545,1790198849138,0,0,OCUPADO,1,28,55,120,1,1
1790198851138,sala01,11546,1790198851138,0,0,OCUPADO,0,28,55,120,1,1
1790198853138,sala01,11547,1790198853138,0,0,OCUPADO,1,28,55,120,1,1
1790198855138,sala01,11548,1790198855138,0,0,OCUPADO,1,28,55,120,1,1
1790198857138,sala01,11549,1790198857138,0,0,OCUPADO,1,28,55,120,1,1
1790198859138,sala01,11550,1790198859138,0,0,OCUPADO,0,28,55,120,1,1
1790198861138,sala01,11551,1790198861138,0,0,OCUPADO,1,28,55,120,1,1
1790198863138,sala01,11552,1790198863138,0,0,OCUPADO,1,28,55,120,1,1
1790198865138,sala01,11553,1790198865138,0,0,OCUPADO,1,28,55,120,1,1
1790198867138,sala01,11554,1790198867138,0,0,OCUPADO,0,28,55,120,1,1
1790198869138,sala01,11555,1790198869138,0,0,OCUPADO,1,28,55,120,1,1
1790198871138,sala01,11556,1790198871138,0,0,OCUPADO,1,28,55,120,1,1
1790198873138,sala01,11557,1790198873138,0,0,OCUPADO,1,28,55,120,1,1
1790198875138,sala01,11558,1790198875138,0,0,OCUPADO,0,28,55,120,1,1
1790198877138,sala01,11559,1790198877138,0,0,OCUPADO,1,28,55,120,1,1
1790198879138,sala01,11560,1790198879138,0,0,OCUPADO,1,28,55,120,1,1
1790198881138,sala01,11561,1790198881138,0,0,OCUPADO,1,28,55,120,1,1
1790198883138,sala01,11562,1790198883138,0,0,OCUPADO,0,28,55,120,1,1
1790198885138,sala01,11563,1790198885138,0,0,OCUPADO,1,28,55,120,1,1
1790198887138,sala01,11564,1790198887138,0,0,OCUPADO,1,28,55,120,1,1
1790198889138,sala01,11565,1790198889138,0,0,OCUPADO,1,28,55,120,1,1
1790198891138,sala01,11566,1790198891138,0,0,OCUPADO,0,28,55,120,1,1
1790198893138,sala01,11567,1790198893138,0,0,OCUPADO,1,28,55,120,1,1
1790198895138,sala01,11568,1790198895138,0,0,OCUPADO,1,28,55,120,1,1
1790198897138,sala01,11569,1790198897138,0,0,OCUPADO,1,28,55,120,1,1
1790198899138,sala01,11570,1790198899138,0,0,OCUPADO,0,28,55,120,1,1
1790198901138,sala01,11571,1790198901138,0,0,OCUPADO,1,28,55,120,1,1
1790198903138,sala01,11572,1790198903138,0,0,OCUPADO,1,28,55,120,1,1
1790198905138,sala01,11573,1790198905138,0,0,OCUPADO,1,28,55,120,1,1
1790198907138,sala01,11574,1790198907138,0,0,OCUPADO,0,28,55,120,1,1
1790198909138,sala01,11575,1790198909138,0,0,OCUPADO,1,28,55,120,1,1
1790198911138,sala01,11576,1790198911138,0,0,OCUPADO,1,28,55,120,1,1
1790198913138,sala01,11577,1790198913138,0,0,OCUPADO,1,28,55,120,1,1
1790198915138,sala01,11578,1790198915138,0,0,OCUPADO,0,28,55,120,1,1
1790198917138,sala01,11579,1790198917138,0,0,OCUPADO,1,28,55,120,1,1
1790198919138,sala01,11580,1790198919138,0,0,OCUPADO,1,28,55,120,1,1
1790198921138,sala01,11581,1790198921138,0,0,OCUPADO,1,28,55,120,1,1
1790198923138,sala01,11582,1790198923138,0,0,OCUPADO,0,28,55,120,1,1
1790198925138,sala01,11583,1790198925138,0,0,OCUPADO,1,28,55,120,1,1
1790198927138,sala01,11584,1790198927138,0,0,OCUPADO,1,28,55,120,1,1
1790198929138,sala01,11585,1790198929138,0,0,OCUPADO,1,28,55,120,1,1
1790198931138,sala01,11586,1790198931138,0,0,OCUPADO,0,28,55,120,1,1
1790198933138,sala01,11587,1790198933138,0,0,OCUPADO,1,28,55,120,1,1
1790198935138,sala01,11588,1790198935138,0,0,OCUPADO,1,28,55,120,1,1
1790198937138,sala01,11589,1790198937138,0,0,OCUPADO,1,28,55,120,1,1
1790198939138,sala01,11590,1790198939138,0,0,OCUPADO,0,28,55,120,1,1
1790198941138,sala01,11591,1790198941138,0,0,OCUPADO,1,28,55,120,1,1
1790198943138,sala01,11592,1790198943138,0,0,OCUPADO,1,28,55,120,1,1
1790198945138,sala01,11593,1790198945138,0,0,OCUPADO,1,28,55,120,1,1
1790198947138,sala01,11594,1790198947138,0,0,OCUPADO,0,28,55,120,1,1
1790198949138,sala01,11595,1790198949138,0,0,OCUPADO,1,28,55,120,1,1
1790198951138,sala01,11596,1790198951138,0,0,OCUPADO,1,28,55,120,1,1
1790198953138,sala01,11597,1790198953138,0,0,OCUPADO,1,28,55,120,1,1
1790198955138,sala01,11598,1790198955138,0,0,OCUPADO,0,28,55,120,1,1
1790198957138,sala01,11599,1790198957138,0,0,OCUPADO,1,28,55,120,1,1
1790198959138,sala01,11600,1790198959138,0,0,OCUPADO,1,28,55,120,1,1
1790198961138,sala01,11601,1790198961138,0,0,OCUPADO,1,28,55,120,1,1
1790198963138,sala01,11602,1790198963138,0,0,OCUPADO,0,28,55,120,1,1
1790198965138,sala01,11603,1790198965138,0,0,OCUPADO,1,28,55,120,1,1
1790198967138,sala01,11604,1790198967138,0,0,OCUPADO,1,28,55,120,1,1
1790198969138,sala01,11605,1790198969138,0,0,OCUPADO,1,28,55,120,1,1
1790198971138,sala01,11606,1790198971138,0,0,OCUPADO,0,28,55,120,1,1
1790198973138,sala01,11607,1790198973138,0,0,OCUPADO,1,28,55,120,1,1
1790198975138,sala01,11608,1790198975138,0,0,OCUPADO,1,28,55,120,1,1
1790198977138,sala01,11609,1790198977138,0,0,OCUPADO,1,28,55,120,1,1
1790198979138,sala01,11610,1790198979138,0,0,OCUPADO,0,28,55,120,1,1
1790198981138,sala01,11611,1790198981138,0,0,OCUPADO,1,28,55,120,1,1
1790198983138,sala01,11612,1790198983138,0,0,OCUPADO,1,28,55,120,1,1
1790198985138,sala01,11613,1790198985138,0,0,OCUPADO,1,28,55,120,1,1
1790198987138,sala01,11614,1790198987138,0,0,OCUPADO,0,28,55,120,1,1
1790198989138,sala01,11615,1790198989138,0,0,OCUPADO,1,28,55,120,1,1
1790198991138,sala01,11616,1790198991138,0,0,OCUPADO,1,28,55,120,1,1
1790198993138,sala01,11617,1790198993138,0,0,OCUPADO,1,28,55,120,1,1
1790198995138,sala01,11618,1790198995138,0,0,OCUPADO,0,28,55,120,1,1
1790198997138,sala01,11619,1790198997138,0,0,OCUPADO,1,28,55,120,1,1
1790198999138,sala01,11620,1790198999138,0,0,OCUPADO,1,28,55,120,1,1
1790199001138,sala01,11621,1790199001138,0,0,OCUPADO,1,28,55,120,1,1
1790199003138,sala01,11622,1790199003138,0,0,OCUPADO,0,28,55,120,1,1
1790199005138,sala01,11623,1790199005138,0,0,OCUPADO,1,28,55,120,1,1
1790199007138,sala01,11624,1790199007138,0,0,OCUPADO,1,28,55,120,1,1
1790199009138,sala01,11625,1790199009138,0,0,OCUPADO,1,28,55,120,1,1
1790199011138,sala01,11626,1790199011138,0,0,OCUPADO,0,28,55,120,1,1
1790199013138,sala01,11627,1790199013138,0,0,OCUPADO,1,28,55,120,1,1
1790199015138,sala01,11628,1790199015138,0,0,OCUPADO,1,28,55,120,1,1
1790199017138,sala01,11629,1790199017138,0,0,OCUPADO,1,28,55,120,1,1
1790199019138,sala01,11630,1790199019138,0,0,OCUPADO,0,28,55,120,1,1
1790199021138,sala01,11631,1790199021138,0,0,OCUPADO,1,28,55,120,1,1
1790199023138,sala01,11632,1790199023138,0,0,OCUPADO,1,28,55,120,1,1
1790199025138,sala01,11633,1790199025138,0,0,OCUPADO,1,28,55,120,1,1
1790199027138,sala01,11634,1790199027138,0,0,OCUPADO,0,28,55,120,1,1
1790199029138,sala01,11635,1790199029138,0,0,OCUPADO,1,28,55,120,1,1
1790199031138,sala01,11636,1790199031138,0,0,OCUPADO,1,28,55,120,1,1
1790199033138,sala01,11637,1790199033138,0,0,OCUPADO,1,28,55,120,1,1
1790199035138,sala01,11638,1790199035138,0,0,OCUPADO,0,28,55,120,1,1
1790199037138,sala01,11639,1790199037138,0,0,OCUPADO,1,28,55,120,1,1
1790199039138,sala01,11640,1790199039138,0,0,OCUPADO,1,28,55,120,1,1
1790199041138,sala01,11641,1790199041138,0,0,OCUPADO,1,28,55,120,1,1
1790199043138,sala01,11642,1790199043138,0,0,OCUPADO,0,28,55,120,1,1
1790199045138,sala01,11643,1790199045138,0,0,OCUPADO,1,28,55,120,1,1
1790199047138,sala01,11644,1790199047138,0,0,OCUPADO,1,28,55,120,1,1
1790199049138,sala01,11645,1790199049138,0,0,OCUPADO,1,28,55,120,1,1
1790199051138,sala01,11646,1790199051138,0,0,OCUPADO,0,28,55,120,1,1
1790199053138,sala01,11647,1790199053138,0,0,OCUPADO,1,28,55,120,1,1
1790199055138,sala01,11648,1790199055138,0,0,OCUPADO,1,28,55,120,1,1
1790199057138,sala01,11649,1790199057138,0,0,OCUPADO,1,28,55,120,1,1
1790199059138,sala01,11650,1790199059138,0,0,OCUPADO,0,28,55,120,1,1
1790199061138,sala01,11651,1790199061138,0,0,OCUPADO,1,28,55,120,1,1
1790199063138,sala01,11652,1790199063138,0,0,OCUPADO,1,28,55,120,1,1
1790199065138,sala01,11653,1790199065138,0,0,OCUPADO,1,28,55,120,1,1
1790199067138,sala01,11654,1790199067138,0,0,OCUPADO,0,28,55,120,1,1
1790199069138,sala01,11655,1790199069138,0,0,OCUPADO,1,28,55,120,1,1
1790199071138,sala01,11656,1790199071138,0,0,OCUPADO,1,28,55,120,1,1
1790199073138,sala01,11657,1790199073138,0,0,OCUPADO,1,28,55,120,1,1
1790199075138,sala01,11658,1790199075138,0,0,OCUPADO,0,28,55,120,1,1
1790199077138,sala01,11659,1790199077138,0,0,OCUPADO,1,28,55,120,1,1
1790199079138,sala01,11660,1790199079138,0,0,OCUPADO,1,28,55,120,1,1
1790199081138,sala01,11661,1790199081138,0,0,OCUPADO,1,28,55,120,1,1
1790199083138,sala01,11662,1790199083138,0,0,OCUPADO,0,28,55,120,1,1
1790199085138,sala01,11663,1790199085138,0,0,OCUPADO,1,28,55,120,1,1
1790199087138,sala01,11664,1790199087138,0,0,OCUPADO,1,28,55,120,1,1
1790199089138,sala01,11665,1790199089138,0,0,OCUPADO,1,28,55,120,1,1
1790199091138,sala01,11666,1790199091138,0,0,OCUPADO,0,28,55,120,1,1
1790199093138,sala01,11667,1790199093138,0,0,OCUPADO,1,28,55,120,1,1
1790199095138,sala01,11668,1790199095138,0,0,OCUPADO,1,28,55,120,1,1
1790199097138,sala01,11669,1790199097138,0,0,OCUPADO,1,28,55,120,1,1
1790199099138,sala01,11670,1790199099138,0,0,OCUPADO,0,28,55,120,1,1
1790199101138,sala01,11671,1790199101138,0,0,OCUPADO,1,28,55,120,1,1
1790199103138,sala01,11672,1790199103138,0,0,OCUPADO,1,28,55,120,1,1
1790199105138,sala01,11673,1790199105138,0,0,OCUPADO,1,28,55,120,1,1
1790199107138,sala01,11674,1790199107138,0,0,OCUPADO,0,28,55,120,1,1
1790199109138,sala01,11675,1790199109138,0,0,OCUPADO,1,28,55,120,1,1
1790199111138,sala01,11676,1790199111138,0,0,OCUPADO,1,28,55,120,1,1
1790199113138,sala01,11677,1790199113138,0,0,OCUPADO,1,28,55,120,1,1
1790199115138,sala01,11678,1790199115138,0,0,OCUPADO,0,28,55,120,1,1
1790199117138,sala01,11679,1790199117138,0,0,OCUPADO,1,28,55,120,1,1
1790199119138,sala01,11680,1790199119138,0,0,OCUPADO,1,28,55,120,1,1
1790199121138,sala01,11681,1790199121138,0,0,OCUPADO,1,28,55,120,1,1
1790199123138,sala01,11682,1790199123138,0,0,OCUPADO,0,28,55,120,1,1
1790199125138,sala01,11683,1790199125138,0,0,OCUPADO,1,28,55,120,1,1
1790199127138,sala01,11684,1790199127138,0,0,OCUPADO,1,28,55,120,1,1
1790199129138,sala01,11685,1790199129138,0,0,OCUPADO,1,28,55,120,1,1
1790199131138,sala01,11686,1790199131138,0,0,OCUPADO,0,28,55,120,1,1
1790199133138,sala01,11687,1790199133138,0,0,OCUPADO,1,28,55,120,1,1
1790199135138,sala01,11688,1790199135138,0,0,OCUPADO,1,28,55,120,1,1
1790199137138,sala01,11689,1790199137138,0,0,OCUPADO,1,28,55,120,1,1
1790199139138,sala01,11690,1790199139138,0,0,OCUPADO,0,28,55,120,1,1
1790199141138,sala01,11691,1790199141138,0,0,OCUPADO,1,28,55,120,1,1
1790199143138,sala01,11692,1790199143138,0,0,OCUPADO,1,28,55,120,1,1
1790199145138,sala01,11693,1790199145138,0,0,OCUPADO,1,28,55,120,1,1
1790199147138,sala01,11694,1790199147138,0,0,OCUPADO,0,28,55,120,1,1
1790199149138,sala01,11695,1790199149138,0,0,OCUPADO,1,28,55,120,1,1
1790199151138,sala01,11696,1790199151138,0,0,OCUPADO,1,28,55,120,1,1
1790199153138,sala01,11697,1790199153138,0,0,OCUPADO,1,28,55,120,1,1
1790199155138,sala01,11698,1790199155138,0,0,OCUPADO,0,28,55,120,1,1
1790199157138,sala01,11699,1790199157138,0,0,OCUPADO,1,28,55,120,1,1
1790199159138,sala01,11700,1790199159138,0,0,OCUPADO,1,28,55,120,1,1
1790199161138,sala01,11701,1790199161138,0,0,OCUPADO,1,28,55,120,1,1
1790199163138,sala01,11702,1790199163138,0,0,OCUPADO,0,28,55,120,1,1
1790199165138,sala01,11703,1790199165138,0,0,OCUPADO,1,28,55,120,1,1
1790199167138,sala01,11704,1790199167138,0,0,OCUPADO,1,28,55,120,1,1
1790199169138,sala01,11705,1790199169138,0,0,OCUPADO,1,28,55,120,1,1
1790199171138,sala01,11706,1790199171138,0,0,OCUPADO,0,28,55,120,1,1
1790199173138,sala01,11707,1790199173138,0,0,OCUPADO,1,28,55,120,1,1
1790199175138,sala01,11708,1790199175138,0,0,OCUPADO,1,28,55,120,1,1
1790199177138,sala01,11709,1790199177138,0,0,OCUPADO,1,28,55,120,1,1
1790199179138,sala01,11710,1790199179138,0,0,OCUPADO,0,28,55,120,1,1
1790199181138,sala01,11711,1790199181138,0,0,OCUPADO,1,28,55,120,1,1
1790199183138,sala01,11712,1790199183138,0,0,OCUPADO,1,28,55,120,1,1
1790199185138,sala01,11713,1790199185138,0,0,OCUPADO,1,28,55,120,1,1
1790199187138,sala01,11714,1790199187138,0,0,OCUPADO,0,28,55,120,1,1
1790199189138,sala01,11715,1790199189138,0,0,OCUPADO,1,28,55,120,1,1
1790199191138,sala01,11716,1790199191138,0,0,OCUPADO,1,28,55,120,1,1
1790199193138,sala01,11717,1790199193138,0,0,OCUPADO,1,28,55,120,1,1
1790199195138,sala01,11718,1790199195138,0,0,OCUPADO,0,28,55,120,1,1
1790199197138,sala01,11719,1790199197138,0,0,OCUPADO,1,28,55,120,1,1
1790199199138,sala01,11720,1790199199138,0,0,OCUPADO,1,28,55,120,1,1
1790199201138,sala01,11721,1790199201138,0,0,OCUPADO,1,28,55,120,1,1
1790199203138,sala01,11722,1790199203138,0,0,OCUPADO,0,28,55,120,1,1
1790199205138,sala01,11723,1790199205138,0,0,OCUPADO,1,28,55,120,1,1
1790199207138,sala01,11724,1790199207138,0,0,OCUPADO,1,28,55,120,1,1
1790199209138,sala01,11725,1790199209138,0,0,OCUPADO,1,28,55,120,1,1
1790199211138,sala01,11726,1790199211138,0,0,OCUPADO,0,28,55,120,1,1
1790199213138,sala01,11727,1790199213138,0,0,OCUPADO,1,28,55,120,1,1
1790199215138,sala01,11728,1790199215138,0,0,OCUPADO,1,28,55,120,1,1
1790199217138,sala01,11729,1790199217138,0,0,OCUPADO,1,28,55,120,1,1
1790199219138,sala01,11730,1790199219138,0,0,OCUPADO,0,28,55,120,1,1
1790199221138,sala01,11731,1790199221138,0,0,OCUPADO,1,28,55,120,1,1
1790199223138,sala01,11732,1790199223138,0,0,OCUPADO,1,28,55,120,1,1
1790199225138,sala01,11733,1790199225138,0,0,OCUPADO,1,28,55,120,1,1
1790199227138,sala01,11734,1790199227138,0,0,OCUPADO,0,28,55,120,1,1
1790199229138,sala01,11735,1790199229138,0,0,OCUPADO,1,28,55,120,1,1
1790199231138,sala01,11736,1790199231138,0,0,OCUPADO,1,28,55,120,1,1
1790199233138,sala01,11737,1790199233138,0,0,OCUPADO,1,28,55,120,1,1
1790199235138,sala01,11738,1790199235138,0,0,OCUPADO,0,28,55,120,1,1
1790199237138,sala01,11739,1790199237138,0,0,OCUPADO,1,28,55,120,1,1
1790199239138,sala01,11740,1790199239138,0,0,OCUPADO,1,28,55,120,1,1
1790199241138,sala01,11741,1790199241138,0,0,OCUPADO,1,28,55,120,1,1
1790199243138,sala01,11742,1790199243138,0,0,OCUPADO,0,28,55,120,1,1
1790199245138,sala01,11743,1790199245138,0,0,OCUPADO,1,28,55,120,1,1
1790199247138,sala01,11744,1790199247138,0,0,OCUPADO,1,28,55,120,1,1
1790199249138,sala01,11745,1790199249138,0,0,OCUPADO,1,28,55,120,1,1
1790199251138,sala01,11746,1790199251138,0,0,OCUPADO,0,28,55,120,1,1
1790199253138,sala01,11747,1790199253138,0,0,OCUPADO,1,28,55,120,1,1
1790199255138,sala01,11748,1790199255138,0,0,OCUPADO,1,28,55,120,1,1
1790199257138,sala01,11749,1790199257138,0,0,OCUPADO,1,28,55,120,1,1
1790199259138,sala01,11750,1790199259138,0,0,OCUPADO,0,28,55,120,1,1
1790199261138,sala01,11751,1790199261138,0,0,OCUPADO,1,28,55,120,1,1
1790199263138,sala01,11752,1790199263138,0,0,OCUPADO,1,28,55,120,1,1
1790199265138,sala01,11753,1790199265138,0,0,OCUPADO,1,28,55,120,1,1
1790199267138,sala01,11754,1790199267138,0,0,OCUPADO,0,28,55,120,1,1
1790199269138,sala01,11755,1790199269138,0,0,OCUPADO,1,28,55,120,1,1
1790199271138,sala01,11756,1790199271138,0,0,OCUPADO,1,28,55,120,1,1
1790199273138,sala01,11757,1790199273138,0,0,OCUPADO,1,28,55,120,1,1
1790199275138,sala01,11758,1790199275138,0,0,OCUPADO,0,28,55,120,1,1
1790199277138,sala01,11759,1790199277138,0,0,OCUPADO,1,28,55,120,1,1
1790199279138,sala01,11760,1790199279138,0,0,OCUPADO,1,28,55,120,1,1
1790199281138,sala01,11761,1790199281138,0,0,OCUPADO,1,28,55,120,1,1
1790199283138,sala01,11762,1790199283138,0,0,OCUPADO,0,28,55,120,1,1
1790199285138,sala01,11763,1790199285138,0,0,OCUPADO,1,28,55,120,1,1
1790199287138,sala01,11764,1790199287138,0,0,OCUPADO,1,28,55,120,1,1
1790199289138,sala01,11765,1790199289138,0,0,OCUPADO,1,28,55,120,1,1
1790199291138,sala01,11766,1790199291138,0,0,OCUPADO,0,28,55,120,1,1
1790199293138,sala01,11767,1790199293138,0,0,OCUPADO,1,28,55,120,1,1
1790199295138,sala01,11768,1790199295138,0,0,OCUPADO,1,28,55,120,1,1
1790199297138,sala01,11769,1790199297138,0,0,OCUPADO,1,28,55,120,1,1
1790199299138,sala01,11770,1790199299138,0,0,OCUPADO,0,28,55,120,1,1
1790199301138,sala01,11771,1790199301138,0,0,OCUPADO,1,28,55,120,1,1
1790199303138,sala01,11772,1790199303138,0,0,OCUPADO,1,28,55,120,1,1
1790199305138,sala01,11773,1790199305138,0,0,OCUPADO,1,28,55,120,1,1
1790199307138,sala01,11774,1790199307138,0,0,OCUPADO,0,28,55,120,1,1
1790199309138,sala01,11775,1790199309138,0,0,OCUPADO,1,28,55,120,1,1
1790199311138,sala01,11776,1790199311138,0,0,OCUPADO,1,28,55,120,1,1
1790199313138,sala01,11777,1790199313138,0,0,OCUPADO,1,28,55,120,1,1
1790199315138,sala01,11778,1790199315138,0,0,OCUPADO,0,28,55,120,1,1
1790199317138,sala01,11779,1790199317138,0,0,OCUPADO,1,28,55,120,1,1
1790199319138,sala01,11780,1790199319138,0,0,OCUPADO,1,28,55,120,1,1
1790199321138,sala01,11781,1790199321138,0,0,OCUPADO,1,28,55,120,1,1
1790199323138,sala01,11782,1790199323138,0,0,OCUPADO,0,28,55,120,1,1
1790199325138,sala01,11783,1790199325138,0,0,OCUPADO,1,28,55,120,1,1
1790199327138,sala01,11784,1790199327138,0,0,OCUPADO,1,28,55,120,1,1
1790199329138,sala01,11785,1790199329138,0,0,OCUPADO,1,28,55,120,1,1
1790199331138,sala01,11786,1790199331138,0,0,OCUPADO,0,28,55,120,1,1
1790199333138,sala01,11787,1790199333138,0,0,OCUPADO,1,28,55,120,1,1
1790199335138,sala01,11788,1790199335138,0,0,OCUPADO,1,28,55,120,1,1
1790199337138,sala01,11789,1790199337138,0,0,OCUPADO,1,28,55,120,1,1
1790199339138,sala01,11790,1790199339138,0,0,OCUPADO,0,28,55,120,1,1
1790199341138,sala01,11791,1790199341138,0,0,OCUPADO,1,28,55,120,1,1
1790199343138,sala01,11792,1790199343138,0,0,OCUPADO,1,28,55,120,1,1
1790199345138,sala01,11793,1790199345138,0,0,OCUPADO,1,28,55,120,1,1
1790199347138,sala01,11794,1790199347138,0,0,OCUPADO,0,28,55,120,1,1
1790199349138,sala01,11795,1790199349138,0,0,OCUPADO,1,28,55,120,1,1
1790199351138,sala01,11796,1790199351138,0,0,OCUPADO,1,28,55,120,1,1
1790199353138,sala01,11797,1790199353138,0,0,OCUPADO,1,28,55,120,1,1
1790199355138,sala01,11798,1790199355138,0,0,OCUPADO,0,28,55,120,1,1
1790199357138,sala01,11799,1790199357138,0,0,OCUPADO,1,28,55,120,1,1
1790199359138,sala01,11800,1790199359138,0,0,OCUPADO,1,28,55,120,1,1
1790199361138,sala01,11801,1790199361138,0,0,OCUPADO,1,28,55,120,1,1
1790199363138,sala01,11802,1790199363138,0,0,OCUPADO,0,28,55,120,1,1
1790199365138,sala01,11803,1790199365138,0,0,OCUPADO,1,28,55,120,1,1
1790199367138,sala01,11804,1790199367138,0,0,OCUPADO,1,28,55,120,1,1
1790199369138,sala01,11805,1790199369138,0,0,OCUPADO,1,28,55,120,1,1
1790199371138,sala01,11806,1790199371138,0,0,OCUPADO,0,28,55,120,1,1
1790199373138,sala01,11807,1790199373138,0,0,OCUPADO,1,28,55,120,1,1
1790199375138,sala01,11808,1790199375138,0,0,OCUPADO,1,28,55,120,1,1
1790199377138,sala01,11809,1790199377138,0,0,OCUPADO,1,28,55,120,1,1
1790199379138,sala01,11810,1790199379138,0,0,OCUPADO,0,28,55,120,1,1
1790199381138,sala01,11811,1790199381138,0,0,OCUPADO,1,28,55,120,1,1
1790199383138,sala01,11812,1790199383138,0,0,OCUPADO,1,28,55,120,1,1
1790199385138,sala01,11813,1790199385138,0,0,OCUPADO,1,28,55,120,1,1
1790199387138,sala01,11814,1790199387138,0,0,OCUPADO,0,28,55,120,1,1
1790199389138,sala01,11815,1790199389138,0,0,OCUPADO,1,28,55,120,1,1
1790199391138,sala01,11816,1790199391138,0,0,OCUPADO,1,28,55,120,1,1
1790199393138,sala01,11817,1790199393138,0,0,OCUPADO,1,28,55,120,1,1
1790199395138,sala01,11818,1790199395138,0,0,OCUPADO,0,28,55,120,1,1
1790199397138,sala01,11819,1790199397138,0,0,OCUPADO,1,28,55,120,1,1
1790199399138,sala01,11820,1790199399138,0,0,OCUPADO,1,28,55,120,1,1
1790199401138,sala01,11821,1790199401138,0,0,OCUPADO,1,28,55,120,1,1
1790199403138,sala01,11822,1790199403138,0,0,OCUPADO,0,28,55,120,1,1
1790199405138,sala01,11823,1790199405138,0,0,OCUPADO,1,28,55,120,1,1
1790199407138,sala01,11824,1790199407138,0,0,OCUPADO,1,28,55,120,1,1
1790199409138,sala01,11825,1790199409138,0,0,OCUPADO,1,28,55,120,1,1
1790199411138,sala01,11826,1790199411138,0,0,OCUPADO,0,28,55,120,1,1
1790199413138,sala01,11827,1790199413138,0,0,OCUPADO,1,28,55,120,1,1
1790199415138,sala01,11828,1790199415138,0,0,OCUPADO,1,28,55,120,1,1
1790199417138,sala01,11829,1790199417138,0,0,OCUPADO,1,28,55,120,1,1
1790199419138,sala01,11830,1790199419138,0,0,OCUPADO,0,28,55,120,1,1
1790199421138,sala01,11831,1790199421138,0,0,OCUPADO,1,28,55,120,1,1
1790199423138,sala01,11832,1790199423138,0,0,OCUPADO,1,28,55,120,1,1
1790199425138,sala01,11833,1790199425138,0,0,OCUPADO,1,28,55,120,1,1
1790199427138,sala01,11834,1790199427138,0,0,OCUPADO,0,28,55,120,1,1
1790199429138,sala01,11835,1790199429138,0,0,OCUPADO,1,28,55,120,1,1
1790199431138,sala01,11836,1790199431138,0,0,OCUPADO,1,28,55,120,1,1
1790199433138,sala01,11837,1790199433138,0,0,OCUPADO,1,28,55,120,1,1
1790199435138,sala01,11838,1790199435138,0,0,OCUPADO,0,28,55,120,1,1
1790199437138,sala01,11839,1790199437138,0,0,OCUPADO,1,28,55,120,1,1
1790199439138,sala01,11840,1790199439138,0,0,OCUPADO,1,28,55,120,1,1
1790199441138,sala01,11841,1790199441138,0,0,OCUPADO,1,28,55,120,1,1
1790199443138,sala01,11842,1790199443138,0,0,OCUPADO,0,28,55,120,1,1
1790199445138,sala01,11843,1790199445138,0,0,OCUPADO,1,28,55,120,1,1
1790199447138,sala01,11844,1790199447138,0,0,OCUPADO,1,28,55,120,1,1
1790199449138,sala01,11845,1790199449138,0,0,OCUPADO,1,28,55,120,1,1
1790199451138,sala01,11846,1790199451138,0,0,OCUPADO,0,28,55,120,1,1
1790199453138,sala01,11847,1790199453138,0,0,OCUPADO,1,28,55,120,1,1
1790199455138,sala01,11848,1790199455138,0,0,OCUPADO,1,28,55,120,1,1
1790199457138,sala01,11849,1790199457138,0,0,OCUPADO,1,28,55,120,1,1
1790199459138,sala01,11850,1790199459138,0,0,OCUPADO,0,28,55,120,1,1
1790199461138,sala01,11851,1790199461138,0,0,OCUPADO,1,28,55,120,1,1
1790199463138,sala01,11852,1790199463138,0,0,OCUPADO,1,28,55,120,1,1
1790199465138,sala01,11853,1790199465138,0,0,OCUPADO,1,28,55,120,1,1
1790199467138,sala01,11854,1790199467138,0,0,OCUPADO,0,28,55,120,1,1
1790199469138,sala01,11855,1790199469138,0,0,OCUPADO,1,28,55,120,1,1
1790199471138,sala01,11856,1790199471138,0,0,OCUPADO,1,28,55,120,1,1
1790199473138,sala01,11857,1790199473138,0,0,OCUPADO,1,28,55,120,1,1
1790199475138,sala01,11858,1790199475138,0,0,OCUPADO,0,28,55,120,1,1
1790199477138,sala01,11859,1790199477138,0,0,OCUPADO,1,28,55,120,1,1
1790199479138,sala01,11860,1790199479138,0,0,OCUPADO,1,28,55,120,1,1
1790199481138,sala01,11861,1790199481138,0,0,OCUPADO,1,28,55,120,1,1
1790199483138,sala01,11862,1790199483138,0,0,OCUPADO,0,28,55,120,1,1
1790199485138,sala01,11863,1790199485138,0,0,OCUPADO,1,28,55,120,1,1
1790199487138,sala01,11864,1790199487138,0,0,OCUPADO,1,28,55,120,1,1
1790199489138,sala01,11865,1790199489138,0,0,OCUPADO,1,28,55,120,1,1
1790199491138,sala01,11866,1790199491138,0,0,OCUPADO,0,28,55,120,1,1
1790199493138,sala01,11867,1790199493138,0,0,OCUPADO,1,28,55,120,1,1
1790199495138,sala01,11868,1790199495138,0,0,OCUPADO,1,28,55,120,1,1
1790199497138,sala01,11869,1790199497138,0,0,OCUPADO,1,28,55,120,1,1
1790199499138,sala01,11870,1790199499138,0,0,OCUPADO,0,28,55,120,1,1
1790199501138,sala01,11871,1790199501138,0,0,OCUPADO,1,28,55,120,1,1
1790199503138,sala01,11872,1790199503138,0,0,OCUPADO,1,28,55,120,1,1
1790199505138,sala01,11873,1790199505138,0,0,OCUPADO,1,28,55,120,1,1
1790199507138,sala01,11874,1790199507138,0,0,OCUPADO,0,28,55,120,1,1
1790199509138,sala01,11875,1790199509138,0,0,OCUPADO,1,28,55,120,1,1
1790199511138,sala01,11876,1790199511138,0,0,OCUPADO,1,28,55,120,1,1
1790199513138,sala01,11877,1790199513138,0,0,OCUPADO,1,28,55,120,1,1
1790199515138,sala01,11878,1790199515138,0,0,OCUPADO,0,28,55,120,1,1
1790199517138,sala01,11879,1790199517138,0,0,OCUPADO,1,28,55,120,1,1
1790199519138,sala01,11880,1790199519138,0,0,OCUPADO,1,28,55,120,1,1
1790199521138,sala01,11881,1790199521138,0,0,OCUPADO,1,28,55,120,1,1
1790199523138,sala01,11882,1790199523138,0,0,OCUPADO,0,28,55,120,1,1
1790199525138,sala01,11883,1790199525138,0,0,OCUPADO,1,28,55,120,1,1
1790199527138,sala01,11884,1790199527138,0,0,OCUPADO,1,28,55,120,1,1
1790199529138,sala01,11885,1790199529138,0,0,OCUPADO,1,28,55,120,1,1
1790199531138,sala01,11886,1790199531138,0,0,OCUPADO,0,28,55,120,1,1
1790199533138,sala01,11887,1790199533138,0,0,OCUPADO,1,28,55,120,1,1
1790199535138,sala01,11888,1790199535138,0,0,OCUPADO,1,28,55,120,1,1
1790199537138,sala01,11889,1790199537138,0,0,OCUPADO,1,28,55,120,1,1
1790199539138,sala01,11890,1790199539138,0,0,OCUPADO,0,28,55,120,1,1
1790199541138,sala01,11891,1790199541138,0,0,OCUPADO,1,28,55,120,1,1
1790199543138,sala01,11892,1790199543138,0,0,OCUPADO,1,28,55,120,1,1
1790199545138,sala01,11893,1790199545138,0,0,OCUPADO,1,28,55,120,1,1
1790199547138,sala01,11894,1790199547138,0,0,OCUPADO,0,28,55,120,1,1
1790199549138,sala01,11895,1790199549138,0,0,OCUPADO,1,28,55,120,1,1
1790199551138,sala01,11896,1790199551138,0,0,OCUPADO,1,28,55,120,1,1
1790199553138,sala01,11897,1790199553138,0,0,OCUPADO,1,28,55,120,1,1
1790199555138,sala01,11898,1790199555138,0,0,OCUPADO,0,28,55,120,1,1
1790199557138,sala01,11899,1790199557138,0,0,OCUPADO,1,28,55,120,1,1
1790199559138,sala01,11900,1790199559138,0,0,OCUPADO,1,28,55,120,1,1
1790199561138,sala01,11901,1790199561138,0,0,OCUPADO,1,28,55,120,1,1
1790199563138,sala01,11902,1790199563138,0,0,OCUPADO,0,28,55,120,1,1
1790199565138,sala01,11903,1790199565138,0,0,OCUPADO,1,28,55,120,1,1
1790199567138,sala01,11904,1790199567138,0,0,OCUPADO,1,28,55,120,1,1
1790199569138,sala01,11905,1790199569138,0,0,OCUPADO,1,28,55,120,1,1
1790199571138,sala01,11906,1790199571138,0,0,OCUPADO,0,28,55,120,1,1
1790199573138,sala01,11907,1790199573138,0,0,OCUPADO,1,28,55,120,1,1
1790199575138,sala01,11908,1790199575138,0,0,OCUPADO,1,28,55,120,1,1
1790199577138,sala01,11909,1790199577138,0,0,OCUPADO,1,28,55,120,1,1
1790199579138,sala01,11910,1790199579138,0,0,OCUPADO,0,28,55,120,1,1
1790199581138,sala01,11911,1790199581138,0,0,OCUPADO,1,28,55,120,1,1
1790199583138,sala01,11912,1790199583138,0,0,OCUPADO,1,28,55,120,1,1
1790199585138,sala01,11913,1790199585138,0,0,OCUPADO,1,28,55,120,1,1
1790199587138,sala01,11914,1790199587138,0,0,OCUPADO,0,28,55,120,1,1
1790199589138,sala01,11915,1790199589138,0,0,OCUPADO,1,28,55,120,1,1
1790199591138,sala01,11916,1790199591138,0,0,OCUPADO,1,28,55,120,1,1
1790199593138,sala01,11917,1790199593138,0,0,OCUPADO,1,28,55,120,1,1
1790199595138,sala01,11918,1790199595138,0,0,OCUPADO,0,28,55,120,1,1
1790199597138,sala01,11919,1790199597138,0,0,OCUPADO,1,28,55,120,1,1
1790199599138,sala01,11920,1790199599138,0,0,OCUPADO,1,28,55,120,1,1
1790199601138,sala01,11921,1790199601138,0,0,OCUPADO,1,28,55,120,1,1
1790199603138,sala01,11922,1790199603138,0,0,OCUPADO,0,28,55,120,1,1
1790199605138,sala01,11923,1790199605138,0,0,OCUPADO,1,28,55,120,1,1
1790199607138,sala01,11924,1790199607138,0,0,OCUPADO,1,28,55,120,1,1
1790199609138,sala01,11925,1790199609138,0,0,OCUPADO,1,28,55,120,1,1
1790199611138,sala01,11926,1790199611138,0,0,OCUPADO,0,28,55,120,1,1
1790199613138,sala01,11927,1790199613138,0,0,OCUPADO,1,28,55,120,1,1
1790199615138,sala01,11928,1790199615138,0,0,OCUPADO,1,28,55,120,1,1
1790199617138,sala01,11929,1790199617138,0,0,OCUPADO,1,28,55,120,1,1
1790199619138,sala01,11930,1790199619138,0,0,OCUPADO,0,28,55,120,1,1
1790199621138,sala01,11931,1790199621138,0,0,OCUPADO,1,28,55,120,1,1
1790199623138,sala01,11932,1790199623138,0,0,OCUPADO,1,28,55,120,1,1
1790199625138,sala01,11933,1790199625138,0,0,OCUPADO,1,28,55,120,1,1
1790199627138,sala01,11934,1790199627138,0,0,OCUPADO,0,28,55,120,1,1
1790199629138,sala01,11935,1790199629138,0,0,OCUPADO,1,28,55,120,1,1
1790199631138,sala01,11936,1790199631138,0,0,OCUPADO,1,28,55,120,1,1
1790199633138,sala01,11937,1790199633138,0,0,OCUPADO,1,28,55,120,1,1
1790199635138,sala01,11938,1790199635138,0,0,OCUPADO,0,28,55,120,1,1
1790199637138,sala01,11939,1790199637138,0,0,OCUPADO,1,28,55,120,1,1
1790199639138,sala01,11940,1790199639138,0,0,OCUPADO,1,28,55,120,1,1
1790199641138,sala01,11941,1790199641138,0,0,OCUPADO,1,28,55,120,1,1
1790199643138,sala01,11942,1790199643138,0,0,OCUPADO,0,28,55,120,1,1
1790199645138,sala01,11943,1790199645138,0,0,OCUPADO,1,28,55,120,1,1
1790199647138,sala01,11944,1790199647138,0,0,OCUPADO,1,28,55,120,1,1
1790199649138,sala01,11945,1790199649138,0,0,OCUPADO,1,28,55,120,1,1
1790199651138,sala01,11946,1790199651138,0,0,OCUPADO,0,28,55,120,1,1
1790199653138,sala01,11947,1790199653138,0,0,OCUPADO,1,28,55,120,1,1
1790199655138,sala01,11948,1790199655138,0,0,OCUPADO,1,28,55,120,1,1
1790199657138,sala01,11949,1790199657138,0,0,OCUPADO,1,28,55,120,1,1
1790199659138,sala01,11950,1790199659138,0,0,OCUPADO,0,28,55,120,1,1
1790199661138,sala01,11951,1790199661138,0,0,OCUPADO,1,28,55,120,1,1
1790199663138,sala01,11952,1790199663138,0,0,OCUPADO,1,28,55,120,1,1
1790199665138,sala01,11953,1790199665138,0,0,OCUPADO,1,28,55,120,1,1
1790199667138,sala01,11954,1790199667138,0,0,OCUPADO,0,28,55,120,1,1
1790199669138,sala01,11955,1790199669138,0,0,OCUPADO,1,28,55,120,1,1
1790199671138,sala01,11956,1790199671138,0,0,OCUPADO,1,28,55,120,1,1
1790199673138,sala01,11957,1790199673138,0,0,OCUPADO,1,28,55,120,1,1
1790199675138,sala01,11958,1790199675138,0,0,OCUPADO,0,28,55,120,1,1
1790199677138,sala01,11959,1790199677138,0,0,OCUPADO,1,28,55,120,1,1
1790199679138,sala01,11960,1790199679138,0,0,OCUPADO,1,28,55,120,1,1
1790199681138,sala01,11961,1790199681138,0,0,OCUPADO,1,28,55,120,1,1
1790199683138,sala01,11962,1790199683138,0,0,OCUPADO,0,28,55,120,1,1
1790199685138,sala01,11963,1790199685138,0,0,OCUPADO,1,28,55,120,1,1
1790199687138,sala01,11964,1790199687138,0,0,OCUPADO,1,28,55,120,1,1
1790199689138,sala01,11965,1790199689138,0,0,OCUPADO,1,28,55,120,1,1
1790199691138,sala01,11966,1790199691138,0,0,OCUPADO,0,28,55,120,1,1
1790199693138,sala01,11967,1790199693138,0,0,OCUPADO,1,28,55,120,1,1
1790199695138,sala01,11968,1790199695138,0,0,OCUPADO,1,28,55,120,1,1
1790199697138,sala01,11969,1790199697138,0,0,OCUPADO,1,28,55,120,1,1
1790199699138,sala01,11970,1790199699138,0,0,OCUPADO,0,28,55,120,1,1
1790199701138,sala01,11971,1790199701138,0,0,OCUPADO,1,28,55,120,1,1
1790199703138,sala01,11972,1790199703138,0,0,OCUPADO,1,28,55,120,1,1
1790199705138,sala01,11973,1790199705138,0,0,OCUPADO,1,28,55,120,1,1
1790199707138,sala01,11974,1790199707138,0,0,OCUPADO,0,28,55,120,1,1
1790199709138,sala01,11975,1790199709138,0,0,OCUPADO,1,28,55,120,1,1
1790199711138,sala01,11976,1790199711138,0,0,OCUPADO,1,28,55,120,1,1
1790199713138,sala01,11977,1790199713138,0,0,OCUPADO,1,28,55,120,1,1
1790199715138,sala01,11978,1790199715138,0,0,OCUPADO,0,28,55,120,1,1
1790199717138,sala01,11979,1790199717138,0,0,OCUPADO,1,28,55,120,1,1
1790199719138,sala01,11980,1790199719138,0,0,OCUPADO,1,28,55,120,1,1
1790199721138,sala01,11981,1790199721138,0,0,OCUPADO,1,28,55,120,1,1
1790199723138,sala01,11982,1790199723138,0,0,OCUPADO,0,28,55,120,1,1
1790199725138,sala01,11983,1790199725138,0,0,OCUPADO,1,28,55,120,1,1
1790199727138,sala01,11984,1790199727138,0,0,OCUPADO,1,28,55,120,1,1
1790199729138,sala01,11985,1790199729138,0,0,OCUPADO,1,28,55,120,1,1
1790199731138,sala01,11986,1790199731138,0,0,OCUPADO,0,28,55,120,1,1
1790199733138,sala01,11987,1790199733138,0,0,OCUPADO,1,28,55,120,1,1
1790199735138,sala01,11988,1790199735138,0,0,OCUPADO,1,28,55,120,1,1
1790199737138,sala01,11989,1790199737138,0,0,OCUPADO,1,28,55,120,1,1
1790199739138,sala01,11990,1790199739138,0,0,OCUPADO,0,28,55,120,1,1
1790199741138,sala01,11991,1790199741138,0,0,OCUPADO,1,28,55,120,1,1
1790199743138,sala01,11992,1790199743138,0,0,OCUPADO,1,28,55,120,1,1
1790199745138,sala01,11993,1790199745138,0,0,OCUPADO,1,28,55,120,1,1
1790199747138,sala01,11994,1790199747138,0,0,OCUPADO,0,28,55,120,1,1
1790199749138,sala01,11995,1790199749138,0,0,OCUPADO,1,28,55,120,1,1
1790199751138,sala01,11996,1790199751138,0,0,OCUPADO,1,28,55,120,1,1
1790199753138,sala01,11997,1790199753138,0,0,OCUPADO,1,28,55,120,1,1
1790199755138,sala01,11998,1790199755138,0,0,OCUPADO,0,28,55,120,1,1
1790199757138,sala01,11999,1790199757138,0,0,OCUPADO,1,28,55,120,1,1
1790199759138,sala01,12000,1790199759138,0,0,OCUPADO,1,28,55,120,1,1
1790199761138,sala01,12001,1790199761138,0,0,OCUPADO,1,28,55,120,1,1
1790199763138,sala01,12002,1790199763138,0,0,OCUPADO,0,28,55,120,1,1
1790199765138,sala01,12003,1790199765138,0,0,OCUPADO,1,28,55,120,1,1
1790199767138,sala01,12004,1790199767138,0,0,OCUPADO,1,28,55,120,1,1
1790199769138,sala01,12005,1790199769138,0,0,OCUPADO,1,28,55,120,1,1
1790199771138,sala01,12006,1790199771138,0,0,OCUPADO,0,28,55,120,1,1
1790199773138,sala01,12007,1790199773138,0,0,OCUPADO,1,28,55,120,1,1
1790199775138,sala01,12008,1790199775138,0,0,OCUPADO,1,28,55,120,1,1
1790199777138,sala01,12009,1790199777138,0,0,OCUPADO,1,28,55,120,1,1
1790199779138,sala01,12010,1790199779138,0,0,OCUPADO,0,28,55,120,1,1
1790199781138,sala01,12011,1790199781138,0,0,OCUPADO,1,28,55,120,1,1
1790199783138,sala01,12012,1790199783138,0,0,OCUPADO,1,28,55,120,1,1
1790199785138,sala01,12013,1790199785138,0,0,OCUPADO,1,28,55,120,1,1
1790199787138,sala01,12014,1790199787138,0,0,OCUPADO,0,28,55,120,1,1
1790199789138,sala01,12015,1790199789138,0,0,OCUPADO,1,28,55,120,1,1
1790199791138,sala01,12016,1790199791138,0,0,OCUPADO,1,28,55,120,1,1
1790199793138,sala01,12017,1790199793138,0,0,OCUPADO,1,28,55,120,1,1
1790199795138,sala01,12018,1790199795138,0,0,OCUPADO,0,28,55,120,1,1
1790199797138,sala01,12019,1790199797138,0,0,OCUPADO,1,28,55,120,1,1
1790199799138,sala01,12020,1790199799138,0,0,OCUPADO,1,28,55,120,1,1
1790199801138,sala01,12021,1790199801138,0,0,OCUPADO,1,28,55,120,1,1
1790199803138,sala01,12022,1790199803138,0,0,OCUPADO,0,28,55,120,1,1
1790199805138,sala01,12023,1790199805138,0,0,OCUPADO,1,28,55,120,1,1
1790199807138,sala01,12024,1790199807138,0,0,OCUPADO,1,28,55,120,1,1
1790199809138,sala01,12025,1790199809138,0,0,OCUPADO,1,28,55,120,1,1
1790199811138,sala01,12026,1790199811138,0,0,OCUPADO,0,28,55,120,1,1
1790199813138,sala01,12027,1790199813138,0,0,OCUPADO,1,28,55,120,1,1
1790199815138,sala01,12028,1790199815138,0,0,OCUPADO,1,28,55,120,1,1
1790199817138,sala01,12029,1790199817138,0,0,OCUPADO,1,28,55,120,1,1
1790199819138,sala01,12030,1790199819138,0,0,OCUPADO,0,28,55,120,1,1
1790199821138,sala01,12031,1790199821138,0,0,OCUPADO,1,28,55,120,1,1
1790199823138,sala01,12032,1790199823138,0,0,OCUPADO,1,28,55,120,1,1
1790199825138,sala01,12033,1790199825138,0,0,OCUPADO,1,28,55,120,1,1
1790199827138,sala01,12034,1790199827138,0,0,OCUPADO,0,28,55,120,1,1
1790199829138,sala01,12035,1790199829138,0,0,OCUPADO,1,28,55,120,1,1
1790199831138,sala01,12036,1790199831138,0,0,OCUPADO,1,28,55,120,1,1
1790199833138,sala01,12037,1790199833138,0,0,OCUPADO,1,28,55,120,1,1
1790199835138,sala01,12038,1790199835138,0,0,OCUPADO,0,28,55,120,1,1
1790199837138,sala01,12039,1790199837138,0,0,OCUPADO,1,28,55,120,1,1
1790199839138,sala01,12040,1790199839138,0,0,OCUPADO,1,28,55,120,1,1
1790199841138,sala01,12041,1790199841138,0,0,OCUPADO,1,28,55,120,1,1
1790199843138,sala01,12042,1790199843138,0,0,OCUPADO,0,28,55,120,1,1
1790199845138,sala01,12043,1790199845138,0,0,OCUPADO,1,28,55,120,1,1
1790199847138,sala01,12044,1790199847138,0,0,OCUPADO,1,28,55,120,1,1
1790199849138,sala01,12045,1790199849138,0,0,OCUPADO,1,28,55,120,1,1
1790199851138,sala01,12046,1790199851138,0,0,OCUPADO,0,28,55,120,1,1
1790199853138,sala01,12047,1790199853138,0,0,OCUPADO,1,28,55,120,1,1
1790199855138,sala01,12048,1790199855138,0,0,OCUPADO,1,28,55,120,1,1
1790199857138,sala01,12049,1790199857138,0,0,OCUPADO,1,28,55,120,1,1
1790199859138,sala01,12050,1790199859138,0,0,OCUPADO,0,28,55,120,1,1
1790199861138,sala01,12051,1790199861138,0,0,OCUPADO,1,28,55,120,1,1
1790199863138,sala01,12052,1790199863138,0,0,OCUPADO,1,28,55,120,1,1
1790199865138,sala01,12053,1790199865138,0,0,OCUPADO,1,28,55,120,1,1
1790199867138,sala01,12054,1790199867138,0,0,OCUPADO,0,28,55,120,1,1
1790199869138,sala01,12055,1790199869138,0,0,OCUPADO,1,28,55,120,1,1
1790199871138,sala01,12056,1790199871138,0,0,OCUPADO,1,28,55,120,1,1
1790199873138,sala01,12057,1790199873138,0,0,OCUPADO,1,28,55,120,1,1
1790199875138,sala01,12058,1790199875138,0,0,OCUPADO,0,28,55,120,1,1
1790199877138,sala01,12059,1790199877138,0,0,OCUPADO,1,28,55,120,1,1
1790199879138,sala01,12060,1790199879138,0,0,OCUPADO,1,28,55,120,1,1
1790199881138,sala01,12061,1790199881138,0,0,OCUPADO,1,28,55,120,1,1
1790199883138,sala01,12062,1790199883138,0,0,OCUPADO,0,28,55,120,1,1
1790199885138,sala01,12063,1790199885138,0,0,OCUPADO,1,28,55,120,1,1
1790199887138,sala01,12064,1790199887138,0,0,OCUPADO,1,28,55,120,1,1
1790199889138,sala01,12065,1790199889138,0,0,OCUPADO,1,28,55,120,1,1
1790199891138,sala01,12066,1790199891138,0,0,OCUPADO,0,28,55,120,1,1
1790199893138,sala01,12067,1790199893138,0,0,OCUPADO,1,28,55,120,1,1
1790199895138,sala01,12068,1790199895138,0,0,OCUPADO,1,28,55,120,1,1
1790199897138,sala01,12069,1790199897138,0,0,OCUPADO,1,28,55,120,1,1
1790199899138,sala01,12070,1790199899138,0,0,OCUPADO,0,28,55,120,1,1
1790199901138,sala01,12071,1790199901138,0,0,OCUPADO,1,28,55,120,1,1
1790199903138,sala01,12072,1790199903138,0,0,OCUPADO,1,28,55,120,1,1
1790199905138,sala01,12073,1790199905138,0,0,OCUPADO,1,28,55,120,1,1
1790199907138,sala01,12074,1790199907138,0,0,OCUPADO,0,28,55,120,1,1
1790199909138,sala01,12075,1790199909138,0,0,OCUPADO,1,28,55,120,1,1
1790199911138,sala01,12076,1790199911138,0,0,OCUPADO,1,28,55,120,1,1
1790199913138,sala01,12077,1790199913138,0,0,OCUPADO,1,28,55,120,1,1
1790199915138,sala01,12078,1790199915138,0,0,OCUPADO,0,28,55,120,1,1
1790199917138,sala01,12079,1790199917138,0,0,OCUPADO,1,28,55,120,1,1
1790199919138,sala01,12080,1790199919138,0,0,OCUPADO,1,28,55,120,1,1
1790199921138,sala01,12081,1790199921138,0,0,OCUPADO,1,28,55,120,1,1
1790199923138,sala01,12082,1790199923138,0,0,OCUPADO,0,28,55,120,1,1
1790199925138,sala01,12083,1790199925138,0,0,OCUPADO,1,28,55,120,1,1
1790199927138,sala01,12084,1790199927138,0,0,OCUPADO,1,28,55,120,1,1
1790199929138,sala01,12085,1790199929138,0,0,OCUPADO,1,28,55,120,1,1
1790199931138,sala01,12086,1790199931138,0,0,OCUPADO,0,28,55,120,1,1
1790199933138,sala01,12087,1790199933138,0,0,OCUPADO,1,28,55,120,1,1
1790199935138,sala01,12088,1790199935138,0,0,OCUPADO,1,28,55,120,1,1
1790199937138,sala01,12089,1790199937138,0,0,OCUPADO,1,28,55,120,1,1
1790199939138,sala01,12090,1790199939138,0,0,OCUPADO,0,28,55,120,1,1
1790199941138,sala01,12091,1790199941138,0,0,OCUPADO,1,28,55,120,1,1
1790199943138,sala01,12092,1790199943138,0,0,OCUPADO,1,28,55,120,1,1
1790199945138,sala01,12093,1790199945138,0,0,OCUPADO,1,28,55,120,1,1
1790199947138,sala01,12094,1790199947138,0,0,OCUPADO,0,28,55,120,1,1
1790199949138,sala01,12095,1790199949138,0,0,OCUPADO,1,28,55,120,1,1
1790199951138,sala01,12096,1790199951138,0,0,OCUPADO,1,28,55,120,1,1
1790199953138,sala01,12097,1790199953138,0,0,OCUPADO,1,28,55,120,1,1
1790199955138,sala01,12098,1790199955138,0,0,OCUPADO,0,28,55,120,1,1
1790199957138,sala01,12099,1790199957138,0,0,OCUPADO,1,28,55,120,1,1
1790199959138,sala01,12100,1790199959138,0,0,OCUPADO,1,28,55,120,1,1
1790199961138,sala01,12101,1790199961138,0,0,OCUPADO,1,28,55,120,1,1
1790199963138,sala01,12102,1790199963138,0,0,OCUPADO,0,28,55,120,1,1
1790199965138,sala01,12103,1790199965138,0,0,OCUPADO,1,28,55,120,1,1
1790199967138,sala01,12104,1790199967138,0,0,OCUPADO,1,28,55,120,1,1
1790199969138,sala01,12105,1790199969138,0,0,OCUPADO,1,28,55,120,1,1
1790199971138,sala01,12106,1790199971138,0,0,OCUPADO,0,28,55,120,1,1
1790199973138,sala01,12107,1790199973138,0,0,OCUPADO,1,28,55,120,1,1
1790199975138,sala01,12108,1790199975138,0,0,OCUPADO,1,28,55,120,1,1
1790199977138,sala01,12109,1790199977138,0,0,OCUPADO,1,28,55,120,1,1
1790199979138,sala01,12110,1790199979138,0,0,OCUPADO,0,28,55,120,1,1
1790199981138,sala01,12111,1790199981138,0,0,OCUPADO,1,28,55,120,1,1
1790199983138,sala01,12112,1790199983138,0,0,OCUPADO,1,28,55,120,1,1
1790199985138,sala01,12113,1790199985138,0,0,OCUPADO,1,28,55,120,1,1
1790199987138,sala01,12114,1790199987138,0,0,OCUPADO,0,28,55,120,1,1
1790199989138,sala01,12115,1790199989138,0,0,OCUPADO,1,28,55,120,1,1
1790199991138,sala01,12116,1790199991138,0,0,OCUPADO,1,28,55,120,1,1
1790199993138,sala01,12117,1790199993138,0,0,OCUPADO,1,28,55,120,1,1
1790199995138,sala01,12118,1790199995138,0,0,OCUPADO,0,28,55,120,1,1
1790199997138,sala01,12119,1790199997138,0,0,OCUPADO,1,28,55,120,1,1
1790199999138,sala01,12120,1790199999138,0,0,OCUPADO,1,28,55,120,1,1
1790200001138,sala01,12121,1790200001138,0,0,OCUPADO,1,28,55,120,1,1
1790200003138,sala01,12122,1790200003138,0,0,OCUPADO,0,28,55,120,1,1
1790200005138,sala01,12123,1790200005138,0,0,OCUPADO,1,28,55,120,1,1
1790200007138,sala01,12124,1790200007138,0,0,OCUPADO,1,28,55,120,1,1
1790200009138,sala01,12125,1790200009138,0,0,OCUPADO,1,28,55,120,1,1
1790200011138,sala01,12126,1790200011138,0,0,OCUPADO,0,28,55,120,1,1
1790200013138,sala01,12127,1790200013138,0,0,OCUPADO,1,28,55,120,1,1
1790200015138,sala01,12128,1790200015138,0,0,OCUPADO,1,28,55,120,1,1
1790200017138,sala01,12129,1790200017138,0,0,OCUPADO,1,28,55,120,1,1
1790200019138,sala01,12130,1790200019138,0,0,OCUPADO,0,28,55,120,1,1
1790200021138,sala01,12131,1790200021138,0,0,OCUPADO,1,28,55,120,1,1
1790200023138,sala01,12132,1790200023138,0,0,OCUPADO,1,28,55,120,1,1
1790200025138,sala01,12133,1790200025138,0,0,OCUPADO,1,28,55,120,1,1
1790200027138,sala01,12134,1790200027138,0,0,OCUPADO,0,28,55,120,1,1
1790200029138,sala01,12135,1790200029138,0,0,OCUPADO,1,28,55,120,1,1
1790200031138,sala01,12136,1790200031138,0,0,OCUPADO,1,28,55,120,1,1
1790200033138,sala01,12137,1790200033138,0,0,OCUPADO,1,28,55,120,1,1
1790200035138,sala01,12138,1790200035138,0,0,OCUPADO,0,28,55,120,1,1
1790200037138,sala01,12139,1790200037138,0,0,OCUPADO,1,28,55,120,1,1
1790200039138,sala01,12140,1790200039138,0,0,OCUPADO,1,28,55,120,1,1
1790200041138,sala01,12141,1790200041138,0,0,OCUPADO,1,28,55,120,1,1
1790200043138,sala01,12142,1790200043138,0,0,OCUPADO,0,28,55,120,1,1
1790200045138,sala01,12143,1790200045138,0,0,OCUPADO,1,28,55,120,1,1
1790200047138,sala01,12144,1790200047138,0,0,OCUPADO,1,28,55,120,1,1
1790200049138,sala01,12145,1790200049138,0,0,OCUPADO,1,28,55,120,1,1
1790200051138,sala01,12146,1790200051138,0,0,OCUPADO,0,28,55,120,1,1
1790200053138,sala01,12147,1790200053138,0,0,OCUPADO,1,28,55,120,1,1
1790200055138,sala01,12148,1790200055138,0,0,OCUPADO,1,28,55,120,1,1
1790200057138,sala01,12149,1790200057138,0,0,OCUPADO,1,28,55,120,1,1
1790200059138,sala01,12150,1790200059138,0,0,OCUPADO,0,28,55,120,1,1
1790200061138,sala01,12151,1790200061138,0,0,OCUPADO,1,28,55,120,1,1
1790200063138,sala01,12152,1790200063138,0,0,OCUPADO,1,28,55,120,1,1
1790200065138,sala01,12153,1790200065138,0,0,OCUPADO,1,28,55,120,1,1
1790200067138,sala01,12154,1790200067138,0,0,OCUPADO,0,28,55,120,1,1
1790200069138,sala01,12155,1790200069138,0,0,OCUPADO,1,28,55,120,1,1
1790200071138,sala01,12156,1790200071138,0,0,OCUPADO,1,28,55,120,1,1
1790200073138,sala01,12157,1790200073138,0,0,OCUPADO,1,28,55,120,1,1
1790200075138,sala01,12158,1790200075138,0,0,OCUPADO,0,28,55,120,1,1
1790200077138,sala01,12159,1790200077138,0,0,OCUPADO,1,28,55,120,1,1
1790200079138,sala01,12160,1790200079138,0,0,OCUPADO,1,28,55,120,1,1
1790200081138,sala01,12161,1790200081138,0,0,OCUPADO,1,28,55,120,1,1
1790200083138,sala01,12162,1790200083138,0,0,OCUPADO,0,28,55,120,1,1
1790200085138,sala01,12163,1790200085138,0,0,OCUPADO,1,28,55,120,1,1
1790200087138,sala01,12164,1790200087138,0,0,OCUPADO,1,28,55,120,1,1
1790200089138,sala01,12165,1790200089138,0,0,OCUPADO,1,28,55,120,1,1
1790200091138,sala01,12166,1790200091138,0,0,OCUPADO,0,28,55,120,1,1
1790200093138,sala01,12167,1790200093138,0,0,OCUPADO,1,28,55,120,1,1
1790200095138,sala01,12168,1790200095138,0,0,OCUPADO,1,28,55,120,1,1
1790200097138,sala01,12169,1790200097138,0,0,OCUPADO,1,28,55,120,1,1
1790200099138,sala01,12170,1790200099138,0,0,OCUPADO,0,28,55,120,1,1
1790200101138,sala01,12171,1790200101138,0,0,OCUPADO,1,28,55,120,1,1
1790200103138,sala01,12172,1790200103138,0,0,OCUPADO,1,28,55,120,1,1
1790200105138,sala01,12173,1790200105138,0,0,OCUPADO,1,28,55,120,1,1
1790200107138,sala01,12174,1790200107138,0,0,OCUPADO,0,28,55,120,1,1
1790200109138,sala01,12175,1790200109138,0,0,OCUPADO,1,28,55,120,1,1
1790200111138,sala01,12176,1790200111138,0,0,OCUPADO,1,28,55,120,1,1
1790200113138,sala01,12177,1790200113138,0,0,OCUPADO,1,28,55,120,1,1
1790200115138,sala01,12178,1790200115138,0,0,OCUPADO,0,28,55,120,1,1
1790200117138,sala01,12179,1790200117138,0,0,OCUPADO,1,28,55,120,1,1
1790200119138,sala01,12180,1790200119138,0,0,OCUPADO,1,28,55,120,1,1
1790200121138,sala01,12181,1790200121138,0,0,OCUPADO,1,28,55,120,1,1
1790200123138,sala01,12182,1790200123138,0,0,OCUPADO,0,28,55,120,1,1
1790200125138,sala01,12183,1790200125138,0,0,OCUPADO,1,28,55,120,1,1
1790200127138,sala01,12184,1790200127138,0,0,OCUPADO,1,28,55,120,1,1
1790200129138,sala01,12185,1790200129138,0,0,OCUPADO,1,28,55,120,1,1
1790200131138,sala01,12186,1790200131138,0,0,OCUPADO,0,28,55,120,1,1
1790200133138,sala01,12187,1790200133138,0,0,OCUPADO,1,28,55,120,1,1
1790200135138,sala01,12188,1790200135138,0,0,OCUPADO,1,28,55,120,1,1
1790200137138,sala01,12189,1790200137138,0,0,OCUPADO,1,28,55,120,1,1
1790200139138,sala01,12190,1790200139138,0,0,OCUPADO,0,28,55,120,1,1
1790200141138,sala01,12191,1790200141138,0,0,OCUPADO,1,28,55,120,1,1
1790200143138,sala01,12192,1790200143138,0,0,OCUPADO,1,28,55,120,1,1
1790200145138,sala01,12193,1790200145138,0,0,OCUPADO,1,28,55,120,1,1
1790200147138,sala01,12194,1790200147138,0,0,OCUPADO,0,28,55,120,1,1
1790200149138,sala01,12195,1790200149138,0,0,OCUPADO,1,28,55,120,1,1
1790200151138,sala01,12196,1790200151138,0,0,OCUPADO,1,28,55,120,1,1
1790200153138,sala01,12197,1790200153138,0,0,OCUPADO,1,28,55,120,1,1
1790200155138,sala01,12198,1790200155138,0,0,OCUPADO,0,28,55,120,1,1
1790200157138,sala01,12199,1790200157138,0,0,OCUPADO,1,28,55,120,1,1
1790200159138,sala01,12200,1790200159138,0,0,OCUPADO,1,28,55,120,1,1
1790200161138,sala01,12201,1790200161138,0,0,OCUPADO,1,28,55,120,1,1
1790200163138,sala01,12202,1790200163138,0,0,OCUPADO,0,28,55,120,1,1
1790200165138,sala01,12203,1790200165138,0,0,OCUPADO,1,28,55,120,1,1
1790200167138,sala01,12204,1790200167138,0,0,OCUPADO,1,28,55,120,1,1
1790200169138,sala01,12205,1790200169138,0,0,OCUPADO,1,28,55,120,1,1
1790200171138,sala01,12206,1790200171138,0,0,OCUPADO,0,28,55,120,1,1
1790200173138,sala01,12207,1790200173138,0,0,OCUPADO,1,28,55,120,1,1
1790200175138,sala01,12208,1790200175138,0,0,OCUPADO,1,28,55,120,1,1
1790200177138,sala01,12209,1790200177138,0,0,OCUPADO,1,28,55,120,1,1
1790200179138,sala01,12210,1790200179138,0,0,OCUPADO,0,28,55,120,1,1
1790200181138,sala01,12211,1790200181138,0,0,OCUPADO,1,28,55,120,1,1
1790200183138,sala01,12212,1790200183138,0,0,OCUPADO,1,28,55,120,1,1
1790200185138,sala01,12213,1790200185138,0,0,OCUPADO,1,28,55,120,1,1
1790200187138,sala01,12214,1790200187138,0,0,OCUPADO,0,28,55,120,1,1
1790200189138,sala01,12215,1790200189138,0,0,OCUPADO,1,28,55,120,1,1
1790200191138,sala01,12216,1790200191138,0,0,OCUPADO,1,28,55,120,1,1
1790200193138,sala01,12217,1790200193138,0,0,OCUPADO,1,28,55,120,1,1
1790200195138,sala01,12218,1790200195138,0,0,OCUPADO,0,28,55,120,1,1
1790200197138,sala01,12219,1790200197138,0,0,OCUPADO,1,28,55,120,1,1
1790200199138,sala01,12220,1790200199138,0,0,OCUPADO,1,28,55,120,1,1
1790200201138,sala01,12221,1790200201138,0,0,OCUPADO,1,28,55,120,1,1
1790200203138,sala01,12222,1790200203138,0,0,OCUPADO,0,28,55,120,1,1
1790200205138,sala01,12223,1790200205138,0,0,OCUPADO,1,28,55,120,1,1
1790200207138,sala01,12224,1790200207138,0,0,OCUPADO,1,28,55,120,1,1
1790200209138,sala01,12225,1790200209138,0,0,OCUPADO,1,28,55,120,1,1
1790200211138,sala01,12226,1790200211138,0,0,OCUPADO,0,28,55,120,1,1
1790200213138,sala01,12227,1790200213138,0,0,OCUPADO,1,28,55,120,1,1
1790200215138,sala01,12228,1790200215138,0,0,OCUPADO,1,28,55,120,1,1
1790200217138,sala01,12229,1790200217138,0,0,OCUPADO,1,28,55,120,1,1
1790200219138,sala01,12230,1790200219138,0,0,OCUPADO,0,28,55,120,1,1
1790200221138,sala01,12231,1790200221138,0,0,OCUPADO,1,28,55,120,1,1
1790200223138,sala01,12232,1790200223138,0,0,OCUPADO,1,28,55,120,1,1
1790200225138,sala01,12233,1790200225138,0,0,OCUPADO,1,28,55,120,1,1
1790200227138,sala01,12234,1790200227138,0,0,OCUPADO,0,28,55,120,1,1
1790200229138,sala01,12235,1790200229138,0,0,OCUPADO,1,28,55,120,1,1
1790200231138,sala01,12236,1790200231138,0,0,OCUPADO,1,28,55,120,1,1
1790200233138,sala01,12237,1790200233138,0,0,OCUPADO,1,28,55,120,1,1
1790200235138,sala01,12238,1790200235138,0,0,OCUPADO,0,28,55,120,1,1
1790200237138,sala01,12239,1790200237138,0,0,OCUPADO,1,28,55,120,1,1
1790200239138,sala01,12240,1790200239138,0,0,OCUPADO,1,28,55,120,1,1
1790200241138,sala01,12241,1790200241138,0,0,OCUPADO,1,28,55,120,1,1
1790200243138,sala01,12242,1790200243138,0,0,OCUPADO,0,28,55,120,1,1
1790200245138,sala01,12243,1790200245138,0,0,OCUPADO,1,28,55,120,1,1
1790200247138,sala01,12244,1790200247138,0,0,OCUPADO,1,28,55,120,1,1
1790200249138,sala01,12245,1790200249138,0,0,OCUPADO,1,28,55,120,1,1
1790200251138,sala01,12246,1790200251138,0,0,OCUPADO,0,28,55,120,1,1
1790200253138,sala01,12247,1790200253138,0,0,OCUPADO,1,28,55,120,1,1
1790200255138,sala01,12248,1790200255138,0,0,OCUPADO,1,28,55,120,1,1
1790200257138,sala01,12249,1790200257138,0,0,OCUPADO,1,28,55,120,1,1
1790200259138,sala01,12250,1790200259138,0,0,OCUPADO,0,28,55,120,1,1
1790200261138,sala01,12251,1790200261138,0,0,OCUPADO,1,28,55,120,1,1
1790200263138,sala01,12252,1790200263138,0,0,OCUPADO,1,28,55,120,1,1
1790200265138,sala01,12253,1790200265138,0,0,OCUPADO,1,28,55,120,1,1
1790200267138,sala01,12254,1790200267138,0,0,OCUPADO,0,28,55,120,1,1
1790200269138,sala01,12255,1790200269138,0,0,OCUPADO,1,28,55,120,1,1
1790200271138,sala01,12256,1790200271138,0,0,OCUPADO,1,28,55,120,1,1
1790200273138,sala01,12257,1790200273138,0,0,OCUPADO,1,28,55,120,1,1
1790200275138,sala01,12258,1790200275138,0,0,OCUPADO,0,28,55,120,1,1
1790200277138,sala01,12259,1790200277138,0,0,OCUPADO,1,28,55,120,1,1
1790200279138,sala01,12260,1790200279138,0,0,OCUPADO,1,28,55,120,1,1
1790200281138,sala01,12261,1790200281138,0,0,OCUPADO,1,28,55,120,1,1
1790200283138,sala01,12262,1790200283138,0,0,OCUPADO,0,28,55,120,1,1
1790200285138,sala01,12263,1790200285138,0,0,OCUPADO,1,28,55,120,1,1
1790200287138,sala01,12264,1790200287138,0,0,OCUPADO,1,28,55,120,1,1
1790200289138,sala01,12265,1790200289138,0,0,OCUPADO,1,28,55,120,1,1
1790200291138,sala01,12266,1790200291138,0,0,OCUPADO,0,28,55,120,1,1
1790200293138,sala01,12267,1790200293138,0,0,OCUPADO,1,28,55,120,1,1
1790200295138,sala01,12268,1790200295138,0,0,OCUPADO,1,28,55,120,1,1
1790200297138,sala01,12269,1790200297138,0,0,OCUPADO,1,28,55,120,1,1
1790200299138,sala01,12270,1790200299138,0,0,OCUPADO,0,28,55,120,1,1
1790200301138,sala01,12271,1790200301138,0,0,OCUPADO,1,28,55,120,1,1
1790200303138,sala01,12272,1790200303138,0,0,OCUPADO,1,28,55,120,1,1
1790200305138,sala01,12273,1790200305138,0,0,OCUPADO,1,28,55,120,1,1
1790200307138,sala01,12274,1790200307138,0,0,OCUPADO,0,28,55,120,1,1
1790200309138,sala01,12275,1790200309138,0,0,OCUPADO,1,28,55,120,1,1
1790200311138,sala01,12276,1790200311138,0,0,OCUPADO,1,28,55,120,1,1
1790200313138,sala01,12277,1790200313138,0,0,OCUPADO,1,28,55,120,1,1
1790200315138,sala01,12278,1790200315138,0,0,OCUPADO,0,28,55,120,1,1
1790200317138,sala01,12279,1790200317138,0,0,OCUPADO,1,28,55,120,1,1
1790200319138,sala01,12280,1790200319138,0,0,OCUPADO,1,28,55,120,1,1
1790200321138,sala01,12281,1790200321138,0,0,OCUPADO,1,28,55,120,1,1
1790200323138,sala01,12282,1790200323138,0,0,OCUPADO,0,28,55,120,1,1
1790200325138,sala01,12283,1790200325138,0,0,OCUPADO,1,28,55,120,1,1
1790200327138,sala01,12284,1790200327138,0,0,OCUPADO,1,28,55,120,1,1
1790200329138,sala01,12285,1790200329138,0,0,OCUPADO,1,28,55,120,1,1
1790200331138,sala01,12286,1790200331138,0,0,OCUPADO,0,28,55,120,1,1
1790200333138,sala01,12287,1790200333138,0,0,OCUPADO,1,28,55,120,1,1
1790200335138,sala01,12288,1790200335138,0,0,OCUPADO,1,28,55,120,1,1
1790200337138,sala01,12289,1790200337138,0,0,OCUPADO,1,28,55,120,1,1
1790200339138,sala01,12290,1790200339138,0,0,OCUPADO,0,28,55,120,1,1
1790200341138,sala01,12291,1790200341138,0,0,OCUPADO,1,28,55,120,1,1
1790200343138,sala01,12292,1790200343138,0,0,OCUPADO,1,28,55,120,1,1
1790200345138,sala01,12293,1790200345138,0,0,OCUPADO,1,28,55,120,1,1
1790200347138,sala01,12294,1790200347138,0,0,OCUPADO,0,28,55,120,1,1
1790200349138,sala01,12295,1790200349138,0,0,OCUPADO,1,28,55,120,1,1
1790200351138,sala01,12296,1790200351138,0,0,OCUPADO,1,28,55,120,1,1
1790200353138,sala01,12297,1790200353138,0,0,OCUPADO,1,28,55,120,1,1
1790200355138,sala01,12298,1790200355138,0,0,OCUPADO,0,28,55,120,1,1
1790200357138,sala01,12299,1790200357138,0,0,OCUPADO,1,28,55,120,1,1
1790200359138,sala01,12300,1790200359138,0,0,OCUPADO,1,28,55,120,1,1
1790200361138,sala01,12301,1790200361138,0,0,OCUPADO,1,28,55,120,1,1
1790200363138,sala01,12302,1790200363138,0,0,OCUPADO,0,28,55,120,1,1
1790200365138,sala01,12303,1790200365138,0,0,OCUPADO,1,28,55,120,1,1
1790200367138,sala01,12304,1790200367138,0,0,OCUPADO,1,28,55,120,1,1
1790200369138,sala01,12305,1790200369138,0,0,OCUPADO,1,28,55,120,1,1
1790200371138,sala01,12306,1790200371138,0,0,OCUPADO,0,28,55,120,1,1
1790200373138,sala01,12307,1790200373138,0,0,OCUPADO,1,28,55,120,1,1
1790200375138,sala01,12308,1790200375138,0,0,OCUPADO,1,28,55,120,1,1
1790200377138,sala01,12309,1790200377138,0,0,OCUPADO,1,28,55,120,1,1
1790200379138,sala01,12310,1790200379138,0,0,OCUPADO,0,28,55,120,1,1
1790200381138,sala01,12311,1790200381138,0,0,OCUPADO,1,28,55,120,1,1
1790200383138,sala01,12312,1790200383138,0,0,OCUPADO,1,28,55,120,1,1
1790200385138,sala01,12313,1790200385138,0,0,OCUPADO,1,28,55,120,1,1
1790200387138,sala01,12314,1790200387138,0,0,OCUPADO,0,28,55,120,1,1
1790200389138,sala01,12315,1790200389138,0,0,OCUPADO,1,28,55,120,1,1
1790200391138,sala01,12316,1790200391138,0,0,OCUPADO,1,28,55,120,1,1
1790200393138,sala01,12317,1790200393138,0,0,OCUPADO,1,28,55,120,1,1
1790200395138,sala01,12318,1790200395138,0,0,OCUPADO,0,28,55,120,1,1
1790200397138,sala01,12319,1790200397138,0,0,OCUPADO,1,28,55,120,1,1
1790200399138,sala01,12320,1790200399138,0,0,OCUPADO,1,28,55,120,1,1
1790200401138,sala01,12321,1790200401138,0,0,OCUPADO,1,28,55,120,1,1
1790200403138,sala01,12322,1790200403138,0,0,OCUPADO,0,28,55,120,1,1
1790200405138,sala01,12323,1790200405138,0,0,OCUPADO,1,28,55,120,1,1
1790200407138,sala01,12324,1790200407138,0,0,OCUPADO,1,28,55,120,1,1
1790200409138,sala01,12325,1790200409138,0,0,OCUPADO,1,28,55,120,1,1
1790200411138,sala01,12326,1790200411138,0,0,OCUPADO,0,28,55,120,1,1
1790200413138,sala01,12327,1790200413138,0,0,OCUPADO,1,28,55,120,1,1
1790200415138,sala01,12328,1790200415138,0,0,OCUPADO,1,28,55,120,1,1
1790200417138,sala01,12329,1790200417138,0,0,OCUPADO,1,28,55,120,1,1
1790200419138,sala01,12330,1790200419138,0,0,OCUPADO,0,28,55,120,1,1
1790200421138,sala01,12331,1790200421138,0,0,OCUPADO,1,28,55,120,1,1
1790200423138,sala01,12332,1790200423138,0,0,OCUPADO,1,28,55,120,1,1
1790200425138,sala01,12333,1790200425138,0,0,OCUPADO,1,28,55,120,1,1
1790200427138,sala01,12334,1790200427138,0,0,OCUPADO,0,28,55,120,1,1
1790200429138,sala01,12335,1790200429138,0,0,OCUPADO,1,28,55,120,1,1
1790200431138,sala01,12336,1790200431138,0,0,OCUPADO,1,28,55,120,1,1
1790200433138,sala01,12337,1790200433138,0,0,OCUPADO,1,28,55,120,1,1
1790200435138,sala01,12338,1790200435138,0,0,OCUPADO,0,28,55,120,1,1
1790200437138,sala01,12339,1790200437138,0,0,OCUPADO,1,28,55,120,1,1
1790200439138,sala01,12340,1790200439138,0,0,OCUPADO,1,28,55,120,1,1
1790200441138,sala01,12341,1790200441138,0,0,OCUPADO,1,28,55,120,1,1
1790200443138,sala01,12342,1790200443138,0,0,OCUPADO,0,28,55,120,1,1
1790200445138,sala01,12343,1790200445138,0,0,OCUPADO,1,28,55,120,1,1
1790200447138,sala01,12344,1790200447138,0,0,OCUPADO,1,28,55,120,1,1
1790200449138,sala01,12345,1790200449138,0,0,OCUPADO,1,28,55,120,1,1
1790200451138,sala01,12346,1790200451138,0,0,OCUPADO,0,28,55,120,1,1
1790200453138,sala01,12347,1790200453138,0,0,OCUPADO,1,28,55,120,1,1
1790200455138,sala01,12348,1790200455138,0,0,OCUPADO,1,28,55,120,1,1
1790200457138,sala01,12349,1790200457138,0,0,OCUPADO,1,28,55,120,1,1
1790200459138,sala01,12350,1790200459138,0,0,OCUPADO,0,28,55,120,1,1
1790200461138,sala01,12351,1790200461138,0,0,OCUPADO,1,28,55,120,1,1
1790200463138,sala01,12352,1790200463138,0,0,OCUPADO,1,28,55,120,1,1
1790200465138,sala01,12353,1790200465138,0,0,OCUPADO,1,28,55,120,1,1
1790200467138,sala01,12354,1790200467138,0,0,OCUPADO,0,28,55,120,1,1
1790200469138,sala01,12355,1790200469138,0,0,OCUPADO,1,28,55,120,1,1
1790200471138,sala01,12356,1790200471138,0,0,OCUPADO,1,28,55,120,1,1
1790200473138,sala01,12357,1790200473138,0,0,OCUPADO,1,28,55,120,1,1
1790200475138,sala01,12358,1790200475138,0,0,OCUPADO,0,28,55,120,1,1
1790200477138,sala01,12359,1790200477138,0,0,OCUPADO,1,28,55,120,1,1
1790200479138,sala01,12360,1790200479138,0,0,OCUPADO,1,28,55,120,1,1
1790200481138,sala01,12361,1790200481138,0,0,OCUPADO,1,28,55,120,1,1
1790200483138,sala01,12362,1790200483138,0,0,OCUPADO,0,28,55,120,1,1
1790200485138,sala01,12363,1790200485138,0,0,OCUPADO,1,28,55,120,1,1
1790200487138,sala01,12364,1790200487138,0,0,OCUPADO,1,28,55,120,1,1
1790200489138,sala01,12365,1790200489138,0,0,OCUPADO,1,28,55,120,1,1
1790200491138,sala01,12366,1790200491138,0,0,OCUPADO,0,28,55,120,1,1
1790200493138,sala01,12367,1790200493138,0,0,OCUPADO,1,28,55,120,1,1
1790200495138,sala01,12368,1790200495138,0,0,OCUPADO,1,28,55,120,1,1
1790200497138,sala01,12369,1790200497138,0,0,OCUPADO,1,28,55,120,1,1
1790200499138,sala01,12370,1790200499138,0,0,OCUPADO,0,28,55,120,1,1
1790200501138,sala01,12371,1790200501138,0,0,OCUPADO,1,28,55,120,1,1
1790200503138,sala01,12372,1790200503138,0,0,OCUPADO,1,28,55,120,1,1
1790200505138,sala01,12373,1790200505138,0,0,OCUPADO,1,28,55,120,1,1
1790200507138,sala01,12374,1790200507138,0,0,OCUPADO,0,28,55,120,1,1
1790200509138,sala01,12375,1790200509138,0,0,OCUPADO,1,28,55,120,1,1
1790200511138,sala01,12376,1790200511138,0,0,OCUPADO,1,28,55,120,1,1
1790200513138,sala01,12377,1790200513138,0,0,OCUPADO,1,28,55,120,1,1
1790200515138,sala01,12378,1790200515138,0,0,OCUPADO,0,28,55,120,1,1
1790200517138,sala01,12379,1790200517138,0,0,OCUPADO,1,28,55,120,1,1
1790200519138,sala01,12380,1790200519138,0,0,OCUPADO,1,28,55,120,1,1
1790200521138,sala01,12381,1790200521138,0,0,OCUPADO,1,28,55,120,1,1
1790200523138,sala01,12382,1790200523138,0,0,OCUPADO,0,28,55,120,1,1
1790200525138,sala01,12383,1790200525138,0,0,OCUPADO,1,28,55,120,1,1
1790200527138,sala01,12384,1790200527138,0,0,OCUPADO,1,28,55,120,1,1
1790200529138,sala01,12385,1790200529138,0,0,OCUPADO,1,28,55,120,1,1
1790200531138,sala01,12386,1790200531138,0,0,OCUPADO,0,28,55,120,1,1
1790200533138,sala01,12387,1790200533138,0,0,OCUPADO,1,28,55,120,1,1
1790200535138,sala01,12388,1790200535138,0,0,OCUPADO,1,28,55,120,1,1
1790200537138,sala01,12389,1790200537138,0,0,OCUPADO,1,28,55,120,1,1
1790200539138,sala01,12390,1790200539138,0,0,OCUPADO,0,28,55,120,1,1
1790200541138,sala01,12391,1790200541138,0,0,OCUPADO,1,28,55,120,1,1
1790200543138,sala01,12392,1790200543138,0,0,OCUPADO,1,28,55,120,1,1
1790200545138,sala01,12393,1790200545138,0,0,OCUPADO,1,28,55,120,1,1
1790200547138,sala01,12394,1790200547138,0,0,OCUPADO,0,28,55,120,1,1
1790200549138,sala01,12395,1790200549138,0,0,OCUPADO,1,28,55,120,1,1
1790200551138,sala01,12396,1790200551138,0,0,OCUPADO,1,28,55,120,1,1
1790200553138,sala01,12397,1790200553138,0,0,OCUPADO,1,28,55,120,1,1
1790200555138,sala01,12398,1790200555138,0,0,OCUPADO,0,28,55,120,1,1
1790200557138,sala01,12399,1790200557138,0,0,OCUPADO,1,28,55,120,1,1
1790200559138,sala01,12400,1790200559138,0,0,OCUPADO,1,28,55,120,1,1
1790200561138,sala01,12401,1790200561138,0,0,OCUPADO,1,28,55,120,1,1
1790200563138,sala01,12402,1790200563138,0,0,OCUPADO,0,28,55,120,1,1
1790200565138,sala01,12403,1790200565138,0,0,OCUPADO,1,28,55,120,1,1
1790200567138,sala01,12404,1790200567138,0,0,OCUPADO,1,28,55,120,1,1
1790200569138,sala01,12405,1790200569138,0,0,OCUPADO,1,28,55,120,1,1
1790200571138,sala01,12406,1790200571138,0,0,OCUPADO,0,28,55,120,1,1
1790200573138,sala01,12407,1790200573138,0,0,OCUPADO,1,28,55,120,1,1
1790200575138,sala01,12408,1790200575138,0,0,OCUPADO,1,28,55,120,1,1
1790200577138,sala01,12409,1790200577138,0,0,OCUPADO,1,28,55,120,1,1
1790200579138,sala01,12410,1790200579138,0,0,OCUPADO,0,28,55,120,1,1
1790200581138,sala01,12411,1790200581138,0,0,OCUPADO,1,28,55,120,1,1
1790200583138,sala01,12412,1790200583138,0,0,OCUPADO,1,28,55,120,1,1
1790200585138,sala01,12413,1790200585138,0,0,OCUPADO,1,28,55,120,1,1
1790200587138,sala01,12414,1790200587138,0,0,OCUPADO,0,28,55,120,1,1
1790200589138,sala01,12415,1790200589138,0,0,OCUPADO,1,28,55,120,1,1
1790200591138,sala01,12416,1790200591138,0,0,OCUPADO,1,28,55,120,1,1
1790200593138,sala01,12417,1790200593138,0,0,OCUPADO,1,28,55,120,1,1
1790200595138,sala01,12418,1790200595138,0,0,OCUPADO,0,28,55,120,1,1
1790200597138,sala01,12419,1790200597138,0,0,OCUPADO,1,28,55,120,1,1
1790200599138,sala01,12420,1790200599138,0,0,OCUPADO,1,28,55,120,1,1
1790200601138,sala01,12421,1790200601138,0,0,OCUPADO,1,28,55,120,1,1
1790200603138,sala01,12422,1790200603138,0,0,OCUPADO,0,28,55,120,1,1
1790200605138,sala01,12423,1790200605138,0,0,OCUPADO,1,28,55,120,1,1
1790200607138,sala01,12424,1790200607138,0,0,OCUPADO,1,28,55,120,1,1
1790200609138,sala01,12425,1790200609138,0,0,OCUPADO,1,28,55,120,1,1
1790200611138,sala01,12426,1790200611138,0,0,OCUPADO,0,28,55,120,1,1
1790200613138,sala01,12427,1790200613138,0,0,OCUPADO,1,28,55,120,1,1
1790200615138,sala01,12428,1790200615138,0,0,OCUPADO,1,28,55,120,1,1
1790200617138,sala01,12429,1790200617138,0,0,OCUPADO,1,28,55,120,1,1
1790200619138,sala01,12430,1790200619138,0,0,OCUPADO,0,28,55,120,1,1
1790200621138,sala01,12431,1790200621138,0,0,OCUPADO,1,28,55,120,1,1
1790200623138,sala01,12432,1790200623138,0,0,OCUPADO,1,28,55,120,1,1
1790200625138,sala01,12433,1790200625138,0,0,OCUPADO,1,28,55,120,1,1
1790200627138,sala01,12434,1790200627138,0,0,OCUPADO,0,28,55,120,1,1
1790200629138,sala01,12435,1790200629138,0,0,OCUPADO,1,28,55,120,1,1
1790200631138,sala01,12436,1790200631138,0,0,OCUPADO,1,28,55,120,1,1
1790200633138,sala01,12437,1790200633138,0,0,OCUPADO,1,28,55,120,1,1
1790200635138,sala01,12438,1790200635138,0,0,OCUPADO,0,28,55,120,1,1
1790200637138,sala01,12439,1790200637138,0,0,OCUPADO,1,28,55,120,1,1
1790200639138,sala01,12440,1790200639138,0,0,OCUPADO,1,28,55,120,1,1
1790200641138,sala01,12441,1790200641138,0,0,OCUPADO,1,28,55,120,1,1
1790200643138,sala01,12442,1790200643138,0,0,OCUPADO,0,28,55,120,1,1
1790200645138,sala01,12443,1790200645138,0,0,OCUPADO,1,28,55,120,1,1
1790200647138,sala01,12444,1790200647138,0,0,OCUPADO,1,28,55,120,1,1
1790200649138,sala01,12445,1790200649138,0,0,OCUPADO,1,28,55,120,1,1
1790200651138,sala01,12446,1790200651138,0,0,OCUPADO,0,28,55,120,1,1
1790200653138,sala01,12447,1790200653138,0,0,OCUPADO,1,28,55,120,1,1
1790200655138,sala01,12448,1790200655138,0,0,OCUPADO,1,28,55,120,1,1
1790200657138,sala01,12449,1790200657138,0,0,OCUPADO,1,28,55,120,1,1
1790200659138,sala01,12450,1790200659138,0,0,OCUPADO,0,28,55,120,1,1
1790200661138,sala01,12451,1790200661138,0,0,OCUPADO,1,28,55,120,1,1
1790200663138,sala01,12452,1790200663138,0,0,OCUPADO,1,28,55,120,1,1
1790200665138,sala01,12453,1790200665138,0,0,OCUPADO,1,28,55,120,1,1
1790200667138,sala01,12454,1790200667138,0,0,OCUPADO,0,28,55,120,1,1
1790200669138,sala01,12455,1790200669138,0,0,OCUPADO,1,28,55,120,1,1
1790200671138,sala01,12456,1790200671138,0,0,OCUPADO,1,28,55,120,1,1
1790200673138,sala01,12457,1790200673138,0,0,OCUPADO,1,28,55,120,1,1
1790200675138,sala01,12458,1790200675138,0,0,OCUPADO,0,28,55,120,1,1
1790200677138,sala01,12459,1790200677138,0,0,OCUPADO,1,28,55,120,1,1
1790200679138,sala01,12460,1790200679138,0,0,OCUPADO,1,28,55,120,1,1
1790200681138,sala01,12461,1790200681138,0,0,OCUPADO,1,28,55,120,1,1
1790200683138,sala01,12462,1790200683138,0,0,OCUPADO,0,28,55,120,1,1
1790200685138,sala01,12463,1790200685138,0,0,OCUPADO,1,28,55,120,1,1
1790200687138,sala01,12464,1790200687138,0,0,OCUPADO,1,28,55,120,1,1
1790200689138,sala01,12465,1790200689138,0,0,OCUPADO,1,28,55,120,1,1
1790200691138,sala01,12466,1790200691138,0,0,OCUPADO,0,28,55,120,1,1
1790200693138,sala01,12467,1790200693138,0,0,OCUPADO,1,28,55,120,1,1
1790200695138,sala01,12468,1790200695138,0,0,OCUPADO,1,28,55,120,1,1
1790200697138,sala01,12469,1790200697138,0,0,OCUPADO,1,28,55,120,1,1
1790200699138,sala01,12470,1790200699138,0,0,OCUPADO,0,28,55,120,1,1
1790200701138,sala01,12471,1790200701138,0,0,OCUPADO,1,28,55,120,1,1
1790200703138,sala01,12472,1790200703138,0,0,OCUPADO,1,28,55,120,1,1
1790200705138,sala01,12473,1790200705138,0,0,OCUPADO,1,28,55,120,1,1
1790200707138,sala01,12474,1790200707138,0,0,OCUPADO,0,28,55,120,1,1
1790200709138,sala01,12475,1790200709138,0,0,OCUPADO,1,28,55,120,1,1
1790200711138,sala01,12476,1790200711138,0,0,OCUPADO,1,28,55,120,1,1
1790200713138,sala01,12477,1790200713138,0,0,OCUPADO,1,28,55,120,1,1
1790200715138,sala01,12478,1790200715138,0,0,OCUPADO,0,28,55,120,1,1
1790200717138,sala01,12479,1790200717138,0,0,OCUPADO,1,28,55,120,1,1
1790200719138,sala01,12480,1790200719138,0,0,OCUPADO,1,28,55,120,1,1
1790200721138,sala01,12481,1790200721138,0,0,OCUPADO,1,28,55,120,1,1
1790200723138,sala01,12482,1790200723138,0,0,OCUPADO,0,28,55,120,1,1
1790200725138,sala01,12483,1790200725138,0,0,OCUPADO,1,28,55,120,1,1
1790200727138,sala01,12484,1790200727138,0,0,OCUPADO,1,28,55,120,1,1
1790200729138,sala01,12485,1790200729138,0,0,OCUPADO,1,28,55,120,1,1
1790200731138,sala01,12486,1790200731138,0,0,OCUPADO,0,28,55,120,1,1
1790200733138,sala01,12487,1790200733138,0,0,OCUPADO,1,28,55,120,1,1
1790200735138,sala01,12488,1790200735138,0,0,OCUPADO,1,28,55,120,1,1
1790200737138,sala01,12489,1790200737138,0,0,OCUPADO,1,28,55,120,1,1
1790200739138,sala01,12490,1790200739138,0,0,OCUPADO,0,28,55,120,1,1
1790200741138,sala01,12491,1790200741138,0,0,OCUPADO,1,28,55,120,1,1
1790200743138,sala01,12492,1790200743138,0,0,OCUPADO,1,28,55,120,1,1
1790200745138,sala01,12493,1790200745138,0,0,OCUPADO,1,28,55,120,1,1
1790200747138,sala01,12494,1790200747138,0,0,OCUPADO,0,28,55,120,1,1
1790200749138,sala01,12495,1790200749138,0,0,OCUPADO,1,28,55,120,1,1
1790200751138,sala01,12496,1790200751138,0,0,OCUPADO,1,28,55,120,1,1
1790200753138,sala01,12497,1790200753138,0,0,OCUPADO,1,28,55,120,1,1
1790200755138,sala01,12498,1790200755138,0,0,OCUPADO,0,28,55,120,1,1
1790200757138,sala01,12499,1790200757138,0,0,OCUPADO,1,28,55,120,1,1
1790200759138,sala01,12500,1790200759138,0,0,OCUPADO,1,28,55,120,1,1
1790200761138,sala01,12501,1790200761138,0,0,OCUPADO,1,28,55,120,1,1
1790200763138,sala01,12502,1790200763138,0,0,OCUPADO,0,28,55,120,1,1
1790200765138,sala01,12503,1790200765138,0,0,OCUPADO,1,28,55,120,1,1
1790200767138,sala01,12504,1790200767138,0,0,OCUPADO,1,28,55,120,1,1
1790200769138,sala01,12505,1790200769138,0,0,OCUPADO,1,28,55,120,1,1
1790200771138,sala01,12506,1790200771138,0,0,OCUPADO,0,28,55,120,1,1
1790200773138,sala01,12507,1790200773138,0,0,OCUPADO,1,28,55,120,1,1
1790200775138,sala01,12508,1790200775138,0,0,OCUPADO,1,28,55,120,1,1
1790200777138,sala01,12509,1790200777138,0,0,OCUPADO,1,28,55,120,1,1
1790200779138,sala01,12510,1790200779138,0,0,OCUPADO,0,28,55,120,1,1
1790200781138,sala01,12511,1790200781138,0,0,OCUPADO,1,28,55,120,1,1
1790200783138,sala01,12512,1790200783138,0,0,OCUPADO,1,28,55,120,1,1
1790200785138,sala01,12513,1790200785138,0,0,OCUPADO,1,28,55,120,1,1
1790200787138,sala01,12514,1790200787138,0,0,OCUPADO,0,28,55,120,1,1
1790200789138,sala01,12515,1790200789138,0,0,OCUPADO,1,28,55,120,1,1
1790200791138,sala01,12516,1790200791138,0,0,OCUPADO,1,28,55,120,1,1
1790200793138,sala01,12517,1790200793138,0,0,OCUPADO,1,28,55,120,1,1
1790200795138,sala01,12518,1790200795138,0,0,OCUPADO,0,28,55,120,1,1
1790200797138,sala01,12519,1790200797138,0,0,OCUPADO,1,28,55,120,1,1
1790200799138,sala01,12520,1790200799138,0,0,OCUPADO,1,28,55,120,1,1
1790200801138,sala01,12521,1790200801138,0,0,OCUPADO,1,28,55,120,1,1
1790200803138,sala01,12522,1790200803138,0,0,OCUPADO,0,28,55,120,1,1
1790200805138,sala01,12523,1790200805138,0,0,OCUPADO,1,28,55,120,1,1
1790200807138,sala01,12524,1790200807138,0,0,OCUPADO,1,28,55,120,1,1
1790200809138,sala01,12525,1790200809138,0,0,OCUPADO,1,28,55,120,1,1
1790200811138,sala01,12526,1790200811138,0,0,OCUPADO,0,28,55,120,1,1
1790200813138,sala01,12527,1790200813138,0,0,OCUPADO,1,28,55,120,1,1
1790200815138,sala01,12528,1790200815138,0,0,OCUPADO,1,28,55,120,1,1
1790200817138,sala01,12529,1790200817138,0,0,OCUPADO,1,28,55,120,1,1
1790200819138,sala01,12530,1790200819138,0,0,OCUPADO,0,28,55,120,1,1
1790200821138,sala01,12531,1790200821138,0,0,OCUPADO,1,28,55,120,1,1
1790200823138,sala01,12532,1790200823138,0,0,OCUPADO,1,28,55,120,1,1
1790200825138,sala01,12533,1790200825138,0,0,OCUPADO,1,28,55,120,1,1
1790200827138,sala01,12534,1790200827138,0,0,OCUPADO,0,28,55,120,1,1
1790200829138,sala01,12535,1790200829138,0,0,OCUPADO,1,28,55,120,1,1
1790200831138,sala01,12536,1790200831138,0,0,OCUPADO,1,28,55,120,1,1
1790200833138,sala01,12537,1790200833138,0,0,OCUPADO,1,28,55,120,1,1
1790200835138,sala01,12538,1790200835138,0,0,OCUPADO,0,28,55,120,1,1
1790200837138,sala01,12539,1790200837138,0,0,OCUPADO,1,28,55,120,1,1
1790200839138,sala01,12540,1790200839138,0,0,OCUPADO,1,28,55,120,1,1
1790200841138,sala01,12541,1790200841138,0,0,OCUPADO,1,28,55,120,1,1
1790200843138,sala01,12542,1790200843138,0,0,OCUPADO,0,28,55,120,1,1
1790200845138,sala01,12543,1790200845138,0,0,OCUPADO,1,28,55,120,1,1
1790200847138,sala01,12544,1790200847138,0,0,OCUPADO,1,28,55,120,1,1
1790200849138,sala01,12545,1790200849138,0,0,OCUPADO,1,28,55,120,1,1
1790200851138,sala01,12546,1790200851138,0,0,OCUPADO,0,28,55,120,1,1
1790200853138,sala01,12547,1790200853138,0,0,OCUPADO,1,28,55,120,1,1
1790200855138,sala01,12548,1790200855138,0,0,OCUPADO,1,28,55,120,1,1
1790200857138,sala01,12549,1790200857138,0,0,OCUPADO,1,28,55,120,1,1
1790200859138,sala01,12550,1790200859138,0,0,OCUPADO,0,28,55,120,1,1
1790200861138,sala01,12551,1790200861138,0,0,OCUPADO,1,28,55,120,1,1
1790200863138,sala01,12552,1790200863138,0,0,OCUPADO,1,28,55,120,1,1
1790200865138,sala01,12553,1790200865138,0,0,OCUPADO,1,28,55,120,1,1
1790200867138,sala01,12554,1790200867138,0,0,OCUPADO,0,28,55,120,1,1
1790200869138,sala01,12555,1790200869138,0,0,OCUPADO,1,28,55,120,1,1
1790200871138,sala01,12556,1790200871138,0,0,OCUPADO,1,28,55,120,1,1
1790200873138,sala01,12557,1790200873138,0,0,OCUPADO,1,28,55,120,1,1
1790200875138,sala01,12558,1790200875138,0,0,OCUPADO,0,28,55,120,1,1
1790200877138,sala01,12559,1790200877138,0,0,OCUPADO,1,28,55,120,1,1
1790200879138,sala01,12560,1790200879138,0,0,OCUPADO,1,28,55,120,1,1
1790200881138,sala01,12561,1790200881138,0,0,OCUPADO,1,28,55,120,1,1
1790200883138,sala01,12562,1790200883138,0,0,OCUPADO,0,28,55,120,1,1
1790200885138,sala01,12563,1790200885138,0,0,OCUPADO,1,28,55,120,1,1
1790200887138,sala01,12564,1790200887138,0,0,OCUPADO,1,28,55,120,1,1
1790200889138,sala01,12565,1790200889138,0,0,OCUPADO,1,28,55,120,1,1
1790200891138,sala01,12566,1790200891138,0,0,OCUPADO,0,28,55,120,1,1
1790200893138,sala01,12567,1790200893138,0,0,OCUPADO,1,28,55,120,1,1
1790200895138,sala01,12568,1790200895138,0,0,OCUPADO,1,28,55,120,1,1
1790200897138,sala01,12569,1790200897138,0,0,OCUPADO,1,28,55,120,1,1
1790200899138,sala01,12570,1790200899138,0,0,OCUPADO,0,28,55,120,1,1
1790200901138,sala01,12571,1790200901138,0,0,OCUPADO,1,28,55,120,1,1
1790200903138,sala01,12572,1790200903138,0,0,OCUPADO,1,28,55,120,1,1
1790200905138,sala01,12573,1790200905138,0,0,OCUPADO,1,28,55,120,1,1
1790200907138,sala01,12574,1790200907138,0,0,OCUPADO,0,28,55,120,1,1
1790200909138,sala01,12575,1790200909138,0,0,OCUPADO,1,28,55,120,1,1
1790200911138,sala01,12576,1790200911138,0,0,OCUPADO,1,28,55,120,1,1
1790200913138,sala01,12577,1790200913138,0,0,OCUPADO,1,28,55,120,1,1
1790200915138,sala01,12578,1790200915138,0,0,OCUPADO,0,28,55,120,1,1
1790200917138,sala01,12579,1790200917138,0,0,OCUPADO,1,28,55,120,1,1
1790200919138,sala01,12580,1790200919138,0,0,OCUPADO,1,28,55,120,1,1
1790200921138,sala01,12581,1790200921138,0,0,OCUPADO,1,28,55,120,1,1
1790200923138,sala01,12582,1790200923138,0,0,OCUPADO,0,28,55,120,1,1
1790200925138,sala01,12583,1790200925138,0,0,OCUPADO,1,28,55,120,1,1
1790200927138,sala01,12584,1790200927138,0,0,OCUPADO,1,28,55,120,1,1
1790200929138,sala01,12585,1790200929138,0,0,OCUPADO,1,28,55,120,1,1
1790200931138,sala01,12586,1790200931138,0,0,OCUPADO,0,28,55,120,1,1
1790200933138,sala01,12587,1790200933138,0,0,OCUPADO,1,28,55,120,1,1
1790200935138,sala01,12588,1790200935138,0,0,OCUPADO,1,28,55,120,1,1
1790200937138,sala01,12589,1790200937138,0,0,OCUPADO,1,28,55,120,1,1
1790200939138,sala01,12590,1790200939138,0,0,OCUPADO,0,28,55,120,1,1
1790200941138,sala01,12591,1790200941138,0,0,OCUPADO,1,28,55,120,1,1
1790200943138,sala01,12592,1790200943138,0,0,OCUPADO,1,28,55,120,1,1
1790200945138,sala01,12593,1790200945138,0,0,OCUPADO,1,28,55,120,1,1
1790200947138,sala01,12594,1790200947138,0,0,OCUPADO,0,28,55,120,1,1
1790200949138,sala01,12595,1790200949138,0,0,OCUPADO,1,28,55,120,1,1
1790200951138,sala01,12596,1790200951138,0,0,OCUPADO,1,28,55,120,1,1
1790200953138,sala01,12597,1790200953138,0,0,OCUPADO,1,28,55,120,1,1
1790200955138,sala01,12598,1790200955138,0,0,OCUPADO,0,28,55,120,1,1
1790200957138,sala01,12599,1790200957138,0,0,OCUPADO,1,28,55,120,1,1
1790200959138,sala01,12600,1790200959138,0,0,OCUPADO,1,28,55,120,1,1
1790200961138,sala01,12601,1790200961138,0,0,OCUPADO,1,28,55,120,1,1
1790200963138,sala01,12602,1790200963138,0,0,OCUPADO,0,28,55,120,1,1
1790200965138,sala01,12603,1790200965138,0,0,OCUPADO,0,28,55,120,1,1
1790200967138,sala01,12604,1790200967138,0,0,OCUPADO,0,28,55,120,1,1
1790200969138,sala01,12605,1790200969138,0,0,OCUPADO,0,28,55,120,1,1
1790200971138,sala01,12606,1790200971138,0,0,OCUPADO,0,28,55,120,1,1
1790200973138,sala01,12607,1790200973138,0,0,OCUPADO,0,28,55,120,1,1
1790200975138,sala01,12608,1790200975138,0,0,OCUPADO,0,28,55,120,1,1
1790200977138,sala01,12609,1790200977138,0,0,OCUPADO,0,28,55,120,1,1
1790200979138,sala01,12610,1790200979138,0,0,OCUPADO,0,28,55,120,1,1
1790200981138,sala01,12611,1790200981138,0,0,OCUPADO,0,28,55,120,1,1
1790200983138,sala01,12612,1790200983138,0,0,OCUPADO,0,28,55,120,1,1
1790200985138,sala01,12613,1790200985138,0,0,OCUPADO,0,28,55,120,1,1
1790200987138,sala01,12614,1790200987138,0,0,OCUPADO,0,28,55,120,1,1
1790200989138,sala01,12615,1790200989138,0,0,OCUPADO,0,28,55,120,1,1
1790200991138,sala01,12616,1790200991138,0,0,OCUPADO,0,28,55,120,1,1
1790200992138,sala01,12617,1790200992138,0,0,DESOCUPADO,0,28,55,120,0,0
1790200994138,sala01,12618,1790200994138,0,0,DESOCUPADO,0,28,55,120,0,0
1790200996138,sala01,12619,1790200996138,0,0,DESOCUPADO,0,28,55,120,0,0
1790200998138,sala01,12620,1790200998138,0,0,DESOCUPADO,0,28,55,120,0,0
1790201000138,sala01,12621,1790201000138,0,0,DESOCUPADO,0,28,55,120,0,0
1790201002138,sala01,12622,1790201002138,0,0,DESOCUPADO,0,28,55,120,0,0
1790201004138,sala01,12623,1790201004138,0,0,DESOCUPADO,0,28,55,120,0,0
1790201006138,sala01,12624,1790201006138,0,0,DESOCUPADO,0,28,55,120,0,0
1790201008138,sala01,12625,1790201008138,0,0,DESOCUPADO,0,28,55,120,0,0
1790201010138,sala01,12626,1790201010138,0,0,DESOCUPADO,0,28,55,120,0,0
1790201012138,sala01,12627,1790201012138,0,0,DESOCUPADO,0,28,55,120,0,0
1790201014138,sala01,12628,1790201014138,0,0,DESOCUPADO,0,28,55,120,0,0
1790201016138,sala01,12629,1790201016138,0,0,DESOCUPADO,0,28,55,120,0,0
1790201018138,sala01,12630,1790201018138,0,0,DESOCUPADO,0,28,55,120,0,0
1790201020138,sala01,12631,1790201020138,0,0,DESOCUPADO,0,28,55,120,0,0
1790201022138,sala01,12632,1790201022138,0,0,DESOCUPADO,0,28,55,120,0,0
1790201024138,sala01,12633,1790201024138,0,0,DESOCUPADO,0,28,55,120,0,0
1790201026138,sala01,12634,1790201026138,0,0,DESOCUPADO,0,28,55,120,0,0
1790201028138,sala01,12635,1790201028138,0,0,DESOCUPADO,0,28,55,120,0,0
1790201030138,sala01,12636,1790201030138,0,0,DESOCUPADO,0,28,55,120,0,0
1790201032138,sala01,12637,1790201032138,0,0,DESOCUPADO,0,28,55,120,0,0
1790201034138,sala01,12638,1790201034138,0,0,DESOCUPADO,0,28,55,120,0,0
1790201036138,sala01,12639,1790201036138,0,0,DESOCUPADO,0,28,55,120,0,0
1790201038138,sala01,12640,1790201038138,0,0,DESOCUPADO,0,28,55,120,0,0
1790201040138,sala01,12641,1790201040138,0,0,DESOCUPADO,0,28,55,120,0,0
1790201042138,sala01,12642,1790201042138,0,0,DESOCUPADO,0,28,55,120,0,0
1790201044138,sala01,12643,1790201044138,0,0,DESOCUPADO,0,28,55,120,0,0
1790201046138,sala01,12644,1790201046138,0,0,DESOCUPADO,0,28,55,120,0,0
1790201048138,sala01,12645,1790201048138,0,0,DESOCUPADO,0,28,55,120,0,0
1790201050138,sala01,12646,1790201050138,0,0,DESOCUPADO,0,28,55,120,0,0
1790201052138,sala01,12647,1790201052138,0,0,DESOCUPADO,0,28,55,120,0,0
1790201054138,sala01,12648,1790201054138,0,0,DESOCUPADO,0,28,55,120,0,0
1790201056138,sala01,12649,1790201056138,0,0,DESOCUPADO,0,28,55,120,0,0
1790201058138,sala01,12650,1790201058138,0,0,DESOCUPADO,0,28,55,120,0,0
1790201060138,sala01,12651,1790201060138,0,0,DESOCUPADO,0,28,55,120,0,0
1790201062138,sala01,12652,1790201062138,0,0,DESOCUPADO,0,28,55,120,0,0
1790201064138,sala01,12653,1790201064138,0,0,DESOCUPADO,0,28,55,120,0,0
1790201066138,sala01,12654,1790201066138,0,0,DESOCUPADO,0,28,55,120,0,0
1790201068138,sala01,12655,1790201068138,0,0,DESOCUPADO,0,28,55,120,0,0
1790201070138,sala01,12656,1790201070138,0,0,DESOCUPADO,0,28,55,120,0,0
1790201072138,sala01,12657,1790201072138,0,0,DESOCUPADO,0,28,55,120,0,0
1790201074138,sala01,12658,1790201074138,0,0,DESOCUPADO,0,28,55,120,0,0
1790201076138,sala01,12659,1790201076138,0,0,DESOCUPADO,0,28,55,120,0,0
1790201078138,sala01,12660,1790201078138,0,0,DESOCUPADO,0,28,55,120,0,0
1790201080138,sala01,12661,1790201080138,0,0,DESOCUPADO,0,28,55,120,0,0
1790201082138,sala01,12662,1790201082138,0,0,DESOCUPADO,0,28,55,120,0,0
1790201084138,sala01,12663,1790201084138,0,0,DESOCUPADO,0,28,55,120,0,0
1790201086138,sala01,12664,1790201086138,0,0,DESOCUPADO,0,28,55,120,0,0
1790201088138,sala01,12665,1790201088138,0,0,DESOCUPADO,0,28,55,120,0,0
1790201090138,sala01,12666,1790201090138,0,0,DESOCUPADO,0,28,55,120,0,0
1790201092138,sala01,12667,1790201092138,0,0,DESOCUPADO,0,28,55,120,0,0
1790201094138,sala01,12668,1790201094138,0,0,DESOCUPADO,0,28,55,120,0,0
1790201096138,sala01,12669,1790201096138,0,0,DESOCUPADO,0,28,55,120,0,0
1790201098138,sala01,12670,1790201098138,0,0,DESOCUPADO,0,28,55,120,0,0
1790201100138,sala01,12671,1790201100138,0,0,DESOCUPADO,0,28,55,120,0,0
1790201102138,sala01,12672,1790201102138,0,0,DESOCUPADO,0,28,55,120,0,0
1790201104138,sala01,12673,1790201104138,0,0,DESOCUPADO,0,28,55,120,0,0
1790201106138,sala01,12674,1790201106138,0,0,DESOCUPADO,0,28,55,120,0,0
1790201108138,sala01,12675,1790201108138,0,0,DESOCUPADO,0,28,55,120,0,0
1790201110138,sala01,12676,1790201110138,0,0,DESOCUPADO,0,28,55,120,0,0
1790201112138,sala01,12677,1790201112138,0,0,DESOCUPADO,0,28,55,120,0,0
1790201114138,sala01,12678,1790201114138,0,0,DESOCUPADO,0,28,55,120,0,0
1790201116138,sala01,12679,1790201116138,0,0,DESOCUPADO,0,28,55,120,0,0
1790201118138,sala01,12680,1790201118138,0,0,DESOCUPADO,0,28,55,120,0,0
1790201120138,sala01,12681,1790201120138,0,0,DESOCUPADO,0,28,55,120,0,0
1790201122138,sala01,12682,1790201122138,0,0,DESOCUPADO,0,28,55,120,0,0
1790201124138,sala01,12683,1790201124138,0,0,DESOCUPADO,0,28,55,120,0,0
1790201126138,sala01,12684,1790201126138,0,0,DESOCUPADO,0,28,55,120,0,0
1790201128138,sala01,12685,1790201128138,0,0,DESOCUPADO,0,28,55,120,0,0
1790201130138,sala01,12686,1790201130138,0,0,DESOCUPADO,0,28,55,120,0,0
1790201132138,sala01,12687,1790201132138,0,0,DESOCUPADO,0,28,55,120,0,0
1790201134138,sala01,12688,1790201134138,0,0,DESOCUPADO,0,28,55,120,0,0
1790201136138,sala01,12689,1790201136138,0,0,DESOCUPADO,0,28,55,120,0,0
1790201138138,sala01,12690,1790201138138,0,0,DESOCUPADO,0,28,55,120,0,0
1790201140138,sala01,12691,1790201140138,0,0,DESOCUPADO,0,28,55,120,0,0
1790201142138,sala01,12692,1790201142138,0,0,DESOCUPADO,0,28,55,120,0,0
1790201144138,sala01,12693,1790201144138,0,0,DESOCUPADO,0,28,55,120,0,0
1790201146138,sala01,12694,1790201146138,0,0,DESOCUPADO,0,28,55,120,0,0
1790201148138,sala01,12695,1790201148138,0,0,DESOCUPADO,0,28,55,120,0,0
1790201150138,sala01,12696,1790201150138,0,0,DESOCUPADO,0,28,55,120,0,0
1790201152138,sala01,12697,1790201152138,0,0,DESOCUPADO,0,28,55,120,0,0
1790201154138,sala01,12698,1790201154138,0,0,DESOCUPADO,0,28,55,120,0,0
1790201156138,sala01,12699,1790201156138,0,0,DESOCUPADO,0,28,55,120,0,0
1790201158138,sala01,12700,1790201158138,0,0,DESOCUPADO,0,28,55,120,0,0
1790201160138,sala01,12701,1790201160138,0,0,DESOCUPADO,0,28,55,120,0,0
1790201162138,sala01,12702,1790201162138,0,0,DESOCUPADO,0,28,55,120,0,0
1790201164138,sala01,12703,1790201164138,0,0,DESOCUPADO,0,28,55,120,0,0
1790201166138,sala01,12704,1790201166138,0,0,DESOCUPADO,0,28,55,120,0,0
1790201168138,sala01,12705,1790201168138,0,0,DESOCUPADO,0,28,55,120,0,0
1790201170138,sala01,12706,1790201170138,0,0,DESOCUPADO,0,28,55,120,0,0
1790201172138,sala01,12707,1790201172138,0,0,DESOCUPADO,0,28,55,120,0,0
1790201174138,sala01,12708,1790201174138,0,0,DESOCUPADO,0,28,55,120,0,0
1790201176138,sala01,12709,1790201176138,0,0,DESOCUPADO,0,28,55,120,0,0
1790201178138,sala01,12710,1790201178138,0,0,DESOCUPADO,0,28,55,120,0,0
1790201180138,sala01,12711,1790201180138,0,0,DESOCUPADO,0,28,55,120,0,0
1790201182138,sala01,12712,1790201182138,0,0,DESOCUPADO,0,28,55,120,0,0
1790201184138,sala01,12713,1790201184138,0,0,DESOCUPADO,0,28,55,120,0,0
1790201186138,sala01,12714,1790201186138,0,0,DESOCUPADO,0,28,55,120,0,0
1790201188138,sala01,12715,1790201188138,0,0,DESOCUPADO,0,28,55,120,0,0
1790201190138,sala01,12716,1790201190138,0,0,DESOCUPADO,0,28,55,120,0,0
1790201192138,sala01,12717,1790201192138,0,0,DESOCUPADO,0,28,55,120,0,0
1790201194138,sala01,12718,1790201194138,0,0,DESOCUPADO,0,28,55,120,0,0
1790201196138,sala01,12719,1790201196138,0,0,DESOCUPADO,0,28,55,120,0,0
1790201198138,sala01,12720,1790201198138,0,0,DESOCUPADO,0,28,55,120,0,0
1790201200138,sala01,12721,1790201200138,0,0,DESOCUPADO,0,28,55,120,0,0
1790201202138,sala01,12722,1790201202138,0,0,DESOCUPADO,0,28,55,120,0,0
1790201204138,sala01,12723,1790201204138,0,0,DESOCUPADO,0,28,55,120,0,0
1790201206138,sala01,12724,1790201206138,0,0,DESOCUPADO,0,28,55,120,0,0
1790201208138,sala01,12725,1790201208138,0,0,DESOCUPADO,0,28,55,120,0,0
1790201210138,sala01,12726,1790201210138,0,0,DESOCUPADO,0,28,55,120,0,0
1790201212138,sala01,12727,1790201212138,0,0,DESOCUPADO,0,28,55,120,0,0
1790201214138,sala01,12728,1790201214138,0,0,DESOCUPADO,0,28,55,120,0,0
1790201216138,sala01,12729,1790201216138,0,0,DESOCUPADO,0,28,55,120,0,0
1790201218138,sala01,12730,1790201218138,0,0,DESOCUPADO,0,28,55,120,0,0
1790201220138,sala01,12731,1790201220138,0,0,DESOCUPADO,0,28,55,120,0,0
1790201222138,sala01,12732,1790201222138,0,0,DESOCUPADO,0,28,55,120,0,0
1790201224138,sala01,12733,1790201224138,0,0,DESOCUPADO,0,28,55,120,0,0
1790201226138,sala01,12734,1790201226138,0,0,DESOCUPADO,0,28,55,120,0,0
1790201228138,sala01,12735,1790201228138,0,0,DESOCUPADO,0,28,55,120,0,0
1790201230138,sala01,12736,1790201230138,0,0,DESOCUPADO,0,28,55,120,0,0
1790201232138,sala01,12737,1790201232138,0,0,DESOCUPADO,0,28,55,120,0,0
1790201234138,sala01,12738,1790201234138,0,0,DESOCUPADO,0,28,55,120,0,0
1790201236138,sala01,12739,1790201236138,0,0,DESOCUPADO,0,28,55,120,0,0
1790201238138,sala01,12740,1790201238138,0,0,DESOCUPADO,0,28,55,120,0,0
1790201240138,sala01,12741,1790201240138,0,0,DESOCUPADO,0,28,55,120,0,0
1790201242138,sala01,12742,1790201242138,0,0,DESOCUPADO,0,28,55,120,0,0
1790201244138,sala01,12743,1790201244138,0,0,DESOCUPADO,0,28,55,120,0,0
1790201246138,sala01,12744,1790201246138,0,0,DESOCUPADO,0,28,55,120,0,0
1790201248138,sala01,12745,1790201248138,0,0,DESOCUPADO,0,28,55,120,0,0
1790201250138,sala01,12746,1790201250138,0,0,DESOCUPADO,0,28,55,120,0,0
1790201252138,sala01,12747,1790201252138,0,0,DESOCUPADO,0,28,55,120,0,0
1790201254138,sala01,12748,1790201254138,0,0,DESOCUPADO,0,28,55,120,0,0
1790201256138,sala01,12749,1790201256138,0,0,DESOCUPADO,0,28,55,120,0,0
1790201258138,sala01,12750,1790201258138,0,0,DESOCUPADO,0,28,55,120,0,0
1790201260138,sala01,12751,1790201260138,0,0,DESOCUPADO,0,28,55,120,0,0
1790201262138,sala01,12752,1790201262138,0,0,DESOCUPADO,0,28,55,120,0,0
1790201264138,sala01,12753,1790201264138,0,0,DESOCUPADO,0,28,55,120,0,0
1790201266138,sala01,12754,1790201266138,0,0,DESOCUPADO,0,28,55,120,0,0
1790201268138,sala01,12755,1790201268138,0,0,DESOCUPADO,0,28,55,120,0,0
1790201269138,sala01,12756,1790201269138,0,0,CONFIRMANDO,1,28,55,120,0,0
1790201271138,sala01,12757,1790201271138,0,0,CONFIRMANDO,1,28,55,120,0,0
1790201273138,sala01,12758,1790201273138,0,0,CONFIRMANDO,1,28,55,120,0,0
1790201275138,sala01,12759,1790201275138,0,0,CONFIRMANDO,0,28,55,120,0,0
1790201277138,sala01,12760,1790201277138,0,0,OCUPADO,1,28,55,120,1,1
1790201279138,sala01,12761,1790201279138,0,0,OCUPADO,1,28,55,120,1,1
1790201281138,sala01,12762,1790201281138,0,0,OCUPADO,1,28,55,120,1,1
1790201283138,sala01,12763,1790201283138,0,0,OCUPADO,0,28,55,120,1,1
1790201285138,sala01,12764,1790201285138,0,0,OCUPADO,1,28,55,120,1,1
1790201287138,sala01,12765,1790201287138,0,0,OCUPADO,1,28,55,120,1,1
1790201289138,sala01,12766,1790201289138,0,0,OCUPADO,1,28,55,120,1,1
1790201291138,sala01,12767,1790201291138,0,0,OCUPADO,0,28,55,120,1,1
1790201293138,sala01,12768,1790201293138,0,0,OCUPADO,1,28,55,120,1,1
1790201295138,sala01,12769,1790201295138,0,0,OCUPADO,1,28,55,120,1,1
1790201297138,sala01,12770,1790201297138,0,0,OCUPADO,1,28,55,120,1,1
1790201299138,sala01,12771,1790201299138,0,0,OCUPADO,0,28,55,120,1,1
1790201301138,sala01,12772,1790201301138,0,0,OCUPADO,1,28,55,120,1,1
1790201303138,sala01,12773,1790201303138,0,0,OCUPADO,1,28,55,120,1,1
1790201305138,sala01,12774,1790201305138,0,0,OCUPADO,1,28,55,120,1,1
1790201307138,sala01,12775,1790201307138,0,0,OCUPADO,0,28,55,120,1,1
1790201309138,sala01,12776,1790201309138,0,0,OCUPADO,1,28,55,120,1,1
1790201311138,sala01,12777,1790201311138,0,0,OCUPADO,1,28,55,120,1,1
1790201313138,sala01,12778,1790201313138,0,0,OCUPADO,1,28,55,120,1,1
1790201315138,sala01,12779,1790201315138,0,0,OCUPADO,0,28,55,120,1,1
1790201317138,sala01,12780,1790201317138,0,0,OCUPADO,1,28,55,120,1,1
1790201319138,sala01,12781,1790201319138,0,0,OCUPADO,1,28,55,120,1,1
1790201321138,sala01,12782,1790201321138,0,0,OCUPADO,1,28,55,120,1,1
1790201323138,sala01,12783,1790201323138,0,0,OCUPADO,0,28,55,120,1,1
1790201325138,sala01,12784,1790201325138,0,0,OCUPADO,1,28,55,120,1,1
1790201327138,sala01,12785,1790201327138,0,0,OCUPADO,1,28,55,120,1,1
1790201329138,sala01,12786,1790201329138,0,0,OCUPADO,1,28,55,120,1,1
1790201331138,sala01,12787,1790201331138,0,0,OCUPADO,0,28,55,120,1,1
1790201333138,sala01,12788,1790201333138,0,0,OCUPADO,1,28,55,120,1,1
1790201335138,sala01,12789,1790201335138,0,0,OCUPADO,1,28,55,120,1,1
1790201337138,sala01,12790,1790201337138,0,0,OCUPADO,1,28,55,120,1,1
1790201339138,sala01,12791,1790201339138,0,0,OCUPADO,0,28,55,120,1,1
1790201341138,sala01,12792,1790201341138,0,0,OCUPADO,1,28,55,120,1,1
1790201343138,sala01,12793,1790201343138,0,0,OCUPADO,1,28,55,120,1,1
1790201345138,sala01,12794,1790201345138,0,0,OCUPADO,1,28,55,120,1,1
1790201347138,sala01,12795,1790201347138,0,0,OCUPADO,0,28,55,120,1,1
1790201349138,sala01,12796,1790201349138,0,0,OCUPADO,1,28,55,120,1,1
1790201351138,sala01,12797,1790201351138,0,0,OCUPADO,1,28,55,120,1,1
1790201353138,sala01,12798,1790201353138,0,0,OCUPADO,1,28,55,120,1,1
1790201355138,sala01,12799,1790201355138,0,0,OCUPADO,0,28,55,120,1,1
1790201357138,sala01,12800,1790201357138,0,0,OCUPADO,1,28,55,120,1,1
1790201359138,sala01,12801,1790201359138,0,0,OCUPADO,1,28,55,120,1,1
1790201361138,sala01,12802,1790201361138,0,0,OCUPADO,1,28,55,120,1,1
1790201363138,sala01,12803,1790201363138,0,0,OCUPADO,0,28,55,120,1,1
1790201365138,sala01,12804,1790201365138,0,0,OCUPADO,1,28,55,120,1,1
1790201367138,sala01,12805,1790201367138,0,0,OCUPADO,1,28,55,120,1,1
1790201369138,sala01,12806,1790201369138,0,0,OCUPADO,1,28,55,120,1,1
1790201371138,sala01,12807,1790201371138,0,0,OCUPADO,0,28,55,120,1,1
1790201373138,sala01,12808,1790201373138,0,0,OCUPADO,1,28,55,120,1,1
1790201375138,sala01,12809,1790201375138,0,0,OCUPADO,1,28,55,120,1,1
1790201377138,sala01,12810,1790201377138,0,0,OCUPADO,1,28,55,120,1,1
1790201379138,sala01,12811,1790201379138,0,0,OCUPADO,0,28,55,120,1,1
1790201381138,sala01,12812,1790201381138,0,0,OCUPADO,1,28,55,120,1,1
1790201383138,sala01,12813,1790201383138,0,0,OCUPADO,1,28,55,120,1,1
1790201385138,sala01,12814,1790201385138,0,0,OCUPADO,1,28,55,120,1,1
1790201387138,sala01,12815,1790201387138,0,0,OCUPADO,0,28,55,120,1,1
1790201389138,sala01,12816,1790201389138,0,0,OCUPADO,1,28,55,120,1,1
1790201391138,sala01,12817,1790201391138,0,0,OCUPADO,1,28,55,120,1,1
1790201393138,sala01,12818,1790201393138,0,0,OCUPADO,1,28,55,120,1,1
1790201395138,sala01,12819,1790201395138,0,0,OCUPADO,0,28,55,120,1,1
1790201397138,sala01,12820,1790201397138,0,0,OCUPADO,1,28,55,120,1,1
1790201399138,sala01,12821,1790201399138,0,0,OCUPADO,1,28,55,120,1,1
1790201401138,sala01,12822,1790201401138,0,0,OCUPADO,1,28,55,120,1,1
1790201403138,sala01,12823,1790201403138,0,0,OCUPADO,0,28,55,120,1,1
1790201405138,sala01,12824,1790201405138,0,0,OCUPADO,1,28,55,120,1,1
1790201407138,sala01,12825,1790201407138,0,0,OCUPADO,1,28,55,120,1,1
1790201409138,sala01,12826,1790201409138,0,0,OCUPADO,1,28,55,120,1,1
1790201411138,sala01,12827,1790201411138,0,0,OCUPADO,0,28,55,120,1,1
1790201413138,sala01,12828,1790201413138,0,0,OCUPADO,1,28,55,120,1,1
1790201415138,sala01,12829,1790201415138,0,0,OCUPADO,1,28,55,120,1,1
1790201417138,sala01,12830,1790201417138,0,0,OCUPADO,1,28,55,120,1,1
1790201419138,sala01,12831,1790201419138,0,0,OCUPADO,0,28,55,120,1,1
1790201421138,sala01,12832,1790201421138,0,0,OCUPADO,1,28,55,120,1,1
1790201423138,sala01,12833,1790201423138,0,0,OCUPADO,1,28,55,120,1,1
1790201425138,sala01,12834,1790201425138,0,0,OCUPADO,1,28,55,120,1,1
1790201427138,sala01,12835,1790201427138,0,0,OCUPADO,0,28,55,120,1,1
1790201429138,sala01,12836,1790201429138,0,0,OCUPADO,1,28,55,120,1,1
1790201431138,sala01,12837,1790201431138,0,0,OCUPADO,1,28,55,120,1,1
1790201433138,sala01,12838,1790201433138,0,0,OCUPADO,1,28,55,120,1,1
1790201435138,sala01,12839,1790201435138,0,0,OCUPADO,0,28,55,120,1,1
1790201437138,sala01,12840,1790201437138,0,0,OCUPADO,1,28,55,120,1,1
1790201439138,sala01,12841,1790201439138,0,0,OCUPADO,1,28,55,120,1,1
1790201441138,sala01,12842,1790201441138,0,0,OCUPADO,1,28,55,120,1,1
1790201443138,sala01,12843,1790201443138,0,0,OCUPADO,0,28,55,120,1,1
1790201445138,sala01,12844,1790201445138,0,0,OCUPADO,1,28,55,120,1,1
1790201447138,sala01,12845,1790201447138,0,0,OCUPADO,1,28,55,120,1,1
1790201449138,sala01,12846,1790201449138,0,0,OCUPADO,1,28,55,120,1,1
1790201451138,sala01,12847,1790201451138,0,0,OCUPADO,0,28,55,120,1,1
1790201453138,sala01,12848,1790201453138,0,0,OCUPADO,1,28,55,120,1,1
1790201455138,sala01,12849,1790201455138,0,0,OCUPADO,1,28,55,120,1,1
1790201457138,sala01,12850,1790201457138,0,0,OCUPADO,1,28,55,120,1,1
1790201459138,sala01,12851,1790201459138,0,0,OCUPADO,0,28,55,120,1,1
1790201461138,sala01,12852,1790201461138,0,0,OCUPADO,1,28,55,120,1,1
1790201463138,sala01,12853,1790201463138,0,0,OCUPADO,1,28,55,120,1,1
1790201465138,sala01,12854,1790201465138,0,0,OCUPADO,1,28,55,120,1,1
1790201467138,sala01,12855,1790201467138,0,0,OCUPADO,0,28,55,120,1,1
1790201469138,sala01,12856,1790201469138,0,0,OCUPADO,1,28,55,120,1,1
1790201471138,sala01,12857,1790201471138,0,0,OCUPADO,1,28,55,120,1,1
1790201473138,sala01,12858,1790201473138,0,0,OCUPADO,1,28,55,120,1,1
1790201475138,sala01,12859,1790201475138,0,0,OCUPADO,0,28,55,120,1,1
1790201477138,sala01,12860,1790201477138,0,0,OCUPADO,1,28,55,120,1,1
1790201479138,sala01,12861,1790201479138,0,0,OCUPADO,1,28,55,120,1,1
1790201481138,sala01,12862,1790201481138,0,0,OCUPADO,1,28,55,120,1,1
1790201483138,sala01,12863,1790201483138,0,0,OCUPADO,0,28,55,120,1,1
1790201485138,sala01,12864,1790201485138,0,0,OCUPADO,1,28,55,120,1,1
1790201487138,sala01,12865,1790201487138,0,0,OCUPADO,1,28,55,120,1,1
1790201489138,sala01,12866,1790201489138,0,0,OCUPADO,1,28,55,120,1,1
1790201491138,sala01,12867,1790201491138,0,0,OCUPADO,0,28,55,120,1,1
1790201493138,sala01,12868,1790201493138,0,0,OCUPADO,1,28,55,120,1,1
1790201495138,sala01,12869,1790201495138,0,0,OCUPADO,1,28,55,120,1,1
1790201497138,sala01,12870,1790201497138,0,0,OCUPADO,1,28,55,120,1,1
1790201499138,sala01,12871,1790201499138,0,0,OCUPADO,0,28,55,120,1,1
1790201501138,sala01,12872,1790201501138,0,0,OCUPADO,1,28,55,120,1,1
1790201503138,sala01,12873,1790201503138,0,0,OCUPADO,1,28,55,120,1,1
1790201505138,sala01,12874,1790201505138,0,0,OCUPADO,1,28,55,120,1,1
1790201507138,sala01,12875,1790201507138,0,0,OCUPADO,0,28,55,120,1,1
1790201509138,sala01,12876,1790201509138,0,0,OCUPADO,1,28,55,120,1,1
1790201511138,sala01,12877,1790201511138,0,0,OCUPADO,1,28,55,120,1,1
1790201513138,sala01,12878,1790201513138,0,0,OCUPADO,1,28,55,120,1,1
1790201515138,sala01,12879,1790201515138,0,0,OCUPADO,0,28,55,120,1,1
1790201517138,sala01,12880,1790201517138,0,0,OCUPADO,1,28,55,120,1,1
1790201519138,sala01,12881,1790201519138,0,0,OCUPADO,1,28,55,120,1,1
1790201521138,sala01,12882,1790201521138,0,0,OCUPADO,1,28,55,120,1,1
1790201523138,sala01,12883,1790201523138,0,0,OCUPADO,0,28,55,120,1,1
1790201525138,sala01,12884,1790201525138,0,0,OCUPADO,1,28,55,120,1,1
1790201527138,sala01,12885,1790201527138,0,0,OCUPADO,1,28,55,120,1,1
1790201529138,sala01,12886,1790201529138,0,0,OCUPADO,1,28,55,120,1,1
1790201531138,sala01,12887,1790201531138,0,0,OCUPADO,0,28,55,120,1,1
1790201533138,sala01,12888,1790201533138,0,0,OCUPADO,1,28,55,120,1,1
1790201535138,sala01,12889,1790201535138,0,0,OCUPADO,1,28,55,120,1,1
1790201537138,sala01,12890,1790201537138,0,0,OCUPADO,1,28,55,120,1,1
1790201539138,sala01,12891,1790201539138,0,0,OCUPADO,0,28,55,120,1,1
1790201541138,sala01,12892,1790201541138,0,0,OCUPADO,1,28,55,120,1,1
1790201543138,sala01,12893,1790201543138,0,0,OCUPADO,1,28,55,120,1,1
1790201545138,sala01,12894,1790201545138,0,0,OCUPADO,1,28,55,120,1,1
1790201547138,sala01,12895,1790201547138,0,0,OCUPADO,0,28,55,120,1,1
1790201549138,sala01,12896,1790201549138,0,0,OCUPADO,1,28,55,120,1,1
1790201551138,sala01,12897,1790201551138,0,0,OCUPADO,1,28,55,120,1,1
1790201553138,sala01,12898,1790201553138,0,0,OCUPADO,1,28,55,120,1,1
1790201555138,sala01,12899,1790201555138,0,0,OCUPADO,0,28,55,120,1,1
1790201557138,sala01,12900,1790201557138,0,0,OCUPADO,1,28,55,120,1,1
1790201559138,sala01,12901,1790201559138,0,0,OCUPADO,1,28,55,120,1,1
1790201561138,sala01,12902,1790201561138,0,0,OCUPADO,1,28,55,120,1,1
1790201563138,sala01,12903,1790201563138,0,0,OCUPADO,0,28,55,120,1,1
1790201565138,sala01,12904,1790201565138,0,0,OCUPADO,1,28,55,120,1,1
1790201567138,sala01,12905,1790201567138,0,0,OCUPADO,1,28,55,120,1,1
1790201569138,sala01,12906,1790201569138,0,0,OCUPADO,1,28,55,120,1,1
1790201571138,sala01,12907,1790201571138,0,0,OCUPADO,0,28,55,120,1,1
1790201573138,sala01,12908,1790201573138,0,0,OCUPADO,1,28,55,120,1,1
1790201575138,sala01,12909,1790201575138,0,0,OCUPADO,1,28,55,120,1,1
1790201577138,sala01,12910,1790201577138,0,0,OCUPADO,1,28,55,120,1,1
1790201579138,sala01,12911,1790201579138,0,0,OCUPADO,0,28,55,120,1,1
1790201581138,sala01,12912,1790201581138,0,0,OCUPADO,1,28,55,120,1,1
1790201583138,sala01,12913,1790201583138,0,0,OCUPADO,1,28,55,120,1,1
1790201585138,sala01,12914,1790201585138,0,0,OCUPADO,1,28,55,120,1,1
1790201587138,sala01,12915,1790201587138,0,0,OCUPADO,0,28,55,120,1,1
1790201589138,sala01,12916,1790201589138,0,0,OCUPADO,1,28,55,120,1,1
1790201591138,sala01,12917,1790201591138,0,0,OCUPADO,1,28,55,120,1,1
1790201593138,sala01,12918,1790201593138,0,0,OCUPADO,1,28,55,120,1,1
1790201595138,sala01,12919,1790201595138,0,0,OCUPADO,0,28,55,120,1,1
1790201597138,sala01,12920,1790201597138,0,0,OCUPADO,1,28,55,120,1,1
1790201599138,sala01,12921,1790201599138,0,0,OCUPADO,1,28,55,120,1,1
1790201601138,sala01,12922,1790201601138,0,0,OCUPADO,1,28,55,120,1,1
1790201603138,sala01,12923,1790201603138,0,0,OCUPADO,0,28,55,120,1,1
1790201605138,sala01,12924,1790201605138,0,0,OCUPADO,1,28,55,120,1,1
1790201607138,sala01,12925,1790201607138,0,0,OCUPADO,1,28,55,120,1,1
1790201609138,sala01,12926,1790201609138,0,0,OCUPADO,1,28,55,120,1,1
1790201611138,sala01,12927,1790201611138,0,0,OCUPADO,0,28,55,120,1,1
1790201613138,sala01,12928,1790201613138,0,0,OCUPADO,1,28,55,120,1,1
1790201615138,sala01,12929,1790201615138,0,0,OCUPADO,1,28,55,120,1,1
1790201617138,sala01,12930,1790201617138,0,0,OCUPADO,1,28,55,120,1,1
1790201619138,sala01,12931,1790201619138,0,0,OCUPADO,0,28,55,120,1,1
1790201621138,sala01,12932,1790201621138,0,0,OCUPADO,1,28,55,120,1,1
1790201623138,sala01,12933,1790201623138,0,0,OCUPADO,1,28,55,120,1,1
1790201625138,sala01,12934,1790201625138,0,0,OCUPADO,1,28,55,120,1,1
1790201627138,sala01,12935,1790201627138,0,0,OCUPADO,0,28,55,120,1,1
1790201629138,sala01,12936,1790201629138,0,0,OCUPADO,1,28,55,120,1,1
1790201631138,sala01,12937,1790201631138,0,0,OCUPADO,1,28,55,120,1,1
1790201633138,sala01,12938,1790201633138,0,0,OCUPADO,1,28,55,120,1,1
1790201635138,sala01,12939,1790201635138,0,0,OCUPADO,0,28,55,120,1,1
1790201637138,sala01,12940,1790201637138,0,0,OCUPADO,1,28,55,120,1,1
1790201639138,sala01,12941,1790201639138,0,0,OCUPADO,1,28,55,120,1,1
1790201641138,sala01,12942,1790201641138,0,0,OCUPADO,1,28,55,120,1,1
1790201643138,sala01,12943,1790201643138,0,0,OCUPADO,0,28,55,120,1,1
1790201645138,sala01,12944,1790201645138,0,0,OCUPADO,1,28,55,120,1,1
1790201647138,sala01,12945,1790201647138,0,0,OCUPADO,1,28,55,120,1,1
1790201649138,sala01,12946,1790201649138,0,0,OCUPADO,1,28,55,120,1,1
1790201651138,sala01,12947,1790201651138,0,0,OCUPADO,0,28,55,120,1,1
1790201653138,sala01,12948,1790201653138,0,0,OCUPADO,1,28,55,120,1,1
1790201655138,sala01,12949,1790201655138,0,0,OCUPADO,1,28,55,120,1,1
1790201657138,sala01,12950,1790201657138,0,0,OCUPADO,1,28,55,120,1,1
1790201659138,sala01,12951,1790201659138,0,0,OCUPADO,0,28,55,120,1,1
1790201661138,sala01,12952,1790201661138,0,0,OCUPADO,1,28,55,120,1,1
1790201663138,sala01,12953,1790201663138,0,0,OCUPADO,1,28,55,120,1,1
1790201665138,sala01,12954,1790201665138,0,0,OCUPADO,1,28,55,120,1,1
1790201667138,sala01,12955,1790201667138,0,0,OCUPADO,0,28,55,120,1,1
1790201669138,sala01,12956,1790201669138,0,0,OCUPADO,1,28,55,120,1,1
1790201671138,sala01,12957,1790201671138,0,0,OCUPADO,1,28,55,120,1,1
1790201673138,sala01,12958,1790201673138,0,0,OCUPADO,1,28,55,120,1,1
1790201675138,sala01,12959,1790201675138,0,0,OCUPADO,0,28,55,120,1,1
1790201677138,sala01,12960,1790201677138,0,0,OCUPADO,1,28,55,120,1,1
1790201679138,sala01,12961,1790201679138,0,0,OCUPADO,1,28,55,120,1,1
1790201681138,sala01,12962,1790201681138,0,0,OCUPADO,1,28,55,120,1,1
1790201683138,sala01,12963,1790201683138,0,0,OCUPADO,0,28,55,120,1,1
1790201685138,sala01,12964,1790201685138,0,0,OCUPADO,1,28,55,120,1,1
1790201687138,sala01,12965,1790201687138,0,0,OCUPADO,1,28,55,120,1,1
1790201689138,sala01,12966,1790201689138,0,0,OCUPADO,1,28,55,120,1,1
1790201691138,sala01,12967,1790201691138,0,0,OCUPADO,0,28,55,120,1,1
1790201693138,sala01,12968,1790201693138,0,0,OCUPADO,1,28,55,120,1,1
1790201695138,sala01,12969,1790201695138,0,0,OCUPADO,1,28,55,120,1,1
1790201697138,sala01,12970,1790201697138,0,0,OCUPADO,1,28,55,120,1,1
1790201699138,sala01,12971,1790201699138,0,0,OCUPADO,0,28,55,120,1,1
1790201701138,sala01,12972,1790201701138,0,0,OCUPADO,1,28,55,120,1,1
1790201703138,sala01,12973,1790201703138,0,0,OCUPADO,1,28,55,120,1,1
1790201705138,sala01,12974,1790201705138,0,0,OCUPADO,1,28,55,120,1,1
1790201707138,sala01,12975,1790201707138,0,0,OCUPADO,0,28,55,120,1,1
1790201709138,sala01,12976,1790201709138,0,0,OCUPADO,1,28,55,120,1,1
1790201711138,sala01,12977,1790201711138,0,0,OCUPADO,1,28,55,120,1,1
1790201713138,sala01,12978,1790201713138,0,0,OCUPADO,1,28,55,120,1,1
1790201715138,sala01,12979,1790201715138,0,0,OCUPADO,0,28,55,120,1,1
1790201717138,sala01,12980,1790201717138,0,0,OCUPADO,1,28,55,120,1,1
1790201719138,sala01,12981,1790201719138,0,0,OCUPADO,1,28,55,120,1,1
1790201721138,sala01,12982,1790201721138,0,0,OCUPADO,1,28,55,120,1,1
1790201723138,sala01,12983,1790201723138,0,0,OCUPADO,0,28,55,120,1,1
1790201725138,sala01,12984,1790201725138,0,0,OCUPADO,1,28,55,120,1,1
1790201727138,sala01,12985,1790201727138,0,0,OCUPADO,1,28,55,120,1,1
1790201729138,sala01,12986,1790201729138,0,0,OCUPADO,1,28,55,120,1,1
1790201731138,sala01,12987,1790201731138,0,0,OCUPADO,0,28,55,120,1,1
1790201733138,sala01,12988,1790201733138,0,0,OCUPADO,1,28,55,120,1,1
1790201735138,sala01,12989,1790201735138,0,0,OCUPADO,1,28,55,120,1,1
1790201737138,sala01,12990,1790201737138,0,0,OCUPADO,1,28,55,120,1,1
1790201739138,sala01,12991,1790201739138,0,0,OCUPADO,0,28,55,120,1,1
1790201741138,sala01,12992,1790201741138,0,0,OCUPADO,1,28,55,120,1,1
1790201743138,sala01,12993,1790201743138,0,0,OCUPADO,1,28,55,120,1,1
1790201745138,sala01,12994,1790201745138,0,0,OCUPADO,1,28,55,120,1,1
1790201747138,sala01,12995,1790201747138,0,0,OCUPADO,0,28,55,120,1,1
1790201749138,sala01,12996,1790201749138,0,0,OCUPADO,1,28,55,120,1,1
1790201751138,sala01,12997,1790201751138,0,0,OCUPADO,1,28,55,120,1,1
1790201753138,sala01,12998,1790201753138,0,0,OCUPADO,1,28,55,120,1,1
1790201755138,sala01,12999,1790201755138,0,0,OCUPADO,0,28,55,120,1,1
1790201757138,sala01,13000,1790201757138,0,0,OCUPADO,1,28,55,120,1,1
1790201759138,sala01,13001,1790201759138,0,0,OCUPADO,1,28,55,120,1,1
1790201761138,sala01,13002,1790201761138,0,0,OCUPADO,1,28,55,120,1,1
1790201763138,sala01,13003,1790201763138,0,0,OCUPADO,0,28,55,120,1,1
1790201765138,sala01,13004,1790201765138,0,0,OCUPADO,1,28,55,120,1,1
1790201767138,sala01,13005,1790201767138,0,0,OCUPADO,1,28,55,120,1,1
1790201769138,sala01,13006,1790201769138,0,0,OCUPADO,1,28,55,120,1,1
1790201771138,sala01,13007,1790201771138,0,0,OCUPADO,0,28,55,120,1,1
1790201773138,sala01,13008,1790201773138,0,0,OCUPADO,1,28,55,120,1,1
1790201775138,sala01,13009,1790201775138,0,0,OCUPADO,1,28,55,120,1,1
1790201777138,sala01,13010,1790201777138,0,0,OCUPADO,1,28,55,120,1,1
1790201779138,sala01,13011,1790201779138,0,0,OCUPADO,0,28,55,120,1,1
1790201781138,sala01,13012,1790201781138,0,0,OCUPADO,1,28,55,120,1,1
1790201783138,sala01,13013,1790201783138,0,0,OCUPADO,1,28,55,120,1,1
1790201785138,sala01,13014,1790201785138,0,0,OCUPADO,1,28,55,120,1,1
1790201787138,sala01,13015,1790201787138,0,0,OCUPADO,0,28,55,120,1,1
1790201789138,sala01,13016,1790201789138,0,0,OCUPADO,1,28,55,120,1,1
1790201791138,sala01,13017,1790201791138,0,0,OCUPADO,1,28,55,120,1,1
1790201793138,sala01,13018,1790201793138,0,0,OCUPADO,1,28,55,120,1,1
1790201795138,sala01,13019,1790201795138,0,0,OCUPADO,0,28,55,120,1,1
1790201797138,sala01,13020,1790201797138,0,0,OCUPADO,1,28,55,120,1,1
1790201799138,sala01,13021,1790201799138,0,0,OCUPADO,1,28,55,120,1,1
1790201801138,sala01,13022,1790201801138,0,0,OCUPADO,1,28,55,120,1,1
1790201803138,sala01,13023,1790201803138,0,0,OCUPADO,0,28,55,120,1,1
1790201805138,sala01,13024,1790201805138,0,0,OCUPADO,1,28,55,120,1,1
1790201807138,sala01,13025,1790201807138,0,0,OCUPADO,1,28,55,120,1,1
1790201809138,sala01,13026,1790201809138,0,0,OCUPADO,1,28,55,120,1,1
1790201811138,sala01,13027,1790201811138,0,0,OCUPADO,0,28,55,120,1,1
1790201813138,sala01,13028,1790201813138,0,0,OCUPADO,1,28,55,120,1,1
1790201815138,sala01,13029,1790201815138,0,0,OCUPADO,1,28,55,120,1,1
1790201817138,sala01,13030,1790201817138,0,0,OCUPADO,1,28,55,120,1,1
1790201819138,sala01,13031,1790201819138,0,0,OCUPADO,0,28,55,120,1,1
1790201821138,sala01,13032,1790201821138,0,0,OCUPADO,1,28,55,120,1,1
1790201823138,sala01,13033,1790201823138,0,0,OCUPADO,1,28,55,120,1,1
1790201825138,sala01,13034,1790201825138,0,0,OCUPADO,1,28,55,120,1,1
1790201827138,sala01,13035,1790201827138,0,0,OCUPADO,0,28,55,120,1,1
1790201829138,sala01,13036,1790201829138,0,0,OCUPADO,1,28,55,120,1,1
1790201831138,sala01,13037,1790201831138,0,0,OCUPADO,1,28,55,120,1,1
1790201833138,sala01,13038,1790201833138,0,0,OCUPADO,1,28,55,120,1,1
1790201835138,sala01,13039,1790201835138,0,0,OCUPADO,0,28,55,120,1,1
1790201837138,sala01,13040,1790201837138,0,0,OCUPADO,1,28,55,120,1,1
1790201839138,sala01,13041,1790201839138,0,0,OCUPADO,1,28,55,120,1,1
1790201841138,sala01,13042,1790201841138,0,0,OCUPADO,1,28,55,120,1,1
1790201843138,sala01,13043,1790201843138,0,0,OCUPADO,0,28,55,120,1,1
1790201845138,sala01,13044,1790201845138,0,0,OCUPADO,1,28,55,120,1,1
1790201847138,sala01,13045,1790201847138,0,0,OCUPADO,1,28,55,120,1,1
1790201849138,sala01,13046,1790201849138,0,0,OCUPADO,1,28,55,120,1,1
1790201851138,sala01,13047,1790201851138,0,0,OCUPADO,0,28,55,120,1,1
1790201853138,sala01,13048,1790201853138,0,0,OCUPADO,1,28,55,120,1,1
1790201855138,sala01,13049,1790201855138,0,0,OCUPADO,1,28,55,120,1,1
1790201857138,sala01,13050,1790201857138,0,0,OCUPADO,1,28,55,120,1,1
1790201859138,sala01,13051,1790201859138,0,0,OCUPADO,0,28,55,120,1,1
1790201861138,sala01,13052,1790201861138,0,0,OCUPADO,1,28,55,120,1,1
1790201863138,sala01,13053,1790201863138,0,0,OCUPADO,1,28,55,120,1,1
1790201865138,sala01,13054,1790201865138,0,0,OCUPADO,1,28,55,120,1,1
1790201867138,sala01,13055,1790201867138,0,0,OCUPADO,0,28,55,120,1,1
1790201869138,sala01,13056,1790201869138,0,0,OCUPADO,1,28,55,120,1,1
1790201871138,sala01,13057,1790201871138,0,0,OCUPADO,1,28,55,120,1,1
1790201873138,sala01,13058,1790201873138,0,0,OCUPADO,1,28,55,120,1,1
1790201875138,sala01,13059,1790201875138,0,0,OCUPADO,0,28,55,120,1,1
1790201877138,sala01,13060,1790201877138,0,0,OCUPADO,1,28,55,120,1,1
1790201879138,sala01,13061,1790201879138,0,0,OCUPADO,1,28,55,120,1,1
1790201881138,sala01,13062,1790201881138,0,0,OCUPADO,1,28,55,120,1,1
1790201883138,sala01,13063,1790201883138,0,0,OCUPADO,0,28,55,120,1,1
1790201885138,sala01,13064,1790201885138,0,0,OCUPADO,1,28,55,120,1,1
1790201887138,sala01,13065,1790201887138,0,0,OCUPADO,1,28,55,120,1,1
1790201889138,sala01,13066,1790201889138,0,0,OCUPADO,1,28,55,120,1,1
1790201891138,sala01,13067,1790201891138,0,0,OCUPADO,0,28,55,120,1,1
1790201893138,sala01,13068,1790201893138,0,0,OCUPADO,1,28,55,120,1,1
1790201895138,sala01,13069,1790201895138,0,0,OCUPADO,1,28,55,120,1,1
1790201897138,sala01,13070,1790201897138,0,0,OCUPADO,1,28,55,120,1,1
1790201899138,sala01,13071,1790201899138,0,0,OCUPADO,0,28,55,120,1,1
1790201901138,sala01,13072,1790201901138,0,0,OCUPADO,1,28,55,120,1,1
1790201903138,sala01,13073,1790201903138,0,0,OCUPADO,1,28,55,120,1,1
1790201905138,sala01,13074,1790201905138,0,0,OCUPADO,1,28,55,120,1,1
1790201907138,sala01,13075,1790201907138,0,0,OCUPADO,0,28,55,120,1,1
1790201909138,sala01,13076,1790201909138,0,0,OCUPADO,1,28,55,120,1,1
1790201911138,sala01,13077,1790201911138,0,0,OCUPADO,1,28,55,120,1,1
1790201913138,sala01,13078,1790201913138,0,0,OCUPADO,1,28,55,120,1,1
1790201915138,sala01,13079,1790201915138,0,0,OCUPADO,0,28,55,120,1,1
1790201917138,sala01,13080,1790201917138,0,0,OCUPADO,1,28,55,120,1,1
1790201919138,sala01,13081,1790201919138,0,0,OCUPADO,1,28,55,120,1,1
1790201921138,sala01,13082,1790201921138,0,0,OCUPADO,1,28,55,120,1,1
1790201923138,sala01,13083,1790201923138,0,0,OCUPADO,0,28,55,120,1,1
1790201925138,sala01,13084,1790201925138,0,0,OCUPADO,1,28,55,120,1,1
1790201927138,sala01,13085,1790201927138,0,0,OCUPADO,1,28,55,120,1,1
1790201929138,sala01,13086,1790201929138,0,0,OCUPADO,1,28,55,120,1,1
1790201931138,sala01,13087,1790201931138,0,0,OCUPADO,0,28,55,120,1,1
1790201933138,sala01,13088,1790201933138,0,0,OCUPADO,1,28,55,120,1,1
1790201935138,sala01,13089,1790201935138,0,0,OCUPADO,1,28,55,120,1,1
1790201937138,sala01,13090,1790201937138,0,0,OCUPADO,1,28,55,120,1,1
1790201939138,sala01,13091,1790201939138,0,0,OCUPADO,0,28,55,120,1,1
1790201941138,sala01,13092,1790201941138,0,0,OCUPADO,1,28,55,120,1,1
1790201943138,sala01,13093,1790201943138,0,0,OCUPADO,1,28,55,120,1,1
1790201945138,sala01,13094,1790201945138,0,0,OCUPADO,1,28,55,120,1,1
1790201947138,sala01,13095,1790201947138,0,0,OCUPADO,0,28,55,120,1,1
1790201949138,sala01,13096,1790201949138,0,0,OCUPADO,1,28,55,120,1,1
1790201951138,sala01,13097,1790201951138,0,0,OCUPADO,1,28,55,120,1,1
1790201953138,sala01,13098,1790201953138,0,0,OCUPADO,1,28,55,120,1,1
1790201955138,sala01,13099,1790201955138,0,0,OCUPADO,0,28,55,120,1,1
1790201957138,sala01,13100,1790201957138,0,0,OCUPADO,1,28,55,120,1,1
1790201959138,sala01,13101,1790201959138,0,0,OCUPADO,1,28,55,120,1,1
1790201961138,sala01,13102,1790201961138,0,0,OCUPADO,1,28,55,120,1,1
1790201963138,sala01,13103,1790201963138,0,0,OCUPADO,0,28,55,120,1,1
1790201965138,sala01,13104,1790201965138,0,0,OCUPADO,1,28,55,120,1,1
1790201967138,sala01,13105,1790201967138,0,0,OCUPADO,1,28,55,120,1,1
1790201969138,sala01,13106,1790201969138,0,0,OCUPADO,1,28,55,120,1,1
1790201971138,sala01,13107,1790201971138,0,0,OCUPADO,0,28,55,120,1,1
1790201973138,sala01,13108,1790201973138,0,0,OCUPADO,1,28,55,120,1,1
1790201975138,sala01,13109,1790201975138,0,0,OCUPADO,1,28,55,120,1,1
1790201977138,sala01,13110,1790201977138,0,0,OCUPADO,1,28,55,120,1,1
1790201979138,sala01,13111,1790201979138,0,0,OCUPADO,0,28,55,120,1,1
1790201981138,sala01,13112,1790201981138,0,0,OCUPADO,1,28,55,120,1,1
1790201983138,sala01,13113,1790201983138,0,0,OCUPADO,1,28,55,120,1,1
1790201985138,sala01,13114,1790201985138,0,0,OCUPADO,1,28,55,120,1,1
1790201987138,sala01,13115,1790201987138,0,0,OCUPADO,0,28,55,120,1,1
1790201989138,sala01,13116,1790201989138,0,0,OCUPADO,1,28,55,120,1,1
1790201991138,sala01,13117,1790201991138,0,0,OCUPADO,1,28,55,120,1,1
1790201993138,sala01,13118,1790201993138,0,0,OCUPADO,1,28,55,120,1,1
1790201995138,sala01,13119,1790201995138,0,0,OCUPADO,0,28,55,120,1,1
1790201997138,sala01,13120,1790201997138,0,0,OCUPADO,1,28,55,120,1,1
1790201999138,sala01,13121,1790201999138,0,0,OCUPADO,1,28,55,120,1,1
1790202001138,sala01,13122,1790202001138,0,0,OCUPADO,1,28,55,120,1,1
1790202003138,sala01,13123,1790202003138,0,0,OCUPADO,0,28,55,120,1,1
1790202005138,sala01,13124,1790202005138,0,0,OCUPADO,1,28,55,120,1,1
1790202007138,sala01,13125,1790202007138,0,0,OCUPADO,1,28,55,120,1,1
1790202009138,sala01,13126,1790202009138,0,0,OCUPADO,1,28,55,120,1,1
1790202011138,sala01,13127,1790202011138,0,0,OCUPADO,0,28,55,120,1,1
1790202013138,sala01,13128,1790202013138,0,0,OCUPADO,1,28,55,120,1,1
1790202015138,sala01,13129,1790202015138,0,0,OCUPADO,1,28,55,120,1,1
1790202017138,sala01,13130,1790202017138,0,0,OCUPADO,1,28,55,120,1,1
1790202019138,sala01,13131,1790202019138,0,0,OCUPADO,0,28,55,120,1,1
1790202021138,sala01,13132,1790202021138,0,0,OCUPADO,1,28,55,120,1,1
1790202023138,sala01,13133,1790202023138,0,0,OCUPADO,1,28,55,120,1,1
1790202025138,sala01,13134,1790202025138,0,0,OCUPADO,1,28,55,120,1,1
1790202027138,sala01,13135,1790202027138,0,0,OCUPADO,0,28,55,120,1,1
1790202029138,sala01,13136,1790202029138,0,0,OCUPADO,1,28,55,120,1,1
1790202031138,sala01,13137,1790202031138,0,0,OCUPADO,1,28,55,120,1,1
1790202033138,sala01,13138,1790202033138,0,0,OCUPADO,1,28,55,120,1,1
1790202035138,sala01,13139,1790202035138,0,0,OCUPADO,0,28,55,120,1,1
1790202037138,sala01,13140,1790202037138,0,0,OCUPADO,1,28,55,120,1,1
1790202039138,sala01,13141,1790202039138,0,0,OCUPADO,1,28,55,120,1,1
1790202041138,sala01,13142,1790202041138,0,0,OCUPADO,1,28,55,120,1,1
1790202043138,sala01,13143,1790202043138,0,0,OCUPADO,0,28,55,120,1,1
1790202045138,sala01,13144,1790202045138,0,0,OCUPADO,1,28,55,120,1,1
1790202047138,sala01,13145,1790202047138,0,0,OCUPADO,1,28,55,120,1,1
1790202049138,sala01,13146,1790202049138,0,0,OCUPADO,1,28,55,120,1,1
1790202051138,sala01,13147,1790202051138,0,0,OCUPADO,0,28,55,120,1,1
1790202053138,sala01,13148,1790202053138,0,0,OCUPADO,1,28,55,120,1,1
1790202055138,sala01,13149,1790202055138,0,0,OCUPADO,1,28,55,120,1,1
1790202057138,sala01,13150,1790202057138,0,0,OCUPADO,1,28,55,120,1,1
1790202059138,sala01,13151,1790202059138,0,0,OCUPADO,0,28,55,120,1,1
1790202061138,sala01,13152,1790202061138,0,0,OCUPADO,1,28,55,120,1,1
1790202063138,sala01,13153,1790202063138,0,0,OCUPADO,1,28,55,120,1,1
1790202065138,sala01,13154,1790202065138,0,0,OCUPADO,1,28,55,120,1,1
1790202067138,sala01,13155,1790202067138,0,0,OCUPADO,0,28,55,120,1,1
1790202069138,sala01,13156,1790202069138,0,0,OCUPADO,1,28,55,120,1,1
1790202071138,sala01,13157,1790202071138,0,0,OCUPADO,1,28,55,120,1,1
1790202073138,sala01,13158,1790202073138,0,0,OCUPADO,1,28,55,120,1,1
1790202075138,sala01,13159,1790202075138,0,0,OCUPADO,0,28,55,120,1,1
1790202077138,sala01,13160,1790202077138,0,0,OCUPADO,1,28,55,120,1,1
1790202079138,sala01,13161,1790202079138,0,0,OCUPADO,1,28,55,120,1,1
1790202081138,sala01,13162,1790202081138,0,0,OCUPADO,1,28,55,120,1,1
1790202083138,sala01,13163,1790202083138,0,0,OCUPADO,0,28,55,120,1,1
1790202085138,sala01,13164,1790202085138,0,0,OCUPADO,1,28,55,120,1,1
1790202087138,sala01,13165,1790202087138,0,0,OCUPADO,1,28,55,120,1,1
1790202089138,sala01,13166,1790202089138,0,0,OCUPADO,1,28,55,120,1,1
1790202091138,sala01,13167,1790202091138,0,0,OCUPADO,0,28,55,120,1,1
1790202093138,sala01,13168,1790202093138,0,0,OCUPADO,1,28,55,120,1,1
1790202095138,sala01,13169,1790202095138,0,0,OCUPADO,1,28,55,120,1,1
1790202097138,sala01,13170,1790202097138,0,0,OCUPADO,1,28,55,120,1,1
1790202099138,sala01,13171,1790202099138,0,0,OCUPADO,0,28,55,120,1,1
1790202101138,sala01,13172,1790202101138,0,0,OCUPADO,1,28,55,120,1,1
1790202103138,sala01,13173,1790202103138,0,0,OCUPADO,1,28,55,120,1,1
1790202105138,sala01,13174,1790202105138,0,0,OCUPADO,1,28,55,120,1,1
1790202107138,sala01,13175,1790202107138,0,0,OCUPADO,0,28,55,120,1,1
1790202109138,sala01,13176,1790202109138,0,0,OCUPADO,1,28,55,120,1,1
1790202111138,sala01,13177,1790202111138,0,0,OCUPADO,1,28,55,120,1,1
1790202113138,sala01,13178,1790202113138,0,0,OCUPADO,1,28,55,120,1,1
1790202115138,sala01,13179,1790202115138,0,0,OCUPADO,0,28,55,120,1,1
1790202117138,sala01,13180,1790202117138,0,0,OCUPADO,1,28,55,120,1,1
1790202119138,sala01,13181,1790202119138,0,0,OCUPADO,1,28,55,120,1,1
1790202121138,sala01,13182,1790202121138,0,0,OCUPADO,1,28,55,120,1,1
1790202123138,sala01,13183,1790202123138,0,0,OCUPADO,0,28,55,120,1,1
1790202125138,sala01,13184,1790202125138,0,0,OCUPADO,1,28,55,120,1,1
1790202127138,sala01,13185,1790202127138,0,0,OCUPADO,1,28,55,120,1,1
1790202129138,sala01,13186,1790202129138,0,0,OCUPADO,1,28,55,120,1,1
1790202131138,sala01,13187,1790202131138,0,0,OCUPADO,0,28,55,120,1,1
1790202133138,sala01,13188,1790202133138,0,0,OCUPADO,1,28,55,120,1,1
1790202135138,sala01,13189,1790202135138,0,0,OCUPADO,1,28,55,120,1,1
1790202137138,sala01,13190,1790202137138,0,0,OCUPADO,1,28,55,120,1,1
1790202139138,sala01,13191,1790202139138,0,0,OCUPADO,0,28,55,120,1,1
1790202141138,sala01,13192,1790202141138,0,0,OCUPADO,1,28,55,120,1,1
1790202143138,sala01,13193,1790202143138,0,0,OCUPADO,1,28,55,120,1,1
1790202145138,sala01,13194,1790202145138,0,0,OCUPADO,1,28,55,120,1,1
1790202147138,sala01,13195,1790202147138,0,0,OCUPADO,0,28,55,120,1,1
1790202149138,sala01,13196,1790202149138,0,0,OCUPADO,1,28,55,120,1,1
1790202151138,sala01,13197,1790202151138,0,0,OCUPADO,1,28,55,120,1,1
1790202153138,sala01,13198,1790202153138,0,0,OCUPADO,1,28,55,120,1,1
1790202155138,sala01,13199,1790202155138,0,0,OCUPADO,0,28,55,120,1,1
1790202157138,sala01,13200,1790202157138,0,0,OCUPADO,1,28,55,120,1,1
1790202159138,sala01,13201,1790202159138,0,0,OCUPADO,1,28,55,120,1,1
1790202161138,sala01,13202,1790202161138,0,0,OCUPADO,1,28,55,120,1,1
1790202163138,sala01,13203,1790202163138,0,0,OCUPADO,0,28,55,120,1,1
1790202165138,sala01,13204,1790202165138,0,0,OCUPADO,1,28,55,120,1,1
1790202167138,sala01,13205,1790202167138,0,0,OCUPADO,1,28,55,120,1,1
1790202169138,sala01,13206,1790202169138,0,0,OCUPADO,1,28,55,120,1,1
1790202171138,sala01,13207,1790202171138,0,0,OCUPADO,0,28,55,120,1,1
1790202173138,sala01,13208,1790202173138,0,0,OCUPADO,1,28,55,120,1,1
1790202175138,sala01,13209,1790202175138,0,0,OCUPADO,1,28,55,120,1,1
1790202177138,sala01,13210,1790202177138,0,0,OCUPADO,1,28,55,120,1,1
1790202179138,sala01,13211,1790202179138,0,0,OCUPADO,0,28,55,120,1,1
1790202181138,sala01,13212,1790202181138,0,0,OCUPADO,1,28,55,120,1,1
1790202183138,sala01,13213,1790202183138,0,0,OCUPADO,1,28,55,120,1,1
1790202185138,sala01,13214,1790202185138,0,0,OCUPADO,1,28,55,120,1,1
1790202187138,sala01,13215,1790202187138,0,0,OCUPADO,0,28,55,120,1,1
1790202189138,sala01,13216,1790202189138,0,0,OCUPADO,1,28,55,120,1,1
1790202191138,sala01,13217,1790202191138,0,0,OCUPADO,1,28,55,120,1,1
1790202193138,sala01,13218,1790202193138,0,0,OCUPADO,1,28,55,120,1,1
1790202195138,sala01,13219,1790202195138,0,0,OCUPADO,0,28,55,120,1,1
1790202197138,sala01,13220,1790202197138,0,0,OCUPADO,1,28,55,120,1,1
1790202199138,sala01,13221,1790202199138,0,0,OCUPADO,1,28,55,120,1,1
1790202201138,sala01,13222,1790202201138,0,0,OCUPADO,1,28,55,120,1,1
1790202203138,sala01,13223,1790202203138,0,0,OCUPADO,0,28,55,120,1,1
1790202205138,sala01,13224,1790202205138,0,0,OCUPADO,1,28,55,120,1,1
1790202207138,sala01,13225,1790202207138,0,0,OCUPADO,1,28,55,120,1,1
1790202209138,sala01,13226,1790202209138,0,0,OCUPADO,1,28,55,120,1,1
1790202211138,sala01,13227,1790202211138,0,0,OCUPADO,0,28,55,120,1,1
1790202213138,sala01,13228,1790202213138,0,0,OCUPADO,1,28,55,120,1,1
1790202215138,sala01,13229,1790202215138,0,0,OCUPADO,1,28,55,120,1,1
1790202217138,sala01,13230,1790202217138,0,0,OCUPADO,1,28,55,120,1,1
1790202219138,sala01,13231,1790202219138,0,0,OCUPADO,0,28,55,120,1,1
1790202221138,sala01,13232,1790202221138,0,0,OCUPADO,1,28,55,120,1,1
1790202223138,sala01,13233,1790202223138,0,0,OCUPADO,1,28,55,120,1,1
1790202225138,sala01,13234,1790202225138,0,0,OCUPADO,1,28,55,120,1,1
1790202227138,sala01,13235,1790202227138,0,0,OCUPADO,0,28,55,120,1,1
1790202229138,sala01,13236,1790202229138,0,0,OCUPADO,1,28,55,120,1,1
1790202231138,sala01,13237,1790202231138,0,0,OCUPADO,1,28,55,120,1,1
1790202233138,sala01,13238,1790202233138,0,0,OCUPADO,1,28,55,120,1,1
1790202235138,sala01,13239,1790202235138,0,0,OCUPADO,0,28,55,120,1,1
1790202237138,sala01,13240,1790202237138,0,0,OCUPADO,1,28,55,120,1,1
1790202239138,sala01,13241,1790202239138,0,0,OCUPADO,1,28,55,120,1,1
1790202241138,sala01,13242,1790202241138,0,0,OCUPADO,1,28,55,120,1,1
1790202243138,sala01,13243,1790202243138,0,0,OCUPADO,0,28,55,120,1,1
1790202245138,sala01,13244,1790202245138,0,0,OCUPADO,1,28,55,120,1,1
1790202247138,sala01,13245,1790202247138,0,0,OCUPADO,1,28,55,120,1,1
1790202249138,sala01,13246,1790202249138,0,0,OCUPADO,1,28,55,120,1,1
1790202251138,sala01,13247,1790202251138,0,0,OCUPADO,0,28,55,120,1,1
1790202253138,sala01,13248,1790202253138,0,0,OCUPADO,1,28,55,120,1,1
1790202255138,sala01,13249,1790202255138,0,0,OCUPADO,1,28,55,120,1,1
1790202257138,sala01,13250,1790202257138,0,0,OCUPADO,1,28,55,120,1,1
1790202259138,sala01,13251,1790202259138,0,0,OCUPADO,0,28,55,120,1,1
1790202261138,sala01,13252,1790202261138,0,0,OCUPADO,1,28,55,120,1,1
1790202263138,sala01,13253,1790202263138,0,0,OCUPADO,1,28,55,120,1,1
1790202265138,sala01,13254,1790202265138,0,0,OCUPADO,1,28,55,120,1,1
1790202267138,sala01,13255,1790202267138,0,0,OCUPADO,0,28,55,120,1,1
1790202269138,sala01,13256,1790202269138,0,0,OCUPADO,1,28,55,120,1,1
1790202271138,sala01,13257,1790202271138,0,0,OCUPADO,1,28,55,120,1,1
1790202273138,sala01,13258,1790202273138,0,0,OCUPADO,1,28,55,120,1,1
1790202275138,sala01,13259,1790202275138,0,0,OCUPADO,0,28,55,120,1,1
1790202277138,sala01,13260,1790202277138,0,0,OCUPADO,1,28,55,120,1,1
1790202279138,sala01,13261,1790202279138,0,0,OCUPADO,1,28,55,120,1,1
1790202281138,sala01,13262,1790202281138,0,0,OCUPADO,1,28,55,120,1,1
1790202283138,sala01,13263,1790202283138,0,0,OCUPADO,0,28,55,120,1,1
1790202285138,sala01,13264,1790202285138,0,0,OCUPADO,1,28,55,120,1,1
1790202287138,sala01,13265,1790202287138,0,0,OCUPADO,1,28,55,120,1,1
1790202289138,sala01,13266,1790202289138,0,0,OCUPADO,1,28,55,120,1,1
1790202291138,sala01,13267,1790202291138,0,0,OCUPADO,0,28,55,120,1,1
1790202293138,sala01,13268,1790202293138,0,0,OCUPADO,1,28,55,120,1,1
1790202295138,sala01,13269,1790202295138,0,0,OCUPADO,1,28,55,120,1,1
1790202297138,sala01,13270,1790202297138,0,0,OCUPADO,1,28,55,120,1,1
1790202299138,sala01,13271,1790202299138,0,0,OCUPADO,0,28,55,120,1,1
1790202301138,sala01,13272,1790202301138,0,0,OCUPADO,1,28,55,120,1,1
1790202303138,sala01,13273,1790202303138,0,0,OCUPADO,1,28,55,120,1,1
1790202305138,sala01,13274,1790202305138,0,0,OCUPADO,1,28,55,120,1,1
1790202307138,sala01,13275,1790202307138,0,0,OCUPADO,0,28,55,120,1,1
1790202309138,sala01,13276,1790202309138,0,0,OCUPADO,1,28,55,120,1,1
1790202311138,sala01,13277,1790202311138,0,0,OCUPADO,1,28,55,120,1,1
1790202313138,sala01,13278,1790202313138,0,0,OCUPADO,1,28,55,120,1,1
1790202315138,sala01,13279,1790202315138,0,0,OCUPADO,0,28,55,120,1,1
1790202317138,sala01,13280,1790202317138,0,0,OCUPADO,1,28,55,120,1,1
1790202319138,sala01,13281,1790202319138,0,0,OCUPADO,1,28,55,120,1,1
1790202321138,sala01,13282,1790202321138,0,0,OCUPADO,1,28,55,120,1,1
1790202323138,sala01,13283,1790202323138,0,0,OCUPADO,0,28,55,120,1,1
1790202325138,sala01,13284,1790202325138,0,0,OCUPADO,1,28,55,120,1,1
1790202327138,sala01,13285,1790202327138,0,0,OCUPADO,1,28,55,120,1,1
1790202329138,sala01,13286,1790202329138,0,0,OCUPADO,1,28,55,120,1,1
1790202331138,sala01,13287,1790202331138,0,0,OCUPADO,0,28,55,120,1,1
1790202333138,sala01,13288,1790202333138,0,0,OCUPADO,1,28,55,120,1,1
1790202335138,sala01,13289,1790202335138,0,0,OCUPADO,1,28,55,120,1,1
1790202337138,sala01,13290,1790202337138,0,0,OCUPADO,1,28,55,120,1,1
1790202339138,sala01,13291,1790202339138,0,0,OCUPADO,0,28,55,120,1,1
1790202341138,sala01,13292,1790202341138,0,0,OCUPADO,1,28,55,120,1,1
1790202343138,sala01,13293,1790202343138,0,0,OCUPADO,1,28,55,120,1,1
1790202345138,sala01,13294,1790202345138,0,0,OCUPADO,1,28,55,120,1,1
1790202347138,sala01,13295,1790202347138,0,0,OCUPADO,0,28,55,120,1,1
1790202349138,sala01,13296,1790202349138,0,0,OCUPADO,1,28,55,120,1,1
1790202351138,sala01,13297,1790202351138,0,0,OCUPADO,1,28,55,120,1,1
1790202353138,sala01,13298,1790202353138,0,0,OCUPADO,1,28,55,120,1,1
1790202355138,sala01,13299,1790202355138,0,0,OCUPADO,0,28,55,120,1,1
1790202357138,sala01,13300,1790202357138,0,0,OCUPADO,1,28,55,120,1,1
1790202359138,sala01,13301,1790202359138,0,0,OCUPADO,1,28,55,120,1,1
1790202361138,sala01,13302,1790202361138,0,0,OCUPADO,1,28,55,120,1,1
1790202363138,sala01,13303,1790202363138,0,0,OCUPADO,0,28,55,120,1,1
1790202365138,sala01,13304,1790202365138,0,0,OCUPADO,1,28,55,120,1,1
1790202367138,sala01,13305,1790202367138,0,0,OCUPADO,1,28,55,120,1,1
1790202369138,sala01,13306,1790202369138,0,0,OCUPADO,1,28,55,120,1,1
1790202371138,sala01,13307,1790202371138,0,0,OCUPADO,0,28,55,120,1,1
1790202373138,sala01,13308,1790202373138,0,0,OCUPADO,1,28,55,120,1,1
1790202375138,sala01,13309,1790202375138,0,0,OCUPADO,1,28,55,120,1,1
1790202377138,sala01,13310,1790202377138,0,0,OCUPADO,1,28,55,120,1,1
1790202379138,sala01,13311,1790202379138,0,0,OCUPADO,0,28,55,120,1,1
1790202381138,sala01,13312,1790202381138,0,0,OCUPADO,1,28,55,120,1,1
1790202383138,sala01,13313,1790202383138,0,0,OCUPADO,1,28,55,120,1,1
1790202385138,sala01,13314,1790202385138,0,0,OCUPADO,1,28,55,120,1,1
1790202387138,sala01,13315,1790202387138,0,0,OCUPADO,0,28,55,120,1,1
1790202389138,sala01,13316,1790202389138,0,0,OCUPADO,1,28,55,120,1,1
1790202391138,sala01,13317,1790202391138,0,0,OCUPADO,1,28,55,120,1,1
1790202393138,sala01,13318,1790202393138,0,0,OCUPADO,1,28,55,120,1,1
1790202395138,sala01,13319,1790202395138,0,0,OCUPADO,0,28,55,120,1,1
1790202397138,sala01,13320,1790202397138,0,0,OCUPADO,1,28,55,120,1,1
1790202399138,sala01,13321,1790202399138,0,0,OCUPADO,1,28,55,120,1,1
1790202401138,sala01,13322,1790202401138,0,0,OCUPADO,1,28,55,120,1,1
1790202403138,sala01,13323,1790202403138,0,0,OCUPADO,0,28,55,120,1,1
1790202405138,sala01,13324,1790202405138,0,0,OCUPADO,1,28,55,120,1,1
1790202407138,sala01,13325,1790202407138,0,0,OCUPADO,1,28,55,120,1,1
1790202409138,sala01,13326,1790202409138,0,0,OCUPADO,1,28,55,120,1,1
1790202411138,sala01,13327,1790202411138,0,0,OCUPADO,0,28,55,120,1,1
1790202413138,sala01,13328,1790202413138,0,0,OCUPADO,1,28,55,120,1,1
1790202415138,sala01,13329,1790202415138,0,0,OCUPADO,1,28,55,120,1,1
1790202417138,sala01,13330,1790202417138,0,0,OCUPADO,1,28,55,120,1,1
1790202419138,sala01,13331,1790202419138,0,0,OCUPADO,0,28,55,120,1,1
1790202421138,sala01,13332,1790202421138,0,0,OCUPADO,1,28,55,120,1,1
1790202423138,sala01,13333,1790202423138,0,0,OCUPADO,1,28,55,120,1,1
1790202425138,sala01,13334,1790202425138,0,0,OCUPADO,1,28,55,120,1,1
1790202427138,sala01,13335,1790202427138,0,0,OCUPADO,0,28,55,120,1,1
1790202429138,sala01,13336,1790202429138,0,0,OCUPADO,1,28,55,120,1,1
1790202431138,sala01,13337,1790202431138,0,0,OCUPADO,1,28,55,120,1,1
1790202433138,sala01,13338,1790202433138,0,0,OCUPADO,1,28,55,120,1,1
1790202435138,sala01,13339,1790202435138,0,0,OCUPADO,0,28,55,120,1,1
1790202437138,sala01,13340,1790202437138,0,0,OCUPADO,1,28,55,120,1,1
1790202439138,sala01,13341,1790202439138,0,0,OCUPADO,1,28,55,120,1,1
1790202441138,sala01,13342,1790202441138,0,0,OCUPADO,1,28,55,120,1,1
1790202443138,sala01,13343,1790202443138,0,0,OCUPADO,0,28,55,120,1,1
1790202445138,sala01,13344,1790202445138,0,0,OCUPADO,1,28,55,120,1,1
1790202447138,sala01,13345,1790202447138,0,0,OCUPADO,1,28,55,120,1,1
1790202449138,sala01,13346,1790202449138,0,0,OCUPADO,1,28,55,120,1,1
1790202451138,sala01,13347,1790202451138,0,0,OCUPADO,0,28,55,120,1,1
1790202453138,sala01,13348,1790202453138,0,0,OCUPADO,1,28,55,120,1,1
1790202455138,sala01,13349,1790202455138,0,0,OCUPADO,1,28,55,120,1,1
1790202457138,sala01,13350,1790202457138,0,0,OCUPADO,1,28,55,120,1,1
1790202459138,sala01,13351,1790202459138,0,0,OCUPADO,0,28,55,120,1,1
1790202461138,sala01,13352,1790202461138,0,0,OCUPADO,1,28,55,120,1,1
1790202463138,sala01,13353,1790202463138,0,0,OCUPADO,1,28,55,120,1,1
1790202465138,sala01,13354,1790202465138,0,0,OCUPADO,1,28,55,120,1,1
1790202467138,sala01,13355,1790202467138,0,0,OCUPADO,0,28,55,120,1,1
1790202469138,sala01,13356,1790202469138,0,0,OCUPADO,1,28,55,120,1,1
1790202471138,sala01,13357,1790202471138,0,0,OCUPADO,1,28,55,120,1,1
1790202473138,sala01,13358,1790202473138,0,0,OCUPADO,1,28,55,120,1,1
1790202475138,sala01,13359,1790202475138,0,0,OCUPADO,0,28,55,120,1,1
1790202477138,sala01,13360,1790202477138,0,0,OCUPADO,1,28,55,120,1,1
1790202479138,sala01,13361,1790202479138,0,0,OCUPADO,1,28,55,120,1,1
1790202481138,sala01,13362,1790202481138,0,0,OCUPADO,1,28,55,120,1,1
1790202483138,sala01,13363,1790202483138,0,0,OCUPADO,0,28,55,120,1,1
1790202485138,sala01,13364,1790202485138,0,0,OCUPADO,1,28,55,120,1,1
1790202487138,sala01,13365,1790202487138,0,0,OCUPADO,1,28,55,120,1,1
1790202489138,sala01,13366,1790202489138,0,0,OCUPADO,1,28,55,120,1,1
1790202491138,sala01,13367,1790202491138,0,0,OCUPADO,0,28,55,120,1,1
1790202493138,sala01,13368,1790202493138,0,0,OCUPADO,1,28,55,120,1,1
1790202495138,sala01,13369,1790202495138,0,0,OCUPADO,1,28,55,120,1,1
1790202497138,sala01,13370,1790202497138,0,0,OCUPADO,1,28,55,120,1,1
1790202499138,sala01,13371,1790202499138,0,0,OCUPADO,0,28,55,120,1,1
1790202501138,sala01,13372,1790202501138,0,0,OCUPADO,1,28,55,120,1,1
1790202503138,sala01,13373,1790202503138,0,0,OCUPADO,1,28,55,120,1,1
1790202505138,sala01,13374,1790202505138,0,0,OCUPADO,1,28,55,120,1,1
1790202507138,sala01,13375,1790202507138,0,0,OCUPADO,0,28,55,120,1,1
1790202509138,sala01,13376,1790202509138,0,0,OCUPADO,1,28,55,120,1,1
1790202511138,sala01,13377,1790202511138,0,0,OCUPADO,1,28,55,120,1,1
1790202513138,sala01,13378,1790202513138,0,0,OCUPADO,1,28,55,120,1,1
1790202515138,sala01,13379,1790202515138,0,0,OCUPADO,0,28,55,120,1,1
1790202517138,sala01,13380,1790202517138,0,0,OCUPADO,1,28,55,120,1,1
1790202519138,sala01,13381,1790202519138,0,0,OCUPADO,1,28,55,120,1,1
1790202521138,sala01,13382,1790202521138,0,0,OCUPADO,1,28,55,120,1,1
1790202523138,sala01,13383,1790202523138,0,0,OCUPADO,0,28,55,120,1,1
1790202525138,sala01,13384,1790202525138,0,0,OCUPADO,1,28,55,120,1,1
1790202527138,sala01,13385,1790202527138,0,0,OCUPADO,1,28,55,120,1,1
1790202529138,sala01,13386,1790202529138,0,0,OCUPADO,1,28,55,120,1,1
1790202531138,sala01,13387,1790202531138,0,0,OCUPADO,0,28,55,120,1,1
1790202533138,sala01,13388,1790202533138,0,0,OCUPADO,1,28,55,120,1,1
1790202535138,sala01,13389,1790202535138,0,0,OCUPADO,1,28,55,120,1,1
1790202537138,sala01,13390,1790202537138,0,0,OCUPADO,1,28,55,120,1,1
1790202539138,sala01,13391,1790202539138,0,0,OCUPADO,0,28,55,120,1,1
1790202541138,sala01,13392,1790202541138,0,0,OCUPADO,1,28,55,120,1,1
1790202543138,sala01,13393,1790202543138,0,0,OCUPADO,1,28,55,120,1,1
1790202545138,sala01,13394,1790202545138,0,0,OCUPADO,1,28,55,120,1,1
1790202547138,sala01,13395,1790202547138,0,0,OCUPADO,0,28,55,120,1,1
1790202549138,sala01,13396,1790202549138,0,0,OCUPADO,1,28,55,120,1,1
1790202551138,sala01,13397,1790202551138,0,0,OCUPADO,1,28,55,120,1,1
1790202553138,sala01,13398,1790202553138,0,0,OCUPADO,1,28,55,120,1,1
1790202555138,sala01,13399,1790202555138,0,0,OCUPADO,0,28,55,120,1,1
1790202557138,sala01,13400,1790202557138,0,0,OCUPADO,1,28,55,120,1,1
1790202559138,sala01,13401,1790202559138,0,0,OCUPADO,1,28,55,120,1,1
1790202561138,sala01,13402,1790202561138,0,0,OCUPADO,1,28,55,120,1,1
1790202563138,sala01,13403,1790202563138,0,0,OCUPADO,0,28,55,120,1,1
1790202565138,sala01,13404,1790202565138,0,0,OCUPADO,1,28,55,120,1,1
1790202567138,sala01,13405,1790202567138,0,0,OCUPADO,1,28,55,120,1,1
1790202569138,sala01,13406,1790202569138,0,0,OCUPADO,1,28,55,120,1,1
1790202571138,sala01,13407,1790202571138,0,0,OCUPADO,0,28,55,120,1,1
1790202573138,sala01,13408,1790202573138,0,0,OCUPADO,1,28,55,120,1,1
1790202575138,sala01,13409,1790202575138,0,0,OCUPADO,1,28,55,120,1,1
1790202577138,sala01,13410,1790202577138,0,0,OCUPADO,1,28,55,120,1,1
1790202579138,sala01,13411,1790202579138,0,0,OCUPADO,0,28,55,120,1,1
1790202581138,sala01,13412,1790202581138,0,0,OCUPADO,1,28,55,120,1,1
1790202583138,sala01,13413,1790202583138,0,0,OCUPADO,1,28,55,120,1,1
1790202585138,sala01,13414,1790202585138,0,0,OCUPADO,1,28,55,120,1,1
1790202587138,sala01,13415,1790202587138,0,0,OCUPADO,0,28,55,120,1,1
1790202589138,sala01,13416,1790202589138,0,0,OCUPADO,1,28,55,120,1,1
1790202591138,sala01,13417,1790202591138,0,0,OCUPADO,1,28,55,120,1,1
1790202593138,sala01,13418,1790202593138,0,0,OCUPADO,1,28,55,120,1,1
1790202595138,sala01,13419,1790202595138,0,0,OCUPADO,0,28,55,120,1,1
1790202597138,sala01,13420,1790202597138,0,0,OCUPADO,1,28,55,120,1,1
1790202599138,sala01,13421,1790202599138,0,0,OCUPADO,1,28,55,120,1,1
1790202601138,sala01,13422,1790202601138,0,0,OCUPADO,1,28,55,120,1,1
1790202603138,sala01,13423,1790202603138,0,0,OCUPADO,0,28,55,120,1,1
1790202605138,sala01,13424,1790202605138,0,0,OCUPADO,1,28,55,120,1,1
1790202607138,sala01,13425,1790202607138,0,0,OCUPADO,1,28,55,120,1,1
1790202609138,sala01,13426,1790202609138,0,0,OCUPADO,1,28,55,120,1,1
1790202611138,sala01,13427,1790202611138,0,0,OCUPADO,0,28,55,120,1,1
1790202613138,sala01,13428,1790202613138,0,0,OCUPADO,1,28,55,120,1,1
1790202615138,sala01,13429,1790202615138,0,0,OCUPADO,1,28,55,120,1,1
1790202617138,sala01,13430,1790202617138,0,0,OCUPADO,1,28,55,120,1,1
1790202619138,sala01,13431,1790202619138,0,0,OCUPADO,0,28,55,120,1,1
1790202621138,sala01,13432,1790202621138,0,0,OCUPADO,1,28,55,120,1,1
1790202623138,sala01,13433,1790202623138,0,0,OCUPADO,1,28,55,120,1,1
1790202625138,sala01,13434,1790202625138,0,0,OCUPADO,1,28,55,120,1,1
1790202627138,sala01,13435,1790202627138,0,0,OCUPADO,0,28,55,120,1,1
1790202629138,sala01,13436,1790202629138,0,0,OCUPADO,1,28,55,120,1,1
1790202631138,sala01,13437,1790202631138,0,0,OCUPADO,1,28,55,120,1,1
1790202633138,sala01,13438,1790202633138,0,0,OCUPADO,1,28,55,120,1,1
1790202635138,sala01,13439,1790202635138,0,0,OCUPADO,0,28,55,120,1,1
1790202637138,sala01,13440,1790202637138,0,0,OCUPADO,1,28,55,120,1,1
1790202639138,sala01,13441,1790202639138,0,0,OCUPADO,1,28,55,120,1,1
1790202641138,sala01,13442,1790202641138,0,0,OCUPADO,1,28,55,120,1,1
1790202643138,sala01,13443,1790202643138,0,0,OCUPADO,0,28,55,120,1,1
1790202645138,sala01,13444,1790202645138,0,0,OCUPADO,1,28,55,120,1,1
1790202647138,sala01,13445,1790202647138,0,0,OCUPADO,1,28,55,120,1,1
1790202649138,sala01,13446,1790202649138,0,0,OCUPADO,1,28,55,120,1,1
1790202651138,sala01,13447,1790202651138,0,0,OCUPADO,0,28,55,120,1,1
1790202653138,sala01,13448,1790202653138,0,0,OCUPADO,1,28,55,120,1,1
1790202655138,sala01,13449,1790202655138,0,0,OCUPADO,1,28,55,120,1,1
1790202657138,sala01,13450,1790202657138,0,0,OCUPADO,1,28,55,120,1,1
1790202659138,sala01,13451,1790202659138,0,0,OCUPADO,0,28,55,120,1,1
1790202661138,sala01,13452,1790202661138,0,0,OCUPADO,1,28,55,120,1,1
1790202663138,sala01,13453,1790202663138,0,0,OCUPADO,1,28,55,120,1,1
1790202665138,sala01,13454,1790202665138,0,0,OCUPADO,1,28,55,120,1,1
1790202667138,sala01,13455,1790202667138,0,0,OCUPADO,0,28,55,120,1,1
1790202669138,sala01,13456,1790202669138,0,0,OCUPADO,1,28,55,120,1,1
1790202671138,sala01,13457,1790202671138,0,0,OCUPADO,1,28,55,120,1,1
1790202673138,sala01,13458,1790202673138,0,0,OCUPADO,1,28,55,120,1,1
1790202675138,sala01,13459,1790202675138,0,0,OCUPADO,0,28,55,120,1,1
1790202677138,sala01,13460,1790202677138,0,0,OCUPADO,1,28,55,120,1,1
1790202679138,sala01,13461,1790202679138,0,0,OCUPADO,1,28,55,120,1,1
1790202681138,sala01,13462,1790202681138,0,0,OCUPADO,1,28,55,120,1,1
1790202683138,sala01,13463,1790202683138,0,0,OCUPADO,0,28,55,120,1,1
1790202685138,sala01,13464,1790202685138,0,0,OCUPADO,1,28,55,120,1,1
1790202687138,sala01,13465,1790202687138,0,0,OCUPADO,1,28,55,120,1,1
1790202689138,sala01,13466,1790202689138,0,0,OCUPADO,1,28,55,120,1,1
1790202691138,sala01,13467,1790202691138,0,0,OCUPADO,0,28,55,120,1,1
1790202693138,sala01,13468,1790202693138,0,0,OCUPADO,1,28,55,120,1,1
1790202695138,sala01,13469,1790202695138,0,0,OCUPADO,1,28,55,120,1,1
1790202697138,sala01,13470,1790202697138,0,0,OCUPADO,1,28,55,120,1,1
1790202699138,sala01,13471,1790202699138,0,0,OCUPADO,0,28,55,120,1,1
1790202701138,sala01,13472,1790202701138,0,0,OCUPADO,1,28,55,120,1,1
1790202703138,sala01,13473,1790202703138,0,0,OCUPADO,1,28,55,120,1,1
1790202705138,sala01,13474,1790202705138,0,0,OCUPADO,1,28,55,120,1,1
1790202707138,sala01,13475,1790202707138,0,0,OCUPADO,0,28,55,120,1,1
1790202709138,sala01,13476,1790202709138,0,0,OCUPADO,1,28,55,120,1,1
1790202711138,sala01,13477,1790202711138,0,0,OCUPADO,1,28,55,120,1,1
1790202713138,sala01,13478,1790202713138,0,0,OCUPADO,1,28,55,120,1,1
1790202715138,sala01,13479,1790202715138,0,0,OCUPADO,0,28,55,120,1,1
1790202717138,sala01,13480,1790202717138,0,0,OCUPADO,1,28,55,120,1,1
1790202719138,sala01,13481,1790202719138,0,0,OCUPADO,1,28,55,120,1,1
1790202721138,sala01,13482,1790202721138,0,0,OCUPADO,1,28,55,120,1,1
1790202723138,sala01,13483,1790202723138,0,0,OCUPADO,0,28,55,120,1,1
1790202725138,sala01,13484,1790202725138,0,0,OCUPADO,1,28,55,120,1,1
1790202727138,sala01,13485,1790202727138,0,0,OCUPADO,1,28,55,120,1,1
1790202729138,sala01,13486,1790202729138,0,0,OCUPADO,1,28,55,120,1,1
1790202731138,sala01,13487,1790202731138,0,0,OCUPADO,0,28,55,120,1,1
1790202733138,sala01,13488,1790202733138,0,0,OCUPADO,1,28,55,120,1,1
1790202735138,sala01,13489,1790202735138,0,0,OCUPADO,1,28,55,120,1,1
1790202737138,sala01,13490,1790202737138,0,0,OCUPADO,1,28,55,120,1,1
1790202739138,sala01,13491,1790202739138,0,0,OCUPADO,0,28,55,120,1,1
1790202741138,sala01,13492,1790202741138,0,0,OCUPADO,1,28,55,120,1,1
1790202743138,sala01,13493,1790202743138,0,0,OCUPADO,1,28,55,120,1,1
1790202745138,sala01,13494,1790202745138,0,0,OCUPADO,1,28,55,120,1,1
1790202747138,sala01,13495,1790202747138,0,0,OCUPADO,0,28,55,120,1,1
1790202749138,sala01,13496,1790202749138,0,0,OCUPADO,1,28,55,120,1,1
1790202751138,sala01,13497,1790202751138,0,0,OCUPADO,1,28,55,120,1,1
1790202753138,sala01,13498,1790202753138,0,0,OCUPADO,1,28,55,120,1,1
1790202755138,sala01,13499,1790202755138,0,0,OCUPADO,0,28,55,120,1,1
1790202757138,sala01,13500,1790202757138,0,0,OCUPADO,1,28,55,120,1,1
1790202759138,sala01,13501,1790202759138,0,0,OCUPADO,1,28,55,120,1,1
1790202761138,sala01,13502,1790202761138,0,0,OCUPADO,1,28,55,120,1,1
1790202763138,sala01,13503,1790202763138,0,0,OCUPADO,0,28,55,120,1,1
1790202765138,sala01,13504,1790202765138,0,0,OCUPADO,1,28,55,120,1,1
1790202767138,sala01,13505,1790202767138,0,0,OCUPADO,1,28,55,120,1,1
1790202769138,sala01,13506,1790202769138,0,0,OCUPADO,1,28,55,120,1,1
1790202771138,sala01,13507,1790202771138,0,0,OCUPADO,0,28,55,120,1,1
1790202773138,sala01,13508,1790202773138,0,0,OCUPADO,1,28,55,120,1,1
1790202775138,sala01,13509,1790202775138,0,0,OCUPADO,1,28,55,120,1,1
1790202777138,sala01,13510,1790202777138,0,0,OCUPADO,1,28,55,120,1,1
1790202779138,sala01,13511,1790202779138,0,0,OCUPADO,0,28,55,120,1,1
1790202781138,sala01,13512,1790202781138,0,0,OCUPADO,1,28,55,120,1,1
1790202783138,sala01,13513,1790202783138,0,0,OCUPADO,1,28,55,120,1,1
1790202785138,sala01,13514,1790202785138,0,0,OCUPADO,1,28,55,120,1,1
1790202787138,sala01,13515,1790202787138,0,0,OCUPADO,0,28,55,120,1,1
1790202789138,sala01,13516,1790202789138,0,0,OCUPADO,1,28,55,120,1,1
1790202791138,sala01,13517,1790202791138,0,0,OCUPADO,1,28,55,120,1,1
1790202793138,sala01,13518,1790202793138,0,0,OCUPADO,1,28,55,120,1,1
1790202795138,sala01,13519,1790202795138,0,0,OCUPADO,0,28,55,120,1,1
1790202797138,sala01,13520,1790202797138,0,0,OCUPADO,1,28,55,120,1,1
1790202799138,sala01,13521,1790202799138,0,0,OCUPADO,1,28,55,120,1,1
1790202801138,sala01,13522,1790202801138,0,0,OCUPADO,1,28,55,120,1,1
1790202803138,sala01,13523,1790202803138,0,0,OCUPADO,0,28,55,120,1,1
1790202805138,sala01,13524,1790202805138,0,0,OCUPADO,1,28,55,120,1,1
1790202807138,sala01,13525,1790202807138,0,0,OCUPADO,1,28,55,120,1,1
1790202809138,sala01,13526,1790202809138,0,0,OCUPADO,1,28,55,120,1,1
1790202811138,sala01,13527,1790202811138,0,0,OCUPADO,0,28,55,120,1,1
1790202813138,sala01,13528,1790202813138,0,0,OCUPADO,1,28,55,120,1,1
1790202815138,sala01,13529,1790202815138,0,0,OCUPADO,1,28,55,120,1,1
1790202817138,sala01,13530,1790202817138,0,0,OCUPADO,1,28,55,120,1,1
1790202819138,sala01,13531,1790202819138,0,0,OCUPADO,0,28,55,120,1,1
1790202821138,sala01,13532,1790202821138,0,0,OCUPADO,1,28,55,120,1,1
1790202823138,sala01,13533,1790202823138,0,0,OCUPADO,1,28,55,120,1,1
1790202825138,sala01,13534,1790202825138,0,0,OCUPADO,1,28,55,120,1,1
1790202827138,sala01,13535,1790202827138,0,0,OCUPADO,0,28,55,120,1,1
1790202829138,sala01,13536,1790202829138,0,0,OCUPADO,1,28,55,120,1,1
1790202831138,sala01,13537,1790202831138,0,0,OCUPADO,1,28,55,120,1,1
1790202833138,sala01,13538,1790202833138,0,0,OCUPADO,1,28,55,120,1,1
1790202835138,sala01,13539,1790202835138,0,0,OCUPADO,0,28,55,120,1,1
1790202837138,sala01,13540,1790202837138,0,0,OCUPADO,1,28,55,120,1,1
1790202839138,sala01,13541,1790202839138,0,0,OCUPADO,1,28,55,120,1,1
1790202841138,sala01,13542,1790202841138,0,0,OCUPADO,1,28,55,120,1,1
1790202843138,sala01,13543,1790202843138,0,0,OCUPADO,0,28,55,120,1,1
1790202845138,sala01,13544,1790202845138,0,0,OCUPADO,1,28,55,120,1,1
1790202847138,sala01,13545,1790202847138,0,0,OCUPADO,1,28,55,120,1,1
1790202849138,sala01,13546,1790202849138,0,0,OCUPADO,1,28,55,120,1,1
1790202851138,sala01,13547,1790202851138,0,0,OCUPADO,0,28,55,120,1,1
1790202853138,sala01,13548,1790202853138,0,0,OCUPADO,1,28,55,120,1,1
1790202855138,sala01,13549,1790202855138,0,0,OCUPADO,1,28,55,120,1,1
1790202857138,sala01,13550,1790202857138,0,0,OCUPADO,1,28,55,120,1,1
1790202859138,sala01,13551,1790202859138,0,0,OCUPADO,0,28,55,120,1,1
1790202861138,sala01,13552,1790202861138,0,0,OCUPADO,1,28,55,120,1,1
1790202863138,sala01,13553,1790202863138,0,0,OCUPADO,1,28,55,120,1,1
1790202865138,sala01,13554,1790202865138,0,0,OCUPADO,1,28,55,120,1,1
1790202867138,sala01,13555,1790202867138,0,0,OCUPADO,0,28,55,120,1,1
1790202869138,sala01,13556,1790202869138,0,0,OCUPADO,1,28,55,120,1,1
1790202871138,sala01,13557,1790202871138,0,0,OCUPADO,1,28,55,120,1,1
1790202873138,sala01,13558,1790202873138,0,0,OCUPADO,1,28,55,120,1,1
1790202875138,sala01,13559,1790202875138,0,0,OCUPADO,0,28,55,120,1,1
1790202877138,sala01,13560,1790202877138,0,0,OCUPADO,1,28,55,120,1,1
1790202879138,sala01,13561,1790202879138,0,0,OCUPADO,1,28,55,120,1,1
1790202881138,sala01,13562,1790202881138,0,0,OCUPADO,1,28,55,120,1,1
1790202883138,sala01,13563,1790202883138,0,0,OCUPADO,0,28,55,120,1,1
1790202885138,sala01,13564,1790202885138,0,0,OCUPADO,1,28,55,120,1,1
1790202887138,sala01,13565,1790202887138,0,0,OCUPADO,1,28,55,120,1,1
1790202889138,sala01,13566,1790202889138,0,0,OCUPADO,1,28,55,120,1,1
1790202891138,sala01,13567,1790202891138,0,0,OCUPADO,0,28,55,120,1,1
1790202893138,sala01,13568,1790202893138,0,0,OCUPADO,1,28,55,120,1,1
1790202895138,sala01,13569,1790202895138,0,0,OCUPADO,1,28,55,120,1,1
1790202897138,sala01,13570,1790202897138,0,0,OCUPADO,1,28,55,120,1,1
1790202899138,sala01,13571,1790202899138,0,0,OCUPADO,0,28,55,120,1,1
1790202901138,sala01,13572,1790202901138,0,0,OCUPADO,1,28,55,120,1,1
1790202903138,sala01,13573,1790202903138,0,0,OCUPADO,1,28,55,120,1,1
1790202905138,sala01,13574,1790202905138,0,0,OCUPADO,1,28,55,120,1,1
1790202907138,sala01,13575,1790202907138,0,0,OCUPADO,0,28,55,120,1,1
1790202909138,sala01,13576,1790202909138,0,0,OCUPADO,1,28,55,120,1,1
1790202911138,sala01,13577,1790202911138,0,0,OCUPADO,1,28,55,120,1,1
1790202913138,sala01,13578,1790202913138,0,0,OCUPADO,1,28,55,120,1,1
1790202915138,sala01,13579,1790202915138,0,0,OCUPADO,0,28,55,120,1,1
1790202917138,sala01,13580,1790202917138,0,0,OCUPADO,1,28,55,120,1,1
1790202919138,sala01,13581,1790202919138,0,0,OCUPADO,1,28,55,120,1,1
1790202921138,sala01,13582,1790202921138,0,0,OCUPADO,1,28,55,120,1,1
1790202923138,sala01,13583,1790202923138,0,0,OCUPADO,0,28,55,120,1,1
1790202925138,sala01,13584,1790202925138,0,0,OCUPADO,1,28,55,120,1,1
1790202927138,sala01,13585,1790202927138,0,0,OCUPADO,1,28,55,120,1,1
1790202929138,sala01,13586,1790202929138,0,0,OCUPADO,1,28,55,120,1,1
1790202931138,sala01,13587,1790202931138,0,0,OCUPADO,0,28,55,120,1,1
1790202933138,sala01,13588,1790202933138,0,0,OCUPADO,1,28,55,120,1,1
1790202935138,sala01,13589,1790202935138,0,0,OCUPADO,1,28,55,120,1,1
1790202937138,sala01,13590,1790202937138,0,0,OCUPADO,1,28,55,120,1,1
1790202939138,sala01,13591,1790202939138,0,0,OCUPADO,0,28,55,120,1,1
1790202941138,sala01,13592,1790202941138,0,0,OCUPADO,1,28,55,120,1,1
1790202943138,sala01,13593,1790202943138,0,0,OCUPADO,1,28,55,120,1,1
1790202945138,sala01,13594,1790202945138,0,0,OCUPADO,1,28,55,120,1,1
1790202947138,sala01,13595,1790202947138,0,0,OCUPADO,0,28,55,120,1,1
1790202949138,sala01,13596,1790202949138,0,0,OCUPADO,1,28,55,120,1,1
1790202951138,sala01,13597,1790202951138,0,0,OCUPADO,1,28,55,120,1,1
1790202953138,sala01,13598,1790202953138,0,0,OCUPADO,1,28,55,120,1,1
1790202955138,sala01,13599,1790202955138,0,0,OCUPADO,0,28,55,120,1,1
1790202957138,sala01,13600,1790202957138,0,0,OCUPADO,1,28,55,120,1,1
1790202959138,sala01,13601,1790202959138,0,0,OCUPADO,1,28,55,120,1,1
1790202961138,sala01,13602,1790202961138,0,0,OCUPADO,1,28,55,120,1,1
1790202963138,sala01,13603,1790202963138,0,0,OCUPADO,0,28,55,120,1,1
1790202965138,sala01,13604,1790202965138,0,0,OCUPADO,1,28,55,120,1,1
1790202967138,sala01,13605,1790202967138,0,0,OCUPADO,1,28,55,120,1,1
1790202969138,sala01,13606,1790202969138,0,0,OCUPADO,1,28,55,120,1,1
1790202971138,sala01,13607,1790202971138,0,0,OCUPADO,0,28,55,120,1,1
1790202973138,sala01,13608,1790202973138,0,0,OCUPADO,1,28,55,120,1,1
1790202975138,sala01,13609,1790202975138,0,0,OCUPADO,1,28,55,120,1,1
1790202977138,sala01,13610,1790202977138,0,0,OCUPADO,1,28,55,120,1,1
1790202979138,sala01,13611,1790202979138,0,0,OCUPADO,0,28,55,120,1,1
1790202981138,sala01,13612,1790202981138,0,0,OCUPADO,1,28,55,120,1,1
1790202983138,sala01,13613,1790202983138,0,0,OCUPADO,1,28,55,120,1,1
1790202985138,sala01,13614,1790202985138,0,0,OCUPADO,1,28,55,120,1,1
1790202987138,sala01,13615,1790202987138,0,0,OCUPADO,0,28,55,120,1,1
1790202989138,sala01,13616,1790202989138,0,0,OCUPADO,1,28,55,120,1,1
1790202991138,sala01,13617,1790202991138,0,0,OCUPADO,1,28,55,120,1,1
1790202993138,sala01,13618,1790202993138,0,0,OCUPADO,1,28,55,120,1,1
1790202995138,sala01,13619,1790202995138,0,0,OCUPADO,0,28,55,120,1,1
1790202997138,sala01,13620,1790202997138,0,0,OCUPADO,1,28,55,120,1,1
1790202999138,sala01,13621,1790202999138,0,0,OCUPADO,1,28,55,120,1,1
1790203001138,sala01,13622,1790203001138,0,0,OCUPADO,1,28,55,120,1,1
1790203003138,sala01,13623,1790203003138,0,0,OCUPADO,0,28,55,120,1,1
1790203005138,sala01,13624,1790203005138,0,0,OCUPADO,1,28,55,120,1,1
1790203007138,sala01,13625,1790203007138,0,0,OCUPADO,1,28,55,120,1,1
1790203009138,sala01,13626,1790203009138,0,0,OCUPADO,1,28,55,120,1,1
1790203011138,sala01,13627,1790203011138,0,0,OCUPADO,0,28,55,120,1,1
1790203013138,sala01,13628,1790203013138,0,0,OCUPADO,1,28,55,120,1,1
1790203015138,sala01,13629,1790203015138,0,0,OCUPADO,1,28,55,120,1,1
1790203017138,sala01,13630,1790203017138,0,0,OCUPADO,1,28,55,120,1,1
1790203019138,sala01,13631,1790203019138,0,0,OCUPADO,0,28,55,120,1,1
1790203021138,sala01,13632,1790203021138,0,0,OCUPADO,1,28,55,120,1,1
1790203023138,sala01,13633,1790203023138,0,0,OCUPADO,1,28,55,120,1,1
1790203025138,sala01,13634,1790203025138,0,0,OCUPADO,1,28,55,120,1,1
1790203027138,sala01,13635,1790203027138,0,0,OCUPADO,0,28,55,120,1,1
1790203029138,sala01,13636,1790203029138,0,0,OCUPADO,1,28,55,120,1,1
1790203031138,sala01,13637,1790203031138,0,0,OCUPADO,1,28,55,120,1,1
1790203033138,sala01,13638,1790203033138,0,0,OCUPADO,1,28,55,120,1,1
1790203035138,sala01,13639,1790203035138,0,0,OCUPADO,0,28,55,120,1,1
1790203037138,sala01,13640,1790203037138,0,0,OCUPADO,1,28,55,120,1,1
1790203039138,sala01,13641,1790203039138,0,0,OCUPADO,1,28,55,120,1,1
1790203041138,sala01,13642,1790203041138,0,0,OCUPADO,1,28,55,120,1,1
1790203043138,sala01,13643,1790203043138,0,0,OCUPADO,0,28,55,120,1,1
1790203045138,sala01,13644,1790203045138,0,0,OCUPADO,1,28,55,120,1,1
1790203047138,sala01,13645,1790203047138,0,0,OCUPADO,1,28,55,120,1,1
1790203049138,sala01,13646,1790203049138,0,0,OCUPADO,1,28,55,120,1,1
1790203051138,sala01,13647,1790203051138,0,0,OCUPADO,0,28,55,120,1,1
1790203053138,sala01,13648,1790203053138,0,0,OCUPADO,1,28,55,120,1,1
1790203055138,sala01,13649,1790203055138,0,0,OCUPADO,1,28,55,120,1,1
1790203057138,sala01,13650,1790203057138,0,0,OCUPADO,1,28,55,120,1,1
1790203059138,sala01,13651,1790203059138,0,0,OCUPADO,0,28,55,120,1,1
1790203061138,sala01,13652,1790203061138,0,0,OCUPADO,1,28,55,120,1,1
1790203063138,sala01,13653,1790203063138,0,0,OCUPADO,1,28,55,120,1,1
1790203065138,sala01,13654,1790203065138,0,0,OCUPADO,1,28,55,120,1,1
1790203067138,sala01,13655,1790203067138,0,0,OCUPADO,0,28,55,120,1,1
1790203069138,sala01,13656,1790203069138,0,0,OCUPADO,1,28,55,120,1,1
1790203071138,sala01,13657,1790203071138,0,0,OCUPADO,1,28,55,120,1,1
1790203073138,sala01,13658,1790203073138,0,0,OCUPADO,1,28,55,120,1,1
1790203075138,sala01,13659,1790203075138,0,0,OCUPADO,0,28,55,120,1,1
1790203077138,sala01,13660,1790203077138,0,0,OCUPADO,1,28,55,120,1,1
1790203079138,sala01,13661,1790203079138,0,0,OCUPADO,1,28,55,120,1,1
1790203081138,sala01,13662,1790203081138,0,0,OCUPADO,1,28,55,120,1,1
1790203083138,sala01,13663,1790203083138,0,0,OCUPADO,0,28,55,120,1,1
1790203085138,sala01,13664,1790203085138,0,0,OCUPADO,1,28,55,120,1,1
1790203087138,sala01,13665,1790203087138,0,0,OCUPADO,1,28,55,120,1,1
1790203089138,sala01,13666,1790203089138,0,0,OCUPADO,1,28,55,120,1,1
1790203091138,sala01,13667,1790203091138,0,0,OCUPADO,0,28,55,120,1,1
1790203093138,sala01,13668,1790203093138,0,0,OCUPADO,1,28,55,120,1,1
1790203095138,sala01,13669,1790203095138,0,0,OCUPADO,1,28,55,120,1,1
1790203097138,sala01,13670,1790203097138,0,0,OCUPADO,1,28,55,120,1,1
1790203099138,sala01,13671,1790203099138,0,0,OCUPADO,0,28,55,120,1,1
1790203101138,sala01,13672,1790203101138,0,0,OCUPADO,1,28,55,120,1,1
1790203103138,sala01,13673,1790203103138,0,0,OCUPADO,1,28,55,120,1,1
1790203105138,sala01,13674,1790203105138,0,0,OCUPADO,1,28,55,120,1,1
1790203107138,sala01,13675,1790203107138,0,0,OCUPADO,0,28,55,120,1,1
1790203109138,sala01,13676,1790203109138,0,0,OCUPADO,1,28,55,120,1,1
1790203111138,sala01,13677,1790203111138,0,0,OCUPADO,1,28,55,120,1,1
1790203113138,sala01,13678,1790203113138,0,0,OCUPADO,1,28,55,120,1,1
1790203115138,sala01,13679,1790203115138,0,0,OCUPADO,0,28,55,120,1,1
1790203117138,sala01,13680,1790203117138,0,0,OCUPADO,1,28,55,120,1,1
1790203119138,sala01,13681,1790203119138,0,0,OCUPADO,1,28,55,120,1,1
1790203121138,sala01,13682,1790203121138,0,0,OCUPADO,1,28,55,120,1,1
1790203123138,sala01,13683,1790203123138,0,0,OCUPADO,0,28,55,120,1,1
1790203125138,sala01,13684,1790203125138,0,0,OCUPADO,1,28,55,120,1,1
1790203127138,sala01,13685,1790203127138,0,0,OCUPADO,1,28,55,120,1,1
1790203129138,sala01,13686,1790203129138,0,0,OCUPADO,1,28,55,120,1,1
1790203131138,sala01,13687,1790203131138,0,0,OCUPADO,0,28,55,120,1,1
1790203133138,sala01,13688,1790203133138,0,0,OCUPADO,1,28,55,120,1,1
1790203135138,sala01,13689,1790203135138,0,0,OCUPADO,1,28,55,120,1,1
1790203137138,sala01,13690,1790203137138,0,0,OCUPADO,1,28,55,120,1,1
1790203139138,sala01,13691,1790203139138,0,0,OCUPADO,0,28,55,120,1,1
1790203141138,sala01,13692,1790203141138,0,0,OCUPADO,1,28,55,120,1,1
1790203143138,sala01,13693,1790203143138,0,0,OCUPADO,1,28,55,120,1,1
1790203145138,sala01,13694,1790203145138,0,0,OCUPADO,1,28,55,120,1,1
1790203147138,sala01,13695,1790203147138,0,0,OCUPADO,0,28,55,120,1,1
1790203149138,sala01,13696,1790203149138,0,0,OCUPADO,1,28,55,120,1,1
1790203151138,sala01,13697,1790203151138,0,0,OCUPADO,1,28,55,120,1,1
1790203153138,sala01,13698,1790203153138,0,0,OCUPADO,1,28,55,120,1,1
1790203155138,sala01,13699,1790203155138,0,0,OCUPADO,0,28,55,120,1,1
1790203157138,sala01,13700,1790203157138,0,0,OCUPADO,1,28,55,120,1,1
1790203159138,sala01,13701,1790203159138,0,0,OCUPADO,1,28,55,120,1,1
1790203161138,sala01,13702,1790203161138,0,0,OCUPADO,1,28,55,120,1,1
1790203163138,sala01,13703,1790203163138,0,0,OCUPADO,0,28,55,120,1,1
1790203165138,sala01,13704,1790203165138,0,0,OCUPADO,1,28,55,120,1,1
1790203167138,sala01,13705,1790203167138,0,0,OCUPADO,1,28,55,120,1,1
1790203169138,sala01,13706,1790203169138,0,0,OCUPADO,1,28,55,120,1,1
1790203171138,sala01,13707,1790203171138,0,0,OCUPADO,0,28,55,120,1,1
1790203173138,sala01,13708,1790203173138,0,0,OCUPADO,1,28,55,120,1,1
1790203175138,sala01,13709,1790203175138,0,0,OCUPADO,1,28,55,120,1,1
1790203177138,sala01,13710,1790203177138,0,0,OCUPADO,1,28,55,120,1,1
1790203179138,sala01,13711,1790203179138,0,0,OCUPADO,0,28,55,120,1,1
1790203181138,sala01,13712,1790203181138,0,0,OCUPADO,1,28,55,120,1,1
1790203183138,sala01,13713,1790203183138,0,0,OCUPADO,1,28,55,120,1,1
1790203185138,sala01,13714,1790203185138,0,0,OCUPADO,1,28,55,120,1,1
1790203187138,sala01,13715,1790203187138,0,0,OCUPADO,0,28,55,120,1,1
1790203189138,sala01,13716,1790203189138,0,0,OCUPADO,1,28,55,120,1,1
1790203191138,sala01,13717,1790203191138,0,0,OCUPADO,1,28,55,120,1,1
1790203193138,sala01,13718,1790203193138,0,0,OCUPADO,1,28,55,120,1,1
1790203195138,sala01,13719,1790203195138,0,0,OCUPADO,0,28,55,120,1,1
1790203197138,sala01,13720,1790203197138,0,0,OCUPADO,1,28,55,120,1,1
1790203199138,sala01,13721,1790203199138,0,0,OCUPADO,1,28,55,120,1,1
1790203201138,sala01,13722,1790203201138,0,0,OCUPADO,1,28,55,120,1,1
1790203203138,sala01,13723,1790203203138,0,0,OCUPADO,0,28,55,120,1,1
1790203205138,sala01,13724,1790203205138,0,0,OCUPADO,1,28,55,120,1,1
1790203207138,sala01,13725,1790203207138,0,0,OCUPADO,1,28,55,120,1,1
1790203209138,sala01,13726,1790203209138,0,0,OCUPADO,1,28,55,120,1,1
1790203211138,sala01,13727,1790203211138,0,0,OCUPADO,0,28,55,120,1,1
1790203213138,sala01,13728,1790203213138,0,0,OCUPADO,1,28,55,120,1,1
1790203215138,sala01,13729,1790203215138,0,0,OCUPADO,1,28,55,120,1,1
1790203217138,sala01,13730,1790203217138,0,0,OCUPADO,1,28,55,120,1,1
1790203219138,sala01,13731,1790203219138,0,0,OCUPADO,0,28,55,120,1,1
1790203221138,sala01,13732,1790203221138,0,0,OCUPADO,1,28,55,120,1,1
1790203223138,sala01,13733,1790203223138,0,0,OCUPADO,1,28,55,120,1,1
1790203225138,sala01,13734,1790203225138,0,0,OCUPADO,1,28,55,120,1,1
1790203227138,sala01,13735,1790203227138,0,0,OCUPADO,0,28,55,120,1,1
1790203229138,sala01,13736,1790203229138,0,0,OCUPADO,1,28,55,120,1,1
1790203231138,sala01,13737,1790203231138,0,0,OCUPADO,1,28,55,120,1,1
1790203233138,sala01,13738,1790203233138,0,0,OCUPADO,1,28,55,120,1,1
1790203235138,sala01,13739,1790203235138,0,0,OCUPADO,0,28,55,120,1,1
1790203237138,sala01,13740,1790203237138,0,0,OCUPADO,1,28,55,120,1,1
1790203239138,sala01,13741,1790203239138,0,0,OCUPADO,1,28,55,120,1,1
1790203241138,sala01,13742,1790203241138,0,0,OCUPADO,1,28,55,120,1,1
1790203243138,sala01,13743,1790203243138,0,0,OCUPADO,0,28,55,120,1,1
1790203245138,sala01,13744,1790203245138,0,0,OCUPADO,1,28,55,120,1,1
1790203247138,sala01,13745,1790203247138,0,0,OCUPADO,1,28,55,120,1,1
1790203249138,sala01,13746,1790203249138,0,0,OCUPADO,1,28,55,120,1,1
1790203251138,sala01,13747,1790203251138,0,0,OCUPADO,0,28,55,120,1,1
1790203253138,sala01,13748,1790203253138,0,0,OCUPADO,1,28,55,120,1,1
1790203255138,sala01,13749,1790203255138,0,0,OCUPADO,1,28,55,120,1,1
1790203257138,sala01,13750,1790203257138,0,0,OCUPADO,1,28,55,120,1,1
1790203259138,sala01,13751,1790203259138,0,0,OCUPADO,0,28,55,120,1,1
1790203261138,sala01,13752,1790203261138,0,0,OCUPADO,1,28,55,120,1,1
1790203263138,sala01,13753,1790203263138,0,0,OCUPADO,1,28,55,120,1,1
1790203265138,sala01,13754,1790203265138,0,0,OCUPADO,1,28,55,120,1,1
1790203267138,sala01,13755,1790203267138,0,0,OCUPADO,0,28,55,120,1,1
1790203269138,sala01,13756,1790203269138,0,0,OCUPADO,1,28,55,120,1,1
1790203271138,sala01,13757,1790203271138,0,0,OCUPADO,1,28,55,120,1,1
1790203273138,sala01,13758,1790203273138,0,0,OCUPADO,1,28,55,120,1,1
1790203275138,sala01,13759,1790203275138,0,0,OCUPADO,0,28,55,120,1,1
1790203277138,sala01,13760,1790203277138,0,0,OCUPADO,1,28,55,120,1,1
1790203279138,sala01,13761,1790203279138,0,0,OCUPADO,1,28,55,120,1,1
1790203281138,sala01,13762,1790203281138,0,0,OCUPADO,1,28,55,120,1,1
1790203283138,sala01,13763,1790203283138,0,0,OCUPADO,0,28,55,120,1,1
1790203285138,sala01,13764,1790203285138,0,0,OCUPADO,1,28,55,120,1,1
1790203287138,sala01,13765,1790203287138,0,0,OCUPADO,1,28,55,120,1,1
1790203289138,sala01,13766,1790203289138,0,0,OCUPADO,1,28,55,120,1,1
1790203291138,sala01,13767,1790203291138,0,0,OCUPADO,0,28,55,120,1,1
1790203293138,sala01,13768,1790203293138,0,0,OCUPADO,1,28,55,120,1,1
1790203295138,sala01,13769,1790203295138,0,0,OCUPADO,1,28,55,120,1,1
1790203297138,sala01,13770,1790203297138,0,0,OCUPADO,1,28,55,120,1,1
1790203299138,sala01,13771,1790203299138,0,0,OCUPADO,0,28,55,120,1,1
1790203301138,sala01,13772,1790203301138,0,0,OCUPADO,1,28,55,120,1,1
1790203303138,sala01,13773,1790203303138,0,0,OCUPADO,1,28,55,120,1,1
1790203305138,sala01,13774,1790203305138,0,0,OCUPADO,1,28,55,120,1,1
1790203307138,sala01,13775,1790203307138,0,0,OCUPADO,0,28,55,120,1,1
1790203309138,sala01,13776,1790203309138,0,0,OCUPADO,1,28,55,120,1,1
1790203311138,sala01,13777,1790203311138,0,0,OCUPADO,1,28,55,120,1,1
1790203313138,sala01,13778,1790203313138,0,0,OCUPADO,1,28,55,120,1,1
1790203315138,sala01,13779,1790203315138,0,0,OCUPADO,0,28,55,120,1,1
1790203317138,sala01,13780,1790203317138,0,0,OCUPADO,1,28,55,120,1,1
1790203319138,sala01,13781,1790203319138,0,0,OCUPADO,1,28,55,120,1,1
1790203321138,sala01,13782,1790203321138,0,0,OCUPADO,1,28,55,120,1,1
1790203323138,sala01,13783,1790203323138,0,0,OCUPADO,0,28,55,120,1,1
1790203325138,sala01,13784,1790203325138,0,0,OCUPADO,1,28,55,120,1,1
1790203327138,sala01,13785,1790203327138,0,0,OCUPADO,1,28,55,120,1,1
1790203329138,sala01,13786,1790203329138,0,0,OCUPADO,1,28,55,120,1,1
1790203331138,sala01,13787,1790203331138,0,0,OCUPADO,0,28,55,120,1,1
1790203333138,sala01,13788,1790203333138,0,0,OCUPADO,1,28,55,120,1,1
1790203335138,sala01,13789,1790203335138,0,0,OCUPADO,1,28,55,120,1,1
1790203337138,sala01,13790,1790203337138,0,0,OCUPADO,1,28,55,120,1,1
1790203339138,sala01,13791,1790203339138,0,0,OCUPADO,0,28,55,120,1,1
1790203341138,sala01,13792,1790203341138,0,0,OCUPADO,1,28,55,120,1,1
1790203343138,sala01,13793,1790203343138,0,0,OCUPADO,1,28,55,120,1,1
1790203345138,sala01,13794,1790203345138,0,0,OCUPADO,1,28,55,120,1,1
1790203347138,sala01,13795,1790203347138,0,0,OCUPADO,0,28,55,120,1,1
1790203349138,sala01,13796,1790203349138,0,0,OCUPADO,1,28,55,120,1,1
1790203351138,sala01,13797,1790203351138,0,0,OCUPADO,1,28,55,120,1,1
1790203353138,sala01,13798,1790203353138,0,0,OCUPADO,1,28,55,120,1,1
1790203355138,sala01,13799,1790203355138,0,0,OCUPADO,0,28,55,120,1,1
1790203357138,sala01,13800,1790203357138,0,0,OCUPADO,1,28,55,120,1,1
1790203359138,sala01,13801,1790203359138,0,0,OCUPADO,1,28,55,120,1,1
1790203361138,sala01,13802,1790203361138,0,0,OCUPADO,1,28,55,120,1,1
1790203363138,sala01,13803,1790203363138,0,0,OCUPADO,0,28,55,120,1,1
1790203365138,sala01,13804,1790203365138,0,0,OCUPADO,1,28,55,120,1,1
1790203367138,sala01,13805,1790203367138,0,0,OCUPADO,1,28,55,120,1,1
1790203369138,sala01,13806,1790203369138,0,0,OCUPADO,1,28,55,120,1,1
1790203371138,sala01,13807,1790203371138,0,0,OCUPADO,0,28,55,120,1,1
1790203373138,sala01,13808,1790203373138,0,0,OCUPADO,1,28,55,120,1,1
1790203375138,sala01,13809,1790203375138,0,0,OCUPADO,1,28,55,120,1,1
1790203377138,sala01,13810,1790203377138,0,0,OCUPADO,1,28,55,120,1,1
1790203379138,sala01,13811,1790203379138,0,0,OCUPADO,0,28,55,120,1,1
1790203381138,sala01,13812,1790203381138,0,0,OCUPADO,1,28,55,120,1,1
1790203383138,sala01,13813,1790203383138,0,0,OCUPADO,1,28,55,120,1,1
1790203385138,sala01,13814,1790203385138,0,0,OCUPADO,1,28,55,120,1,1
1790203387138,sala01,13815,1790203387138,0,0,OCUPADO,0,28,55,120,1,1
1790203389138,sala01,13816,1790203389138,0,0,OCUPADO,1,28,55,120,1,1
1790203391138,sala01,13817,1790203391138,0,0,OCUPADO,1,28,55,120,1,1
1790203393138,sala01,13818,1790203393138,0,0,OCUPADO,1,28,55,120,1,1
1790203395138,sala01,13819,1790203395138,0,0,OCUPADO,0,28,55,120,1,1
1790203397138,sala01,13820,1790203397138,0,0,OCUPADO,1,28,55,120,1,1
1790203399138,sala01,13821,1790203399138,0,0,OCUPADO,1,28,55,120,1,1
1790203401138,sala01,13822,1790203401138,0,0,OCUPADO,1,28,55,120,1,1
1790203403138,sala01,13823,1790203403138,0,0,OCUPADO,0,28,55,120,1,1
1790203405138,sala01,13824,1790203405138,0,0,OCUPADO,1,28,55,120,1,1
1790203407138,sala01,13825,1790203407138,0,0,OCUPADO,1,28,55,120,1,1
1790203409138,sala01,13826,1790203409138,0,0,OCUPADO,1,28,55,120,1,1
1790203411138,sala01,13827,1790203411138,0,0,OCUPADO,0,28,55,120,1,1
1790203413138,sala01,13828,1790203413138,0,0,OCUPADO,1,28,55,120,1,1
1790203415138,sala01,13829,1790203415138,0,0,OCUPADO,1,28,55,120,1,1
1790203417138,sala01,13830,1790203417138,0,0,OCUPADO,1,28,55,120,1,1
1790203419138,sala01,13831,1790203419138,0,0,OCUPADO,0,28,55,120,1,1
1790203421138,sala01,13832,1790203421138,0,0,OCUPADO,1,28,55,120,1,1
1790203423138,sala01,13833,1790203423138,0,0,OCUPADO,1,28,55,120,1,1
1790203425138,sala01,13834,1790203425138,0,0,OCUPADO,1,28,55,120,1,1
1790203427138,sala01,13835,1790203427138,0,0,OCUPADO,0,28,55,120,1,1
1790203429138,sala01,13836,1790203429138,0,0,OCUPADO,1,28,55,120,1,1
1790203431138,sala01,13837,1790203431138,0,0,OCUPADO,1,28,55,120,1,1
1790203433138,sala01,13838,1790203433138,0,0,OCUPADO,1,28,55,120,1,1
1790203435138,sala01,13839,1790203435138,0,0,OCUPADO,0,28,55,120,1,1
1790203437138,sala01,13840,1790203437138,0,0,OCUPADO,1,28,55,120,1,1
1790203439138,sala01,13841,1790203439138,0,0,OCUPADO,1,28,55,120,1,1
1790203441138,sala01,13842,1790203441138,0,0,OCUPADO,1,28,55,120,1,1
1790203443138,sala01,13843,1790203443138,0,0,OCUPADO,0,28,55,120,1,1
1790203445138,sala01,13844,1790203445138,0,0,OCUPADO,1,28,55,120,1,1
1790203447138,sala01,13845,1790203447138,0,0,OCUPADO,1,28,55,120,1,1
1790203449138,sala01,13846,1790203449138,0,0,OCUPADO,1,28,55,120,1,1
1790203451138,sala01,13847,1790203451138,0,0,OCUPADO,0,28,55,120,1,1
1790203453138,sala01,13848,1790203453138,0,0,OCUPADO,1,28,55,120,1,1
1790203455138,sala01,13849,1790203455138,0,0,OCUPADO,1,28,55,120,1,1
1790203457138,sala01,13850,1790203457138,0,0,OCUPADO,1,28,55,120,1,1
1790203459138,sala01,13851,1790203459138,0,0,OCUPADO,0,28,55,120,1,1
1790203461138,sala01,13852,1790203461138,0,0,OCUPADO,1,28,55,120,1,1
1790203463138,sala01,13853,1790203463138,0,0,OCUPADO,1,28,55,120,1,1
1790203465138,sala01,13854,1790203465138,0,0,OCUPADO,1,28,55,120,1,1
1790203467138,sala01,13855,1790203467138,0,0,OCUPADO,0,28,55,120,1,1
1790203469138,sala01,13856,1790203469138,0,0,OCUPADO,1,28,55,120,1,1
1790203471138,sala01,13857,1790203471138,0,0,OCUPADO,1,28,55,120,1,1
1790203473138,sala01,13858,1790203473138,0,0,OCUPADO,1,28,55,120,1,1
1790203475138,sala01,13859,1790203475138,0,0,OCUPADO,0,28,55,120,1,1
1790203477138,sala01,13860,1790203477138,0,0,OCUPADO,1,28,55,120,1,1
1790203479138,sala01,13861,1790203479138,0,0,OCUPADO,1,28,55,120,1,1
1790203481138,sala01,13862,1790203481138,0,0,OCUPADO,1,28,55,120,1,1
1790203483138,sala01,13863,1790203483138,0,0,OCUPADO,0,28,55,120,1,1
1790203485138,sala01,13864,1790203485138,0,0,OCUPADO,1,28,55,120,1,1
1790203487138,sala01,13865,1790203487138,0,0,OCUPADO,1,28,55,120,1,1
1790203489138,sala01,13866,1790203489138,0,0,OCUPADO,1,28,55,120,1,1
1790203491138,sala01,13867,1790203491138,0,0,OCUPADO,0,28,55,120,1,1
1790203493138,sala01,13868,1790203493138,0,0,OCUPADO,1,28,55,120,1,1
1790203495138,sala01,13869,1790203495138,0,0,OCUPADO,1,28,55,120,1,1
1790203497138,sala01,13870,1790203497138,0,0,OCUPADO,1,28,55,120,1,1
1790203499138,sala01,13871,1790203499138,0,0,OCUPADO,0,28,55,120,1,1
1790203501138,sala01,13872,1790203501138,0,0,OCUPADO,1,28,55,120,1,1
1790203503138,sala01,13873,1790203503138,0,0,OCUPADO,1,28,55,120,1,1
1790203505138,sala01,13874,1790203505138,0,0,OCUPADO,1,28,55,120,1,1
1790203507138,sala01,13875,1790203507138,0,0,OCUPADO,0,28,55,120,1,1
1790203509138,sala01,13876,1790203509138,0,0,OCUPADO,1,28,55,120,1,1
1790203511138,sala01,13877,1790203511138,0,0,OCUPADO,1,28,55,120,1,1
1790203513138,sala01,13878,1790203513138,0,0,OCUPADO,1,28,55,120,1,1
1790203515138,sala01,13879,1790203515138,0,0,OCUPADO,0,28,55,120,1,1
1790203517138,sala01,13880,1790203517138,0,0,OCUPADO,1,28,55,120,1,1
1790203519138,sala01,13881,1790203519138,0,0,OCUPADO,1,28,55,120,1,1
1790203521138,sala01,13882,1790203521138,0,0,OCUPADO,1,28,55,120,1,1
1790203523138,sala01,13883,1790203523138,0,0,OCUPADO,0,28,55,120,1,1
1790203525138,sala01,13884,1790203525138,0,0,OCUPADO,1,28,55,120,1,1
1790203527138,sala01,13885,1790203527138,0,0,OCUPADO,1,28,55,120,1,1
1790203529138,sala01,13886,1790203529138,0,0,OCUPADO,1,28,55,120,1,1
1790203531138,sala01,13887,1790203531138,0,0,OCUPADO,0,28,55,120,1,1
1790203533138,sala01,13888,1790203533138,0,0,OCUPADO,1,28,55,120,1,1
1790203535138,sala01,13889,1790203535138,0,0,OCUPADO,1,28,55,120,1,1
1790203537138,sala01,13890,1790203537138,0,0,OCUPADO,1,28,55,120,1,1
1790203539138,sala01,13891,1790203539138,0,0,OCUPADO,0,28,55,120,1,1
1790203541138,sala01,13892,1790203541138,0,0,OCUPADO,1,28,55,120,1,1
1790203543138,sala01,13893,1790203543138,0,0,OCUPADO,1,28,55,120,1,1
1790203545138,sala01,13894,1790203545138,0,0,OCUPADO,1,28,55,120,1,1
1790203547138,sala01,13895,1790203547138,0,0,OCUPADO,0,28,55,120,1,1
1790203549138,sala01,13896,1790203549138,0,0,OCUPADO,1,28,55,120,1,1
1790203551138,sala01,13897,1790203551138,0,0,OCUPADO,1,28,55,120,1,1
1790203553138,sala01,13898,1790203553138,0,0,OCUPADO,1,28,55,120,1,1
1790203555138,sala01,13899,1790203555138,0,0,OCUPADO,0,28,55,120,1,1
1790203557138,sala01,13900,1790203557138,0,0,OCUPADO,1,28,55,120,1,1
1790203559138,sala01,13901,1790203559138,0,0,OCUPADO,1,28,55,120,1,1
1790203561138,sala01,13902,1790203561138,0,0,OCUPADO,1,28,55,120,1,1
1790203563138,sala01,13903,1790203563138,0,0,OCUPADO,0,28,55,120,1,1
1790203565138,sala01,13904,1790203565138,0,0,OCUPADO,1,28,55,120,1,1
1790203567138,sala01,13905,1790203567138,0,0,OCUPADO,1,28,55,120,1,1
1790203569138,sala01,13906,1790203569138,0,0,OCUPADO,1,28,55,120,1,1
1790203571138,sala01,13907,1790203571138,0,0,OCUPADO,0,28,55,120,1,1
1790203573138,sala01,13908,1790203573138,0,0,OCUPADO,1,28,55,120,1,1
1790203575138,sala01,13909,1790203575138,0,0,OCUPADO,1,28,55,120,1,1
1790203577138,sala01,13910,1790203577138,0,0,OCUPADO,1,28,55,120,1,1
1790203579138,sala01,13911,1790203579138,0,0,OCUPADO,0,28,55,120,1,1
1790203581138,sala01,13912,1790203581138,0,0,OCUPADO,1,28,55,120,1,1
1790203583138,sala01,13913,1790203583138,0,0,OCUPADO,1,28,55,120,1,1
1790203585138,sala01,13914,1790203585138,0,0,OCUPADO,1,28,55,120,1,1
1790203587138,sala01,13915,1790203587138,0,0,OCUPADO,0,28,55,120,1,1
1790203589138,sala01,13916,1790203589138,0,0,OCUPADO,1,28,55,120,1,1
1790203591138,sala01,13917,1790203591138,0,0,OCUPADO,1,28,55,120,1,1
1790203593138,sala01,13918,1790203593138,0,0,OCUPADO,1,28,55,120,1,1
1790203595138,sala01,13919,1790203595138,0,0,OCUPADO,0,28,55,120,1,1
1790203597138,sala01,13920,1790203597138,0,0,OCUPADO,1,28,55,120,1,1
1790203599138,sala01,13921,1790203599138,0,0,OCUPADO,1,28,55,120,1,1
1790203601138,sala01,13922,1790203601138,0,0,OCUPADO,1,28,55,120,1,1
1790203603138,sala01,13923,1790203603138,0,0,OCUPADO,0,28,55,120,1,1
1790203605138,sala01,13924,1790203605138,0,0,OCUPADO,1,28,55,120,1,1
1790203607138,sala01,13925,1790203607138,0,0,OCUPADO,1,28,55,120,1,1
1790203609138,sala01,13926,1790203609138,0,0,OCUPADO,1,28,55,120,1,1
1790203611138,sala01,13927,1790203611138,0,0,OCUPADO,0,28,55,120,1,1
1790203613138,sala01,13928,1790203613138,0,0,OCUPADO,1,28,55,120,1,1
1790203615138,sala01,13929,1790203615138,0,0,OCUPADO,1,28,55,120,1,1
1790203617138,sala01,13930,1790203617138,0,0,OCUPADO,1,28,55,120,1,1
1790203619138,sala01,13931,1790203619138,0,0,OCUPADO,0,28,55,120,1,1
1790203621138,sala01,13932,1790203621138,0,0,OCUPADO,1,28,55,120,1,1
1790203623138,sala01,13933,1790203623138,0,0,OCUPADO,1,28,55,120,1,1
1790203625138,sala01,13934,1790203625138,0,0,OCUPADO,1,28,55,120,1,1
1790203627138,sala01,13935,1790203627138,0,0,OCUPADO,0,28,55,120,1,1
1790203629138,sala01,13936,1790203629138,0,0,OCUPADO,1,28,55,120,1,1
1790203631138,sala01,13937,1790203631138,0,0,OCUPADO,1,28,55,120,1,1
1790203633138,sala01,13938,1790203633138,0,0,OCUPADO,1,28,55,120,1,1
1790203635138,sala01,13939,1790203635138,0,0,OCUPADO,0,28,55,120,1,1
1790203637138,sala01,13940,1790203637138,0,0,OCUPADO,1,28,55,120,1,1
1790203639138,sala01,13941,1790203639138,0,0,OCUPADO,1,28,55,120,1,1
1790203641138,sala01,13942,1790203641138,0,0,OCUPADO,1,28,55,120,1,1
1790203643138,sala01,13943,1790203643138,0,0,OCUPADO,0,28,55,120,1,1
1790203645138,sala01,13944,1790203645138,0,0,OCUPADO,1,28,55,120,1,1
1790203647138,sala01,13945,1790203647138,0,0,OCUPADO,1,28,55,120,1,1
1790203649138,sala01,13946,1790203649138,0,0,OCUPADO,1,28,55,120,1,1
1790203651138,sala01,13947,1790203651138,0,0,OCUPADO,0,28,55,120,1,1
1790203653138,sala01,13948,1790203653138,0,0,OCUPADO,1,28,55,120,1,1
1790203655138,sala01,13949,1790203655138,0,0,OCUPADO,1,28,55,120,1,1
1790203657138,sala01,13950,1790203657138,0,0,OCUPADO,1,28,55,120,1,1
1790203659138,sala01,13951,1790203659138,0,0,OCUPADO,0,28,55,120,1,1
1790203661138,sala01,13952,1790203661138,0,0,OCUPADO,1,28,55,120,1,1
1790203663138,sala01,13953,1790203663138,0,0,OCUPADO,1,28,55,120,1,1
1790203665138,sala01,13954,1790203665138,0,0,OCUPADO,1,28,55,120,1,1
1790203667138,sala01,13955,1790203667138,0,0,OCUPADO,0,28,55,120,1,1
1790203669138,sala01,13956,1790203669138,0,0,OCUPADO,1,28,55,120,1,1
1790203671138,sala01,13957,1790203671138,0,0,OCUPADO,1,28,55,120,1,1
1790203673138,sala01,13958,1790203673138,0,0,OCUPADO,1,28,55,120,1,1
1790203675138,sala01,13959,1790203675138,0,0,OCUPADO,0,28,55,120,1,1
1790203677138,sala01,13960,1790203677138,0,0,OCUPADO,1,28,55,120,1,1
1790203679138,sala01,13961,1790203679138,0,0,OCUPADO,1,28,55,120,1,1
1790203681138,sala01,13962,1790203681138,0,0,OCUPADO,1,28,55,120,1,1
1790203683138,sala01,13963,1790203683138,0,0,OCUPADO,0,28,55,120,1,1
1790203685138,sala01,13964,1790203685138,0,0,OCUPADO,1,28,55,120,1,1
1790203687138,sala01,13965,1790203687138,0,0,OCUPADO,1,28,55,120,1,1
1790203689138,sala01,13966,1790203689138,0,0,OCUPADO,1,28,55,120,1,1
1790203691138,sala01,13967,1790203691138,0,0,OCUPADO,0,28,55,120,1,1
1790203693138,sala01,13968,1790203693138,0,0,OCUPADO,1,28,55,120,1,1
1790203695138,sala01,13969,1790203695138,0,0,OCUPADO,1,28,55,120,1,1
1790203697138,sala01,13970,1790203697138,0,0,OCUPADO,1,28,55,120,1,1
1790203699138,sala01,13971,1790203699138,0,0,OCUPADO,0,28,55,120,1,1
1790203701138,sala01,13972,1790203701138,0,0,OCUPADO,1,28,55,120,1,1
1790203703138,sala01,13973,1790203703138,0,0,OCUPADO,1,28,55,120,1,1
1790203705138,sala01,13974,1790203705138,0,0,OCUPADO,1,28,55,120,1,1
1790203707138,sala01,13975,1790203707138,0,0,OCUPADO,0,28,55,120,1,1
1790203709138,sala01,13976,1790203709138,0,0,OCUPADO,1,28,55,120,1,1
1790203711138,sala01,13977,1790203711138,0,0,OCUPADO,1,28,55,120,1,1
1790203713138,sala01,13978,1790203713138,0,0,OCUPADO,1,28,55,120,1,1
1790203715138,sala01,13979,1790203715138,0,0,OCUPADO,0,28,55,120,1,1
1790203717138,sala01,13980,1790203717138,0,0,OCUPADO,1,28,55,120,1,1
1790203719138,sala01,13981,1790203719138,0,0,OCUPADO,1,28,55,120,1,1
1790203721138,sala01,13982,1790203721138,0,0,OCUPADO,1,28,55,120,1,1
1790203723138,sala01,13983,1790203723138,0,0,OCUPADO,0,28,55,120,1,1
1790203725138,sala01,13984,1790203725138,0,0,OCUPADO,1,28,55,120,1,1
1790203727138,sala01,13985,1790203727138,0,0,OCUPADO,1,28,55,120,1,1
1790203729138,sala01,13986,1790203729138,0,0,OCUPADO,1,28,55,120,1,1
1790203731138,sala01,13987,1790203731138,0,0,OCUPADO,0,28,55,120,1,1
1790203733138,sala01,13988,1790203733138,0,0,OCUPADO,1,28,55,120,1,1
1790203735138,sala01,13989,1790203735138,0,0,OCUPADO,1,28,55,120,1,1
1790203737138,sala01,13990,1790203737138,0,0,OCUPADO,1,28,55,120,1,1
1790203739138,sala01,13991,1790203739138,0,0,OCUPADO,0,28,55,120,1,1
1790203741138,sala01,13992,1790203741138,0,0,OCUPADO,1,28,55,120,1,1
1790203743138,sala01,13993,1790203743138,0,0,OCUPADO,1,28,55,120,1,1
1790203745138,sala01,13994,1790203745138,0,0,OCUPADO,1,28,55,120,1,1
1790203747138,sala01,13995,1790203747138,0,0,OCUPADO,0,28,55,120,1,1
1790203749138,sala01,13996,1790203749138,0,0,OCUPADO,1,28,55,120,1,1
1790203751138,sala01,13997,1790203751138,0,0,OCUPADO,1,28,55,120,1,1
1790203753138,sala01,13998,1790203753138,0,0,OCUPADO,1,28,55,120,1,1
1790203755138,sala01,13999,1790203755138,0,0,OCUPADO,0,28,55,120,1,1
1790203757138,sala01,14000,1790203757138,0,0,OCUPADO,1,28,55,120,1,1
1790203759138,sala01,14001,1790203759138,0,0,OCUPADO,1,28,55,120,1,1
1790203761138,sala01,14002,1790203761138,0,0,OCUPADO,1,28,55,120,1,1
1790203763138,sala01,14003,1790203763138,0,0,OCUPADO,0,28,55,120,1,1
1790203765138,sala01,14004,1790203765138,0,0,OCUPADO,1,28,55,120,1,1
1790203767138,sala01,14005,1790203767138,0,0,OCUPADO,1,28,55,120,1,1
1790203769138,sala01,14006,1790203769138,0,0,OCUPADO,1,28,55,120,1,1
1790203771138,sala01,14007,1790203771138,0,0,OCUPADO,0,28,55,120,1,1
1790203773138,sala01,14008,1790203773138,0,0,OCUPADO,1,28,55,120,1,1
1790203775138,sala01,14009,1790203775138,0,0,OCUPADO,1,28,55,120,1,1
1790203777138,sala01,14010,1790203777138,0,0,OCUPADO,1,28,55,120,1,1
1790203779138,sala01,14011,1790203779138,0,0,OCUPADO,0,28,55,120,1,1
1790203781138,sala01,14012,1790203781138,0,0,OCUPADO,1,28,55,120,1,1
1790203783138,sala01,14013,1790203783138,0,0,OCUPADO,1,28,55,120,1,1
1790203785138,sala01,14014,1790203785138,0,0,OCUPADO,1,28,55,120,1,1
1790203787138,sala01,14015,1790203787138,0,0,OCUPADO,0,28,55,120,1,1
1790203789138,sala01,14016,1790203789138,0,0,OCUPADO,1,28,55,120,1,1
1790203791138,sala01,14017,1790203791138,0,0,OCUPADO,1,28,55,120,1,1
1790203793138,sala01,14018,1790203793138,0,0,OCUPADO,1,28,55,120,1,1
1790203795138,sala01,14019,1790203795138,0,0,OCUPADO,0,28,55,120,1,1
1790203797138,sala01,14020,1790203797138,0,0,OCUPADO,1,28,55,120,1,1
1790203799138,sala01,14021,1790203799138,0,0,OCUPADO,1,28,55,120,1,1
1790203801138,sala01,14022,1790203801138,0,0,OCUPADO,1,28,55,120,1,1
1790203803138,sala01,14023,1790203803138,0,0,OCUPADO,0,28,55,120,1,1
1790203805138,sala01,14024,1790203805138,0,0,OCUPADO,1,28,55,120,1,1
1790203807138,sala01,14025,1790203807138,0,0,OCUPADO,1,28,55,120,1,1
1790203809138,sala01,14026,1790203809138,0,0,OCUPADO,1,28,55,120,1,1
1790203811138,sala01,14027,1790203811138,0,0,OCUPADO,0,28,55,120,1,1
1790203813138,sala01,14028,1790203813138,0,0,OCUPADO,1,28,55,120,1,1
1790203815138,sala01,14029,1790203815138,0,0,OCUPADO,1,28,55,120,1,1
1790203817138,sala01,14030,1790203817138,0,0,OCUPADO,1,28,55,120,1,1
1790203819138,sala01,14031,1790203819138,0,0,OCUPADO,0,28,55,120,1,1
1790203821138,sala01,14032,1790203821138,0,0,OCUPADO,1,28,55,120,1,1
1790203823138,sala01,14033,1790203823138,0,0,OCUPADO,1,28,55,120,1,1
1790203825138,sala01,14034,1790203825138,0,0,OCUPADO,1,28,55,120,1,1
1790203827138,sala01,14035,1790203827138,0,0,OCUPADO,0,28,55,120,1,1
1790203829138,sala01,14036,1790203829138,0,0,OCUPADO,1,28,55,120,1,1
1790203831138,sala01,14037,1790203831138,0,0,OCUPADO,1,28,55,120,1,1
1790203833138,sala01,14038,1790203833138,0,0,OCUPADO,1,28,55,120,1,1
1790203835138,sala01,14039,1790203835138,0,0,OCUPADO,0,28,55,120,1,1
1790203837138,sala01,14040,1790203837138,0,0,OCUPADO,1,28,55,120,1,1
1790203839138,sala01,14041,1790203839138,0,0,OCUPADO,1,28,55,120,1,1
1790203841138,sala01,14042,1790203841138,0,0,OCUPADO,1,28,55,120,1,1
1790203843138,sala01,14043,1790203843138,0,0,OCUPADO,0,28,55,120,1,1
1790203845138,sala01,14044,1790203845138,0,0,OCUPADO,1,28,55,120,1,1
1790203847138,sala01,14045,1790203847138,0,0,OCUPADO,1,28,55,120,1,1
1790203849138,sala01,14046,1790203849138,0,0,OCUPADO,1,28,55,120,1,1
1790203851138,sala01,14047,1790203851138,0,0,OCUPADO,0,28,55,120,1,1
1790203853138,sala01,14048,1790203853138,0,0,OCUPADO,1,28,55,120,1,1
1790203855138,sala01,14049,1790203855138,0,0,OCUPADO,1,28,55,120,1,1
1790203857138,sala01,14050,1790203857138,0,0,OCUPADO,1,28,55,120,1,1
1790203859138,sala01,14051,1790203859138,0,0,OCUPADO,0,28,55,120,1,1
1790203861138,sala01,14052,1790203861138,0,0,OCUPADO,1,28,55,120,1,1
1790203863138,sala01,14053,1790203863138,0,0,OCUPADO,1,28,55,120,1,1
1790203865138,sala01,14054,1790203865138,0,0,OCUPADO,1,28,55,120,1,1
1790203867138,sala01,14055,1790203867138,0,0,OCUPADO,0,28,55,120,1,1
1790203869138,sala01,14056,1790203869138,0,0,OCUPADO,1,28,55,120,1,1
1790203871138,sala01,14057,1790203871138,0,0,OCUPADO,1,28,55,120,1,1
1790203873138,sala01,14058,1790203873138,0,0,OCUPADO,1,28,55,120,1,1
1790203875138,sala01,14059,1790203875138,0,0,OCUPADO,0,28,55,120,1,1
1790203877138,sala01,14060,1790203877138,0,0,OCUPADO,1,28,55,120,1,1
1790203879138,sala01,14061,1790203879138,0,0,OCUPADO,1,28,55,120,1,1
1790203881138,sala01,14062,1790203881138,0,0,OCUPADO,1,28,55,120,1,1
1790203883138,sala01,14063,1790203883138,0,0,OCUPADO,0,28,55,120,1,1
1790203885138,sala01,14064,1790203885138,0,0,OCUPADO,1,28,55,120,1,1
1790203887138,sala01,14065,1790203887138,0,0,OCUPADO,1,28,55,120,1,1
1790203889138,sala01,14066,1790203889138,0,0,OCUPADO,1,28,55,120,1,1
1790203891138,sala01,14067,1790203891138,0,0,OCUPADO,0,28,55,120,1,1
1790203893138,sala01,14068,1790203893138,0,0,OCUPADO,1,28,55,120,1,1
1790203895138,sala01,14069,1790203895138,0,0,OCUPADO,1,28,55,120,1,1
1790203897138,sala01,14070,1790203897138,0,0,OCUPADO,1,28,55,120,1,1
1790203899138,sala01,14071,1790203899138,0,0,OCUPADO,0,28,55,120,1,1
1790203901138,sala01,14072,1790203901138,0,0,OCUPADO,1,28,55,120,1,1
1790203903138,sala01,14073,1790203903138,0,0,OCUPADO,1,28,55,120,1,1
1790203905138,sala01,14074,1790203905138,0,0,OCUPADO,1,28,55,120,1,1
1790203907138,sala01,14075,1790203907138,0,0,OCUPADO,0,28,55,120,1,1
1790203909138,sala01,14076,1790203909138,0,0,OCUPADO,1,28,55,120,1,1
1790203911138,sala01,14077,1790203911138,0,0,OCUPADO,1,28,55,120,1,1
1790203913138,sala01,14078,1790203913138,0,0,OCUPADO,1,28,55,120,1,1
1790203915138,sala01,14079,1790203915138,0,0,OCUPADO,0,28,55,120,1,1
1790203917138,sala01,14080,1790203917138,0,0,OCUPADO,1,28,55,120,1,1
1790203919138,sala01,14081,1790203919138,0,0,OCUPADO,1,28,55,120,1,1
1790203921138,sala01,14082,1790203921138,0,0,OCUPADO,1,28,55,120,1,1
1790203923138,sala01,14083,1790203923138,0,0,OCUPADO,0,28,55,120,1,1
1790203925138,sala01,14084,1790203925138,0,0,OCUPADO,1,28,55,120,1,1
1790203927138,sala01,14085,1790203927138,0,0,OCUPADO,1,28,55,120,1,1
1790203929138,sala01,14086,1790203929138,0,0,OCUPADO,1,28,55,120,1,1
1790203931138,sala01,14087,1790203931138,0,0,OCUPADO,0,28,55,120,1,1
1790203933138,sala01,14088,1790203933138,0,0,OCUPADO,1,28,55,120,1,1
1790203935138,sala01,14089,1790203935138,0,0,OCUPADO,1,28,55,120,1,1
1790203937138,sala01,14090,1790203937138,0,0,OCUPADO,1,28,55,120,1,1
1790203939138,sala01,14091,1790203939138,0,0,OCUPADO,0,28,55,120,1,1
1790203941138,sala01,14092,1790203941138,0,0,OCUPADO,1,28,55,120,1,1
1790203943138,sala01,14093,1790203943138,0,0,OCUPADO,1,28,55,120,1,1
1790203945138,sala01,14094,1790203945138,0,0,OCUPADO,1,28,55,120,1,1
1790203947138,sala01,14095,1790203947138,0,0,OCUPADO,0,28,55,120,1,1
1790203949138,sala01,14096,1790203949138,0,0,OCUPADO,1,28,55,120,1,1
1790203951138,sala01,14097,1790203951138,0,0,OCUPADO,1,28,55,120,1,1
1790203953138,sala01,14098,1790203953138,0,0,OCUPADO,1,28,55,120,1,1
1790203955138,sala01,14099,1790203955138,0,0,OCUPADO,0,28,55,120,1,1
1790203957138,sala01,14100,1790203957138,0,0,OCUPADO,1,28,55,120,1,1
1790203959138,sala01,14101,1790203959138,0,0,OCUPADO,1,28,55,120,1,1
1790203961138,sala01,14102,1790203961138,0,0,OCUPADO,1,28,55,120,1,1
1790203963138,sala01,14103,1790203963138,0,0,OCUPADO,0,28,55,120,1,1
1790203965138,sala01,14104,1790203965138,0,0,OCUPADO,1,28,55,120,1,1
1790203967138,sala01,14105,1790203967138,0,0,OCUPADO,1,28,55,120,1,1
1790203969138,sala01,14106,1790203969138,0,0,OCUPADO,1,28,55,120,1,1
1790203971138,sala01,14107,1790203971138,0,0,OCUPADO,0,28,55,120,1,1
1790203973138,sala01,14108,1790203973138,0,0,OCUPADO,1,28,55,120,1,1
1790203975138,sala01,14109,1790203975138,0,0,OCUPADO,1,28,55,120,1,1
1790203977138,sala01,14110,1790203977138,0,0,OCUPADO,1,28,55,120,1,1
1790203979138,sala01,14111,1790203979138,0,0,OCUPADO,0,28,55,120,1,1
1790203981138,sala01,14112,1790203981138,0,0,OCUPADO,1,28,55,120,1,1
1790203983138,sala01,14113,1790203983138,0,0,OCUPADO,1,28,55,120,1,1
1790203985138,sala01,14114,1790203985138,0,0,OCUPADO,1,28,55,120,1,1
1790203987138,sala01,14115,1790203987138,0,0,OCUPADO,0,28,55,120,1,1
1790203989138,sala01,14116,1790203989138,0,0,OCUPADO,1,28,55,120,1,1
1790203991138,sala01,14117,1790203991138,0,0,OCUPADO,1,28,55,120,1,1
1790203993138,sala01,14118,1790203993138,0,0,OCUPADO,1,28,55,120,1,1
1790203995138,sala01,14119,1790203995138,0,0,OCUPADO,0,28,55,120,1,1
1790203997138,sala01,14120,1790203997138,0,0,OCUPADO,1,28,55,120,1,1
1790203999138,sala01,14121,1790203999138,0,0,OCUPADO,1,28,55,120,1,1
1790204001138,sala01,14122,1790204001138,0,0,OCUPADO,1,28,55,120,1,1
1790204003138,sala01,14123,1790204003138,0,0,OCUPADO,0,28,55,120,1,1
1790204005138,sala01,14124,1790204005138,0,0,OCUPADO,1,28,55,120,1,1
1790204007138,sala01,14125,1790204007138,0,0,OCUPADO,1,28,55,120,1,1
1790204009138,sala01,14126,1790204009138,0,0,OCUPADO,1,28,55,120,1,1
1790204011138,sala01,14127,1790204011138,0,0,OCUPADO,0,28,55,120,1,1
1790204013138,sala01,14128,1790204013138,0,0,OCUPADO,1,28,55,120,1,1
1790204015138,sala01,14129,1790204015138,0,0,OCUPADO,1,28,55,120,1,1
1790204017138,sala01,14130,1790204017138,0,0,OCUPADO,1,28,55,120,1,1
1790204019138,sala01,14131,1790204019138,0,0,OCUPADO,0,28,55,120,1,1
1790204021138,sala01,14132,1790204021138,0,0,OCUPADO,1,28,55,120,1,1
1790204023138,sala01,14133,1790204023138,0,0,OCUPADO,1,28,55,120,1,1
1790204025138,sala01,14134,1790204025138,0,0,OCUPADO,1,28,55,120,1,1
1790204027138,sala01,14135,1790204027138,0,0,OCUPADO,0,28,55,120,1,1
1790204029138,sala01,14136,1790204029138,0,0,OCUPADO,1,28,55,120,1,1
1790204031138,sala01,14137,1790204031138,0,0,OCUPADO,1,28,55,120,1,1
1790204033138,sala01,14138,1790204033138,0,0,OCUPADO,1,28,55,120,1,1
1790204035138,sala01,14139,1790204035138,0,0,OCUPADO,0,28,55,120,1,1
1790204037138,sala01,14140,1790204037138,0,0,OCUPADO,1,28,55,120,1,1
1790204039138,sala01,14141,1790204039138,0,0,OCUPADO,1,28,55,120,1,1
1790204041138,sala01,14142,1790204041138,0,0,OCUPADO,1,28,55,120,1,1
1790204043138,sala01,14143,1790204043138,0,0,OCUPADO,0,28,55,120,1,1
1790204045138,sala01,14144,1790204045138,0,0,OCUPADO,1,28,55,120,1,1
1790204047138,sala01,14145,1790204047138,0,0,OCUPADO,1,28,55,120,1,1
1790204049138,sala01,14146,1790204049138,0,0,OCUPADO,1,28,55,120,1,1
1790204051138,sala01,14147,1790204051138,0,0,OCUPADO,0,28,55,120,1,1
1790204053138,sala01,14148,1790204053138,0,0,OCUPADO,1,28,55,120,1,1
1790204055138,sala01,14149,1790204055138,0,0,OCUPADO,1,28,55,120,1,1
1790204057138,sala01,14150,1790204057138,0,0,OCUPADO,1,28,55,120,1,1
1790204059138,sala01,14151,1790204059138,0,0,OCUPADO,0,28,55,120,1,1
1790204061138,sala01,14152,1790204061138,0,0,OCUPADO,1,28,55,120,1,1
1790204063138,sala01,14153,1790204063138,0,0,OCUPADO,1,28,55,120,1,1
1790204065138,sala01,14154,1790204065138,0,0,OCUPADO,1,28,55,120,1,1
1790204067138,sala01,14155,1790204067138,0,0,OCUPADO,0,28,55,120,1,1
1790204069138,sala01,14156,1790204069138,0,0,OCUPADO,1,28,55,120,1,1
1790204071138,sala01,14157,1790204071138,0,0,OCUPADO,1,28,55,120,1,1
1790204073138,sala01,14158,1790204073138,0,0,OCUPADO,1,28,55,120,1,1
1790204075138,sala01,14159,1790204075138,0,0,OCUPADO,0,28,55,120,1,1
1790204077138,sala01,14160,1790204077138,0,0,OCUPADO,1,28,55,120,1,1
1790204079138,sala01,14161,1790204079138,0,0,OCUPADO,1,28,55,120,1,1
1790204081138,sala01,14162,1790204081138,0,0,OCUPADO,1,28,55,120,1,1
1790204083138,sala01,14163,1790204083138,0,0,OCUPADO,0,28,55,120,1,1
1790204085138,sala01,14164,1790204085138,0,0,OCUPADO,1,28,55,120,1,1
1790204087138,sala01,14165,1790204087138,0,0,OCUPADO,1,28,55,120,1,1
1790204089138,sala01,14166,1790204089138,0,0,OCUPADO,1,28,55,120,1,1
1790204091138,sala01,14167,1790204091138,0,0,OCUPADO,0,28,55,120,1,1
1790204093138,sala01,14168,1790204093138,0,0,OCUPADO,1,28,55,120,1,1
1790204095138,sala01,14169,1790204095138,0,0,OCUPADO,1,28,55,120,1,1
1790204097138,sala01,14170,1790204097138,0,0,OCUPADO,1,28,55,120,1,1
1790204099138,sala01,14171,1790204099138,0,0,OCUPADO,0,28,55,120,1,1
1790204101138,sala01,14172,1790204101138,0,0,OCUPADO,1,28,55,120,1,1
1790204103138,sala01,14173,1790204103138,0,0,OCUPADO,1,28,55,120,1,1
1790204105138,sala01,14174,1790204105138,0,0,OCUPADO,1,28,55,120,1,1
1790204107138,sala01,14175,1790204107138,0,0,OCUPADO,0,28,55,120,1,1
1790204109138,sala01,14176,1790204109138,0,0,OCUPADO,1,28,55,120,1,1
1790204111138,sala01,14177,1790204111138,0,0,OCUPADO,1,28,55,120,1,1
1790204113138,sala01,14178,1790204113138,0,0,OCUPADO,1,28,55,120,1,1
1790204115138,sala01,14179,1790204115138,0,0,OCUPADO,0,28,55,120,1,1
1790204117138,sala01,14180,1790204117138,0,0,OCUPADO,1,28,55,120,1,1
1790204119138,sala01,14181,1790204119138,0,0,OCUPADO,1,28,55,120,1,1
1790204121138,sala01,14182,1790204121138,0,0,OCUPADO,1,28,55,120,1,1
1790204123138,sala01,14183,1790204123138,0,0,OCUPADO,0,28,55,120,1,1
1790204125138,sala01,14184,1790204125138,0,0,OCUPADO,1,28,55,120,1,1
1790204127138,sala01,14185,1790204127138,0,0,OCUPADO,1,28,55,120,1,1
1790204129138,sala01,14186,1790204129138,0,0,OCUPADO,1,28,55,120,1,1
1790204131138,sala01,14187,1790204131138,0,0,OCUPADO,0,28,55,120,1,1
1790204133138,sala01,14188,1790204133138,0,0,OCUPADO,1,28,55,120,1,1
1790204135138,sala01,14189,1790204135138,0,0,OCUPADO,1,28,55,120,1,1
1790204137138,sala01,14190,1790204137138,0,0,OCUPADO,1,28,55,120,1,1
1790204139138,sala01,14191,1790204139138,0,0,OCUPADO,0,28,55,120,1,1
1790204141138,sala01,14192,1790204141138,0,0,OCUPADO,1,28,55,120,1,1
1790204143138,sala01,14193,1790204143138,0,0,OCUPADO,1,28,55,120,1,1
1790204145138,sala01,14194,1790204145138,0,0,OCUPADO,1,28,55,120,1,1
1790204147138,sala01,14195,1790204147138,0,0,OCUPADO,0,28,55,120,1,1
1790204149138,sala01,14196,1790204149138,0,0,OCUPADO,1,28,55,120,1,1
1790204151138,sala01,14197,1790204151138,0,0,OCUPADO,1,28,55,120,1,1
1790204153138,sala01,14198,1790204153138,0,0,OCUPADO,1,28,55,120,1,1
1790204155138,sala01,14199,1790204155138,0,0,OCUPADO,0,28,55,120,1,1
1790204157138,sala01,14200,1790204157138,0,0,OCUPADO,1,28,55,120,1,1
1790204159138,sala01,14201,1790204159138,0,0,OCUPADO,1,28,55,120,1,1
1790204161138,sala01,14202,1790204161138,0,0,OCUPADO,1,28,55,120,1,1
1790204163138,sala01,14203,1790204163138,0,0,OCUPADO,0,28,55,120,1,1
1790204165138,sala01,14204,1790204165138,0,0,OCUPADO,1,28,55,120,1,1
1790204167138,sala01,14205,1790204167138,0,0,OCUPADO,1,28,55,120,1,1
1790204169138,sala01,14206,1790204169138,0,0,OCUPADO,1,28,55,120,1,1
1790204171138,sala01,14207,1790204171138,0,0,OCUPADO,0,28,55,120,1,1
1790204173138,sala01,14208,1790204173138,0,0,OCUPADO,1,28,55,120,1,1
1790204175138,sala01,14209,1790204175138,0,0,OCUPADO,1,28,55,120,1,1
1790204177138,sala01,14210,1790204177138,0,0,OCUPADO,1,28,55,120,1,1
1790204179138,sala01,14211,1790204179138,0,0,OCUPADO,0,28,55,120,1,1
1790204181138,sala01,14212,1790204181138,0,0,OCUPADO,1,28,55,120,1,1
1790204183138,sala01,14213,1790204183138,0,0,OCUPADO,1,28,55,120,1,1
1790204185138,sala01,14214,1790204185138,0,0,OCUPADO,1,28,55,120,1,1
1790204187138,sala01,14215,1790204187138,0,0,OCUPADO,0,28,55,120,1,1
1790204189138,sala01,14216,1790204189138,0,0,OCUPADO,1,28,55,120,1,1
1790204191138,sala01,14217,1790204191138,0,0,OCUPADO,1,28,55,120,1,1
1790204193138,sala01,14218,1790204193138,0,0,OCUPADO,1,28,55,120,1,1
1790204195138,sala01,14219,1790204195138,0,0,OCUPADO,0,28,55,120,1,1
1790204197138,sala01,14220,1790204197138,0,0,OCUPADO,1,28,55,120,1,1
1790204199138,sala01,14221,1790204199138,0,0,OCUPADO,1,28,55,120,1,1
1790204201138,sala01,14222,1790204201138,0,0,OCUPADO,1,28,55,120,1,1
1790204203138,sala01,14223,1790204203138,0,0,OCUPADO,0,28,55,120,1,1
1790204205138,sala01,14224,1790204205138,0,0,OCUPADO,1,28,55,120,1,1
1790204207138,sala01,14225,1790204207138,0,0,OCUPADO,1,28,55,120,1,1
1790204209138,sala01,14226,1790204209138,0,0,OCUPADO,1,28,55,120,1,1
1790204211138,sala01,14227,1790204211138,0,0,OCUPADO,0,28,55,120,1,1
1790204213138,sala01,14228,1790204213138,0,0,OCUPADO,1,28,55,120,1,1
1790204215138,sala01,14229,1790204215138,0,0,OCUPADO,1,28,55,120,1,1
1790204217138,sala01,14230,1790204217138,0,0,OCUPADO,1,28,55,120,1,1
1790204219138,sala01,14231,1790204219138,0,0,OCUPADO,0,28,55,120,1,1
1790204221138,sala01,14232,1790204221138,0,0,OCUPADO,1,28,55,120,1,1
1790204223138,sala01,14233,1790204223138,0,0,OCUPADO,1,28,55,120,1,1
1790204225138,sala01,14234,1790204225138,0,0,OCUPADO,1,28,55,120,1,1
1790204227138,sala01,14235,1790204227138,0,0,OCUPADO,0,28,55,120,1,1
1790204229138,sala01,14236,1790204229138,0,0,OCUPADO,1,28,55,120,1,1
1790204231138,sala01,14237,1790204231138,0,0,OCUPADO,1,28,55,120,1,1
1790204233138,sala01,14238,1790204233138,0,0,OCUPADO,1,28,55,120,1,1
1790204235138,sala01,14239,1790204235138,0,0,OCUPADO,0,28,55,120,1,1
1790204237138,sala01,14240,1790204237138,0,0,OCUPADO,1,28,55,120,1,1
1790204239138,sala01,14241,1790204239138,0,0,OCUPADO,1,28,55,120,1,1
1790204241138,sala01,14242,1790204241138,0,0,OCUPADO,1,28,55,120,1,1
1790204243138,sala01,14243,1790204243138,0,0,OCUPADO,0,28,55,120,1,1
1790204245138,sala01,14244,1790204245138,0,0,OCUPADO,1,28,55,120,1,1
1790204247138,sala01,14245,1790204247138,0,0,OCUPADO,1,28,55,120,1,1
1790204249138,sala01,14246,1790204249138,0,0,OCUPADO,1,28,55,120,1,1
1790204251138,sala01,14247,1790204251138,0,0,OCUPADO,0,28,55,120,1,1
1790204253138,sala01,14248,1790204253138,0,0,OCUPADO,1,28,55,120,1,1
1790204255138,sala01,14249,1790204255138,0,0,OCUPADO,1,28,55,120,1,1
1790204257138,sala01,14250,1790204257138,0,0,OCUPADO,1,28,55,120,1,1
1790204259138,sala01,14251,1790204259138,0,0,OCUPADO,0,28,55,120,1,1
1790204261138,sala01,14252,1790204261138,0,0,OCUPADO,1,28,55,120,1,1
1790204263138,sala01,14253,1790204263138,0,0,OCUPADO,1,28,55,120,1,1
1790204265138,sala01,14254,1790204265138,0,0,OCUPADO,1,28,55,120,1,1
1790204267138,sala01,14255,1790204267138,0,0,OCUPADO,0,28,55,120,1,1
1790204269138,sala01,14256,1790204269138,0,0,OCUPADO,1,28,55,120,1,1
1790204271138,sala01,14257,1790204271138,0,0,OCUPADO,1,28,55,120,1,1
1790204273138,sala01,14258,1790204273138,0,0,OCUPADO,1,28,55,120,1,1
1790204275138,sala01,14259,1790204275138,0,0,OCUPADO,0,28,55,120,1,1
1790204277138,sala01,14260,1790204277138,0,0,OCUPADO,1,28,55,120,1,1
1790204279138,sala01,14261,1790204279138,0,0,OCUPADO,1,28,55,120,1,1
1790204281138,sala01,14262,1790204281138,0,0,OCUPADO,1,28,55,120,1,1
1790204283138,sala01,14263,1790204283138,0,0,OCUPADO,0,28,55,120,1,1
1790204285138,sala01,14264,1790204285138,0,0,OCUPADO,1,28,55,120,1,1
1790204287138,sala01,14265,1790204287138,0,0,OCUPADO,1,28,55,120,1,1
1790204289138,sala01,14266,1790204289138,0,0,OCUPADO,1,28,55,120,1,1
1790204291138,sala01,14267,1790204291138,0,0,OCUPADO,0,28,55,120,1,1
1790204293138,sala01,14268,1790204293138,0,0,OCUPADO,1,28,55,120,1,1
1790204295138,sala01,14269,1790204295138,0,0,OCUPADO,1,28,55,120,1,1
1790204297138,sala01,14270,1790204297138,0,0,OCUPADO,1,28,55,120,1,1
1790204299138,sala01,14271,1790204299138,0,0,OCUPADO,0,28,55,120,1,1
1790204301138,sala01,14272,1790204301138,0,0,OCUPADO,1,28,55,120,1,1
1790204303138,sala01,14273,1790204303138,0,0,OCUPADO,1,28,55,120,1,1
1790204305138,sala01,14274,1790204305138,0,0,OCUPADO,1,28,55,120,1,1
1790204307138,sala01,14275,1790204307138,0,0,OCUPADO,0,28,55,120,1,1
1790204309138,sala01,14276,1790204309138,0,0,OCUPADO,1,28,55,120,1,1
1790204311138,sala01,14277,1790204311138,0,0,OCUPADO,1,28,55,120,1,1
1790204313138,sala01,14278,1790204313138,0,0,OCUPADO,1,28,55,120,1,1
1790204315138,sala01,14279,1790204315138,0,0,OCUPADO,0,28,55,120,1,1
1790204317138,sala01,14280,1790204317138,0,0,OCUPADO,1,28,55,120,1,1
1790204319138,sala01,14281,1790204319138,0,0,OCUPADO,1,28,55,120,1,1
1790204321138,sala01,14282,1790204321138,0,0,OCUPADO,1,28,55,120,1,1
1790204323138,sala01,14283,1790204323138,0,0,OCUPADO,0,28,55,120,1,1
1790204325138,sala01,14284,1790204325138,0,0,OCUPADO,1,28,55,120,1,1
1790204327138,sala01,14285,1790204327138,0,0,OCUPADO,1,28,55,120,1,1
1790204329138,sala01,14286,1790204329138,0,0,OCUPADO,1,28,55,120,1,1
1790204331138,sala01,14287,1790204331138,0,0,OCUPADO,0,28,55,120,1,1
1790204333138,sala01,14288,1790204333138,0,0,OCUPADO,1,28,55,120,1,1
1790204335138,sala01,14289,1790204335138,0,0,OCUPADO,1,28,55,120,1,1
1790204337138,sala01,14290,1790204337138,0,0,OCUPADO,1,28,55,120,1,1
1790204339138,sala01,14291,1790204339138,0,0,OCUPADO,0,28,55,120,1,1
1790204341138,sala01,14292,1790204341138,0,0,OCUPADO,1,28,55,120,1,1
1790204343138,sala01,14293,1790204343138,0,0,OCUPADO,1,28,55,120,1,1
1790204345138,sala01,14294,1790204345138,0,0,OCUPADO,1,28,55,120,1,1
1790204347138,sala01,14295,1790204347138,0,0,OCUPADO,0,28,55,120,1,1
1790204349138,sala01,14296,1790204349138,0,0,OCUPADO,1,28,55,120,1,1
1790204351138,sala01,14297,1790204351138,0,0,OCUPADO,1,28,55,120,1,1
1790204353138,sala01,14298,1790204353138,0,0,OCUPADO,1,28,55,120,1,1
1790204355138,sala01,14299,1790204355138,0,0,OCUPADO,0,28,55,120,1,1
1790204357138,sala01,14300,1790204357138,0,0,OCUPADO,1,28,55,120,1,1
1790204359138,sala01,14301,1790204359138,0,0,OCUPADO,1,28,55,120,1,1
1790204361138,sala01,14302,1790204361138,0,0,OCUPADO,1,28,55,120,1,1
1790204363138,sala01,14303,1790204363138,0,0,OCUPADO,0,28,55,120,1,1
1790204365138,sala01,14304,1790204365138,0,0,OCUPADO,1,28,55,120,1,1
1790204367138,sala01,14305,1790204367138,0,0,OCUPADO,1,28,55,120,1,1
1790204369138,sala01,14306,1790204369138,0,0,OCUPADO,1,28,55,120,1,1
1790204371138,sala01,14307,1790204371138,0,0,OCUPADO,0,28,55,120,1,1
1790204373138,sala01,14308,1790204373138,0,0,OCUPADO,1,28,55,120,1,1
1790204375138,sala01,14309,1790204375138,0,0,OCUPADO,1,28,55,120,1,1
1790204377138,sala01,14310,1790204377138,0,0,OCUPADO,1,28,55,120,1,1
1790204379138,sala01,14311,1790204379138,0,0,OCUPADO,0,28,55,120,1,1
1790204381138,sala01,14312,1790204381138,0,0,OCUPADO,1,28,55,120,1,1
1790204383138,sala01,14313,1790204383138,0,0,OCUPADO,1,28,55,120,1,1
1790204385138,sala01,14314,1790204385138,0,0,OCUPADO,1,28,55,120,1,1
1790204387138,sala01,14315,1790204387138,0,0,OCUPADO,0,28,55,120,1,1
1790204389138,sala01,14316,1790204389138,0,0,OCUPADO,1,28,55,120,1,1
1790204391138,sala01,14317,1790204391138,0,0,OCUPADO,1,28,55,120,1,1
1790204393138,sala01,14318,1790204393138,0,0,OCUPADO,1,28,55,120,1,1
1790204395138,sala01,14319,1790204395138,0,0,OCUPADO,0,28,55,120,1,1
1790204397138,sala01,14320,1790204397138,0,0,OCUPADO,1,28,55,120,1,1
1790204399138,sala01,14321,1790204399138,0,0,OCUPADO,1,28,55,120,1,1
1790204401138,sala01,14322,1790204401138,0,0,OCUPADO,1,28,55,120,1,1
1790204403138,sala01,14323,1790204403138,0,0,OCUPADO,0,28,55,120,1,1
1790204405138,sala01,14324,1790204405138,0,0,OCUPADO,1,28,55,120,1,1
1790204407138,sala01,14325,1790204407138,0,0,OCUPADO,1,28,55,120,1,1
1790204409138,sala01,14326,1790204409138,0,0,OCUPADO,1,28,55,120,1,1
1790204411138,sala01,14327,1790204411138,0,0,OCUPADO,0,28,55,120,1,1
1790204413138,sala01,14328,1790204413138,0,0,OCUPADO,1,28,55,120,1,1
1790204415138,sala01,14329,1790204415138,0,0,OCUPADO,1,28,55,120,1,1
1790204417138,sala01,14330,1790204417138,0,0,OCUPADO,1,28,55,120,1,1
1790204419138,sala01,14331,1790204419138,0,0,OCUPADO,0,28,55,120,1,1
1790204421138,sala01,14332,1790204421138,0,0,OCUPADO,1,28,55,120,1,1
1790204423138,sala01,14333,1790204423138,0,0,OCUPADO,1,28,55,120,1,1
1790204425138,sala01,14334,1790204425138,0,0,OCUPADO,1,28,55,120,1,1
1790204427138,sala01,14335,1790204427138,0,0,OCUPADO,0,28,55,120,1,1
1790204429138,sala01,14336,1790204429138,0,0,OCUPADO,1,28,55,120,1,1
1790204431138,sala01,14337,1790204431138,0,0,OCUPADO,1,28,55,120,1,1
1790204433138,sala01,14338,1790204433138,0,0,OCUPADO,1,28,55,120,1,1
1790204435138,sala01,14339,1790204435138,0,0,OCUPADO,0,28,55,120,1,1
1790204437138,sala01,14340,1790204437138,0,0,OCUPADO,1,28,55,120,1,1
1790204439138,sala01,14341,1790204439138,0,0,OCUPADO,1,28,55,120,1,1
1790204441138,sala01,14342,1790204441138,0,0,OCUPADO,1,28,55,120,1,1
1790204443138,sala01,14343,1790204443138,0,0,OCUPADO,0,28,55,120,1,1
1790204445138,sala01,14344,1790204445138,0,0,OCUPADO,1,28,55,120,1,1
1790204447138,sala01,14345,1790204447138,0,0,OCUPADO,1,28,55,120,1,1
1790204449138,sala01,14346,1790204449138,0,0,OCUPADO,1,28,55,120,1,1
1790204451138,sala01,14347,1790204451138,0,0,OCUPADO,0,28,55,120,1,1
1790204453138,sala01,14348,1790204453138,0,0,OCUPADO,1,28,55,120,1,1
1790204455138,sala01,14349,1790204455138,0,0,OCUPADO,1,28,55,120,1,1
1790204457138,sala01,14350,1790204457138,0,0,OCUPADO,1,28,55,120,1,1
1790204459138,sala01,14351,1790204459138,0,0,OCUPADO,0,28,55,120,1,1
1790204461138,sala01,14352,1790204461138,0,0,OCUPADO,1,28,55,120,1,1
1790204463138,sala01,14353,1790204463138,0,0,OCUPADO,1,28,55,120,1,1
1790204465138,sala01,14354,1790204465138,0,0,OCUPADO,1,28,55,120,1,1
1790204467138,sala01,14355,1790204467138,0,0,OCUPADO,0,28,55,120,1,1
1790204469138,sala01,14356,1790204469138,0,0,OCUPADO,1,28,55,120,1,1
1790204471138,sala01,14357,1790204471138,0,0,OCUPADO,1,28,55,120,1,1
1790204473138,sala01,14358,1790204473138,0,0,OCUPADO,1,28,55,120,1,1
1790204475138,sala01,14359,1790204475138,0,0,OCUPADO,0,28,55,120,1,1
1790204477138,sala01,14360,1790204477138,0,0,OCUPADO,1,28,55,120,1,1
1790204479138,sala01,14361,1790204479138,0,0,OCUPADO,1,28,55,120,1,1
1790204481138,sala01,14362,1790204481138,0,0,OCUPADO,1,28,55,120,1,1
1790204483138,sala01,14363,1790204483138,0,0,OCUPADO,0,28,55,120,1,1
1790204485138,sala01,14364,1790204485138,0,0,OCUPADO,1,28,55,120,1,1
1790204487138,sala01,14365,1790204487138,0,0,OCUPADO,1,28,55,120,1,1
1790204489138,sala01,14366,1790204489138,0,0,OCUPADO,1,28,55,120,1,1
1790204491138,sala01,14367,1790204491138,0,0,OCUPADO,0,28,55,120,1,1
1790204493138,sala01,14368,1790204493138,0,0,OCUPADO,1,28,55,120,1,1
1790204495138,sala01,14369,1790204495138,0,0,OCUPADO,1,28,55,120,1,1
1790204497138,sala01,14370,1790204497138,0,0,OCUPADO,1,28,55,120,1,1
1790204499138,sala01,14371,1790204499138,0,0,OCUPADO,0,28,55,120,1,1
1790204501138,sala01,14372,1790204501138,0,0,OCUPADO,1,28,55,120,1,1
1790204503138,sala01,14373,1790204503138,0,0,OCUPADO,1,28,55,120,1,1
1790204505138,sala01,14374,1790204505138,0,0,OCUPADO,1,28,55,120,1,1
1790204507138,sala01,14375,1790204507138,0,0,OCUPADO,0,28,55,120,1,1
1790204509138,sala01,14376,1790204509138,0,0,OCUPADO,1,28,55,120,1,1
1790204511138,sala01,14377,1790204511138,0,0,OCUPADO,1,28,55,120,1,1
1790204513138,sala01,14378,1790204513138,0,0,OCUPADO,1,28,55,120,1,1
1790204515138,sala01,14379,1790204515138,0,0,OCUPADO,0,28,55,120,1,1
1790204517138,sala01,14380,1790204517138,0,0,OCUPADO,1,28,55,120,1,1
1790204519138,sala01,14381,1790204519138,0,0,OCUPADO,1,28,55,120,1,1
1790204521138,sala01,14382,1790204521138,0,0,OCUPADO,1,28,55,120,1,1
1790204523138,sala01,14383,1790204523138,0,0,OCUPADO,0,28,55,120,1,1
1790204525138,sala01,14384,1790204525138,0,0,OCUPADO,1,28,55,120,1,1
1790204527138,sala01,14385,1790204527138,0,0,OCUPADO,1,28,55,120,1,1
1790204529138,sala01,14386,1790204529138,0,0,OCUPADO,1,28,55,120,1,1
1790204531138,sala01,14387,1790204531138,0,0,OCUPADO,0,28,55,120,1,1
1790204533138,sala01,14388,1790204533138,0,0,OCUPADO,1,28,55,120,1,1
1790204535138,sala01,14389,1790204535138,0,0,OCUPADO,1,28,55,120,1,1
1790204537138,sala01,14390,1790204537138,0,0,OCUPADO,1,28,55,120,1,1
1790204539138,sala01,14391,1790204539138,0,0,OCUPADO,0,28,55,120,1,1
1790204541138,sala01,14392,1790204541138,0,0,OCUPADO,1,28,55,120,1,1
1790204543138,sala01,14393,1790204543138,0,0,OCUPADO,1,28,55,120,1,1
1790204545138,sala01,14394,1790204545138,0,0,OCUPADO,1,28,55,120,1,1
1790204547138,sala01,14395,1790204547138,0,0,OCUPADO,0,28,55,120,1,1
1790204549138,sala01,14396,1790204549138,0,0,OCUPADO,1,28,55,120,1,1
1790204551138,sala01,14397,1790204551138,0,0,OCUPADO,1,28,55,120,1,1
1790204553138,sala01,14398,1790204553138,0,0,OCUPADO,1,28,55,120,1,1
1790204555138,sala01,14399,1790204555138,0,0,OCUPADO,0,28,55,120,1,1
1790204557138,sala01,14400,1790204557138,0,0,OCUPADO,1,28,55,120,1,1
1790204559138,sala01,14401,1790204559138,0,0,OCUPADO,1,28,55,120,1,1
1790204561138,sala01,14402,1790204561138,0,0,OCUPADO,1,28,55,120,1,1
1790204563138,sala01,14403,1790204563138,0,0,OCUPADO,0,28,55,120,1,1
